"cluster","gene","percentage_detected","z_score","category"
"Vasc_Peri_PDGFRB","SLC17A7",2.05519451914622,-0.415232135633925,"Vasc"
"Vasc_Fib_GPC3","SLC17A7",5.22078104670645,-0.61809828965586,"Vasc"
"Vasc_Cap_MFSD2A","SLC17A7",8.12167198955204,-0.521645275953867,"Vasc"
"Opc_PDGFRa","SLC17A7",4.7664287650672,-0.776895738937186,"Opc"
"Olig_SGCZ","SLC17A7",8.23618936952092,-0.990271562923379,"Olig"
"Olig_PTPRE","SLC17A7",5.28147399476375,-0.712983568717929,"Olig"
"Olig_EPHB2","SLC17A7",3.63304530252236,-1.02756750014619,"Olig"
"Olig_ARHGAP24","SLC17A7",7.61062470693532,-0.698890958957932,"Olig"
"Micro_PRDM11","SLC17A7",4.5146296772069,-0.982485130697636,"Micro"
"Micro_HSPA6","SLC17A7",5.20436724941497,-0.425506867292164,"Micro"
"Micro_GPNMB","SLC17A7",6.58628912644698,-0.675996008550406,"Micro"
"Micro_FCGR1B","SLC17A7",4.03326056657928,-0.328834984228574,"Micro"
"Micro_CR1","SLC17A7",4.08173354143086,-0.887594109938709,"Micro"
"Micro_CD83_WIPF1","SLC17A7",4.86212292879847,-0.848769624964516,"Micro"
"Micro_CD74_BTF","SLC17A7",32.8165483017374,0.221401725858723,"Micro"
"Glut_L6b_CTGF","SLC17A7",34.5680659962831,0.428285028022824,"Glut"
"Glut_L6_THEMIS_POSTN","SLC17A7",35.1665038628909,0.144878775379386,"Glut"
"Glut_L6_SULF1_SGCZ","SLC17A7",38.9729407777906,0.742194038106517,"Glut"
"Glut_L6_RORB_THEMIS_PXDN","SLC17A7",29.647458080488,0.701053062127379,"Glut"
"Glut_L56_NPSR1","SLC17A7",44.335328782272,0.347522306840533,"Glut"
"Glut_L5_RORB_THEMIS_ADGRL4","SLC17A7",26.4717051362688,-0.0554968755285439,"Glut"
"Glut_L5_RORB_FSHR","SLC17A7",28.0500305761161,0.406159715356389,"Glut"
"Glut_L5_RORB_COL22A1","SLC17A7",43.6847392614006,0.352006960692916,"Glut"
"Glut_L5_RORB_CLMP_CACNG5","SLC17A7",32.8828226289816,0.467204289791766,"Glut"
"Glut_L23_RORB_CUX2_SYT2","SLC17A7",28.3217040266304,0.385904601818202,"Glut"
"Glut_L23_RORB_CUX2_CCDC68","SLC17A7",34.3869806896681,1.09620997287648,"Glut"
"Glut_L23_RORB_CUX2","SLC17A7",43.5634218102085,0.0298720226275696,"Glut"
"Glut_L23_CUX2_LINC01500","SLC17A7",38.7391212667135,0.376015608450307,"Glut"
"Gaba_VIP","SLC17A7",5.66216029026617,-0.723734396827757,"Gaba"
"Gaba_SST_PRKG2","SLC17A7",2.32220343460103,-0.666444781559103,"Gaba"
"Gaba_SST_CHODL","SLC17A7",6.87455475486971,-0.720779673596749,"Gaba"
"Gaba_PVALB_SLCO4C1","SLC17A7",9.22820891889773,-0.829589030881207,"Gaba"
"Gaba_PVALB_GULP1_GRIK3","SLC17A7",5.6295933239037,-0.786042138386672,"Gaba"
"Gaba_PVALB_COL15A1","SLC17A7",3.84617685004702,-0.572749146150513,"Gaba"
"Gaba_NDNF_RELN","SLC17A7",2.79187553846869,-0.949609855182202,"Gaba"
"Gaba_LAMP5_ROR2_LCP2","SLC17A7",3.51500284980349,-0.712375121561515,"Gaba"
"Astro_WIF1_COX8A","SLC17A7",4.53383934892807,-0.630618578165132,"Astro"
"Astro_SERPINH1","SLC17A7",4.47111729352162,-0.894758035195504,"Astro"
"Astro_CTX_WIF1_VAV3","SLC17A7",6.97992035325779,-0.354117833857995,"Astro"
"Astro_CTX_SMAD9_RERG","SLC17A7",3.53994943592417,-0.903564416742552,"Astro"
"Astro_CD44_KCNQ3","SLC17A7",2.78946638446846,-0.350066893811687,"Astro"
"Astro_CD44_CCDC85A","SLC17A7",9.00000942843926,-0.765172759449291,"Astro"
"Vasc_Peri_PDGFRB","CUX2",2.35331126149925,-1.05420119650082,"Vasc"
"Vasc_Fib_GPC3","CUX2",2.02682530984668,-0.748150664596398,"Vasc"
"Vasc_Cap_MFSD2A","CUX2",3.60913670931618,-0.741982228729913,"Vasc"
"Opc_PDGFRa","CUX2",2.83906525566378,-0.410847157279165,"Opc"
"Olig_SGCZ","CUX2",3.73328705264092,-0.428791877176765,"Olig"
"Olig_PTPRE","CUX2",6.93465806218992,-0.745179789252382,"Olig"
"Olig_EPHB2","CUX2",2.1057265298673,-0.647378872004973,"Olig"
"Olig_ARHGAP24","CUX2",5.58011366427145,-0.573926409110687,"Olig"
"Micro_PRDM11","CUX2",24.5492976236164,0.605444437990803,"Micro"
"Micro_HSPA6","CUX2",2.33120317380031,-0.832962221759725,"Micro"
"Micro_GPNMB","CUX2",4.25313778675123,-0.073174998754844,"Micro"
"Micro_FCGR1B","CUX2",2.41723927193771,-0.31837830175742,"Micro"
"Micro_CR1","CUX2",4.72861156802899,-0.857744412208713,"Micro"
"Micro_CD83_WIPF1","CUX2",3.80007739670871,-0.681936413652613,"Micro"
"Micro_CD74_BTF","CUX2",6.44965447754366,-0.490938636658967,"Micro"
"Glut_L6b_CTGF","CUX2",38.0445154997687,0.0935749706568375,"Glut"
"Glut_L6_THEMIS_POSTN","CUX2",31.928084941163,-0.127539615726574,"Glut"
"Glut_L6_SULF1_SGCZ","CUX2",38.5706706870036,1.18745625220575,"Glut"
"Glut_L6_RORB_THEMIS_PXDN","CUX2",35.7458827972173,0.826089699855432,"Glut"
"Glut_L56_NPSR1","CUX2",35.7061998399663,0.461502946713605,"Glut"
"Glut_L5_RORB_THEMIS_ADGRL4","CUX2",32.3412722165947,0.557808055658383,"Glut"
"Glut_L5_RORB_FSHR","CUX2",46.1748797574203,0.148990506812904,"Glut"
"Glut_L5_RORB_COL22A1","CUX2",61.8754965082773,0.742792957467394,"Glut"
"Glut_L5_RORB_CLMP_CACNG5","CUX2",35.3974495965342,-0.547090900715752,"Glut"
"Glut_L23_RORB_CUX2_SYT2","CUX2",68.6543055446437,1.34635456614182,"Glut"
"Glut_L23_RORB_CUX2_CCDC68","CUX2",63.4806820199777,0.874357151760366,"Glut"
"Glut_L23_RORB_CUX2","CUX2",46.6139165742391,0.78019195256709,"Glut"
"Glut_L23_CUX2_LINC01500","CUX2",52.1950412003451,0.680006423176501,"Glut"
"Gaba_VIP","CUX2",7.90482992869387,-0.651780440965356,"Gaba"
"Gaba_SST_PRKG2","CUX2",4.32378256736612,-0.343668730279417,"Gaba"
"Gaba_SST_CHODL","CUX2",3.40621380128745,-0.733159105345507,"Gaba"
"Gaba_PVALB_SLCO4C1","CUX2",3.57432675141569,-0.475170312848448,"Gaba"
"Gaba_PVALB_GULP1_GRIK3","CUX2",6.56933006613708,-0.901218540167098,"Gaba"
"Gaba_PVALB_COL15A1","CUX2",2.39732580329369,-1.02235902798497,"Gaba"
"Gaba_NDNF_RELN","CUX2",6.17881405092944,-0.233618973546819,"Gaba"
"Gaba_LAMP5_ROR2_LCP2","CUX2",6.70679780210373,-0.495320244324074,"Gaba"
"Astro_WIF1_COX8A","CUX2",6.84827325285245,-0.698767587949875,"Astro"
"Astro_SERPINH1","CUX2",5.1617172375974,-0.17209860009709,"Astro"
"Astro_CTX_WIF1_VAV3","CUX2",8.0086351917345,-0.86353542795003,"Astro"
"Astro_CTX_SMAD9_RERG","CUX2",6.59787571568361,-0.685472050827777,"Astro"
"Astro_CD44_KCNQ3","CUX2",4.28369319921984,-0.777306248641652,"Astro"
"Astro_CD44_CCDC85A","CUX2",2.53569570660556,-1.1307278848566,"Astro"
"Vasc_Peri_PDGFRB","RORB",3.76286590677392,-0.814703000182914,"Vasc"
"Vasc_Fib_GPC3","RORB",3.37653808979334,-0.216370110203287,"Vasc"
"Vasc_Cap_MFSD2A","RORB",2.80922521511624,-0.445189029907187,"Vasc"
"Opc_PDGFRa","RORB",8.51714364969716,-0.681336725562271,"Opc"
"Olig_SGCZ","RORB",4.59391547136448,-0.525868912667728,"Olig"
"Olig_PTPRE","RORB",2.51913246110111,-0.711936294487259,"Olig"
"Olig_EPHB2","RORB",4.38180345020495,-0.428850808103672,"Olig"
"Olig_ARHGAP24","RORB",3.86284989700014,-0.712475678725914,"Olig"
"Micro_PRDM11","RORB",12.8425973996245,-0.669738239915336,"Micro"
"Micro_HSPA6","RORB",5.55102898071534,-0.58793019849513,"Micro"
"Micro_GPNMB","RORB",39.9387221159759,-0.0665622043987456,"Micro"
"Micro_FCGR1B","RORB",9.69582781352386,-0.858420798569607,"Micro"
"Micro_CR1","RORB",7.43448439488809,-0.0396560999897305,"Micro"
"Micro_CD83_WIPF1","RORB",3.85240814023934,-0.563835344250935,"Micro"
"Micro_CD74_BTF","RORB",6.39455466352096,-0.272899374679782,"Micro"
"Glut_L6b_CTGF","RORB",43.736693830437,-0.353700867327766,"Glut"
"Glut_L6_THEMIS_POSTN","RORB",29.8647681069762,-0.0154180778074977,"Glut"
"Glut_L6_SULF1_SGCZ","RORB",26.1501466854863,0.715222447740687,"Glut"
"Glut_L6_RORB_THEMIS_PXDN","RORB",44.5065433877037,2.2,"Glut"
"Glut_L56_NPSR1","RORB",44.2622438804858,0.285592674230793,"Glut"
"Glut_L5_RORB_THEMIS_ADGRL4","RORB",62.5474089316179,0.710499148158012,"Glut"
"Glut_L5_RORB_FSHR","RORB",69.9200236209074,1.17825421277163,"Glut"
"Glut_L5_RORB_COL22A1","RORB",55.5581597817408,1.4592487729617,"Glut"
"Glut_L5_RORB_CLMP_CACNG5","RORB",50.4653581351899,0.935735654493592,"Glut"
"Glut_L23_RORB_CUX2_SYT2","RORB",55.5400723213247,0.73367449822206,"Glut"
"Glut_L23_RORB_CUX2_CCDC68","RORB",60.2484496208202,1.51128551609328,"Glut"
"Glut_L23_RORB_CUX2","RORB",79.4243858216179,1.64443052616994,"Glut"
"Glut_L23_CUX2_LINC01500","RORB",37.0993848795283,0.547242027342376,"Glut"
"Gaba_VIP","RORB",3.15269243472438,-0.695189896909793,"Gaba"
"Gaba_SST_PRKG2","RORB",6.59297816542894,-0.686299490058846,"Gaba"
"Gaba_SST_CHODL","RORB",5.90811114385133,-0.539225243342536,"Gaba"
"Gaba_PVALB_SLCO4C1","RORB",3.6670739660091,-0.413553257530591,"Gaba"
"Gaba_PVALB_GULP1_GRIK3","RORB",4.04477695510941,-0.840790127589513,"Gaba"
"Gaba_PVALB_COL15A1","RORB",4.38363134085074,-0.180678617305499,"Gaba"
"Gaba_NDNF_RELN","RORB",4.96385688454624,-0.427333178843993,"Gaba"
"Gaba_LAMP5_ROR2_LCP2","RORB",2.30099607023121,-0.54352482658983,"Gaba"
"Astro_WIF1_COX8A","RORB",4.25263188979782,-0.363998319143086,"Astro"
"Astro_SERPINH1","RORB",7.07234666100391,-0.398053281731011,"Astro"
"Astro_CTX_WIF1_VAV3","RORB",2.87510649042716,-0.807281034645484,"Astro"
"Astro_CTX_SMAD9_RERG","RORB",2.98682997411674,-0.814597742309896,"Astro"
"Astro_CD44_KCNQ3","RORB",5.25613358125068,-0.772111645658001,"Astro"
"Astro_CD44_CCDC85A","RORB",2.16342530373138,-0.480000733143051,"Astro"
"Vasc_Peri_PDGFRB","CCDC68",2.31318575092054,-0.490322109743011,"Vasc"
"Vasc_Fib_GPC3","CCDC68",2.61911661955399,-0.564960784784953,"Vasc"
"Vasc_Cap_MFSD2A","CCDC68",2.93930893266346,-0.900223361805997,"Vasc"
"Opc_PDGFRa","CCDC68",8.13572188997328,-0.0390232712352402,"Opc"
"Olig_SGCZ","CCDC68",2.44873963717775,-0.619621598708789,"Olig"
"Olig_PTPRE","CCDC68",2.64607874356455,-0.114598623300898,"Olig"
"Olig_EPHB2","CCDC68",5.57315961355762,-0.821562807575052,"Olig"
"Olig_ARHGAP24","CCDC68",3.20271544200455,-0.618178019960424,"Olig"
"Micro_PRDM11","CCDC68",4.88286882013024,-0.691956892442731,"Micro"
"Micro_HSPA6","CCDC68",17.9964061249895,0.424180468265795,"Micro"
"Micro_GPNMB","CCDC68",6.70812867268146,-0.723428449438086,"Micro"
"Micro_FCGR1B","CCDC68",6.95616927378997,-0.840951139031026,"Micro"
"Micro_CR1","CCDC68",8.48071005068347,-0.706121619439176,"Micro"
"Micro_CD83_WIPF1","CCDC68",3.14071750485676,-0.80580411221595,"Micro"
"Micro_CD74_BTF","CCDC68",4.83210349409488,-0.666780627347954,"Micro"
"Glut_L6b_CTGF","CCDC68",46.7922966299729,0.670949282082222,"Glut"
"Glut_L6_THEMIS_POSTN","CCDC68",43.2535111950661,0.24797758193223,"Glut"
"Glut_L6_SULF1_SGCZ","CCDC68",38.669555474849,0.480987412321841,"Glut"
"Glut_L6_RORB_THEMIS_PXDN","CCDC68",40.709710620053,0.173776936942421,"Glut"
"Glut_L56_NPSR1","CCDC68",43.5283655438616,-0.0515141960528216,"Glut"
"Glut_L5_RORB_THEMIS_ADGRL4","CCDC68",30.7860957040687,-0.0456247655972978,"Glut"
"Glut_L5_RORB_FSHR","CCDC68",32.8981238198183,0.263361044057622,"Glut"
"Glut_L5_RORB_COL22A1","CCDC68",34.2053331057561,0.796689433155284,"Glut"
"Glut_L5_RORB_CLMP_CACNG5","CCDC68",31.5855395319692,0.530620911035707,"Glut"
"Glut_L23_RORB_CUX2_SYT2","CCDC68",46.222881690927,0.50598699445417,"Glut"
"Glut_L23_RORB_CUX2_CCDC68","CCDC68",61.0866363379924,2.09312183120631,"Glut"
"Glut_L23_RORB_CUX2","CCDC68",49.9791551199473,0.811146077572672,"Glut"
"Glut_L23_CUX2_LINC01500","CCDC68",25.015441421466,0.00548598448954696,"Glut"
"Gaba_VIP","CCDC68",2.23618910892853,-0.245534887903243,"Gaba"
"Gaba_SST_PRKG2","CCDC68",8.79054027203401,-0.393275058551526,"Gaba"
"Gaba_SST_CHODL","CCDC68",4.34103095504613,-0.165518416076018,"Gaba"
"Gaba_PVALB_SLCO4C1","CCDC68",3.44516960396347,-1.0011624951119,"Gaba"
"Gaba_PVALB_GULP1_GRIK3","CCDC68",5.09117133866626,-0.697868071366917,"Gaba"
"Gaba_PVALB_COL15A1","CCDC68",3.16412569860396,-0.780318423779584,"Gaba"
"Gaba_NDNF_RELN","CCDC68",30.8124059051299,0.731374979638897,"Gaba"
"Gaba_LAMP5_ROR2_LCP2","CCDC68",7.3460937370293,-0.9050855476875,"Gaba"
"Astro_WIF1_COX8A","CCDC68",9.42511046026759,-0.541019549129579,"Astro"
"Astro_SERPINH1","CCDC68",4.88197326108377,-0.503442107059067,"Astro"
"Astro_CTX_WIF1_VAV3","CCDC68",2.51509463526212,-0.875719322019576,"Astro"
"Astro_CTX_SMAD9_RERG","CCDC68",9.87837715590035,-0.743778205308679,"Astro"
"Astro_CD44_KCNQ3","CCDC68",3.84216055644312,-0.605168948318169,"Astro"
"Astro_CD44_CCDC85A","CCDC68",39.5679735587258,-0.484702782729008,"Astro"
"Vasc_Peri_PDGFRB","SYT2",7.920685418519,-0.355726599869452,"Vasc"
"Vasc_Fib_GPC3","SYT2",3.98983856416258,-0.720221838118081,"Vasc"
"Vasc_Cap_MFSD2A","SYT2",7.06645247441593,-0.924544558006149,"Vasc"
"Opc_PDGFRa","SYT2",6.12917313303214,-0.704681229004716,"Opc"
"Olig_SGCZ","SYT2",4.74506588342532,-0.85646839755488,"Olig"
"Olig_PTPRE","SYT2",3.10270286056946,-0.631902164033535,"Olig"
"Olig_EPHB2","SYT2",3.98313585954741,-0.437817023214042,"Olig"
"Olig_ARHGAP24","SYT2",3.32379749659441,-0.399463618054387,"Olig"
"Micro_PRDM11","SYT2",2.13140124859083,-0.792003618068214,"Micro"
"Micro_HSPA6","SYT2",2.44932406926134,-0.584159023556093,"Micro"
"Micro_GPNMB","SYT2",8.21667648052092,-1.03525278030303,"Micro"
"Micro_FCGR1B","SYT2",3.82266655643924,-0.457198552229407,"Micro"
"Micro_CR1","SYT2",3.60969959709495,-0.611266811982148,"Micro"
"Micro_CD83_WIPF1","SYT2",10.202126668234,-0.296960964972718,"Micro"
"Micro_CD74_BTF","SYT2",4.91247370215558,-0.755518182927687,"Micro"
"Glut_L6b_CTGF","SYT2",57.066412372255,0.544838938721813,"Glut"
"Glut_L6_THEMIS_POSTN","SYT2",38.0811179273794,0.75334095228544,"Glut"
"Glut_L6_SULF1_SGCZ","SYT2",34.362853655628,0.403931633511978,"Glut"
"Glut_L6_RORB_THEMIS_PXDN","SYT2",46.7082191080225,0.114405129271196,"Glut"
"Glut_L56_NPSR1","SYT2",36.8955369125788,0.199147367085719,"Glut"
"Glut_L5_RORB_THEMIS_ADGRL4","SYT2",30.7828445036726,0.460161145182851,"Glut"
"Glut_L5_RORB_FSHR","SYT2",23.7634520778404,0.0536825212113462,"Glut"
"Glut_L5_RORB_COL22A1","SYT2",23.496778124112,0.0967053924542701,"Glut"
"Glut_L5_RORB_CLMP_CACNG5","SYT2",50.1314630569425,0.499026054734564,"Glut"
"Glut_L23_RORB_CUX2_SYT2","SYT2",62.209936702505,1.47193470189621,"Glut"
"Glut_L23_RORB_CUX2_CCDC68","SYT2",47.6644846538325,0.903943268019388,"Glut"
"Glut_L23_RORB_CUX2","SYT2",34.9278759851234,-0.215984763066754,"Glut"
"Glut_L23_CUX2_LINC01500","SYT2",38.9412984808155,0.43440113718522,"Glut"
"Gaba_VIP","SYT2",2.95199767352622,-0.582290471655528,"Gaba"
"Gaba_SST_PRKG2","SYT2",4.22920603478299,-0.394903942582394,"Gaba"
"Gaba_SST_CHODL","SYT2",2.35961523257255,-0.377713169601611,"Gaba"
"Gaba_PVALB_SLCO4C1","SYT2",3.21082163658828,-0.71501122632304,"Gaba"
"Gaba_PVALB_GULP1_GRIK3","SYT2",3.76740922410489,-0.535944798940974,"Gaba"
"Gaba_PVALB_COL15A1","SYT2",35.7260036970497,0.678760697723932,"Gaba"
"Gaba_NDNF_RELN","SYT2",5.82480300276787,-0.654277760095135,"Gaba"
"Gaba_LAMP5_ROR2_LCP2","SYT2",3.15558647081498,-0.667971605298892,"Gaba"
"Astro_WIF1_COX8A","SYT2",3.2678839033498,-0.469848177491287,"Astro"
"Astro_SERPINH1","SYT2",5.28621380240534,-0.973876571843519,"Astro"
"Astro_CTX_WIF1_VAV3","SYT2",3.23478593089309,-0.476817501005568,"Astro"
"Astro_CTX_SMAD9_RERG","SYT2",3.00642298313783,-0.764714095335768,"Astro"
"Astro_CD44_KCNQ3","SYT2",5.54972646728832,-0.68341297253243,"Astro"
"Astro_CD44_CCDC85A","SYT2",8.61625394119262,-0.377615827923327,"Astro"
"Vasc_Peri_PDGFRB","THEMIS",6.7697459225378,-0.850688965949442,"Vasc"
"Vasc_Fib_GPC3","THEMIS",2.24897167629279,-0.628827401184221,"Vasc"
"Vasc_Cap_MFSD2A","THEMIS",10.3608169450819,0.0211121159646833,"Vasc"
"Opc_PDGFRa","THEMIS",4.23309413320051,-0.620304438869181,"Opc"
"Olig_SGCZ","THEMIS",4.994475081471,-0.652901852341275,"Olig"
"Olig_PTPRE","THEMIS",4.88886662248213,-0.408133785588503,"Olig"
"Olig_EPHB2","THEMIS",8.37976625554779,-0.682034550075294,"Olig"
"Olig_ARHGAP24","THEMIS",6.06257181843532,-0.30651476246236,"Olig"
"Micro_PRDM11","THEMIS",4.59068496154693,-1.2,"Micro"
"Micro_HSPA6","THEMIS",4.3410447214914,-0.0821178809295041,"Micro"
"Micro_GPNMB","THEMIS",3.37871375925991,-0.696782604516846,"Micro"
"Micro_FCGR1B","THEMIS",2.34729453432875,-0.927574071502589,"Micro"
"Micro_CR1","THEMIS",2.6095088125886,-0.179592037653889,"Micro"
"Micro_CD83_WIPF1","THEMIS",9.31278608305829,-0.297107628227308,"Micro"
"Micro_CD74_BTF","THEMIS",6.20991616431857,-0.908247301320893,"Micro"
"Glut_L6b_CTGF","THEMIS",28.8052497248046,0.470010064099349,"Glut"
"Glut_L6_THEMIS_POSTN","THEMIS",72.3249520220292,2.2,"Glut"
"Glut_L6_SULF1_SGCZ","THEMIS",32.9355237035708,-0.048504671629226,"Glut"
"Glut_L6_RORB_THEMIS_PXDN","THEMIS",71.1550417386103,1.35934542887827,"Glut"
"Glut_L56_NPSR1","THEMIS",26.2907319732047,0.410132969412756,"Glut"
"Glut_L5_RORB_THEMIS_ADGRL4","THEMIS",64.7891647356899,1.21024785853529,"Glut"
"Glut_L5_RORB_FSHR","THEMIS",38.6034232742723,0.151964558235076,"Glut"
"Glut_L5_RORB_COL22A1","THEMIS",34.3942689554285,-0.199327604459814,"Glut"
"Glut_L5_RORB_CLMP_CACNG5","THEMIS",42.7823532093073,0.345132243123109,"Glut"
"Glut_L23_RORB_CUX2_SYT2","THEMIS",35.5796668998327,0.283171631821809,"Glut"
"Glut_L23_RORB_CUX2_CCDC68","THEMIS",30.4309962716236,0.23905083890047,"Glut"
"Glut_L23_RORB_CUX2","THEMIS",29.0271233781527,0.666155795389163,"Glut"
"Glut_L23_CUX2_LINC01500","THEMIS",42.9951586981176,0.205169064419272,"Glut"
"Gaba_VIP","THEMIS",6.28067082877199,-0.433106343099639,"Gaba"
"Gaba_SST_PRKG2","THEMIS",2.67636340156846,-0.49922117015229,"Gaba"
"Gaba_SST_CHODL","THEMIS",2.48012195203545,-0.564436323537239,"Gaba"
"Gaba_PVALB_SLCO4C1","THEMIS",7.89557641723791,-0.579449031616673,"Gaba"
"Gaba_PVALB_GULP1_GRIK3","THEMIS",2.02071624536394,-0.850454842388507,"Gaba"
"Gaba_PVALB_COL15A1","THEMIS",2.08533266379705,-0.62419925126261,"Gaba"
"Gaba_NDNF_RELN","THEMIS",6.89786499505091,-0.369201548057178,"Gaba"
"Gaba_LAMP5_ROR2_LCP2","THEMIS",6.75877683067431,-0.699494926899054,"Gaba"
"Astro_WIF1_COX8A","THEMIS",4.43794750201122,-0.716269961377164,"Astro"
"Astro_SERPINH1","THEMIS",2.0945639796284,-0.238481988251302,"Astro"
"Astro_CTX_WIF1_VAV3","THEMIS",4.03811280995408,-1.00014033611859,"Astro"
"Astro_CTX_SMAD9_RERG","THEMIS",3.37767804204355,-0.745605514551299,"Astro"
"Astro_CD44_KCNQ3","THEMIS",7.42560263124394,-0.763522507654228,"Astro"
"Astro_CD44_CCDC85A","THEMIS",2.55954384023446,-0.541067287439642,"Astro"
"Vasc_Peri_PDGFRB","COL22A1",4.23133100482801,-0.587736830429338,"Vasc"
"Vasc_Fib_GPC3","COL22A1",4.93271800765887,-1.19992355064623,"Vasc"
"Vasc_Cap_MFSD2A","COL22A1",10.1272704855358,-0.981071706191042,"Vasc"
"Opc_PDGFRa","COL22A1",2.69403592499886,-0.132827763407123,"Opc"
"Olig_SGCZ","COL22A1",2.26781231311677,-0.458190624146834,"Olig"
"Olig_PTPRE","COL22A1",5.66482241889493,-0.411772418995032,"Olig"
"Olig_EPHB2","COL22A1",6.52786973786665,-0.572172717301958,"Olig"
"Olig_ARHGAP24","COL22A1",6.25954972094559,-0.430490530447372,"Olig"
"Micro_PRDM11","COL22A1",6.86685977279177,-1.01085823610076,"Micro"
"Micro_HSPA6","COL22A1",5.42068168906036,-0.510012210726414,"Micro"
"Micro_GPNMB","COL22A1",9.67815826635039,-0.935667278953298,"Micro"
"Micro_FCGR1B","COL22A1",7.65045060743377,-0.849646228575155,"Micro"
"Micro_CR1","COL22A1",4.29244911593272,-0.779877662084588,"Micro"
"Micro_CD83_WIPF1","COL22A1",6.19796113643067,-0.593292840295353,"Micro"
"Micro_CD74_BTF","COL22A1",4.92163708198335,-0.544556099193815,"Micro"
"Glut_L6b_CTGF","COL22A1",33.7452258477916,0.372775013698622,"Glut"
"Glut_L6_THEMIS_POSTN","COL22A1",33.641809204346,0.542030690195313,"Glut"
"Glut_L6_SULF1_SGCZ","COL22A1",31.3991833774495,0.04301535674124,"Glut"
"Glut_L6_RORB_THEMIS_PXDN","COL22A1",34.924548276504,0.057430059804259,"Glut"
"Glut_L56_NPSR1","COL22A1",25.5978443752372,0.854666559589369,"Glut"
"Glut_L5_RORB_THEMIS_ADGRL4","COL22A1",37.0110668654189,0.442078552312912,"Glut"
"Glut_L5_RORB_FSHR","COL22A1",24.8792887341856,0.795776768937846,"Glut"
"Glut_L5_RORB_COL22A1","COL22A1",64.7545609808873,0.633336299515688,"Glut"
"Glut_L5_RORB_CLMP_CACNG5","COL22A1",34.8957097662892,0.445135755737639,"Glut"
"Glut_L23_RORB_CUX2_SYT2","COL22A1",46.2231654272226,0.0832420104217025,"Glut"
"Glut_L23_RORB_CUX2_CCDC68","COL22A1",34.9205948690992,0.640620263214913,"Glut"
"Glut_L23_RORB_CUX2","COL22A1",35.8624657950376,0.700195832737504,"Glut"
"Glut_L23_CUX2_LINC01500","COL22A1",50.7884930686468,0.559994453329551,"Glut"
"Gaba_VIP","COL22A1",5.03493600633651,-0.83501375596834,"Gaba"
"Gaba_SST_PRKG2","COL22A1",2.51933900002855,-1.10366992625703,"Gaba"
"Gaba_SST_CHODL","COL22A1",7.47299189955716,-0.608319450294148,"Gaba"
"Gaba_PVALB_SLCO4C1","COL22A1",9.53999900508955,-0.435868040860217,"Gaba"
"Gaba_PVALB_GULP1_GRIK3","COL22A1",4.30069076532972,-0.820434354992848,"Gaba"
"Gaba_PVALB_COL15A1","COL22A1",2.63220234891129,-0.625086542319958,"Gaba"
"Gaba_NDNF_RELN","COL22A1",6.14916677490925,-0.41827675648386,"Gaba"
"Gaba_LAMP5_ROR2_LCP2","COL22A1",28.4779681965722,-0.00984791632060489,"Gaba"
"Astro_WIF1_COX8A","COL22A1",4.86282960317489,-0.794164479376803,"Astro"
"Astro_SERPINH1","COL22A1",2.3760044167628,-0.425604155612343,"Astro"
"Astro_CTX_WIF1_VAV3","COL22A1",5.75067981919631,-0.857513907232249,"Astro"
"Astro_CTX_SMAD9_RERG","COL22A1",2.44794256840279,-0.58659555725123,"Astro"
"Astro_CD44_KCNQ3","COL22A1",6.30249024209712,-0.557763818441872,"Astro"
"Astro_CD44_CCDC85A","COL22A1",3.69155478089879,-0.473793599167462,"Astro"
"Vasc_Peri_PDGFRB","ADGRL4",4.65203819394605,-1.00434373417077,"Vasc"
"Vasc_Fib_GPC3","ADGRL4",5.3535974695223,-0.439162927792108,"Vasc"
"Vasc_Cap_MFSD2A","ADGRL4",3.58898285967644,-0.753527301885252,"Vasc"
"Opc_PDGFRa","ADGRL4",4.54685759100444,-0.278008681584026,"Opc"
"Olig_SGCZ","ADGRL4",4.12148725044754,-0.519204924855237,"Olig"
"Olig_PTPRE","ADGRL4",2.13973565998537,-0.50451435732709,"Olig"
"Olig_EPHB2","ADGRL4",4.97903443599796,-0.410190209246785,"Olig"
"Olig_ARHGAP24","ADGRL4",3.34950545477869,-1.2,"Olig"
"Micro_PRDM11","ADGRL4",2.7580621304585,-0.0940975970968684,"Micro"
"Micro_HSPA6","ADGRL4",4.86143741461117,-0.831946869239439,"Micro"
"Micro_GPNMB","ADGRL4",3.2426918200106,-0.612331170669912,"Micro"
"Micro_FCGR1B","ADGRL4",3.62220710485376,-0.976476529249954,"Micro"
"Micro_CR1","ADGRL4",2.96601257803644,-0.771743349895368,"Micro"
"Micro_CD83_WIPF1","ADGRL4",9.95351162243713,-0.891598985821025,"Micro"
"Micro_CD74_BTF","ADGRL4",6.70554673353476,-1.14919450851638,"Micro"
"Glut_L6b_CTGF","ADGRL4",59.4390031190222,1.48692710292277,"Glut"
"Glut_L6_THEMIS_POSTN","ADGRL4",38.507849944637,0.583530813996695,"Glut"
"Glut_L6_SULF1_SGCZ","ADGRL4",27.6716320641706,0.112001873951824,"Glut"
"Glut_L6_RORB_THEMIS_PXDN","ADGRL4",23.6017743248229,-0.324641547403037,"Glut"
"Glut_L56_NPSR1","ADGRL4",38.090304857248,0.0785992504146263,"Glut"
"Glut_L5_RORB_THEMIS_ADGRL4","ADGRL4",72.3237483985936,1.78999812241233,"Glut"
"Glut_L5_RORB_FSHR","ADGRL4",45.5995620996959,0.147521184111207,"Glut"
"Glut_L5_RORB_COL22A1","ADGRL4",28.8880583864121,0.0866953330379068,"Glut"
"Glut_L5_RORB_CLMP_CACNG5","ADGRL4",30.17215330285,0.310768995198843,"Glut"
"Glut_L23_RORB_CUX2_SYT2","ADGRL4",37.4293890613226,-0.016491147393755,"Glut"
"Glut_L23_RORB_CUX2_CCDC68","ADGRL4",38.2278876820502,0.337218460941465,"Glut"
"Glut_L23_RORB_CUX2","ADGRL4",33.2781132703271,0.103626511979194,"Glut"
"Glut_L23_CUX2_LINC01500","ADGRL4",44.874773434907,0.713932506114254,"Glut"
"Gaba_VIP","ADGRL4",6.56621956915115,-0.529619956766569,"Gaba"
"Gaba_SST_PRKG2","ADGRL4",8.01623169365556,-0.344611204838956,"Gaba"
"Gaba_SST_CHODL","ADGRL4",4.84257017522326,-0.913562736739334,"Gaba"
"Gaba_PVALB_SLCO4C1","ADGRL4",4.53095178867567,-0.812960319321051,"Gaba"
"Gaba_PVALB_GULP1_GRIK3","ADGRL4",2.4250985018747,-0.680579131161349,"Gaba"
"Gaba_PVALB_COL15A1","ADGRL4",2.2864862420726,-0.938061181897536,"Gaba"
"Gaba_NDNF_RELN","ADGRL4",4.42975449388713,-0.384165433229187,"Gaba"
"Gaba_LAMP5_ROR2_LCP2","ADGRL4",3.41087939179105,-0.462517824415177,"Gaba"
"Astro_WIF1_COX8A","ADGRL4",6.92207512226252,-0.384263212838025,"Astro"
"Astro_SERPINH1","ADGRL4",7.11186896370843,-0.519352048039748,"Astro"
"Astro_CTX_WIF1_VAV3","ADGRL4",2.70098522132109,-0.451060350926374,"Astro"
"Astro_CTX_SMAD9_RERG","ADGRL4",3.23448279221113,-0.910853671569315,"Astro"
"Astro_CD44_KCNQ3","ADGRL4",5.58594211771799,-0.573754810756738,"Astro"
"Astro_CD44_CCDC85A","ADGRL4",4.65535716199291,-0.354457446750284,"Astro"
"Vasc_Peri_PDGFRB","NPSR1",10.7307933199835,-0.615197431206892,"Vasc"
"Vasc_Fib_GPC3","NPSR1",2.42806544066089,-0.848732216552527,"Vasc"
"Vasc_Cap_MFSD2A","NPSR1",26.4856880245434,-0.247313620815145,"Vasc"
"Opc_PDGFRa","NPSR1",4.36570281840126,-0.513829090472816,"Opc"
"Olig_SGCZ","NPSR1",6.83285677157216,-0.792648372225881,"Olig"
"Olig_PTPRE","NPSR1",2.43190504237455,-0.75083192005958,"Olig"
"Olig_EPHB2","NPSR1",3.94834155553121,-0.847348528485303,"Olig"
"Olig_ARHGAP24","NPSR1",5.45468303045047,-0.746865705046523,"Olig"
"Micro_PRDM11","NPSR1",5.03916351244389,-0.486795076505971,"Micro"
"Micro_HSPA6","NPSR1",6.52818797490445,-0.573125084476407,"Micro"
"Micro_GPNMB","NPSR1",3.4607826547322,-0.818510813030067,"Micro"
"Micro_FCGR1B","NPSR1",5.61879425884534,-0.253812499637206,"Micro"
"Micro_CR1","NPSR1",5.86564145735719,-0.438759930285488,"Micro"
"Micro_CD83_WIPF1","NPSR1",37.3739669304934,-0.0861764926624077,"Micro"
"Micro_CD74_BTF","NPSR1",2.11573022576521,-0.416384345909351,"Micro"
"Glut_L6b_CTGF","NPSR1",42.6256166500608,-0.372385938342167,"Glut"
"Glut_L6_THEMIS_POSTN","NPSR1",42.09702629454,0.242003542927082,"Glut"
"Glut_L6_SULF1_SGCZ","NPSR1",43.732747163778,0.310701003991091,"Glut"
"Glut_L6_RORB_THEMIS_PXDN","NPSR1",46.2745186650657,0.775321729547524,"Glut"
"Glut_L56_NPSR1","NPSR1",82,1.63959025324113,"Glut"
"Glut_L5_RORB_THEMIS_ADGRL4","NPSR1",47.1974663455022,0.13748790910776,"Glut"
"Glut_L5_RORB_FSHR","NPSR1",39.4248468201831,0.597446506790266,"Glut"
"Glut_L5_RORB_COL22A1","NPSR1",40.2716722287108,0.130853480601615,"Glut"
"Glut_L5_RORB_CLMP_CACNG5","NPSR1",45.8809249962131,0.266414940452733,"Glut"
"Glut_L23_RORB_CUX2_SYT2","NPSR1",39.4401681286065,0.0443790242119489,"Glut"
"Glut_L23_RORB_CUX2_CCDC68","NPSR1",75.1524264582579,0.986647745504512,"Glut"
"Glut_L23_RORB_CUX2","NPSR1",25.9433493558466,-0.458642436444364,"Glut"
"Glut_L23_CUX2_LINC01500","NPSR1",82,1.2231550487872,"Glut"
"Gaba_VIP","NPSR1",5.43892818282013,-0.613780486441554,"Gaba"
"Gaba_SST_PRKG2","NPSR1",5.00418725203775,-0.426554847754289,"Gaba"
"Gaba_SST_CHODL","NPSR1",4.86017015923764,-0.491986157229765,"Gaba"
"Gaba_PVALB_SLCO4C1","NPSR1",5.19933031703142,-1.03145290844534,"Gaba"
"Gaba_PVALB_GULP1_GRIK3","NPSR1",4.98961256924215,-0.415981237782902,"Gaba"
"Gaba_PVALB_COL15A1","NPSR1",8.24744062960961,-0.423993514023243,"Gaba"
"Gaba_NDNF_RELN","NPSR1",31.4685311325246,0.492097055137501,"Gaba"
"Gaba_LAMP5_ROR2_LCP2","NPSR1",3.40439369609016,-0.358052039698379,"Gaba"
"Astro_WIF1_COX8A","NPSR1",35.0982313168145,-0.5502564391163,"Astro"
"Astro_SERPINH1","NPSR1",2.52302481000699,-0.0392140847064967,"Astro"
"Astro_CTX_WIF1_VAV3","NPSR1",9.37759409407062,-0.427009700096195,"Astro"
"Astro_CTX_SMAD9_RERG","NPSR1",2.19063069915913,-0.369723937934598,"Astro"
"Astro_CD44_KCNQ3","NPSR1",6.40177828742869,-1.04658904028654,"Astro"
"Astro_CD44_CCDC85A","NPSR1",4.46717630196066,-0.898722500990869,"Astro"
"Vasc_Peri_PDGFRB","PXDN",25.7119481864956,0.168245573484594,"Vasc"
"Vasc_Fib_GPC3","PXDN",4.21368849929347,-0.643087812517747,"Vasc"
"Vasc_Cap_MFSD2A","PXDN",7.68822891643281,-0.861028942089884,"Vasc"
"Opc_PDGFRa","PXDN",9.15281525804087,-0.591679566378362,"Opc"
"Olig_SGCZ","PXDN",2.7447394997838,-0.761284014818544,"Olig"
"Olig_PTPRE","PXDN",3.5503819889326,-0.71259540464506,"Olig"
"Olig_EPHB2","PXDN",5.97664423434168,-0.337430823496993,"Olig"
"Olig_ARHGAP24","PXDN",8.05767697550831,-0.740549294498647,"Olig"
"Micro_PRDM11","PXDN",7.60974034279701,-0.495244159990295,"Micro"
"Micro_HSPA6","PXDN",5.55038249227451,-0.712167404727903,"Micro"
"Micro_GPNMB","PXDN",2.42931010402867,-0.978128905564484,"Micro"
"Micro_FCGR1B","PXDN",4.49083296144662,-0.480939335158493,"Micro"
"Micro_CR1","PXDN",6.12301760098491,-0.920371843286188,"Micro"
"Micro_CD83_WIPF1","PXDN",4.7554415082932,-0.331990359267126,"Micro"
"Micro_CD74_BTF","PXDN",4.43017383486663,-0.590077134829465,"Micro"
"Glut_L6b_CTGF","PXDN",35.2563546526229,0.13751939773746,"Glut"
"Glut_L6_THEMIS_POSTN","PXDN",36.9065525535314,0.102908593305618,"Glut"
"Glut_L6_SULF1_SGCZ","PXDN",32.6763558034217,0.359069936631117,"Glut"
"Glut_L6_RORB_THEMIS_PXDN","PXDN",59.4974303150587,0.783088669502169,"Glut"
"Glut_L56_NPSR1","PXDN",34.0850094044977,0.127686938251997,"Glut"
"Glut_L5_RORB_THEMIS_ADGRL4","PXDN",30.1882261030433,0.35837986736587,"Glut"
"Glut_L5_RORB_FSHR","PXDN",43.211807950531,0.170188890258025,"Glut"
"Glut_L5_RORB_COL22A1","PXDN",34.3815235549461,0.351857917682904,"Glut"
"Glut_L5_RORB_CLMP_CACNG5","PXDN",45.5630987206251,-0.298363866731636,"Glut"
"Glut_L23_RORB_CUX2_SYT2","PXDN",37.623897117362,0.122980423739733,"Glut"
"Glut_L23_RORB_CUX2_CCDC68","PXDN",26.7053778167683,0.408978549227673,"Glut"
"Glut_L23_RORB_CUX2","PXDN",26.2467296791709,-0.113817190861879,"Glut"
"Glut_L23_CUX2_LINC01500","PXDN",40.9780077140166,0.401446231029418,"Glut"
"Gaba_VIP","PXDN",3.00079325567839,-0.679947150593179,"Gaba"
"Gaba_SST_PRKG2","PXDN",4.82208623076356,-0.520963060419398,"Gaba"
"Gaba_SST_CHODL","PXDN",5.6994501988023,-0.869162468399079,"Gaba"
"Gaba_PVALB_SLCO4C1","PXDN",4.22403366357768,-0.589413951770181,"Gaba"
"Gaba_PVALB_GULP1_GRIK3","PXDN",31.598108827187,0.679047208079135,"Gaba"
"Gaba_PVALB_COL15A1","PXDN",2.83292454210582,-0.590335610196054,"Gaba"
"Gaba_NDNF_RELN","PXDN",3.21929021597163,-0.405466866263982,"Gaba"
"Gaba_LAMP5_ROR2_LCP2","PXDN",2.42842125424833,-0.530537790374316,"Gaba"
"Astro_WIF1_COX8A","PXDN",5.64255848008531,-0.489119837817157,"Astro"
"Astro_SERPINH1","PXDN",5.54901916189245,-0.40905179890947,"Astro"
"Astro_CTX_WIF1_VAV3","PXDN",3.26648962898127,-0.964939555734583,"Astro"
"Astro_CTX_SMAD9_RERG","PXDN",2.13900154150428,-0.569826446066141,"Astro"
"Astro_CD44_KCNQ3","PXDN",4.1941053921713,-0.738614085695162,"Astro"
"Astro_CD44_CCDC85A","PXDN",2.68192277689382,-0.327627557223689,"Astro"
"Vasc_Peri_PDGFRB","SGCZ",6.33436288011499,-0.274087483524381,"Vasc"
"Vasc_Fib_GPC3","SGCZ",2.22827832359564,-0.784577477073155,"Vasc"
"Vasc_Cap_MFSD2A","SGCZ",2.07026588941177,-0.262014830275571,"Vasc"
"Opc_PDGFRa","SGCZ",40.0215504914976,-0.445460983657292,"Opc"
"Olig_SGCZ","SGCZ",72.9027337572134,1.27706772002805,"Olig"
"Olig_PTPRE","SGCZ",42.282606055837,-0.404802636280844,"Olig"
"Olig_EPHB2","SGCZ",42.1239032773483,0.777830879640574,"Olig"
"Olig_ARHGAP24","SGCZ",31.4652526751708,0.815591726118396,"Olig"
"Micro_PRDM11","SGCZ",4.71682127527551,-0.725612575110712,"Micro"
"Micro_HSPA6","SGCZ",3.60399444929104,-0.729179939518164,"Micro"
"Micro_GPNMB","SGCZ",5.65044538723466,-0.563476138817995,"Micro"
"Micro_FCGR1B","SGCZ",3.73765637726204,-0.990174412918942,"Micro"
"Micro_CR1","SGCZ",7.97314797286364,-0.385895773625713,"Micro"
"Micro_CD83_WIPF1","SGCZ",19.1264084299498,0.248486350673525,"Micro"
"Micro_CD74_BTF","SGCZ",5.40801762807299,-0.565607216841741,"Micro"
"Glut_L6b_CTGF","SGCZ",32.6136986314248,0.731708104805588,"Glut"
"Glut_L6_THEMIS_POSTN","SGCZ",34.6869400521802,0.688212872831858,"Glut"
"Glut_L6_SULF1_SGCZ","SGCZ",53.8456336120125,1.09029934194736,"Glut"
"Glut_L6_RORB_THEMIS_PXDN","SGCZ",33.6911010878058,0.668307179567398,"Glut"
"Glut_L56_NPSR1","SGCZ",31.2681963470329,0.413796001291118,"Glut"
"Glut_L5_RORB_THEMIS_ADGRL4","SGCZ",33.932495046876,-0.183811422983849,"Glut"
"Glut_L5_RORB_FSHR","SGCZ",38.6020017974668,0.486036176683092,"Glut"
"Glut_L5_RORB_COL22A1","SGCZ",45.4434596721071,0.942842761956157,"Glut"
"Glut_L5_RORB_CLMP_CACNG5","SGCZ",29.5405950171825,0.790992356877253,"Glut"
"Glut_L23_RORB_CUX2_SYT2","SGCZ",41.5234935322535,0.544693263227515,"Glut"
"Glut_L23_RORB_CUX2_CCDC68","SGCZ",39.9951072808103,0.77483921168106,"Glut"
"Glut_L23_RORB_CUX2","SGCZ",48.4306072194711,0.753032677614333,"Glut"
"Glut_L23_CUX2_LINC01500","SGCZ",42.6695702725954,-0.0107318178821687,"Glut"
"Gaba_VIP","SGCZ",2.69111022193248,-0.308548089135181,"Gaba"
"Gaba_SST_PRKG2","SGCZ",3.26264687648334,-0.764408971642285,"Gaba"
"Gaba_SST_CHODL","SGCZ",6.49975702786106,-0.407427058106084,"Gaba"
"Gaba_PVALB_SLCO4C1","SGCZ",5.72651749617837,-1.12089113146216,"Gaba"
"Gaba_PVALB_GULP1_GRIK3","SGCZ",2.15004794874081,-0.630810864903322,"Gaba"
"Gaba_PVALB_COL15A1","SGCZ",3.5891237224447,-0.658697045799653,"Gaba"
"Gaba_NDNF_RELN","SGCZ",6.34221872529458,-0.68207170732071,"Gaba"
"Gaba_LAMP5_ROR2_LCP2","SGCZ",8.68902501294344,-0.918500305608065,"Gaba"
"Astro_WIF1_COX8A","SGCZ",4.75907274364524,-0.441047048654895,"Astro"
"Astro_SERPINH1","SGCZ",4.74223956947609,-1.11096530113864,"Astro"
"Astro_CTX_WIF1_VAV3","SGCZ",3.38408609559405,-0.589399295586607,"Astro"
"Astro_CTX_SMAD9_RERG","SGCZ",3.76249939408757,-0.523503205717909,"Astro"
"Astro_CD44_KCNQ3","SGCZ",6.93274592895543,-0.849187020475106,"Astro"
"Astro_CD44_CCDC85A","SGCZ",7.81932973533125,-0.517995490832486,"Astro"
"Vasc_Peri_PDGFRB","POSTN",3.89616156730809,-0.512464953550877,"Vasc"
"Vasc_Fib_GPC3","POSTN",7.8887274041267,-0.301695801869875,"Vasc"
"Vasc_Cap_MFSD2A","POSTN",5.51508628270723,-0.013051515448964,"Vasc"
"Opc_PDGFRa","POSTN",4.31588142294311,-0.842568162546706,"Opc"
"Olig_SGCZ","POSTN",7.31828974301191,-1.10491148704236,"Olig"
"Olig_PTPRE","POSTN",3.7541488400827,-1.2,"Olig"
"Olig_EPHB2","POSTN",5.61064307285154,-0.61197793886952,"Olig"
"Olig_ARHGAP24","POSTN",3.01637182157724,-0.484939891940547,"Olig"
"Micro_PRDM11","POSTN",3.18399298847022,-0.616938056105554,"Micro"
"Micro_HSPA6","POSTN",4.8985524263047,-0.740983627315189,"Micro"
"Micro_GPNMB","POSTN",2.55196338273115,-0.794090920315866,"Micro"
"Micro_FCGR1B","POSTN",11.3951043371427,-0.518733405019233,"Micro"
"Micro_CR1","POSTN",3.82758247995189,-0.24364622013137,"Micro"
"Micro_CD83_WIPF1","POSTN",38.5297042615657,0.50993858507382,"Micro"
"Micro_CD74_BTF","POSTN",6.47438962031993,-0.736809080984077,"Micro"
"Glut_L6b_CTGF","POSTN",45.2999885433571,1.99275860613867,"Glut"
"Glut_L6_THEMIS_POSTN","POSTN",52.0523039386353,1.13878345195045,"Glut"
"Glut_L6_SULF1_SGCZ","POSTN",37.3527637891852,0.407227481951649,"Glut"
"Glut_L6_RORB_THEMIS_PXDN","POSTN",47.2223727247691,0.355151724289112,"Glut"
"Glut_L56_NPSR1","POSTN",38.5226821261299,0.638646019712783,"Glut"
"Glut_L5_RORB_THEMIS_ADGRL4","POSTN",36.6694862455533,0.478211095441002,"Glut"
"Glut_L5_RORB_FSHR","POSTN",35.0312212776223,0.0480550895107551,"Glut"
"Glut_L5_RORB_COL22A1","POSTN",35.6146046220082,0.54179528211268,"Glut"
"Glut_L5_RORB_CLMP_CACNG5","POSTN",35.3932097252642,0.670363862620085,"Glut"
"Glut_L23_RORB_CUX2_SYT2","POSTN",33.1278280512199,0.438605680795535,"Glut"
"Glut_L23_RORB_CUX2_CCDC68","POSTN",39.5433031648993,0.415641313790952,"Glut"
"Glut_L23_RORB_CUX2","POSTN",62.2727445897384,0.943212174291784,"Glut"
"Glut_L23_CUX2_LINC01500","POSTN",23.8757591084272,0.886071920001546,"Glut"
"Gaba_VIP","POSTN",3.19426236147903,-0.299805171988673,"Gaba"
"Gaba_SST_PRKG2","POSTN",2.84710603960299,-0.742464439265903,"Gaba"
"Gaba_SST_CHODL","POSTN",2.34273809044226,-0.373048485495362,"Gaba"
"Gaba_PVALB_SLCO4C1","POSTN",28.2861024530076,0.146298829076601,"Gaba"
"Gaba_PVALB_GULP1_GRIK3","POSTN",2.84966882182205,-0.848430394900567,"Gaba"
"Gaba_PVALB_COL15A1","POSTN",2.87536519859849,-0.403399491137754,"Gaba"
"Gaba_NDNF_RELN","POSTN",4.83982237920358,-0.585707755616991,"Gaba"
"Gaba_LAMP5_ROR2_LCP2","POSTN",5.46366792638154,-0.731056889954359,"Gaba"
"Astro_WIF1_COX8A","POSTN",5.80759467421962,-0.0834669241489217,"Astro"
"Astro_SERPINH1","POSTN",8.12760740307254,-0.74950132052091,"Astro"
"Astro_CTX_WIF1_VAV3","POSTN",3.22955566302955,-0.776332105795698,"Astro"
"Astro_CTX_SMAD9_RERG","POSTN",2.65149156757819,-0.668300053213729,"Astro"
"Astro_CD44_KCNQ3","POSTN",2.76205728781629,-0.222444087128257,"Astro"
"Astro_CD44_CCDC85A","POSTN",27.7144517704118,0.345744459658795,"Astro"
"Vasc_Peri_PDGFRB","GAD2",6.93399387280591,-0.389454697876512,"Vasc"
"Vasc_Fib_GPC3","GAD2",3.15437088632397,-0.0148408215395029,"Vasc"
"Vasc_Cap_MFSD2A","GAD2",7.6891862385221,-0.779617230682305,"Vasc"
"Opc_PDGFRa","GAD2",2.68477583450751,-1.2,"Opc"
"Olig_SGCZ","GAD2",4.43577149812431,-0.237938833384675,"Olig"
"Olig_PTPRE","GAD2",4.49550446971506,-1.14735507050973,"Olig"
"Olig_EPHB2","GAD2",4.17445076285382,-0.7276876879374,"Olig"
"Olig_ARHGAP24","GAD2",4.30948140678495,-0.426959317921956,"Olig"
"Micro_PRDM11","GAD2",2.30964853356393,-0.7476058442525,"Micro"
"Micro_HSPA6","GAD2",30.8918279407978,0.427032628371688,"Micro"
"Micro_GPNMB","GAD2",6.94767680220703,-0.906811095105672,"Micro"
"Micro_FCGR1B","GAD2",3.08497712886625,-0.648771227972832,"Micro"
"Micro_CR1","GAD2",2.48538242085064,-0.685782706997851,"Micro"
"Micro_CD83_WIPF1","GAD2",8.88654954414486,-0.383218507189161,"Micro"
"Micro_CD74_BTF","GAD2",4.07633192088587,-0.85899341074412,"Micro"
"Glut_L6b_CTGF","GAD2",8.63729547791992,-0.891649768726751,"Glut"
"Glut_L6_THEMIS_POSTN","GAD2",3.49430143138014,-0.580205248275649,"Glut"
"Glut_L6_SULF1_SGCZ","GAD2",6.95576888760123,-0.329461271980448,"Glut"
"Glut_L6_RORB_THEMIS_PXDN","GAD2",3.47583815616855,-0.736620712421592,"Glut"
"Glut_L56_NPSR1","GAD2",3.4027674989475,-0.61251546900649,"Glut"
"Glut_L5_RORB_THEMIS_ADGRL4","GAD2",3.97279975713335,-0.148026860220354,"Glut"
"Glut_L5_RORB_FSHR","GAD2",5.72921550001707,-0.860172852047805,"Glut"
"Glut_L5_RORB_COL22A1","GAD2",3.79531774985946,-0.134117796032053,"Glut"
"Glut_L5_RORB_CLMP_CACNG5","GAD2",2.86448729828003,-0.678936348573491,"Glut"
"Glut_L23_RORB_CUX2_SYT2","GAD2",3.59520843545556,-0.712296894017172,"Glut"
"Glut_L23_RORB_CUX2_CCDC68","GAD2",9.10394445372243,-0.867065821890208,"Glut"
"Glut_L23_RORB_CUX2","GAD2",6.62879885260086,-0.447125616103267,"Glut"
"Glut_L23_CUX2_LINC01500","GAD2",3.99438163567781,-0.434981306647412,"Glut"
"Gaba_VIP","GAD2",45.8498820726598,0.839954228132909,"Gaba"
"Gaba_SST_PRKG2","GAD2",44.667945488914,0.0459357235853158,"Gaba"
"Gaba_SST_CHODL","GAD2",39.2601063372374,0.558421966806227,"Gaba"
"Gaba_PVALB_SLCO4C1","GAD2",30.7982174508099,0.222563819453852,"Gaba"
"Gaba_PVALB_GULP1_GRIK3","GAD2",33.3820133011947,0.413893561686098,"Gaba"
"Gaba_PVALB_COL15A1","GAD2",28.3592148473548,0.00906135716410106,"Gaba"
"Gaba_NDNF_RELN","GAD2",37.2165807349793,-0.169562457559196,"Gaba"
"Gaba_LAMP5_ROR2_LCP2","GAD2",46.6405443874721,0.170308100153941,"Gaba"
"Astro_WIF1_COX8A","GAD2",8.68336887006204,-0.80375642185707,"Astro"
"Astro_SERPINH1","GAD2",5.00180540610988,-0.480834931000128,"Astro"
"Astro_CTX_WIF1_VAV3","GAD2",2.59530347771162,-0.123232083841933,"Astro"
"Astro_CTX_SMAD9_RERG","GAD2",11.2322340798334,-0.646815116258039,"Astro"
"Astro_CD44_KCNQ3","GAD2",10.4613424832751,-0.802578176792763,"Astro"
"Astro_CD44_CCDC85A","GAD2",7.01613713303908,-0.602978488688828,"Astro"
"Vasc_Peri_PDGFRB","SLC32A1",3.2231413596652,-0.481358227076768,"Vasc"
"Vasc_Fib_GPC3","SLC32A1",3.90183944659069,-0.894702663390397,"Vasc"
"Vasc_Cap_MFSD2A","SLC32A1",3.49343902856811,-0.544610019015289,"Vasc"
"Opc_PDGFRa","SLC32A1",6.34502219405113,-0.455144981915213,"Opc"
"Olig_SGCZ","SLC32A1",3.4112985810641,-0.591839151873381,"Olig"
"Olig_PTPRE","SLC32A1",4.80327709515519,-0.55345506119308,"Olig"
"Olig_EPHB2","SLC32A1",6.21472706331953,-0.758702347242121,"Olig"
"Olig_ARHGAP24","SLC32A1",9.82435408421131,-0.424771129335171,"Olig"
"Micro_PRDM11","SLC32A1",8.27206518996307,-0.341392576415741,"Micro"
"Micro_HSPA6","SLC32A1",5.00030633359071,-0.207114144711942,"Micro"
"Micro_GPNMB","SLC32A1",2.33584859939168,-0.795352608422881,"Micro"
"Micro_FCGR1B","SLC32A1",4.12195307778834,-0.447240098437592,"Micro"
"Micro_CR1","SLC32A1",2.45318300873681,-0.712465858244421,"Micro"
"Micro_CD83_WIPF1","SLC32A1",2.56192140876588,-0.784910898220246,"Micro"
"Micro_CD74_BTF","SLC32A1",2.26642802220807,-0.384015110453182,"Micro"
"Glut_L6b_CTGF","SLC32A1",39.3176661592576,0.172537756380352,"Glut"
"Glut_L6_THEMIS_POSTN","SLC32A1",3.27340074594368,-0.50727976708721,"Glut"
"Glut_L6_SULF1_SGCZ","SLC32A1",7.23565066292521,-0.537135713497622,"Glut"
"Glut_L6_RORB_THEMIS_PXDN","SLC32A1",2.57313937149018,-0.467416378844527,"Glut"
"Glut_L56_NPSR1","SLC32A1",6.49025842566406,-0.918510061024201,"Glut"
"Glut_L5_RORB_THEMIS_ADGRL4","SLC32A1",6.84321390557886,-0.489653411853407,"Glut"
"Glut_L5_RORB_FSHR","SLC32A1",22.918003269491,-0.0359646373778163,"Glut"
"Glut_L5_RORB_COL22A1","SLC32A1",2.68761473027304,-0.368392274289294,"Glut"
"Glut_L5_RORB_CLMP_CACNG5","SLC32A1",3.42394206858602,-0.68168265645397,"Glut"
"Glut_L23_RORB_CUX2_SYT2","SLC32A1",41.6059726836187,0.116774798449978,"Glut"
"Glut_L23_RORB_CUX2_CCDC68","SLC32A1",3.41598251329459,-0.288075712989824,"Glut"
"Glut_L23_RORB_CUX2","SLC32A1",2.83898915612394,-1.03463258835222,"Glut"
"Glut_L23_CUX2_LINC01500","SLC32A1",6.68142765515896,-0.313830310157904,"Glut"
"Gaba_VIP","SLC32A1",33.0864711712972,0.529270490546594,"Gaba"
"Gaba_SST_PRKG2","SLC32A1",68.9195398168879,1.23549764326721,"Gaba"
"Gaba_SST_CHODL","SLC32A1",24.9536326948918,0.506152774549265,"Gaba"
"Gaba_PVALB_SLCO4C1","SLC32A1",41.171542443573,-0.159332189343651,"Gaba"
"Gaba_PVALB_GULP1_GRIK3","SLC32A1",44.4051531303208,-0.0299129595662853,"Gaba"
"Gaba_PVALB_COL15A1","SLC32A1",28.6209569080084,0.226368987603883,"Gaba"
"Gaba_NDNF_RELN","SLC32A1",38.8670182515573,-0.353681208297837,"Gaba"
"Gaba_LAMP5_ROR2_LCP2","SLC32A1",41.8650387586314,0.151940359142303,"Gaba"
"Astro_WIF1_COX8A","SLC32A1",2.23708120022269,-0.757356181967594,"Astro"
"Astro_SERPINH1","SLC32A1",7.80016212120957,-0.782919696414656,"Astro"
"Astro_CTX_WIF1_VAV3","SLC32A1",6.99933929749144,-0.681737123562878,"Astro"
"Astro_CTX_SMAD9_RERG","SLC32A1",3.04699251887391,-0.685568440302452,"Astro"
"Astro_CD44_KCNQ3","SLC32A1",4.56586719656775,-0.90913509327214,"Astro"
"Astro_CD44_CCDC85A","SLC32A1",2.85926555886389,-0.784108697915228,"Astro"
"Vasc_Peri_PDGFRB","NDNF",3.61779368094573,-0.9955750195825,"Vasc"
"Vasc_Fib_GPC3","NDNF",9.49378457005783,-0.99263498798669,"Vasc"
"Vasc_Cap_MFSD2A","NDNF",12.3246145241415,-0.243211326132281,"Vasc"
"Opc_PDGFRa","NDNF",16.8396378840091,-0.30272807861004,"Opc"
"Olig_SGCZ","NDNF",3.56630259969798,-0.590919143263735,"Olig"
"Olig_PTPRE","NDNF",14.3757330732779,-0.39055734054685,"Olig"
"Olig_EPHB2","NDNF",4.56878251611539,-0.924222432475255,"Olig"
"Olig_ARHGAP24","NDNF",6.2935351772147,-0.542038580927781,"Olig"
"Micro_PRDM11","NDNF",5.11742474335371,-0.611397562586018,"Micro"
"Micro_HSPA6","NDNF",3.77664158952345,-0.727278131350625,"Micro"
"Micro_GPNMB","NDNF",4.13648710141692,-0.637826842117712,"Micro"
"Micro_FCGR1B","NDNF",2.99666929815722,-0.36492429890364,"Micro"
"Micro_CR1","NDNF",2.21383584802559,-0.552474358356393,"Micro"
"Micro_CD83_WIPF1","NDNF",2.14075918048746,-0.408632821259301,"Micro"
"Micro_CD74_BTF","NDNF",4.57635711124453,-0.585881822466083,"Micro"
"Glut_L6b_CTGF","NDNF",4.75329928720044,-0.675469328175832,"Glut"
"Glut_L6_THEMIS_POSTN","NDNF",40.735243793964,0.140565261465468,"Glut"
"Glut_L6_SULF1_SGCZ","NDNF",8.6022396987917,-0.557332999387342,"Glut"
"Glut_L6_RORB_THEMIS_PXDN","NDNF",3.70536886085972,-0.903192445367512,"Glut"
"Glut_L56_NPSR1","NDNF",9.84640577555731,-0.36831612169274,"Glut"
"Glut_L5_RORB_THEMIS_ADGRL4","NDNF",2.81001712433022,-0.666855972515757,"Glut"
"Glut_L5_RORB_FSHR","NDNF",4.25898055960019,-0.690504312970646,"Glut"
"Glut_L5_RORB_COL22A1","NDNF",13.4312722630613,-0.405388664708012,"Glut"
"Glut_L5_RORB_CLMP_CACNG5","NDNF",6.84900325841257,-0.864187644721129,"Glut"
"Glut_L23_RORB_CUX2_SYT2","NDNF",2.18663038838201,-0.4108251648751,"Glut"
"Glut_L23_RORB_CUX2_CCDC68","NDNF",4.55718483036538,-0.671317980555946,"Glut"
"Glut_L23_RORB_CUX2","NDNF",4.32469243999214,-0.643090942803409,"Glut"
"Glut_L23_CUX2_LINC01500","NDNF",35.463065253196,0.339091637843408,"Glut"
"Gaba_VIP","NDNF",35.8541513860546,0.211240761377283,"Gaba"
"Gaba_SST_PRKG2","NDNF",43.8104312693766,0.564049302629104,"Gaba"
"Gaba_SST_CHODL","NDNF",26.311851089997,0.205932409785499,"Gaba"
"Gaba_PVALB_SLCO4C1","NDNF",41.0330472577412,0.369039381879485,"Gaba"
"Gaba_PVALB_GULP1_GRIK3","NDNF",44.5752772206269,0.10934579441999,"Gaba"
"Gaba_PVALB_COL15A1","NDNF",31.8010663086276,0.295301674236996,"Gaba"
"Gaba_NDNF_RELN","NDNF",67.7345841822944,0.615382437214003,"Gaba"
"Gaba_LAMP5_ROR2_LCP2","NDNF",31.1639650490003,0.098688690344274,"Gaba"
"Astro_WIF1_COX8A","NDNF",2.63326354888407,-0.678796270892781,"Astro"
"Astro_SERPINH1","NDNF",5.54543931543012,-0.690667649402514,"Astro"
"Astro_CTX_WIF1_VAV3","NDNF",2.41006820256831,-0.843969613328737,"Astro"
"Astro_CTX_SMAD9_RERG","NDNF",6.3964858201583,-0.474262843342413,"Astro"
"Astro_CD44_KCNQ3","NDNF",3.40277284320261,-0.604378970788165,"Astro"
"Astro_CD44_CCDC85A","NDNF",2.40769417310033,-0.608460035678815,"Astro"
"Vasc_Peri_PDGFRB","RELN",6.96423603090145,-0.422281386518545,"Vasc"
"Vasc_Fib_GPC3","RELN",4.48343015650839,-1.2,"Vasc"
"Vasc_Cap_MFSD2A","RELN",9.17007601792603,-1.07248245530928,"Vasc"
"Opc_PDGFRa","RELN",6.73043225395919,-0.638753041501842,"Opc"
"Olig_SGCZ","RELN",3.22694423676983,-0.307386072895897,"Olig"
"Olig_PTPRE","RELN",7.03657288308159,-0.975431326247399,"Olig"
"Olig_EPHB2","RELN",11.8131093202247,-0.7097377008252,"Olig"
"Olig_ARHGAP24","RELN",4.38666582425892,-1.00244282716968,"Olig"
"Micro_PRDM11","RELN",2.31819741669479,-0.435367515521695,"Micro"
"Micro_HSPA6","RELN",6.59976988015658,-0.620321177963906,"Micro"
"Micro_GPNMB","RELN",2.74878443478313,-0.794328729553023,"Micro"
"Micro_FCGR1B","RELN",4.45665263868608,-0.54099371147725,"Micro"
"Micro_CR1","RELN",3.73020025361755,-0.399942334007636,"Micro"
"Micro_CD83_WIPF1","RELN",9.16788081296901,-0.879599146452265,"Micro"
"Micro_CD74_BTF","RELN",2.04278874031901,-0.535613862924083,"Micro"
"Glut_L6b_CTGF","RELN",3.7575605998883,-0.504309416606765,"Glut"
"Glut_L6_THEMIS_POSTN","RELN",7.76640951547867,-1.2,"Glut"
"Glut_L6_SULF1_SGCZ","RELN",5.29150647855626,-0.517938529385191,"Glut"
"Glut_L6_RORB_THEMIS_PXDN","RELN",3.10044965688372,-0.663323704149452,"Glut"
"Glut_L56_NPSR1","RELN",5.80877898857537,-0.234154414267644,"Glut"
"Glut_L5_RORB_THEMIS_ADGRL4","RELN",6.9611678468738,-0.511681840531676,"Glut"
"Glut_L5_RORB_FSHR","RELN",5.63505299346575,-0.360991641558412,"Glut"
"Glut_L5_RORB_COL22A1","RELN",2.59124277723904,-0.908264630566096,"Glut"
"Glut_L5_RORB_CLMP_CACNG5","RELN",2.52151487510212,-0.551903663897531,"Glut"
"Glut_L23_RORB_CUX2_SYT2","RELN",8.87891935508665,-0.564733293049945,"Glut"
"Glut_L23_RORB_CUX2_CCDC68","RELN",2.26581372702775,-0.267565230098879,"Glut"
"Glut_L23_RORB_CUX2","RELN",7.58395939421741,-0.539261590329301,"Glut"
"Glut_L23_CUX2_LINC01500","RELN",2.69652288932362,-0.800770327936652,"Glut"
"Gaba_VIP","RELN",39.1678933923428,-0.192159238897687,"Gaba"
"Gaba_SST_PRKG2","RELN",23.3185676746286,0.767810520972821,"Gaba"
"Gaba_SST_CHODL","RELN",25.9383326373615,0.0822300338589452,"Gaba"
"Gaba_PVALB_SLCO4C1","RELN",36.4374171101309,0.583652177051754,"Gaba"
"Gaba_PVALB_GULP1_GRIK3","RELN",43.7540871106724,0.125858672224613,"Gaba"
"Gaba_PVALB_COL15A1","RELN",43.0727698538533,1.30057794612089,"Gaba"
"Gaba_NDNF_RELN","RELN",54.6828506438942,1.10587594348854,"Gaba"
"Gaba_LAMP5_ROR2_LCP2","RELN",43.4257154719146,0.312538439045313,"Gaba"
"Astro_WIF1_COX8A","RELN",6.01926107905848,-0.640879110865397,"Astro"
"Astro_SERPINH1","RELN",4.65836128389279,-0.652906344666122,"Astro"
"Astro_CTX_WIF1_VAV3","RELN",4.00813457592444,-0.721341495142961,"Astro"
"Astro_CTX_SMAD9_RERG","RELN",8.54888837509169,-0.44730379607794,"Astro"
"Astro_CD44_KCNQ3","RELN",6.15881951498367,-0.259683020304381,"Astro"
"Astro_CD44_CCDC85A","RELN",3.6235066663937,-0.628863527839346,"Astro"
"Vasc_Peri_PDGFRB","LAMP5",5.81142178053479,-0.754221660758465,"Vasc"
"Vasc_Fib_GPC3","LAMP5",21.6037319683061,0.30049119926458,"Vasc"
"Vasc_Cap_MFSD2A","LAMP5",8.01078401885103,-0.740037329127314,"Vasc"
"Opc_PDGFRa","LAMP5",5.10669543615986,-0.585944905076012,"Opc"
"Olig_SGCZ","LAMP5",5.92335328013309,-0.517403443889275,"Olig"
"Olig_PTPRE","LAMP5",10.1312909378998,-1.2,"Olig"
"Olig_EPHB2","LAMP5",2.99285603073328,-0.495197908434444,"Olig"
"Olig_ARHGAP24","LAMP5",3.01435815971202,-0.414175831790192,"Olig"
"Micro_PRDM11","LAMP5",5.4901852153691,-0.496132544620295,"Micro"
"Micro_HSPA6","LAMP5",3.81689947726855,-0.41426934653773,"Micro"
"Micro_GPNMB","LAMP5",31.0898805896529,0.0324623235735922,"Micro"
"Micro_FCGR1B","LAMP5",3.28242179783222,-0.519643792510638,"Micro"
"Micro_CR1","LAMP5",4.06680425862257,-0.788370254106101,"Micro"
"Micro_CD83_WIPF1","LAMP5",4.38492633441975,-0.790707851944018,"Micro"
"Micro_CD74_BTF","LAMP5",7.00035918902325,-0.796390874288758,"Micro"
"Glut_L6b_CTGF","LAMP5",6.8442386568559,-0.216990150666362,"Glut"
"Glut_L6_THEMIS_POSTN","LAMP5",4.19704408833409,-0.918949699712939,"Glut"
"Glut_L6_SULF1_SGCZ","LAMP5",9.03971269316176,-0.578375489381198,"Glut"
"Glut_L6_RORB_THEMIS_PXDN","LAMP5",2.79528132510976,-0.722242776058367,"Glut"
"Glut_L56_NPSR1","LAMP5",6.71917544142462,-0.379491866175355,"Glut"
"Glut_L5_RORB_THEMIS_ADGRL4","LAMP5",5.1182027133021,-0.793031143526443,"Glut"
"Glut_L5_RORB_FSHR","LAMP5",6.90437631700242,-0.663933005852655,"Glut"
"Glut_L5_RORB_COL22A1","LAMP5",12.4787398609217,-0.512502873102134,"Glut"
"Glut_L5_RORB_CLMP_CACNG5","LAMP5",8.95696764553812,-0.432977978546658,"Glut"
"Glut_L23_RORB_CUX2_SYT2","LAMP5",6.21671863312504,-0.404250233570812,"Glut"
"Glut_L23_RORB_CUX2_CCDC68","LAMP5",3.85805426539793,-0.730688490299665,"Glut"
"Glut_L23_RORB_CUX2","LAMP5",2.58922638912322,-0.362170173847855,"Glut"
"Glut_L23_CUX2_LINC01500","LAMP5",22.5711602264296,-0.244681050757915,"Glut"
"Gaba_VIP","LAMP5",47.6417214887152,0.0677331901881464,"Gaba"
"Gaba_SST_PRKG2","LAMP5",36.5865608390002,1.00780641353791,"Gaba"
"Gaba_SST_CHODL","LAMP5",25.8434100612066,0.09607163877995,"Gaba"
"Gaba_PVALB_SLCO4C1","LAMP5",48.9989732506855,0.263953935691112,"Gaba"
"Gaba_PVALB_GULP1_GRIK3","LAMP5",40.379880397495,0.72222827298218,"Gaba"
"Gaba_PVALB_COL15A1","LAMP5",43.640194852386,-0.14062773979249,"Gaba"
"Gaba_NDNF_RELN","LAMP5",44.8954009879897,0.427672950875814,"Gaba"
"Gaba_LAMP5_ROR2_LCP2","LAMP5",66.4965106137134,1.28690166262303,"Gaba"
"Astro_WIF1_COX8A","LAMP5",5.07632320108042,-0.873389098515862,"Astro"
"Astro_SERPINH1","LAMP5",3.79724074138811,-0.471676557830189,"Astro"
"Astro_CTX_WIF1_VAV3","LAMP5",6.90434962324702,-0.786619528474201,"Astro"
"Astro_CTX_SMAD9_RERG","LAMP5",6.36923516788015,-0.396205453962477,"Astro"
"Astro_CD44_KCNQ3","LAMP5",3.25360671156412,-0.818218292356692,"Astro"
"Astro_CD44_CCDC85A","LAMP5",3.98646197991323,-0.794515430106564,"Astro"
"Vasc_Peri_PDGFRB","RPRM",6.11685206508059,-0.406278877909022,"Vasc"
"Vasc_Fib_GPC3","RPRM",2.36660429617768,-0.82372386408255,"Vasc"
"Vasc_Cap_MFSD2A","RPRM",4.05537309149616,-0.998427731583084,"Vasc"
"Opc_PDGFRa","RPRM",3.81543791656373,-0.656471794883542,"Opc"
"Olig_SGCZ","RPRM",5.85973824913825,-0.536484879954622,"Olig"
"Olig_PTPRE","RPRM",2.83408585884397,-0.933558502992395,"Olig"
"Olig_EPHB2","RPRM",7.9771163114224,-0.849714389831942,"Olig"
"Olig_ARHGAP24","RPRM",6.02130789161818,-0.756366176906009,"Olig"
"Micro_PRDM11","RPRM",4.85041684875567,-0.465516156861779,"Micro"
"Micro_HSPA6","RPRM",13.6850238111049,-0.720853938503311,"Micro"
"Micro_GPNMB","RPRM",5.0826728796332,-0.464737991974395,"Micro"
"Micro_FCGR1B","RPRM",7.77786580298368,-0.464382296768565,"Micro"
"Micro_CR1","RPRM",7.22568356927333,-0.590816930693124,"Micro"
"Micro_CD83_WIPF1","RPRM",3.97425523212601,-0.944322196777147,"Micro"
"Micro_CD74_BTF","RPRM",4.66406840285925,-0.732021130705296,"Micro"
"Glut_L6b_CTGF","RPRM",10.4803907892491,-0.418500922277699,"Glut"
"Glut_L6_THEMIS_POSTN","RPRM",14.4122269894133,-0.497505377368847,"Glut"
"Glut_L6_SULF1_SGCZ","RPRM",8.47981700340867,-0.975803439247499,"Glut"
"Glut_L6_RORB_THEMIS_PXDN","RPRM",3.55908528150101,-0.802479578693076,"Glut"
"Glut_L56_NPSR1","RPRM",4.98795849409696,-0.899890571390022,"Glut"
"Glut_L5_RORB_THEMIS_ADGRL4","RPRM",5.72241981969884,-0.699853817909294,"Glut"
"Glut_L5_RORB_FSHR","RPRM",11.0639649435427,-0.721926951110255,"Glut"
"Glut_L5_RORB_COL22A1","RPRM",2.97002656222844,-0.278929444635487,"Glut"
"Glut_L5_RORB_CLMP_CACNG5","RPRM",3.73549781289856,-0.440498997680512,"Glut"
"Glut_L23_RORB_CUX2_SYT2","RPRM",4.21784776091408,-0.467691236977953,"Glut"
"Glut_L23_RORB_CUX2_CCDC68","RPRM",21.098104792047,0.298695712257623,"Glut"
"Glut_L23_RORB_CUX2","RPRM",8.61713787254831,-0.779589021237613,"Glut"
"Glut_L23_CUX2_LINC01500","RPRM",2.22922951341255,-0.717020138921152,"Glut"
"Gaba_VIP","RPRM",10.7231905757039,-0.154702610527808,"Gaba"
"Gaba_SST_PRKG2","RPRM",2.91883113497421,-0.662792499950456,"Gaba"
"Gaba_SST_CHODL","RPRM",9.18251881803016,-0.693679844638231,"Gaba"
"Gaba_PVALB_SLCO4C1","RPRM",6.35353324703946,-0.733986031940423,"Gaba"
"Gaba_PVALB_GULP1_GRIK3","RPRM",4.85853372558351,-0.411016658283928,"Gaba"
"Gaba_PVALB_COL15A1","RPRM",10.5962814673095,-0.351006204989909,"Gaba"
"Gaba_NDNF_RELN","RPRM",3.79773747995584,-0.286141890997898,"Gaba"
"Gaba_LAMP5_ROR2_LCP2","RPRM",2.33972099152533,-0.82694767231715,"Gaba"
"Astro_WIF1_COX8A","RPRM",2.92690714451233,-0.491291942339907,"Astro"
"Astro_SERPINH1","RPRM",4.73602853424585,-0.718299733837525,"Astro"
"Astro_CTX_WIF1_VAV3","RPRM",2.61764307189042,-0.483605403870904,"Astro"
"Astro_CTX_SMAD9_RERG","RPRM",6.07307434823854,-0.277049334541557,"Astro"
"Astro_CD44_KCNQ3","RPRM",8.88877076521041,-0.800046237356114,"Astro"
"Astro_CD44_CCDC85A","RPRM",3.13862430948269,-0.628610852374251,"Astro"
"Vasc_Peri_PDGFRB","LCP2",8.99696003346877,-0.992938869801459,"Vasc"
"Vasc_Fib_GPC3","LCP2",4.18028494334594,-0.706394974669348,"Vasc"
"Vasc_Cap_MFSD2A","LCP2",4.78231914201726,-0.906132745882755,"Vasc"
"Opc_PDGFRa","LCP2",7.90265515893648,-0.734885951050298,"Opc"
"Olig_SGCZ","LCP2",11.4413156517433,-0.465258837077223,"Olig"
"Olig_PTPRE","LCP2",7.59931506880513,-0.602361265670621,"Olig"
"Olig_EPHB2","LCP2",5.7868222067847,-0.716329451894851,"Olig"
"Olig_ARHGAP24","LCP2",7.6366806786598,-0.970560025471469,"Olig"
"Micro_PRDM11","LCP2",3.64561233082276,-0.878514457620518,"Micro"
"Micro_HSPA6","LCP2",3.12348428800501,-0.53978334665971,"Micro"
"Micro_GPNMB","LCP2",5.13188101781595,-0.762909089683321,"Micro"
"Micro_FCGR1B","LCP2",4.08548065280057,-0.430449686805902,"Micro"
"Micro_CR1","LCP2",8.8810541121449,-0.762485766738117,"Micro"
"Micro_CD83_WIPF1","LCP2",38.9146084831909,0.464175839261483,"Micro"
"Micro_CD74_BTF","LCP2",11.3080176725725,-0.280770539199585,"Micro"
"Glut_L6b_CTGF","LCP2",2.17606745116365,-1.14613612925021,"Glut"
"Glut_L6_THEMIS_POSTN","LCP2",2.93381724100665,-0.44839110432194,"Glut"
"Glut_L6_SULF1_SGCZ","LCP2",4.84375657584165,-0.546896890197361,"Glut"
"Glut_L6_RORB_THEMIS_PXDN","LCP2",4.90970609369759,-0.116798005137119,"Glut"
"Glut_L56_NPSR1","LCP2",4.77178928690154,-0.596030084320538,"Glut"
"Glut_L5_RORB_THEMIS_ADGRL4","LCP2",3.32992325365339,-0.345209439336552,"Glut"
"Glut_L5_RORB_FSHR","LCP2",5.79699407309252,-0.334238769154549,"Glut"
"Glut_L5_RORB_COL22A1","LCP2",7.12766907515358,-0.486363713897781,"Glut"
"Glut_L5_RORB_CLMP_CACNG5","LCP2",8.49378991974259,-0.371957127657531,"Glut"
"Glut_L23_RORB_CUX2_SYT2","LCP2",2.80584581936195,-0.454110528186908,"Glut"
"Glut_L23_RORB_CUX2_CCDC68","LCP2",10.0232325092312,-0.859995277047902,"Glut"
"Glut_L23_RORB_CUX2","LCP2",6.91451616270603,-0.116807360455353,"Glut"
"Glut_L23_CUX2_LINC01500","LCP2",5.1422326591671,-0.359968919284636,"Glut"
"Gaba_VIP","LCP2",43.8337063165088,0.278584910182084,"Gaba"
"Gaba_SST_PRKG2","LCP2",26.7157734308901,-0.123229803127433,"Gaba"
"Gaba_SST_CHODL","LCP2",31.4518076125787,-0.123267544998636,"Gaba"
"Gaba_PVALB_SLCO4C1","LCP2",39.5570995246848,-0.0548462314544587,"Gaba"
"Gaba_PVALB_GULP1_GRIK3","LCP2",25.0207941645103,0.0515851397253183,"Gaba"
"Gaba_PVALB_COL15A1","LCP2",47.0425708706895,0.595059577198008,"Gaba"
"Gaba_NDNF_RELN","LCP2",54.8967805446422,1.34578388437524,"Gaba"
"Gaba_LAMP5_ROR2_LCP2","LCP2",52.2564216272272,1.86634267843315,"Gaba"
"Astro_WIF1_COX8A","LCP2",5.57332786103924,-0.147668385004387,"Astro"
"Astro_SERPINH1","LCP2",5.81924506270732,-0.84842390778975,"Astro"
"Astro_CTX_WIF1_VAV3","LCP2",4.02249889999752,-0.459840395481744,"Astro"
"Astro_CTX_SMAD9_RERG","LCP2",2.98009504441092,-0.197134591657425,"Astro"
"Astro_CD44_KCNQ3","LCP2",2.05711107605684,-0.845833729544682,"Astro"
"Astro_CD44_CCDC85A","LCP2",3.21380222137067,-0.597048868394649,"Astro"
"Vasc_Peri_PDGFRB","PVALB",2.92762836970485,-0.104725659448545,"Vasc"
"Vasc_Fib_GPC3","PVALB",5.25579006576145,-0.605803779519321,"Vasc"
"Vasc_Cap_MFSD2A","PVALB",2.63073131684774,-0.692678442472424,"Vasc"
"Opc_PDGFRa","PVALB",2.80717837736527,-0.835604764778428,"Opc"
"Olig_SGCZ","PVALB",9.71415837962044,-0.585620801384418,"Olig"
"Olig_PTPRE","PVALB",6.17886037609635,-0.738761956785254,"Olig"
"Olig_EPHB2","PVALB",6.24105826753534,-0.759801888887548,"Olig"
"Olig_ARHGAP24","PVALB",2.30843101802039,-0.869322590061644,"Olig"
"Micro_PRDM11","PVALB",3.13377194073366,-0.584708175479743,"Micro"
"Micro_HSPA6","PVALB",5.30669835955087,-0.541484629752699,"Micro"
"Micro_GPNMB","PVALB",8.32435977482405,-1.14376461367122,"Micro"
"Micro_FCGR1B","PVALB",9.20531271455957,-0.453879533123961,"Micro"
"Micro_CR1","PVALB",6.6709146703802,-0.457465336821114,"Micro"
"Micro_CD83_WIPF1","PVALB",2.66029361699745,-0.747395714547172,"Micro"
"Micro_CD74_BTF","PVALB",7.49705071559827,-0.865248296078257,"Micro"
"Glut_L6b_CTGF","PVALB",7.01230228288146,-0.612298844605431,"Glut"
"Glut_L6_THEMIS_POSTN","PVALB",4.45618177673293,-0.514218273849282,"Glut"
"Glut_L6_SULF1_SGCZ","PVALB",4.49322962236575,-0.422291957782871,"Glut"
"Glut_L6_RORB_THEMIS_PXDN","PVALB",2.16671714862142,-0.411889381895835,"Glut"
"Glut_L56_NPSR1","PVALB",4.40700295437629,-0.408308309141731,"Glut"
"Glut_L5_RORB_THEMIS_ADGRL4","PVALB",2.37887665645473,-0.469905320952311,"Glut"
"Glut_L5_RORB_FSHR","PVALB",4.00415674902565,-0.638547575247589,"Glut"
"Glut_L5_RORB_COL22A1","PVALB",4.24030956646193,-0.121909992867345,"Glut"
"Glut_L5_RORB_CLMP_CACNG5","PVALB",4.60897049918164,-0.442986436710295,"Glut"
"Glut_L23_RORB_CUX2_SYT2","PVALB",5.87985361204332,-0.414677895133734,"Glut"
"Glut_L23_RORB_CUX2_CCDC68","PVALB",4.66691801420583,-0.558813346210624,"Glut"
"Glut_L23_RORB_CUX2","PVALB",4.91395265361608,-0.417581883949149,"Glut"
"Glut_L23_CUX2_LINC01500","PVALB",4.10911283183198,-0.743320265741311,"Glut"
"Gaba_VIP","PVALB",35.6976170525644,0.8206605920976,"Gaba"
"Gaba_SST_PRKG2","PVALB",22.5651723639414,0.224474983605238,"Gaba"
"Gaba_SST_CHODL","PVALB",30.3945683976897,-0.0536683943945493,"Gaba"
"Gaba_PVALB_SLCO4C1","PVALB",50.922134002971,1.44881043459168,"Gaba"
"Gaba_PVALB_GULP1_GRIK3","PVALB",49.9705274832698,0.532609907951234,"Gaba"
"Gaba_PVALB_COL15A1","PVALB",82,1.763131810005,"Gaba"
"Gaba_NDNF_RELN","PVALB",36.7858186607861,-0.304095564707947,"Gaba"
"Gaba_LAMP5_ROR2_LCP2","PVALB",33.32205952373,0.229215898428075,"Gaba"
"Astro_WIF1_COX8A","PVALB",6.4785016356655,-0.912547716994928,"Astro"
"Astro_SERPINH1","PVALB",3.7969879883913,-0.768683599062584,"Astro"
"Astro_CTX_WIF1_VAV3","PVALB",8.75405435346125,-0.278775378229624,"Astro"
"Astro_CTX_SMAD9_RERG","PVALB",2.41225312838995,-0.748446293852174,"Astro"
"Astro_CD44_KCNQ3","PVALB",5.2627650026532,-0.713745483000228,"Astro"
"Astro_CD44_CCDC85A","PVALB",3.87327756285595,-0.520358643828201,"Astro"
"Vasc_Peri_PDGFRB","COL15A1",6.79179648179879,-0.709115076840198,"Vasc"
"Vasc_Fib_GPC3","COL15A1",33.2193167229826,0.123272769558638,"Vasc"
"Vasc_Cap_MFSD2A","COL15A1",4.82656695687577,-0.306118708691925,"Vasc"
"Opc_PDGFRa","COL15A1",2.52557697161258,-0.374508799976833,"Opc"
"Olig_SGCZ","COL15A1",6.29310587200588,-0.606467801999656,"Olig"
"Olig_PTPRE","COL15A1",3.02663326474737,-0.946788641426228,"Olig"
"Olig_EPHB2","COL15A1",11.3169474068458,-0.182708202451772,"Olig"
"Olig_ARHGAP24","COL15A1",7.35059731877821,-0.651535427128079,"Olig"
"Micro_PRDM11","COL15A1",2.5446495899022,-0.609466370238529,"Micro"
"Micro_HSPA6","COL15A1",2.84118885628734,-0.0617115280611767,"Micro"
"Micro_GPNMB","COL15A1",3.40444484049096,-0.146559731117116,"Micro"
"Micro_FCGR1B","COL15A1",2.52540150296255,-0.579798616661919,"Micro"
"Micro_CR1","COL15A1",5.9268818181427,-0.611180508558106,"Micro"
"Micro_CD83_WIPF1","COL15A1",4.49557577710282,-0.657107776330855,"Micro"
"Micro_CD74_BTF","COL15A1",31.7874016536861,0.122378848110697,"Micro"
"Glut_L6b_CTGF","COL15A1",9.41204623177822,-0.178659476546546,"Glut"
"Glut_L6_THEMIS_POSTN","COL15A1",8.37817607623823,-0.669350549112031,"Glut"
"Glut_L6_SULF1_SGCZ","COL15A1",5.73459257288243,-0.167680353433538,"Glut"
"Glut_L6_RORB_THEMIS_PXDN","COL15A1",3.12613227911915,-0.756241427656727,"Glut"
"Glut_L56_NPSR1","COL15A1",2.37415718284878,-0.565710484444222,"Glut"
"Glut_L5_RORB_THEMIS_ADGRL4","COL15A1",3.34027000030467,-0.956218018032669,"Glut"
"Glut_L5_RORB_FSHR","COL15A1",3.00992969035054,-0.0428824103251151,"Glut"
"Glut_L5_RORB_COL22A1","COL15A1",2.71266547023062,-0.779589424462306,"Glut"
"Glut_L5_RORB_CLMP_CACNG5","COL15A1",7.86984527874257,-0.523515929160417,"Glut"
"Glut_L23_RORB_CUX2_SYT2","COL15A1",25.2916047126553,0.349167715600868,"Glut"
"Glut_L23_RORB_CUX2_CCDC68","COL15A1",6.80857311435064,-0.624551920640076,"Glut"
"Glut_L23_RORB_CUX2","COL15A1",4.83490829258847,-0.677903887816742,"Glut"
"Glut_L23_CUX2_LINC01500","COL15A1",3.04521617781043,-0.574370523056152,"Glut"
"Gaba_VIP","COL15A1",41.4859125280248,-0.372825697626295,"Gaba"
"Gaba_SST_PRKG2","COL15A1",40.2175683087562,0.0340691160946142,"Gaba"
"Gaba_SST_CHODL","COL15A1",59.0365793361445,0.502878960285784,"Gaba"
"Gaba_PVALB_SLCO4C1","COL15A1",33.0391353576817,0.0862795209334355,"Gaba"
"Gaba_PVALB_GULP1_GRIK3","COL15A1",26.2694522202172,0.093374885131818,"Gaba"
"Gaba_PVALB_COL15A1","COL15A1",56.6110829166824,0.823340846364876,"Gaba"
"Gaba_NDNF_RELN","COL15A1",32.8147375517749,0.131732367280458,"Gaba"
"Gaba_LAMP5_ROR2_LCP2","COL15A1",42.2962869267099,0.44518881315084,"Gaba"
"Astro_WIF1_COX8A","COL15A1",2.23675377218099,-0.637011282247023,"Astro"
"Astro_SERPINH1","COL15A1",4.83559940971365,-0.328286301657858,"Astro"
"Astro_CTX_WIF1_VAV3","COL15A1",5.2759302655641,-0.692534351518904,"Astro"
"Astro_CTX_SMAD9_RERG","COL15A1",4.02618899717335,-0.843161961804428,"Astro"
"Astro_CD44_KCNQ3","COL15A1",2.56323203527035,-0.731957764386271,"Astro"
"Astro_CD44_CCDC85A","COL15A1",6.0950690137944,-0.194165461213015,"Astro"
"Vasc_Peri_PDGFRB","SST",8.86906141118427,-0.800902320266197,"Vasc"
"Vasc_Fib_GPC3","SST",6.61431129798274,-0.394257591752805,"Vasc"
"Vasc_Cap_MFSD2A","SST",4.89669754244375,-0.534043261797808,"Vasc"
"Opc_PDGFRa","SST",3.03549549686737,-0.995393826124659,"Opc"
"Olig_SGCZ","SST",5.47065889097492,-0.548345101302137,"Olig"
"Olig_PTPRE","SST",2.66459921722422,-0.754175417913969,"Olig"
"Olig_EPHB2","SST",3.74409616981671,-0.688824680192258,"Olig"
"Olig_ARHGAP24","SST",9.69823896332225,-0.289256322600792,"Olig"
"Micro_PRDM11","SST",4.70804377995062,-0.370442127128106,"Micro"
"Micro_HSPA6","SST",3.64035261018458,-1.04319333710708,"Micro"
"Micro_GPNMB","SST",5.84013851545184,-0.773116235766499,"Micro"
"Micro_FCGR1B","SST",3.38604564644259,-0.368260131526705,"Micro"
"Micro_CR1","SST",6.51004070036921,-0.204074927007331,"Micro"
"Micro_CD83_WIPF1","SST",6.7423757035123,-0.705681871153356,"Micro"
"Micro_CD74_BTF","SST",5.16598225984539,-0.92443352148592,"Micro"
"Glut_L6b_CTGF","SST",8.00805816074712,-0.91319758604221,"Glut"
"Glut_L6_THEMIS_POSTN","SST",6.3055747508571,-0.738501200513062,"Glut"
"Glut_L6_SULF1_SGCZ","SST",4.92303846998353,-0.678522937412333,"Glut"
"Glut_L6_RORB_THEMIS_PXDN","SST",5.46050207944577,-0.389127769341898,"Glut"
"Glut_L56_NPSR1","SST",5.44591933379303,-0.606256744460128,"Glut"
"Glut_L5_RORB_THEMIS_ADGRL4","SST",2.09913497396288,-0.83460771498296,"Glut"
"Glut_L5_RORB_FSHR","SST",3.28504975734289,-0.321796652797332,"Glut"
"Glut_L5_RORB_COL22A1","SST",8.23321909934873,-0.0282303925510655,"Glut"
"Glut_L5_RORB_CLMP_CACNG5","SST",4.25781484132879,-0.834412303192845,"Glut"
"Glut_L23_RORB_CUX2_SYT2","SST",3.62046630541498,-0.606664021481168,"Glut"
"Glut_L23_RORB_CUX2_CCDC68","SST",4.72802732087675,-0.556471651829387,"Glut"
"Glut_L23_RORB_CUX2","SST",2.76764249334246,-1.2,"Glut"
"Glut_L23_CUX2_LINC01500","SST",3.88263360258196,-1.03207311895771,"Glut"
"Gaba_VIP","SST",27.9998566000338,0.0718024813101087,"Gaba"
"Gaba_SST_PRKG2","SST",68.9629540585578,0.955163408593765,"Gaba"
"Gaba_SST_CHODL","SST",58.4281870969759,0.7090077536775,"Gaba"
"Gaba_PVALB_SLCO4C1","SST",43.5689973454613,0.276030583600166,"Gaba"
"Gaba_PVALB_GULP1_GRIK3","SST",32.8695734030678,0.764063832825121,"Gaba"
"Gaba_PVALB_COL15A1","SST",28.1569264745778,0.665630032368489,"Gaba"
"Gaba_NDNF_RELN","SST",32.6686259424758,-0.233555528609497,"Gaba"
"Gaba_LAMP5_ROR2_LCP2","SST",26.8894394535579,0.160479398850804,"Gaba"
"Astro_WIF1_COX8A","SST",3.06198122994293,-0.665815590900234,"Astro"
"Astro_SERPINH1","SST",6.52433997991776,-0.531144787653806,"Astro"
"Astro_CTX_WIF1_VAV3","SST",5.23589712119439,-0.483680441481199,"Astro"
"Astro_CTX_SMAD9_RERG","SST",3.93278147503541,-0.605760688693394,"Astro"
"Astro_CD44_KCNQ3","SST",4.60756809992282,-0.932644447528868,"Astro"
"Astro_CD44_CCDC85A","SST",9.44658811512111,-0.64046462976956,"Astro"
"Vasc_Peri_PDGFRB","PRKG2",3.00257463881412,-0.396354090234426,"Vasc"
"Vasc_Fib_GPC3","PRKG2",2.46069682765474,-0.587541286702169,"Vasc"
"Vasc_Cap_MFSD2A","PRKG2",6.12759951471005,-0.731717672215181,"Vasc"
"Opc_PDGFRa","PRKG2",10.8269336386017,-0.612970877184997,"Opc"
"Olig_SGCZ","PRKG2",4.10964205063016,-0.79167270036943,"Olig"
"Olig_PTPRE","PRKG2",7.53815506954914,-0.647654204479945,"Olig"
"Olig_EPHB2","PRKG2",3.48026616637793,-0.842481508419245,"Olig"
"Olig_ARHGAP24","PRKG2",4.65765470566135,0.0161485564575093,"Olig"
"Micro_PRDM11","PRKG2",9.74934242992619,-0.403854255546214,"Micro"
"Micro_HSPA6","PRKG2",2.5976162898676,-0.666748362992239,"Micro"
"Micro_GPNMB","PRKG2",3.87769432578544,-0.389648614895818,"Micro"
"Micro_FCGR1B","PRKG2",4.81172084883444,-0.616508337393602,"Micro"
"Micro_CR1","PRKG2",7.64082418668551,-0.4453356905787,"Micro"
"Micro_CD83_WIPF1","PRKG2",7.30373734925054,-0.42492832858727,"Micro"
"Micro_CD74_BTF","PRKG2",9.15100111650662,-0.932953665946042,"Micro"
"Glut_L6b_CTGF","PRKG2",7.67266097397831,0.00374979612853465,"Glut"
"Glut_L6_THEMIS_POSTN","PRKG2",3.59384731168118,-0.931001127082817,"Glut"
"Glut_L6_SULF1_SGCZ","PRKG2",5.79120621449318,-0.0806695742285575,"Glut"
"Glut_L6_RORB_THEMIS_PXDN","PRKG2",3.674748007471,-0.826320603514278,"Glut"
"Glut_L56_NPSR1","PRKG2",9.88108292029126,-0.548291504703118,"Glut"
"Glut_L5_RORB_THEMIS_ADGRL4","PRKG2",2.21147282782331,-0.853898344188745,"Glut"
"Glut_L5_RORB_FSHR","PRKG2",4.87104969945233,-0.544881431460882,"Glut"
"Glut_L5_RORB_COL22A1","PRKG2",2.07087642907541,-0.940368029264081,"Glut"
"Glut_L5_RORB_CLMP_CACNG5","PRKG2",4.10967523337028,-0.207233218170467,"Glut"
"Glut_L23_RORB_CUX2_SYT2","PRKG2",11.0871778176062,-0.523049044706315,"Glut"
"Glut_L23_RORB_CUX2_CCDC68","PRKG2",2.13285294883951,-0.371951251656689,"Glut"
"Glut_L23_RORB_CUX2","PRKG2",4.65036537970898,-0.866982109713541,"Glut"
"Glut_L23_CUX2_LINC01500","PRKG2",6.18130784718953,-0.453616424120031,"Glut"
"Gaba_VIP","PRKG2",31.0829069238079,0.379379186914016,"Gaba"
"Gaba_SST_PRKG2","PRKG2",50.1432242096706,0.919561661922446,"Gaba"
"Gaba_SST_CHODL","PRKG2",38.1349618408083,0.357855762417832,"Gaba"
"Gaba_PVALB_SLCO4C1","PRKG2",33.3390660291703,0.052760559380117,"Gaba"
"Gaba_PVALB_GULP1_GRIK3","PRKG2",38.656441365933,-0.114105970350916,"Gaba"
"Gaba_PVALB_COL15A1","PRKG2",33.867917975832,0.810068659388264,"Gaba"
"Gaba_NDNF_RELN","PRKG2",43.4112541682067,0.748949083501965,"Gaba"
"Gaba_LAMP5_ROR2_LCP2","PRKG2",43.4341924452254,0.339359087272719,"Gaba"
"Astro_WIF1_COX8A","PRKG2",34.8259776179143,-0.0756619006479315,"Astro"
"Astro_SERPINH1","PRKG2",11.651537140629,-0.47343528296782,"Astro"
"Astro_CTX_WIF1_VAV3","PRKG2",4.57098894903511,-0.541111093660463,"Astro"
"Astro_CTX_SMAD9_RERG","PRKG2",7.89405923279228,-0.404157607372334,"Astro"
"Astro_CD44_KCNQ3","PRKG2",3.96118607082151,-0.794936552421607,"Astro"
"Astro_CD44_CCDC85A","PRKG2",3.12402421638184,-0.102316156191395,"Astro"
"Vasc_Peri_PDGFRB","CHODL",5.77087393877397,-0.717401426271857,"Vasc"
"Vasc_Fib_GPC3","CHODL",2.6122815678874,-0.491030738532707,"Vasc"
"Vasc_Cap_MFSD2A","CHODL",2.53339322738733,-0.552870683190089,"Vasc"
"Opc_PDGFRa","CHODL",4.17274672560155,-0.398907678600692,"Opc"
"Olig_SGCZ","CHODL",5.64607477710717,-0.814355772524899,"Olig"
"Olig_PTPRE","CHODL",4.2701654753002,-0.257826492843487,"Olig"
"Olig_EPHB2","CHODL",39.9671481640105,-0.0941501046351756,"Olig"
"Olig_ARHGAP24","CHODL",9.40258335832566,-0.869691168381137,"Olig"
"Micro_PRDM11","CHODL",3.7666955108723,-0.915908571789398,"Micro"
"Micro_HSPA6","CHODL",2.29934195048459,-0.656902046818876,"Micro"
"Micro_GPNMB","CHODL",7.05476269587105,-1.14794717598265,"Micro"
"Micro_FCGR1B","CHODL",7.15606888976658,-0.504846918819996,"Micro"
"Micro_CR1","CHODL",2.18989720807116,-0.528381588697828,"Micro"
"Micro_CD83_WIPF1","CHODL",2.7939195956313,-0.546240327596472,"Micro"
"Micro_CD74_BTF","CHODL",2.56934995209448,-0.46274878690084,"Micro"
"Glut_L6b_CTGF","CHODL",4.28095464685201,-0.648256978054003,"Glut"
"Glut_L6_THEMIS_POSTN","CHODL",7.80399465365647,-0.770346805131701,"Glut"
"Glut_L6_SULF1_SGCZ","CHODL",2.25916704943047,-0.673954652362872,"Glut"
"Glut_L6_RORB_THEMIS_PXDN","CHODL",3.37071960247044,-0.72274794817234,"Glut"
"Glut_L56_NPSR1","CHODL",2.68248129570443,-1.02335048968983,"Glut"
"Glut_L5_RORB_THEMIS_ADGRL4","CHODL",3.01572166922472,-0.461067182201891,"Glut"
"Glut_L5_RORB_FSHR","CHODL",2.28230313800467,-0.672924290846373,"Glut"
"Glut_L5_RORB_COL22A1","CHODL",3.11590737589203,-1.2,"Glut"
"Glut_L5_RORB_CLMP_CACNG5","CHODL",6.38942296581876,-0.803130746210258,"Glut"
"Glut_L23_RORB_CUX2_SYT2","CHODL",5.19065870721295,-0.506827519657658,"Glut"
"Glut_L23_RORB_CUX2_CCDC68","CHODL",7.53514261130693,-0.452797705517699,"Glut"
"Glut_L23_RORB_CUX2","CHODL",6.42850594476017,-0.983964232767711,"Glut"
"Glut_L23_CUX2_LINC01500","CHODL",6.06162019716512,-0.438593882666338,"Glut"
"Gaba_VIP","CHODL",28.4427990237112,-0.0506319253903416,"Gaba"
"Gaba_SST_PRKG2","CHODL",43.0875853404507,-0.0981660701511526,"Gaba"
"Gaba_SST_CHODL","CHODL",69.365111941458,0.926221559492732,"Gaba"
"Gaba_PVALB_SLCO4C1","CHODL",25.1788103668373,-0.129087676627209,"Gaba"
"Gaba_PVALB_GULP1_GRIK3","CHODL",33.7285715031564,0.269156684069697,"Gaba"
"Gaba_PVALB_COL15A1","CHODL",25.956941647111,0.210865412086229,"Gaba"
"Gaba_NDNF_RELN","CHODL",26.6023073488251,0.159598757233895,"Gaba"
"Gaba_LAMP5_ROR2_LCP2","CHODL",27.4531192741654,0.397075878847197,"Gaba"
"Astro_WIF1_COX8A","CHODL",3.53145653990041,-0.490865418473331,"Astro"
"Astro_SERPINH1","CHODL",8.47611350221049,-0.832662787012225,"Astro"
"Astro_CTX_WIF1_VAV3","CHODL",3.08079544313006,-0.295464223363811,"Astro"
"Astro_CTX_SMAD9_RERG","CHODL",5.30690688761727,-0.874363935257831,"Astro"
"Astro_CD44_KCNQ3","CHODL",4.16856316470342,-0.944962244992562,"Astro"
"Astro_CD44_CCDC85A","CHODL",6.76895500268047,-0.918474795144046,"Astro"
"Vasc_Peri_PDGFRB","VIP",4.47548601382004,-0.600965434421644,"Vasc"
"Vasc_Fib_GPC3","VIP",2.16050965233506,-0.589483187242747,"Vasc"
"Vasc_Cap_MFSD2A","VIP",3.94776335608994,-0.659975361931975,"Vasc"
"Opc_PDGFRa","VIP",4.43914342907888,-1.2,"Opc"
"Olig_SGCZ","VIP",4.37209025449036,-0.521999047284638,"Olig"
"Olig_PTPRE","VIP",2.50312580299377,-0.297666727544797,"Olig"
"Olig_EPHB2","VIP",4.27273948918493,-0.631609565541271,"Olig"
"Olig_ARHGAP24","VIP",4.20752286554289,-0.587390279338708,"Olig"
"Micro_PRDM11","VIP",4.69848250442517,-0.461820722257021,"Micro"
"Micro_HSPA6","VIP",9.67391376687547,-0.164341707301347,"Micro"
"Micro_GPNMB","VIP",2.17517261061222,-0.191844302497904,"Micro"
"Micro_FCGR1B","VIP",7.55563676953008,-0.961699787688354,"Micro"
"Micro_CR1","VIP",3.37904389910182,-0.401735348835992,"Micro"
"Micro_CD83_WIPF1","VIP",8.15654203243274,-0.595779032424451,"Micro"
"Micro_CD74_BTF","VIP",9.00975180924387,-0.382869979546034,"Micro"
"Glut_L6b_CTGF","VIP",5.63630336164929,-0.602054813690651,"Glut"
"Glut_L6_THEMIS_POSTN","VIP",2.1346296238024,-0.383912923086152,"Glut"
"Glut_L6_SULF1_SGCZ","VIP",4.38291024023564,-0.855475339117419,"Glut"
"Glut_L6_RORB_THEMIS_PXDN","VIP",11.3007746267747,-0.713993525044816,"Glut"
"Glut_L56_NPSR1","VIP",2.17028015033776,-0.765099768259176,"Glut"
"Glut_L5_RORB_THEMIS_ADGRL4","VIP",3.37015725787668,-0.656744773128241,"Glut"
"Glut_L5_RORB_FSHR","VIP",2.69296060734923,-0.277829584918253,"Glut"
"Glut_L5_RORB_COL22A1","VIP",2.4961373140094,-0.816514895597206,"Glut"
"Glut_L5_RORB_CLMP_CACNG5","VIP",10.5075999277094,-0.517764243567673,"Glut"
"Glut_L23_RORB_CUX2_SYT2","VIP",3.09294578731801,-0.736168247653598,"Glut"
"Glut_L23_RORB_CUX2_CCDC68","VIP",10.4690909426468,-0.809927987260212,"Glut"
"Glut_L23_RORB_CUX2","VIP",4.96559411814852,-0.833189699608558,"Glut"
"Glut_L23_CUX2_LINC01500","VIP",2.92628411546189,-0.405982455649802,"Glut"
"Gaba_VIP","VIP",56.9467301609618,1.15885124337161,"Gaba"
"Gaba_SST_PRKG2","VIP",41.7996242401981,0.164173342294069,"Gaba"
"Gaba_SST_CHODL","VIP",30.0270935512217,0.267329365082871,"Gaba"
"Gaba_PVALB_SLCO4C1","VIP",41.1547929650282,0.347713703013479,"Gaba"
"Gaba_PVALB_GULP1_GRIK3","VIP",47.3610715743969,-0.153742024581373,"Gaba"
"Gaba_PVALB_COL15A1","VIP",44.4631012096959,0.0864847213705537,"Gaba"
"Gaba_NDNF_RELN","VIP",39.2614440844404,0.117958755651736,"Gaba"
"Gaba_LAMP5_ROR2_LCP2","VIP",35.0639749169226,0.0884574967623409,"Gaba"
"Astro_WIF1_COX8A","VIP",2.73806979158105,-0.543893879945024,"Astro"
"Astro_SERPINH1","VIP",4.58570976978172,-0.520901191806403,"Astro"
"Astro_CTX_WIF1_VAV3","VIP",4.57437378194615,-0.388695521688048,"Astro"
"Astro_CTX_SMAD9_RERG","VIP",2.83730788874003,-0.52035073464504,"Astro"
"Astro_CD44_KCNQ3","VIP",4.43046589873217,-0.849151335630123,"Astro"
"Astro_CD44_CCDC85A","VIP",2.1875495870818,-0.702250532622879,"Astro"
"Vasc_Peri_PDGFRB","FGFR3",3.24328610989514,-0.297268891196256,"Vasc"
"Vasc_Fib_GPC3","FGFR3",7.40796083994844,-0.446630044015579,"Vasc"
"Vasc_Cap_MFSD2A","FGFR3",4.80957060641226,-0.300206058797196,"Vasc"
"Opc_PDGFRa","FGFR3",3.45128813673982,-0.362675311328028,"Opc"
"Olig_SGCZ","FGFR3",2.85830374441988,-0.866548711355713,"Olig"
"Olig_PTPRE","FGFR3",4.02484429296792,-0.772550653008276,"Olig"
"Olig_EPHB2","FGFR3",4.3517854329618,-0.522235458531588,"Olig"
"Olig_ARHGAP24","FGFR3",3.17938731157017,-0.107089729158528,"Olig"
"Micro_PRDM11","FGFR3",5.57018362573702,-1.08766456116024,"Micro"
"Micro_HSPA6","FGFR3",8.05597937259932,-0.704804447959839,"Micro"
"Micro_GPNMB","FGFR3",3.98102801115756,-0.896565002188586,"Micro"
"Micro_FCGR1B","FGFR3",4.91775580696295,-1.2,"Micro"
"Micro_CR1","FGFR3",2.09760976567541,-0.675301639709811,"Micro"
"Micro_CD83_WIPF1","FGFR3",3.75206622232563,-0.872313092275342,"Micro"
"Micro_CD74_BTF","FGFR3",7.65864032166493,-0.93806657261534,"Micro"
"Glut_L6b_CTGF","FGFR3",2.37740201097164,-0.858390409173099,"Glut"
"Glut_L6_THEMIS_POSTN","FGFR3",2.54207691306337,-0.259432909099773,"Glut"
"Glut_L6_SULF1_SGCZ","FGFR3",11.1554031049929,-0.809513992007052,"Glut"
"Glut_L6_RORB_THEMIS_PXDN","FGFR3",2.32833866630995,-0.541324562498029,"Glut"
"Glut_L56_NPSR1","FGFR3",2.65414337747648,-0.911690288533251,"Glut"
"Glut_L5_RORB_THEMIS_ADGRL4","FGFR3",4.14891414855323,-0.510646819436681,"Glut"
"Glut_L5_RORB_FSHR","FGFR3",6.09665682477116,-0.92134888201154,"Glut"
"Glut_L5_RORB_COL22A1","FGFR3",6.1098346987353,-0.562287644641258,"Glut"
"Glut_L5_RORB_CLMP_CACNG5","FGFR3",37.4992517486266,-0.201605923900786,"Glut"
"Glut_L23_RORB_CUX2_SYT2","FGFR3",4.11917765891389,-0.731395274175931,"Glut"
"Glut_L23_RORB_CUX2_CCDC68","FGFR3",5.65656241284931,-0.758734731050568,"Glut"
"Glut_L23_RORB_CUX2","FGFR3",6.19773102547995,-0.969580550898947,"Glut"
"Glut_L23_CUX2_LINC01500","FGFR3",8.60878407820601,-0.810137046641484,"Glut"
"Gaba_VIP","FGFR3",5.74878363984904,-0.620105409093358,"Gaba"
"Gaba_SST_PRKG2","FGFR3",2.26544570055362,-0.605463198081789,"Gaba"
"Gaba_SST_CHODL","FGFR3",3.49661988116755,-0.649368382847783,"Gaba"
"Gaba_PVALB_SLCO4C1","FGFR3",4.12624436413077,-0.577628412905016,"Gaba"
"Gaba_PVALB_GULP1_GRIK3","FGFR3",2.25099568305412,-0.846719453861324,"Gaba"
"Gaba_PVALB_COL15A1","FGFR3",10.3907129276159,-0.623884876705912,"Gaba"
"Gaba_NDNF_RELN","FGFR3",3.09957668290922,-0.649631732992447,"Gaba"
"Gaba_LAMP5_ROR2_LCP2","FGFR3",5.67288853930051,-0.51928216589438,"Gaba"
"Astro_WIF1_COX8A","FGFR3",26.112637920302,0.705382980062149,"Astro"
"Astro_SERPINH1","FGFR3",44.571759070766,0.325460124170674,"Astro"
"Astro_CTX_WIF1_VAV3","FGFR3",45.8638117635001,0.340686542442623,"Astro"
"Astro_CTX_SMAD9_RERG","FGFR3",34.72295004014,0.0769104966820755,"Astro"
"Astro_CD44_KCNQ3","FGFR3",25.6141137225246,0.622236659632793,"Astro"
"Astro_CD44_CCDC85A","FGFR3",29.4031214204543,0.226492222898985,"Astro"
"Vasc_Peri_PDGFRB","WIF1",5.6054404234882,-0.129050956199356,"Vasc"
"Vasc_Fib_GPC3","WIF1",3.07621226584744,-0.505635631977214,"Vasc"
"Vasc_Cap_MFSD2A","WIF1",9.51613493339451,-0.790160837768608,"Vasc"
"Opc_PDGFRa","WIF1",8.8500979806859,-0.883644455229363,"Opc"
"Olig_SGCZ","WIF1",7.89501154165588,-0.420619496920991,"Olig"
"Olig_PTPRE","WIF1",3.23195036986808,-0.704272084165124,"Olig"
"Olig_EPHB2","WIF1",9.43086565926777,-0.782973087366516,"Olig"
"Olig_ARHGAP24","WIF1",4.63907536385234,-1.03851030534735,"Olig"
"Micro_PRDM11","WIF1",38.5465781217012,0.179590209829104,"Micro"
"Micro_HSPA6","WIF1",6.32014610597361,-1.2,"Micro"
"Micro_GPNMB","WIF1",6.17958679356624,-0.737152623977949,"Micro"
"Micro_FCGR1B","WIF1",7.61501890168722,-0.565484439156048,"Micro"
"Micro_CR1","WIF1",7.2895466866597,-0.681991519078225,"Micro"
"Micro_CD83_WIPF1","WIF1",2.42803603355242,-0.326426816249077,"Micro"
"Micro_CD74_BTF","WIF1",2.70776716635572,-0.42789703479828,"Micro"
"Glut_L6b_CTGF","WIF1",2.11615482089314,-0.6923588505301,"Glut"
"Glut_L6_THEMIS_POSTN","WIF1",3.42626231872727,-0.756179553173762,"Glut"
"Glut_L6_SULF1_SGCZ","WIF1",6.1133332228078,0.0784168523966534,"Glut"
"Glut_L6_RORB_THEMIS_PXDN","WIF1",4.89124308667247,-0.903740600355461,"Glut"
"Glut_L56_NPSR1","WIF1",12.1635798209881,-0.707121642415307,"Glut"
"Glut_L5_RORB_THEMIS_ADGRL4","WIF1",6.48941565006627,-0.412593279520005,"Glut"
"Glut_L5_RORB_FSHR","WIF1",3.04870427254347,-0.949022512259312,"Glut"
"Glut_L5_RORB_COL22A1","WIF1",6.30365886422313,-1.04288943117681,"Glut"
"Glut_L5_RORB_CLMP_CACNG5","WIF1",3.49376782348483,-0.56180499378516,"Glut"
"Glut_L23_RORB_CUX2_SYT2","WIF1",6.17551418941585,-0.766940742402436,"Glut"
"Glut_L23_RORB_CUX2_CCDC68","WIF1",4.12957789226642,-0.367250413028886,"Glut"
"Glut_L23_RORB_CUX2","WIF1",6.44065829186534,-0.592684314293941,"Glut"
"Glut_L23_CUX2_LINC01500","WIF1",4.80627497493603,-0.60731498157631,"Glut"
"Gaba_VIP","WIF1",3.89225590312976,-0.644341795943841,"Gaba"
"Gaba_SST_PRKG2","WIF1",3.62394371756772,-0.589161985188171,"Gaba"
"Gaba_SST_CHODL","WIF1",9.64422013391643,-0.592583899231511,"Gaba"
"Gaba_PVALB_SLCO4C1","WIF1",4.65847335107319,-0.842332077528059,"Gaba"
"Gaba_PVALB_GULP1_GRIK3","WIF1",2.60325580917857,-0.569983991013916,"Gaba"
"Gaba_PVALB_COL15A1","WIF1",10.3359268722574,-0.815989667210246,"Gaba"
"Gaba_NDNF_RELN","WIF1",3.73407046551435,-0.583698571871863,"Gaba"
"Gaba_LAMP5_ROR2_LCP2","WIF1",4.3579228334569,-0.353862142558788,"Gaba"
"Astro_WIF1_COX8A","WIF1",72.3870085090807,0.324929470211962,"Astro"
"Astro_SERPINH1","WIF1",27.9065867568993,0.216639636195673,"Astro"
"Astro_CTX_WIF1_VAV3","WIF1",56.1243419793712,0.589700307143429,"Astro"
"Astro_CTX_SMAD9_RERG","WIF1",47.4895335564863,0.939308627135911,"Astro"
"Astro_CD44_KCNQ3","WIF1",38.1726320497802,0.360928298959002,"Astro"
"Astro_CD44_CCDC85A","WIF1",25.8608946068026,0.413766076201614,"Astro"
"Vasc_Peri_PDGFRB","CD44",3.5468835688206,-0.801687511892191,"Vasc"
"Vasc_Fib_GPC3","CD44",4.347157486817,-0.692377049318003,"Vasc"
"Vasc_Cap_MFSD2A","CD44",9.55801910169867,-0.874320950605932,"Vasc"
"Opc_PDGFRa","CD44",3.66762057540519,-0.554446203272043,"Opc"
"Olig_SGCZ","CD44",7.76302039876921,-0.683897296507472,"Olig"
"Olig_PTPRE","CD44",3.56932031921,-0.805621618328579,"Olig"
"Olig_EPHB2","CD44",5.7340116607739,-0.825458822400184,"Olig"
"Olig_ARHGAP24","CD44",4.5143625236879,-0.968263154864727,"Olig"
"Micro_PRDM11","CD44",2.84919434440838,-0.651695218785185,"Micro"
"Micro_HSPA6","CD44",5.09275468525184,-1.10041742497173,"Micro"
"Micro_GPNMB","CD44",5.26646776340286,-0.817452218469529,"Micro"
"Micro_FCGR1B","CD44",2.68175389018666,-0.944614148786059,"Micro"
"Micro_CR1","CD44",2.24524869651644,-0.863535761756478,"Micro"
"Micro_CD83_WIPF1","CD44",2.36788305009516,-0.306510772275108,"Micro"
"Micro_CD74_BTF","CD44",4.82475889726775,-0.396983419385246,"Micro"
"Glut_L6b_CTGF","CD44",2.66704973862442,-0.141715726673008,"Glut"
"Glut_L6_THEMIS_POSTN","CD44",3.98094586661379,-0.643351156998393,"Glut"
"Glut_L6_SULF1_SGCZ","CD44",3.00072791974834,-0.584404058421885,"Glut"
"Glut_L6_RORB_THEMIS_PXDN","CD44",33.2419251741901,0.333744531421885,"Glut"
"Glut_L56_NPSR1","CD44",5.6491001518639,-0.905310686763676,"Glut"
"Glut_L5_RORB_THEMIS_ADGRL4","CD44",2.4557506093663,-0.723684686407173,"Glut"
"Glut_L5_RORB_FSHR","CD44",2.1046551624331,-0.666541133726677,"Glut"
"Glut_L5_RORB_COL22A1","CD44",2.37600658845851,-1.02939003199682,"Glut"
"Glut_L5_RORB_CLMP_CACNG5","CD44",4.0712333204535,-0.22559414364087,"Glut"
"Glut_L23_RORB_CUX2_SYT2","CD44",7.86322515795454,-0.874258642757554,"Glut"
"Glut_L23_RORB_CUX2_CCDC68","CD44",37.2244399369813,0.0771305826973827,"Glut"
"Glut_L23_RORB_CUX2","CD44",3.87676670045237,-0.687877132467339,"Glut"
"Glut_L23_CUX2_LINC01500","CD44",7.11849723799993,-0.910111131453267,"Glut"
"Gaba_VIP","CD44",5.10309693396425,-0.382605625771002,"Gaba"
"Gaba_SST_PRKG2","CD44",7.32263991172156,-0.341144710335414,"Gaba"
"Gaba_SST_CHODL","CD44",8.75768971925039,-0.767228747710186,"Gaba"
"Gaba_PVALB_SLCO4C1","CD44",3.06839768467188,-0.494833568061658,"Gaba"
"Gaba_PVALB_GULP1_GRIK3","CD44",4.85376039929388,-0.610786443038187,"Gaba"
"Gaba_PVALB_COL15A1","CD44",2.834119299076,-0.718238753533544,"Gaba"
"Gaba_NDNF_RELN","CD44",5.36354263593128,-0.237844044490435,"Gaba"
"Gaba_LAMP5_ROR2_LCP2","CD44",5.20857708518039,-0.397460095433185,"Gaba"
"Astro_WIF1_COX8A","CD44",31.8191523758288,0.166160106737972,"Astro"
"Astro_SERPINH1","CD44",64.7574196152592,0.421814478127581,"Astro"
"Astro_CTX_WIF1_VAV3","CD44",40.2577834597836,0.200044597720301,"Astro"
"Astro_CTX_SMAD9_RERG","CD44",32.8434569986939,0.519828029005418,"Astro"
"Astro_CD44_KCNQ3","CD44",77.8076807187182,1.46399575163668,"Astro"
"Astro_CD44_CCDC85A","CD44",65.8403203577241,1.53010808506732,"Astro"
"Vasc_Peri_PDGFRB","CCDC85A",3.39816463433384,-0.901247031018202,"Vasc"
"Vasc_Fib_GPC3","CCDC85A",5.11808035456517,-0.420780154483902,"Vasc"
"Vasc_Cap_MFSD2A","CCDC85A",5.81724545916179,-0.89407788880891,"Vasc"
"Opc_PDGFRa","CCDC85A",4.05766715069737,-0.641763310240872,"Opc"
"Olig_SGCZ","CCDC85A",6.56366029815442,-0.364436050111193,"Olig"
"Olig_PTPRE","CCDC85A",3.3458755533388,-0.398913001838761,"Olig"
"Olig_EPHB2","CCDC85A",5.31767525814835,-0.460587687965222,"Olig"
"Olig_ARHGAP24","CCDC85A",2.04538125643319,-0.872516877678728,"Olig"
"Micro_PRDM11","CCDC85A",6.27349338493489,-0.889766084915392,"Micro"
"Micro_HSPA6","CCDC85A",5.86710088995752,-0.589189490563112,"Micro"
"Micro_GPNMB","CCDC85A",3.80450618884451,-0.484527238018882,"Micro"
"Micro_FCGR1B","CCDC85A",6.50698211151838,-0.528596861033715,"Micro"
"Micro_CR1","CCDC85A",4.59798288001124,-0.575658353342033,"Micro"
"Micro_CD83_WIPF1","CCDC85A",4.26573989251439,-0.477577965541781,"Micro"
"Micro_CD74_BTF","CCDC85A",10.4354795605073,-0.512138114267617,"Micro"
"Glut_L6b_CTGF","CCDC85A",2.68190953130195,-0.723652292014173,"Glut"
"Glut_L6_THEMIS_POSTN","CCDC85A",3.94630133960923,-0.921197828998298,"Glut"
"Glut_L6_SULF1_SGCZ","CCDC85A",2.39063918440303,-0.35428981589965,"Glut"
"Glut_L6_RORB_THEMIS_PXDN","CCDC85A",4.10174045967374,-0.366124683454963,"Glut"
"Glut_L56_NPSR1","CCDC85A",6.15245508900471,-0.568961401380025,"Glut"
"Glut_L5_RORB_THEMIS_ADGRL4","CCDC85A",4.5608851470677,-0.429157538909536,"Glut"
"Glut_L5_RORB_FSHR","CCDC85A",2.99267000786219,-0.608562246129288,"Glut"
"Glut_L5_RORB_COL22A1","CCDC85A",2.96818068337278,-0.672405151098193,"Glut"
"Glut_L5_RORB_CLMP_CACNG5","CCDC85A",12.4259965168239,-0.524343449183735,"Glut"
"Glut_L23_RORB_CUX2_SYT2","CCDC85A",5.73504460192829,-0.562902936022041,"Glut"
"Glut_L23_RORB_CUX2_CCDC68","CCDC85A",9.64451771495668,-0.444178377675966,"Glut"
"Glut_L23_RORB_CUX2","CCDC85A",3.38586440140802,-0.370893406150608,"Glut"
"Glut_L23_CUX2_LINC01500","CCDC85A",5.47481858992269,-0.61635737808761,"Glut"
"Gaba_VIP","CCDC85A",4.41276555116603,-0.600799206697237,"Gaba"
"Gaba_SST_PRKG2","CCDC85A",5.18275652961123,-0.289187997405278,"Gaba"
"Gaba_SST_CHODL","CCDC85A",4.88071409800724,-0.687428566185217,"Gaba"
"Gaba_PVALB_SLCO4C1","CCDC85A",5.54971697540805,-0.528176242209827,"Gaba"
"Gaba_PVALB_GULP1_GRIK3","CCDC85A",2.42199939459297,-0.670793453348581,"Gaba"
"Gaba_PVALB_COL15A1","CCDC85A",11.1902507438422,-0.594382342427869,"Gaba"
"Gaba_NDNF_RELN","CCDC85A",3.66007284850621,-0.627607040989409,"Gaba"
"Gaba_LAMP5_ROR2_LCP2","CCDC85A",7.252186256902,-0.0425866353625989,"Gaba"
"Astro_WIF1_COX8A","CCDC85A",38.0752745571531,-0.00734516350330849,"Astro"
"Astro_SERPINH1","CCDC85A",57.557926949243,1.17490570402881,"Astro"
"Astro_CTX_WIF1_VAV3","CCDC85A",42.4057765628342,0.190440523939191,"Astro"
"Astro_CTX_SMAD9_RERG","CCDC85A",43.7926358330835,0.0921119550433508,"Astro"
"Astro_CD44_KCNQ3","CCDC85A",39.9778744121179,0.516740897743048,"Astro"
"Astro_CD44_CCDC85A","CCDC85A",64.0244808499737,1.06484201820923,"Astro"
"Vasc_Peri_PDGFRB","SMAD9",5.77455389286194,-0.765703172150742,"Vasc"
"Vasc_Fib_GPC3","SMAD9",9.02095585462506,-0.611954464368298,"Vasc"
"Vasc_Cap_MFSD2A","SMAD9",3.6621907354371,-0.992462472253572,"Vasc"
"Opc_PDGFRa","SMAD9",19.3238565529379,-0.157855445501285,"Opc"
"Olig_SGCZ","SMAD9",2.458876745765,-0.637792472962879,"Olig"
"Olig_PTPRE","SMAD9",8.28536749705316,-0.485903927671663,"Olig"
"Olig_EPHB2","SMAD9",2.13346233391003,-0.541879135319017,"Olig"
"Olig_ARHGAP24","SMAD9",7.03728387078673,-0.850557185259508,"Olig"
"Micro_PRDM11","SMAD9",6.28973721201731,-0.733491266967688,"Micro"
"Micro_HSPA6","SMAD9",3.78073341590174,-0.721986741299185,"Micro"
"Micro_GPNMB","SMAD9",6.08580608518768,-0.842551259711968,"Micro"
"Micro_FCGR1B","SMAD9",2.45692574730072,-0.538494426985775,"Micro"
"Micro_CR1","SMAD9",2.84776081666266,-0.487971034467132,"Micro"
"Micro_CD83_WIPF1","SMAD9",2.61842554178526,-0.452777506981152,"Micro"
"Micro_CD74_BTF","SMAD9",5.4878824832517,-0.480912509633074,"Micro"
"Glut_L6b_CTGF","SMAD9",5.55597413483896,-0.65222821160136,"Glut"
"Glut_L6_THEMIS_POSTN","SMAD9",5.24138906147789,-0.254459382840385,"Glut"
"Glut_L6_SULF1_SGCZ","SMAD9",2.39782000412444,-0.957577885388847,"Glut"
"Glut_L6_RORB_THEMIS_PXDN","SMAD9",3.44920206981492,-0.586027250324124,"Glut"
"Glut_L56_NPSR1","SMAD9",2.60562072996614,-0.486885149222355,"Glut"
"Glut_L5_RORB_THEMIS_ADGRL4","SMAD9",7.68042272228464,-0.633203016808861,"Glut"
"Glut_L5_RORB_FSHR","SMAD9",4.90344331521131,-0.700522622366368,"Glut"
"Glut_L5_RORB_COL22A1","SMAD9",5.80559440106668,-0.752297211887219,"Glut"
"Glut_L5_RORB_CLMP_CACNG5","SMAD9",4.37929717420467,-1.15250180569194,"Glut"
"Glut_L23_RORB_CUX2_SYT2","SMAD9",6.64474068159527,-0.425395946861893,"Glut"
"Glut_L23_RORB_CUX2_CCDC68","SMAD9",2.17709789880704,-0.845216089035826,"Glut"
"Glut_L23_RORB_CUX2","SMAD9",2.77671263652132,-0.512358335025492,"Glut"
"Glut_L23_CUX2_LINC01500","SMAD9",4.52652358879176,-0.945140163097925,"Glut"
"Gaba_VIP","SMAD9",4.66159720134441,-0.456118272022889,"Gaba"
"Gaba_SST_PRKG2","SMAD9",3.96635706768471,-0.848423389714265,"Gaba"
"Gaba_SST_CHODL","SMAD9",2.39955499000992,-0.420342346155603,"Gaba"
"Gaba_PVALB_SLCO4C1","SMAD9",27.1145565112688,0.233826736861881,"Gaba"
"Gaba_PVALB_GULP1_GRIK3","SMAD9",9.5581365093181,-0.411360224572288,"Gaba"
"Gaba_PVALB_COL15A1","SMAD9",3.57390182734038,-0.708256489174571,"Gaba"
"Gaba_NDNF_RELN","SMAD9",3.01331355866118,-0.717907640731739,"Gaba"
"Gaba_LAMP5_ROR2_LCP2","SMAD9",3.53260549885807,-0.452582235651738,"Gaba"
"Astro_WIF1_COX8A","SMAD9",33.6987462566086,0.546140892875375,"Astro"
"Astro_SERPINH1","SMAD9",42.017192248768,0.443541705865289,"Astro"
"Astro_CTX_WIF1_VAV3","SMAD9",41.9479299744597,0.104524558844616,"Astro"
"Astro_CTX_SMAD9_RERG","SMAD9",54.8486683732146,1.35383654573956,"Astro"
"Astro_CD44_KCNQ3","SMAD9",40.9140878977469,0.998630729001534,"Astro"
"Astro_CD44_CCDC85A","SMAD9",35.5431083450713,0.346054584340506,"Astro"
"Vasc_Peri_PDGFRB","RERG",2.16549933570746,-0.380478588188025,"Vasc"
"Vasc_Fib_GPC3","RERG",5.77938062794651,-0.800654474286661,"Vasc"
"Vasc_Cap_MFSD2A","RERG",4.1185935076427,-0.554402980133413,"Vasc"
"Opc_PDGFRa","RERG",3.38045078243275,-0.82288539495605,"Opc"
"Olig_SGCZ","RERG",33.0760488849573,0.40369880638122,"Olig"
"Olig_PTPRE","RERG",7.24865499666191,-0.472944542275358,"Olig"
"Olig_EPHB2","RERG",3.443324376188,-0.579870325995683,"Olig"
"Olig_ARHGAP24","RERG",4.29597395041962,-0.357053338200481,"Olig"
"Micro_PRDM11","RERG",8.01463270041004,-0.60835451560067,"Micro"
"Micro_HSPA6","RERG",6.88251881226879,-1.11750921929625,"Micro"
"Micro_GPNMB","RERG",3.10686102618771,-0.488555833970986,"Micro"
"Micro_FCGR1B","RERG",6.66328645877655,-0.678871733727974,"Micro"
"Micro_CR1","RERG",5.17746370138545,-0.581242564349659,"Micro"
"Micro_CD83_WIPF1","RERG",2.69825231949069,-0.627468715387252,"Micro"
"Micro_CD74_BTF","RERG",2.61074941676903,-0.215318186331767,"Micro"
"Glut_L6b_CTGF","RERG",2.07763052089064,-0.143719772132946,"Glut"
"Glut_L6_THEMIS_POSTN","RERG",2.31681780872709,-0.674426188879026,"Glut"
"Glut_L6_SULF1_SGCZ","RERG",11.7100556351849,-0.707820070452592,"Glut"
"Glut_L6_RORB_THEMIS_PXDN","RERG",6.2175863502741,-0.411584162693971,"Glut"
"Glut_L56_NPSR1","RERG",2.11315783262002,-0.610044519869724,"Glut"
"Glut_L5_RORB_THEMIS_ADGRL4","RERG",5.09398056857254,-0.969431274943556,"Glut"
"Glut_L5_RORB_FSHR","RERG",3.06990343885813,-0.99672422222563,"Glut"
"Glut_L5_RORB_COL22A1","RERG",3.06858808860393,-0.727830695493159,"Glut"
"Glut_L5_RORB_CLMP_CACNG5","RERG",2.80712322447014,-0.428622769190817,"Glut"
"Glut_L23_RORB_CUX2_SYT2","RERG",2.86660720956947,-0.876041286838112,"Glut"
"Glut_L23_RORB_CUX2_CCDC68","RERG",10.2482991284555,-0.780784528051934,"Glut"
"Glut_L23_RORB_CUX2","RERG",3.87210972704558,-0.481664782030675,"Glut"
"Glut_L23_CUX2_LINC01500","RERG",3.47199262052103,-0.750480992326409,"Glut"
"Gaba_VIP","RERG",2.71913920419083,-0.713304278218123,"Gaba"
"Gaba_SST_PRKG2","RERG",5.19583276469639,-0.433945645270648,"Gaba"
"Gaba_SST_CHODL","RERG",3.00666325991854,-0.199251480136618,"Gaba"
"Gaba_PVALB_SLCO4C1","RERG",3.81515163069899,-0.667186306003139,"Gaba"
"Gaba_PVALB_GULP1_GRIK3","RERG",3.0723427535049,-0.895014481522441,"Gaba"
"Gaba_PVALB_COL15A1","RERG",4.13209245238865,-0.677052109542741,"Gaba"
"Gaba_NDNF_RELN","RERG",8.19270219629528,-1.10452986989298,"Gaba"
"Gaba_LAMP5_ROR2_LCP2","RERG",13.1299021715463,-0.488800013413591,"Gaba"
"Astro_WIF1_COX8A","RERG",24.1437803586176,0.443810846939024,"Astro"
"Astro_SERPINH1","RERG",25.4299691452777,0.381618252251151,"Astro"
"Astro_CTX_WIF1_VAV3","RERG",26.5889077224493,0.346959913286439,"Astro"
"Astro_CTX_SMAD9_RERG","RERG",63.5102627735514,1.18586067685808,"Astro"
"Astro_CD44_KCNQ3","RERG",26.4744633603794,-0.0192937646905001,"Astro"
"Astro_CD44_CCDC85A","RERG",36.1131022232374,-0.029915690361217,"Astro"
"Vasc_Peri_PDGFRB","VAV3",3.11850330749473,-0.578033178093403,"Vasc"
"Vasc_Fib_GPC3","VAV3",9.74854436025335,-0.689004694225669,"Vasc"
"Vasc_Cap_MFSD2A","VAV3",3.10083008128041,-0.595718224563451,"Vasc"
"Opc_PDGFRa","VAV3",5.01066923609027,-0.602466074650161,"Opc"
"Olig_SGCZ","VAV3",3.8907240237542,-0.138037906444771,"Olig"
"Olig_PTPRE","VAV3",4.69175018013545,-0.489022641961821,"Olig"
"Olig_EPHB2","VAV3",7.64265831503358,-0.555806964550761,"Olig"
"Olig_ARHGAP24","VAV3",4.06118045074302,-1.0012945493027,"Olig"
"Micro_PRDM11","VAV3",3.5079681995339,-1.17302607236507,"Micro"
"Micro_HSPA6","VAV3",3.6378484451682,-0.837350283311476,"Micro"
"Micro_GPNMB","VAV3",4.05511635300193,-0.613039037093253,"Micro"
"Micro_FCGR1B","VAV3",19.8446012389642,-0.336478353213249,"Micro"
"Micro_CR1","VAV3",2.96940444109256,-0.811984561282997,"Micro"
"Micro_CD83_WIPF1","VAV3",7.86051723246284,-0.337150754291686,"Micro"
"Micro_CD74_BTF","VAV3",7.85464892942557,-0.6924925631865,"Micro"
"Glut_L6b_CTGF","VAV3",3.98574733158379,-0.722610870304219,"Glut"
"Glut_L6_THEMIS_POSTN","VAV3",15.4562602724428,-0.562880438652171,"Glut"
"Glut_L6_SULF1_SGCZ","VAV3",4.13300073593251,-0.351080641858757,"Glut"
"Glut_L6_RORB_THEMIS_PXDN","VAV3",6.84803009930583,-0.577530678472072,"Glut"
"Glut_L56_NPSR1","VAV3",6.03003950241167,-0.447202150031463,"Glut"
"Glut_L5_RORB_THEMIS_ADGRL4","VAV3",7.28269719750339,-0.551661651776105,"Glut"
"Glut_L5_RORB_FSHR","VAV3",2.45456435666909,-0.536541313838524,"Glut"
"Glut_L5_RORB_COL22A1","VAV3",6.58196121457813,-0.509650913886604,"Glut"
"Glut_L5_RORB_CLMP_CACNG5","VAV3",6.52472160180461,-0.368290006657136,"Glut"
"Glut_L23_RORB_CUX2_SYT2","VAV3",3.10710367621367,-0.594966502845938,"Glut"
"Glut_L23_RORB_CUX2_CCDC68","VAV3",6.44847211140215,-0.558159298501959,"Glut"
"Glut_L23_RORB_CUX2","VAV3",6.15555318546122,-0.431489044471599,"Glut"
"Glut_L23_CUX2_LINC01500","VAV3",5.61572352674373,-0.547589774662672,"Glut"
"Gaba_VIP","VAV3",2.88157539679523,-0.522769486757219,"Gaba"
"Gaba_SST_PRKG2","VAV3",3.99651763857401,-0.838602969496699,"Gaba"
"Gaba_SST_CHODL","VAV3",3.62899132147241,-0.8350941453909,"Gaba"
"Gaba_PVALB_SLCO4C1","VAV3",2.28548222251848,-0.174252336478772,"Gaba"
"Gaba_PVALB_GULP1_GRIK3","VAV3",2.9011766732097,-0.448622002353407,"Gaba"
"Gaba_PVALB_COL15A1","VAV3",11.1959779819612,-0.635368906820421,"Gaba"
"Gaba_NDNF_RELN","VAV3",4.29569008052837,-0.575962834652201,"Gaba"
"Gaba_LAMP5_ROR2_LCP2","VAV3",4.58165515210026,-0.58324600672788,"Gaba"
"Astro_WIF1_COX8A","VAV3",37.3688840509138,0.602061115586434,"Astro"
"Astro_SERPINH1","VAV3",40.7186407335468,0.431646768152636,"Astro"
"Astro_CTX_WIF1_VAV3","VAV3",57.8525978247338,0.656007050827112,"Astro"
"Astro_CTX_SMAD9_RERG","VAV3",43.0964035100877,0.517638319808178,"Astro"
"Astro_CD44_KCNQ3","VAV3",48.2898566778745,-0.0795303532006763,"Astro"
"Astro_CD44_CCDC85A","VAV3",42.9531897065624,0.756679291286168,"Astro"
"Vasc_Peri_PDGFRB","SERPINH1",34.6165276617068,0.561989619871801,"Vasc"
"Vasc_Fib_GPC3","SERPINH1",39.7070001049751,0.0574654766216688,"Vasc"
"Vasc_Cap_MFSD2A","SERPINH1",44.4526890079352,-0.0469980556567988,"Vasc"
"Opc_PDGFRa","SERPINH1",4.15970380197416,-0.593676876265949,"Opc"
"Olig_SGCZ","SERPINH1",2.27548500419093,-0.822394099098173,"Olig"
"Olig_PTPRE","SERPINH1",2.53501365604833,-0.375599198871813,"Olig"
"Olig_EPHB2","SERPINH1",7.38619823838065,-0.409258450523449,"Olig"
"Olig_ARHGAP24","SERPINH1",5.39740855069982,-0.671608306361864,"Olig"
"Micro_PRDM11","SERPINH1",5.25778163026003,-0.594694862157779,"Micro"
"Micro_HSPA6","SERPINH1",8.91199904472431,-0.278397105049075,"Micro"
"Micro_GPNMB","SERPINH1",3.24056014822011,-0.227561253076709,"Micro"
"Micro_FCGR1B","SERPINH1",2.362229069925,-0.702909752561389,"Micro"
"Micro_CR1","SERPINH1",7.85720521819028,-0.556881438117859,"Micro"
"Micro_CD83_WIPF1","SERPINH1",2.69313713074779,-0.673505785576348,"Micro"
"Micro_CD74_BTF","SERPINH1",3.18441697883451,-0.479609956514491,"Micro"
"Glut_L6b_CTGF","SERPINH1",4.13228625704288,-0.664845002928444,"Glut"
"Glut_L6_THEMIS_POSTN","SERPINH1",2.5118016564595,-0.757656995152283,"Glut"
"Glut_L6_SULF1_SGCZ","SERPINH1",4.602828092824,-0.481048376768252,"Glut"
"Glut_L6_RORB_THEMIS_PXDN","SERPINH1",5.50732957852179,-0.996851935036514,"Glut"
"Glut_L56_NPSR1","SERPINH1",3.13140217539628,-0.874765005928492,"Glut"
"Glut_L5_RORB_THEMIS_ADGRL4","SERPINH1",4.67145326791423,-0.0585571404385173,"Glut"
"Glut_L5_RORB_FSHR","SERPINH1",2.19970012813053,-0.759114851023431,"Glut"
"Glut_L5_RORB_COL22A1","SERPINH1",5.10309585976067,-0.69371255825072,"Glut"
"Glut_L5_RORB_CLMP_CACNG5","SERPINH1",4.56731559990014,-0.0798256461240747,"Glut"
"Glut_L23_RORB_CUX2_SYT2","SERPINH1",8.73522150494663,-0.440289825105409,"Glut"
"Glut_L23_RORB_CUX2_CCDC68","SERPINH1",2.33348782489641,-0.613439126504503,"Glut"
"Glut_L23_RORB_CUX2","SERPINH1",2.28975011704042,-0.575661228084093,"Glut"
"Glut_L23_CUX2_LINC01500","SERPINH1",2.75731266372603,-0.414024901378602,"Glut"
"Gaba_VIP","SERPINH1",5.30163577408155,-0.653302035692331,"Gaba"
"Gaba_SST_PRKG2","SERPINH1",4.07314326722995,-0.726025604428453,"Gaba"
"Gaba_SST_CHODL","SERPINH1",3.94441669398627,-0.619431410563626,"Gaba"
"Gaba_PVALB_SLCO4C1","SERPINH1",3.1085426027094,-0.610546745596373,"Gaba"
"Gaba_PVALB_GULP1_GRIK3","SERPINH1",33.0281609373364,-0.0498507712243296,"Gaba"
"Gaba_PVALB_COL15A1","SERPINH1",2.46656810257419,-0.558858046265354,"Gaba"
"Gaba_NDNF_RELN","SERPINH1",36.5821669103602,0.140766591426142,"Gaba"
"Gaba_LAMP5_ROR2_LCP2","SERPINH1",6.96969841803182,-0.580136980906039,"Gaba"
"Astro_WIF1_COX8A","SERPINH1",36.2462117977686,0.573924712366375,"Astro"
"Astro_SERPINH1","SERPINH1",52.1640297321141,1.07692355464607,"Astro"
"Astro_CTX_WIF1_VAV3","SERPINH1",43.3803155301575,0.486949990861499,"Astro"
"Astro_CTX_SMAD9_RERG","SERPINH1",39.5679443896774,0.494558899659001,"Astro"
"Astro_CD44_KCNQ3","SERPINH1",41.6229446882398,0.856573477434571,"Astro"
"Astro_CD44_CCDC85A","SERPINH1",39.2879611835825,0.686529477339507,"Astro"
"Vasc_Peri_PDGFRB","MOG",4.80374922696226,-0.703192405226078,"Vasc"
"Vasc_Fib_GPC3","MOG",6.56682898738294,-1.07310149238155,"Vasc"
"Vasc_Cap_MFSD2A","MOG",4.8166112374525,-0.229932700889502,"Vasc"
"Opc_PDGFRa","MOG",44.3816147879691,1.13784631960324,"Opc"
"Olig_SGCZ","MOG",34.3513228250434,0.0136625746009102,"Olig"
"Olig_PTPRE","MOG",35.4513132875609,-0.00945117495798897,"Olig"
"Olig_EPHB2","MOG",42.5352852731095,0.204121294446474,"Olig"
"Olig_ARHGAP24","MOG",30.2190411903451,0.653147811178124,"Olig"
"Micro_PRDM11","MOG",6.74410974647317,-0.477490665467738,"Micro"
"Micro_HSPA6","MOG",10.8662535100159,-0.704952098174116,"Micro"
"Micro_GPNMB","MOG",12.1508120514809,-0.402403464332169,"Micro"
"Micro_FCGR1B","MOG",11.4446714368729,-0.77417680927734,"Micro"
"Micro_CR1","MOG",5.2845303084387,-1.02996890384008,"Micro"
"Micro_CD83_WIPF1","MOG",2.65214787095085,-0.689012682586714,"Micro"
"Micro_CD74_BTF","MOG",8.05052797884618,-0.659830812231778,"Micro"
"Glut_L6b_CTGF","MOG",7.7423073232893,-0.812774700580547,"Glut"
"Glut_L6_THEMIS_POSTN","MOG",2.96891935386724,-1.15090005920213,"Glut"
"Glut_L6_SULF1_SGCZ","MOG",4.42018778450105,-0.669666249622199,"Glut"
"Glut_L6_RORB_THEMIS_PXDN","MOG",6.6587356962361,-0.843103009599448,"Glut"
"Glut_L56_NPSR1","MOG",3.68406174511693,-0.857735401591157,"Glut"
"Glut_L5_RORB_THEMIS_ADGRL4","MOG",4.26356113668847,-1.03527355075115,"Glut"
"Glut_L5_RORB_FSHR","MOG",12.785489775689,-0.472095683993069,"Glut"
"Glut_L5_RORB_COL22A1","MOG",7.14298222655987,-0.701965028016545,"Glut"
"Glut_L5_RORB_CLMP_CACNG5","MOG",5.5133120542694,-0.75448380872638,"Glut"
"Glut_L23_RORB_CUX2_SYT2","MOG",3.10806698051126,-0.798067428696443,"Glut"
"Glut_L23_RORB_CUX2_CCDC68","MOG",5.70331769934847,-0.613205084315975,"Glut"
"Glut_L23_RORB_CUX2","MOG",5.21561084468339,-0.413946722498416,"Glut"
"Glut_L23_CUX2_LINC01500","MOG",7.75827075143282,-0.253642157498079,"Glut"
"Gaba_VIP","MOG",6.5419838772294,-0.908682218944514,"Gaba"
"Gaba_SST_PRKG2","MOG",3.91916402741781,-1.09750969709812,"Gaba"
"Gaba_SST_CHODL","MOG",4.82575899245119,-0.502977186179578,"Gaba"
"Gaba_PVALB_SLCO4C1","MOG",3.70031171819665,-0.317738017946763,"Gaba"
"Gaba_PVALB_GULP1_GRIK3","MOG",7.99635817060097,-0.348984276171252,"Gaba"
"Gaba_PVALB_COL15A1","MOG",2.92961960551759,-1.07058668203837,"Gaba"
"Gaba_NDNF_RELN","MOG",9.09101710831038,-0.829498514147967,"Gaba"
"Gaba_LAMP5_ROR2_LCP2","MOG",3.15142616778292,-1.06706674459511,"Gaba"
"Astro_WIF1_COX8A","MOG",6.63534947851524,-0.827547479718794,"Astro"
"Astro_SERPINH1","MOG",4.55794567051027,-0.413313392181622,"Astro"
"Astro_CTX_WIF1_VAV3","MOG",3.4899706822015,-0.486025838911347,"Astro"
"Astro_CTX_SMAD9_RERG","MOG",2.71509825277856,-0.835530362150114,"Astro"
"Astro_CD44_KCNQ3","MOG",3.19953905985706,-0.79584254070362,"Astro"
"Astro_CD44_CCDC85A","MOG",12.8228222975833,-0.85441099997459,"Astro"
"Vasc_Peri_PDGFRB","ARHGAP24",7.52990141590136,-0.838943220425626,"Vasc"
"Vasc_Fib_GPC3","ARHGAP24",4.37138377930497,-0.827207178895288,"Vasc"
"Vasc_Cap_MFSD2A","ARHGAP24",2.90161147832819,-0.315881458655846,"Vasc"
"Opc_PDGFRa","ARHGAP24",43.9727638411849,0.800193670131604,"Opc"
"Olig_SGCZ","ARHGAP24",45.1920408782015,0.774172924182533,"Olig"
"Olig_PTPRE","ARHGAP24",32.9057587507515,0.436111369743927,"Olig"
"Olig_EPHB2","ARHGAP24",40.1757851002982,0.592763230898799,"Olig"
"Olig_ARHGAP24","ARHGAP24",60.2525630053054,0.719762387922749,"Olig"
"Micro_PRDM11","ARHGAP24",2.1319058492005,-0.614128466095077,"Micro"
"Micro_HSPA6","ARHGAP24",41.5672419536398,0.465029638723171,"Micro"
"Micro_GPNMB","ARHGAP24",5.36853853731877,-0.260983387376106,"Micro"
"Micro_FCGR1B","ARHGAP24",3.79879232267378,-0.50991444219423,"Micro"
"Micro_CR1","ARHGAP24",5.62659509956765,-0.916740338514297,"Micro"
"Micro_CD83_WIPF1","ARHGAP24",8.83185029750105,-0.591987813238179,"Micro"
"Micro_CD74_BTF","ARHGAP24",2.61281801201696,-0.50194440949626,"Micro"
"Glut_L6b_CTGF","ARHGAP24",2.48468473409519,-0.707525656545588,"Glut"
"Glut_L6_THEMIS_POSTN","ARHGAP24",3.27611579111758,-0.961139987411424,"Glut"
"Glut_L6_SULF1_SGCZ","ARHGAP24",2.07624565833017,-0.219191293105032,"Glut"
"Glut_L6_RORB_THEMIS_PXDN","ARHGAP24",6.21939820057795,-0.67014860113835,"Glut"
"Glut_L56_NPSR1","ARHGAP24",33.3906240097211,0.0748437709130764,"Glut"
"Glut_L5_RORB_THEMIS_ADGRL4","ARHGAP24",10.154309906164,-0.554315192733308,"Glut"
"Glut_L5_RORB_FSHR","ARHGAP24",5.59142946709234,-0.827541942912485,"Glut"
"Glut_L5_RORB_COL22A1","ARHGAP24",7.80428879297079,-0.695059897540952,"Glut"
"Glut_L5_RORB_CLMP_CACNG5","ARHGAP24",2.72322792126596,-0.375830786664084,"Glut"
"Glut_L23_RORB_CUX2_SYT2","ARHGAP24",3.96894808241295,-0.46668344245446,"Glut"
"Glut_L23_RORB_CUX2_CCDC68","ARHGAP24",5.62758322255045,-0.758721788634559,"Glut"
"Glut_L23_RORB_CUX2","ARHGAP24",4.28423896281682,-0.587571509406317,"Glut"
"Glut_L23_CUX2_LINC01500","ARHGAP24",5.33120711211011,-0.378780279922035,"Glut"
"Gaba_VIP","ARHGAP24",4.23139634816137,-0.535221726551347,"Gaba"
"Gaba_SST_PRKG2","ARHGAP24",2.62989391334113,-0.890124680949216,"Gaba"
"Gaba_SST_CHODL","ARHGAP24",5.80528444644917,-0.808610602910993,"Gaba"
"Gaba_PVALB_SLCO4C1","ARHGAP24",10.5991136144663,-0.539680733135604,"Gaba"
"Gaba_PVALB_GULP1_GRIK3","ARHGAP24",2.49400853782272,-0.601838097294628,"Gaba"
"Gaba_PVALB_COL15A1","ARHGAP24",7.20696509203842,-1.11306784032149,"Gaba"
"Gaba_NDNF_RELN","ARHGAP24",3.7839082944569,-0.40554879449235,"Gaba"
"Gaba_LAMP5_ROR2_LCP2","ARHGAP24",4.76687751087037,-0.378302251533051,"Gaba"
"Astro_WIF1_COX8A","ARHGAP24",5.11063663060068,-0.586957075193148,"Astro"
"Astro_SERPINH1","ARHGAP24",3.96841662252529,-0.31296310717564,"Astro"
"Astro_CTX_WIF1_VAV3","ARHGAP24",3.44747712077801,-0.509959965155521,"Astro"
"Astro_CTX_SMAD9_RERG","ARHGAP24",2.86353326905787,-0.859467620202211,"Astro"
"Astro_CD44_KCNQ3","ARHGAP24",5.84567071615663,-0.571724209309111,"Astro"
"Astro_CD44_CCDC85A","ARHGAP24",5.02226825149353,-0.108503004515896,"Astro"
"Vasc_Peri_PDGFRB","EPHB2",11.5155790255216,-0.609077559689667,"Vasc"
"Vasc_Fib_GPC3","EPHB2",5.93105647482096,-0.481597138619586,"Vasc"
"Vasc_Cap_MFSD2A","EPHB2",3.7979626032219,-1.2,"Vasc"
"Opc_PDGFRa","EPHB2",31.0143925671947,0.737518556379281,"Opc"
"Olig_SGCZ","EPHB2",30.876932557925,-0.0387985534649638,"Olig"
"Olig_PTPRE","EPHB2",39.6721263741998,0.51990198821409,"Olig"
"Olig_EPHB2","EPHB2",55.3569760142164,1.20649315691078,"Olig"
"Olig_ARHGAP24","EPHB2",46.4961867124039,0.46897497302281,"Olig"
"Micro_PRDM11","EPHB2",6.09020889451263,-0.749458921905094,"Micro"
"Micro_HSPA6","EPHB2",2.69957618624483,-0.030282938747999,"Micro"
"Micro_GPNMB","EPHB2",3.03027058228615,-1.1599751918279,"Micro"
"Micro_FCGR1B","EPHB2",3.08083112615212,-0.840655645513829,"Micro"
"Micro_CR1","EPHB2",4.53210875057246,-0.573262756668961,"Micro"
"Micro_CD83_WIPF1","EPHB2",2.95002640811421,-1.17542410632442,"Micro"
"Micro_CD74_BTF","EPHB2",3.54990115184915,-0.484599043951865,"Micro"
"Glut_L6b_CTGF","EPHB2",3.53030955316613,-0.60137453458522,"Glut"
"Glut_L6_THEMIS_POSTN","EPHB2",4.86332041356194,-0.1159133883756,"Glut"
"Glut_L6_SULF1_SGCZ","EPHB2",2.08631723439457,-0.725610800768669,"Glut"
"Glut_L6_RORB_THEMIS_PXDN","EPHB2",4.42578048994101,-0.821325378798257,"Glut"
"Glut_L56_NPSR1","EPHB2",7.20874890286622,-0.903456470541164,"Glut"
"Glut_L5_RORB_THEMIS_ADGRL4","EPHB2",3.19384071487878,-0.458910707684344,"Glut"
"Glut_L5_RORB_FSHR","EPHB2",9.14081060360346,-0.372343466218667,"Glut"
"Glut_L5_RORB_COL22A1","EPHB2",7.34360312381712,-0.543438956710718,"Glut"
"Glut_L5_RORB_CLMP_CACNG5","EPHB2",5.57409385545738,-0.419741013716384,"Glut"
"Glut_L23_RORB_CUX2_SYT2","EPHB2",3.34114828275275,-0.505853190263687,"Glut"
"Glut_L23_RORB_CUX2_CCDC68","EPHB2",4.97612112229102,-0.863268264763466,"Glut"
"Glut_L23_RORB_CUX2","EPHB2",5.25655481384197,-0.289774549790734,"Glut"
"Glut_L23_CUX2_LINC01500","EPHB2",3.79220236141025,-0.801253202930116,"Glut"
"Gaba_VIP","EPHB2",7.67370670446987,-0.783049907346877,"Gaba"
"Gaba_SST_PRKG2","EPHB2",10.9873905927052,-0.878116662621368,"Gaba"
"Gaba_SST_CHODL","EPHB2",2.54638326987656,-1.02558338928987,"Gaba"
"Gaba_PVALB_SLCO4C1","EPHB2",8.96230989441044,-0.336475783437657,"Gaba"
"Gaba_PVALB_GULP1_GRIK3","EPHB2",4.30629537161959,-0.491094353743813,"Gaba"
"Gaba_PVALB_COL15A1","EPHB2",5.68095732116963,-0.772108498332865,"Gaba"
"Gaba_NDNF_RELN","EPHB2",3.69777788776391,-0.606837941764576,"Gaba"
"Gaba_LAMP5_ROR2_LCP2","EPHB2",2.55466466897343,-0.294089728634991,"Gaba"
"Astro_WIF1_COX8A","EPHB2",5.16715440863182,-0.569481561821232,"Astro"
"Astro_SERPINH1","EPHB2",4.74244133718427,-0.813113533507821,"Astro"
"Astro_CTX_WIF1_VAV3","EPHB2",10.7403100646363,-0.764682618751274,"Astro"
"Astro_CTX_SMAD9_RERG","EPHB2",3.75356529113024,-0.68603601313268,"Astro"
"Astro_CD44_KCNQ3","EPHB2",6.59902643741897,-0.359852346446514,"Astro"
"Astro_CD44_CCDC85A","EPHB2",5.38626649001866,-0.744382479003669,"Astro"
"Vasc_Peri_PDGFRB","PTPRE",3.80764764470354,-0.370730581226558,"Vasc"
"Vasc_Fib_GPC3","PTPRE",3.63066473645301,-0.522566121001485,"Vasc"
"Vasc_Cap_MFSD2A","PTPRE",3.42949351932037,-0.865721569679148,"Vasc"
"Opc_PDGFRa","PTPRE",45.5290649943404,0.526464286119394,"Opc"
"Olig_SGCZ","PTPRE",40.2297409650719,-0.0520195181616591,"Olig"
"Olig_PTPRE","PTPRE",60.4194312284993,1.42319356098979,"Olig"
"Olig_EPHB2","PTPRE",36.8438029449419,-0.134217852128655,"Olig"
"Olig_ARHGAP24","PTPRE",28.0205481556492,0.158677556834928,"Olig"
"Micro_PRDM11","PTPRE",4.0942961985894,-0.363281191366019,"Micro"
"Micro_HSPA6","PTPRE",5.53572567698658,-0.859336863279144,"Micro"
"Micro_GPNMB","PTPRE",2.04340492164544,-0.8987168731612,"Micro"
"Micro_FCGR1B","PTPRE",3.62578756688583,-0.826176642002453,"Micro"
"Micro_CR1","PTPRE",3.46990719344792,-0.60786885886639,"Micro"
"Micro_CD83_WIPF1","PTPRE",4.42704872097059,-0.360013001794346,"Micro"
"Micro_CD74_BTF","PTPRE",2.04149603592593,-0.417924286634142,"Micro"
"Glut_L6b_CTGF","PTPRE",3.31521559797198,-0.546749101915624,"Glut"
"Glut_L6_THEMIS_POSTN","PTPRE",3.66181191500082,-0.41845403581612,"Glut"
"Glut_L6_SULF1_SGCZ","PTPRE",4.06279886285636,-0.947715169640299,"Glut"
"Glut_L6_RORB_THEMIS_PXDN","PTPRE",3.57211042050566,-0.289866899419741,"Glut"
"Glut_L56_NPSR1","PTPRE",2.67275370127222,-0.33453067167886,"Glut"
"Glut_L5_RORB_THEMIS_ADGRL4","PTPRE",5.61265238740473,-0.77829444952163,"Glut"
"Glut_L5_RORB_FSHR","PTPRE",8.72551237354685,-1.0105097770442,"Glut"
"Glut_L5_RORB_COL22A1","PTPRE",5.60338635243205,-0.166102818324267,"Glut"
"Glut_L5_RORB_CLMP_CACNG5","PTPRE",3.83636997471689,-0.554411467261628,"Glut"
"Glut_L23_RORB_CUX2_SYT2","PTPRE",2.869846711652,-0.712840752279375,"Glut"
"Glut_L23_RORB_CUX2_CCDC68","PTPRE",6.68592921376433,-0.332721784788858,"Glut"
"Glut_L23_RORB_CUX2","PTPRE",4.3903442999344,-0.446050577096959,"Glut"
"Glut_L23_CUX2_LINC01500","PTPRE",11.0668437018394,-0.521569801454789,"Glut"
"Gaba_VIP","PTPRE",8.45179031522373,-0.288698629779728,"Gaba"
"Gaba_SST_PRKG2","PTPRE",5.37015838254335,-0.539077582067725,"Gaba"
"Gaba_SST_CHODL","PTPRE",3.89080802810647,-0.40342434912614,"Gaba"
"Gaba_PVALB_SLCO4C1","PTPRE",5.99324324770294,-0.432151906382404,"Gaba"
"Gaba_PVALB_GULP1_GRIK3","PTPRE",2.6404611812314,-0.588800479419333,"Gaba"
"Gaba_PVALB_COL15A1","PTPRE",2.48985765230232,-0.705282030277608,"Gaba"
"Gaba_NDNF_RELN","PTPRE",5.16957374651951,-0.914704438679018,"Gaba"
"Gaba_LAMP5_ROR2_LCP2","PTPRE",5.40338777417632,-0.631635911220562,"Gaba"
"Astro_WIF1_COX8A","PTPRE",5.27368167888745,-0.884845434240925,"Astro"
"Astro_SERPINH1","PTPRE",4.98884628817931,-0.466977212609975,"Astro"
"Astro_CTX_WIF1_VAV3","PTPRE",6.36607401437953,-0.652625565069939,"Astro"
"Astro_CTX_SMAD9_RERG","PTPRE",8.38238593210873,-0.344998317577365,"Astro"
"Astro_CD44_KCNQ3","PTPRE",3.13697774061231,-0.472768610638231,"Astro"
"Astro_CD44_CCDC85A","PTPRE",4.83330224524787,-0.685956503388809,"Astro"
"Vasc_Peri_PDGFRB","AIF1",3.28127337108239,-0.729363934572473,"Vasc"
"Vasc_Fib_GPC3","AIF1",2.73737784934339,-0.912382433387492,"Vasc"
"Vasc_Cap_MFSD2A","AIF1",6.60073504001624,-0.910647429677858,"Vasc"
"Opc_PDGFRa","AIF1",2.49797529013185,-0.918868539661557,"Opc"
"Olig_SGCZ","AIF1",7.06301434219084,-0.91753142000663,"Olig"
"Olig_PTPRE","AIF1",4.78993398545866,-0.63403484808125,"Olig"
"Olig_EPHB2","AIF1",4.48584743932731,-1.11961289588519,"Olig"
"Olig_ARHGAP24","AIF1",3.07749000831049,-0.737268331388675,"Olig"
"Micro_PRDM11","AIF1",48.3984493836604,0.132853450711848,"Micro"
"Micro_HSPA6","AIF1",36.707131155205,0.0745548710255349,"Micro"
"Micro_GPNMB","AIF1",39.5594200875104,0.300460914952308,"Micro"
"Micro_FCGR1B","AIF1",47.0824234892436,0.322367730223994,"Micro"
"Micro_CR1","AIF1",29.2059531654709,0.309573854425039,"Micro"
"Micro_CD83_WIPF1","AIF1",41.2953493459807,-0.102555568940792,"Micro"
"Micro_CD74_BTF","AIF1",34.7839511283089,0.993691023636338,"Micro"
"Glut_L6b_CTGF","AIF1",13.1967680000642,-0.697350924977021,"Glut"
"Glut_L6_THEMIS_POSTN","AIF1",10.9506586702428,-0.5744297071071,"Glut"
"Glut_L6_SULF1_SGCZ","AIF1",2.00984579853381,-1.00802059693991,"Glut"
"Glut_L6_RORB_THEMIS_PXDN","AIF1",6.51671941168966,-0.316819700392948,"Glut"
"Glut_L56_NPSR1","AIF1",21.0276855460783,0.511219411263775,"Glut"
"Glut_L5_RORB_THEMIS_ADGRL4","AIF1",2.97909319928008,-0.86020953222389,"Glut"
"Glut_L5_RORB_FSHR","AIF1",7.43602226557079,-0.440493879262395,"Glut"
"Glut_L5_RORB_COL22A1","AIF1",4.01095955212962,-0.895686369493921,"Glut"
"Glut_L5_RORB_CLMP_CACNG5","AIF1",15.312183911518,-0.897400425312944,"Glut"
"Glut_L23_RORB_CUX2_SYT2","AIF1",6.80160416462921,-0.612919033333644,"Glut"
"Glut_L23_RORB_CUX2_CCDC68","AIF1",5.95717349552097,-0.560119538971551,"Glut"
"Glut_L23_RORB_CUX2","AIF1",5.90008395574229,-0.516521935238698,"Glut"
"Glut_L23_CUX2_LINC01500","AIF1",26.6661620022846,0.067118991984875,"Glut"
"Gaba_VIP","AIF1",14.7327315711747,-0.775127464561583,"Gaba"
"Gaba_SST_PRKG2","AIF1",3.03219536376338,-0.158612391122258,"Gaba"
"Gaba_SST_CHODL","AIF1",3.74267803292177,-0.491590825097854,"Gaba"
"Gaba_PVALB_SLCO4C1","AIF1",13.1526946440874,-0.512234076133862,"Gaba"
"Gaba_PVALB_GULP1_GRIK3","AIF1",5.30120874376115,-0.90949832066045,"Gaba"
"Gaba_PVALB_COL15A1","AIF1",4.86723096294732,-0.634864059064293,"Gaba"
"Gaba_NDNF_RELN","AIF1",2.09675313290994,-0.862815945285143,"Gaba"
"Gaba_LAMP5_ROR2_LCP2","AIF1",3.40011901055729,-0.917518169006784,"Gaba"
"Astro_WIF1_COX8A","AIF1",4.30878409387853,-0.595249344683269,"Astro"
"Astro_SERPINH1","AIF1",2.92664947267737,-0.84347472184744,"Astro"
"Astro_CTX_WIF1_VAV3","AIF1",2.99282325630143,-0.751344626681335,"Astro"
"Astro_CTX_SMAD9_RERG","AIF1",5.34525072461069,-0.953610278815673,"Astro"
"Astro_CD44_KCNQ3","AIF1",6.34116159563185,-0.647306620648213,"Astro"
"Astro_CD44_CCDC85A","AIF1",6.55776830119556,-0.873254203337846,"Astro"
"Vasc_Peri_PDGFRB","TMEM119",6.05935578768976,-0.587207816208455,"Vasc"
"Vasc_Fib_GPC3","TMEM119",5.67920308497694,-1.03899091968869,"Vasc"
"Vasc_Cap_MFSD2A","TMEM119",4.30485101827788,-0.765310683489946,"Vasc"
"Opc_PDGFRa","TMEM119",14.0271210778194,-0.880296890907265,"Opc"
"Olig_SGCZ","TMEM119",5.35036486324693,-0.579370281246947,"Olig"
"Olig_PTPRE","TMEM119",2.06329570780233,-0.459375295215856,"Olig"
"Olig_EPHB2","TMEM119",6.30796100845199,-1.2,"Olig"
"Olig_ARHGAP24","TMEM119",5.91963074521425,-0.262327319541999,"Olig"
"Micro_PRDM11","TMEM119",36.703330146201,0.364584471917493,"Micro"
"Micro_HSPA6","TMEM119",28.6083103430761,-0.10200866278754,"Micro"
"Micro_GPNMB","TMEM119",49.9888924172036,0.337144667992563,"Micro"
"Micro_FCGR1B","TMEM119",33.2242224416736,0.128656808052146,"Micro"
"Micro_CR1","TMEM119",35.9267942874205,0.333548133422212,"Micro"
"Micro_CD83_WIPF1","TMEM119",34.5252944660962,0.0713055724450594,"Micro"
"Micro_CD74_BTF","TMEM119",37.6697817487386,0.777825583395771,"Micro"
"Glut_L6b_CTGF","TMEM119",3.75034742638515,-0.286330956453239,"Glut"
"Glut_L6_THEMIS_POSTN","TMEM119",2.20580083455395,-0.503945548386366,"Glut"
"Glut_L6_SULF1_SGCZ","TMEM119",7.36019147150284,-0.235264698019267,"Glut"
"Glut_L6_RORB_THEMIS_PXDN","TMEM119",36.2558173194397,0.917178260097342,"Glut"
"Glut_L56_NPSR1","TMEM119",2.75692016084998,-0.572059720706381,"Glut"
"Glut_L5_RORB_THEMIS_ADGRL4","TMEM119",10.4752154455532,-0.855008856823625,"Glut"
"Glut_L5_RORB_FSHR","TMEM119",2.55215143889644,-0.204796298950531,"Glut"
"Glut_L5_RORB_COL22A1","TMEM119",4.61047083164252,-0.539592601876174,"Glut"
"Glut_L5_RORB_CLMP_CACNG5","TMEM119",6.58647336922765,-0.153883372038816,"Glut"
"Glut_L23_RORB_CUX2_SYT2","TMEM119",4.12960697381616,-1.07183916558423,"Glut"
"Glut_L23_RORB_CUX2_CCDC68","TMEM119",10.3026176094133,-0.618338958972732,"Glut"
"Glut_L23_RORB_CUX2","TMEM119",3.03922598137548,-0.880254734922399,"Glut"
"Glut_L23_CUX2_LINC01500","TMEM119",5.26201459664979,-0.987773608613338,"Glut"
"Gaba_VIP","TMEM119",3.07004029376562,-0.898868529254102,"Gaba"
"Gaba_SST_PRKG2","TMEM119",2.99999436294556,-1.10632365440027,"Gaba"
"Gaba_SST_CHODL","TMEM119",3.52388507494083,-0.643384405480234,"Gaba"
"Gaba_PVALB_SLCO4C1","TMEM119",5.03044882091532,-0.730599902852009,"Gaba"
"Gaba_PVALB_GULP1_GRIK3","TMEM119",7.77747559827749,-0.772363347583909,"Gaba"
"Gaba_PVALB_COL15A1","TMEM119",6.0222405851925,-0.60208922485854,"Gaba"
"Gaba_NDNF_RELN","TMEM119",7.75642495610825,-0.98731096341693,"Gaba"
"Gaba_LAMP5_ROR2_LCP2","TMEM119",3.93929205695864,-0.583017011533404,"Gaba"
"Astro_WIF1_COX8A","TMEM119",12.1478140928799,-0.905600912221395,"Astro"
"Astro_SERPINH1","TMEM119",4.60355594408922,-0.616294564339704,"Astro"
"Astro_CTX_WIF1_VAV3","TMEM119",8.02529477914684,-0.642988784240187,"Astro"
"Astro_CTX_SMAD9_RERG","TMEM119",2.66610284091583,-0.724208991321419,"Astro"
"Astro_CD44_KCNQ3","TMEM119",5.49356690529935,-0.752243970760104,"Astro"
"Astro_CD44_CCDC85A","TMEM119",8.35946164341015,-0.350179147316954,"Astro"
"Vasc_Peri_PDGFRB","P2RY12",2.99990406962968,-0.472644030170433,"Vasc"
"Vasc_Fib_GPC3","P2RY12",4.66537724594745,-0.157599070670235,"Vasc"
"Vasc_Cap_MFSD2A","P2RY12",3.01292555674295,-0.92430179532484,"Vasc"
"Opc_PDGFRa","P2RY12",3.36787139138092,-0.767852632912218,"Opc"
"Olig_SGCZ","P2RY12",2.88776582117105,-0.409967869779973,"Olig"
"Olig_PTPRE","P2RY12",3.70834783253086,-0.558789577307294,"Olig"
"Olig_EPHB2","P2RY12",2.21075698567248,-0.695463255173584,"Olig"
"Olig_ARHGAP24","P2RY12",2.63357682977966,-0.623922239931436,"Olig"
"Micro_PRDM11","P2RY12",71.8456781578041,1.97272310927803,"Micro"
"Micro_HSPA6","P2RY12",39.5956044018198,0.645102363362013,"Micro"
"Micro_GPNMB","P2RY12",27.163101655324,0.517176075021251,"Micro"
"Micro_FCGR1B","P2RY12",28.6577792007441,0.414491525971836,"Micro"
"Micro_CR1","P2RY12",27.4321035266775,-0.0286943339852341,"Micro"
"Micro_CD83_WIPF1","P2RY12",29.2874948708434,-0.142056500702896,"Micro"
"Micro_CD74_BTF","P2RY12",39.8314005384737,0.78056195028114,"Micro"
"Glut_L6b_CTGF","P2RY12",12.1722013181193,-0.444761934764717,"Glut"
"Glut_L6_THEMIS_POSTN","P2RY12",8.54133728913568,-0.972969673272936,"Glut"
"Glut_L6_SULF1_SGCZ","P2RY12",2.17268800659608,-0.573659732006766,"Glut"
"Glut_L6_RORB_THEMIS_PXDN","P2RY12",2.86202257015645,-0.532761280461653,"Glut"
"Glut_L56_NPSR1","P2RY12",3.58987020473235,-0.837500209452499,"Glut"
"Glut_L5_RORB_THEMIS_ADGRL4","P2RY12",3.86807758090251,-0.522470185024191,"Glut"
"Glut_L5_RORB_FSHR","P2RY12",5.49355517250866,-0.888317872058943,"Glut"
"Glut_L5_RORB_COL22A1","P2RY12",6.20254921810853,-0.295044000443814,"Glut"
"Glut_L5_RORB_CLMP_CACNG5","P2RY12",4.82468563249339,-0.889698050798597,"Glut"
"Glut_L23_RORB_CUX2_SYT2","P2RY12",4.05245533388918,-0.510798134239352,"Glut"
"Glut_L23_RORB_CUX2_CCDC68","P2RY12",3.358221987642,-0.9230695570268,"Glut"
"Glut_L23_RORB_CUX2","P2RY12",4.79688852538158,-0.153345678210896,"Glut"
"Glut_L23_CUX2_LINC01500","P2RY12",8.11481558261244,-0.801926894334356,"Glut"
"Gaba_VIP","P2RY12",11.9991454313495,-0.567812232330259,"Gaba"
"Gaba_SST_PRKG2","P2RY12",2.90216891820017,-0.167125926705328,"Gaba"
"Gaba_SST_CHODL","P2RY12",2.83940481890456,-0.27423899387454,"Gaba"
"Gaba_PVALB_SLCO4C1","P2RY12",6.82306451015474,-0.640462799005158,"Gaba"
"Gaba_PVALB_GULP1_GRIK3","P2RY12",4.99050545435863,-0.889913539573476,"Gaba"
"Gaba_PVALB_COL15A1","P2RY12",7.80348923900116,-0.986285657718187,"Gaba"
"Gaba_NDNF_RELN","P2RY12",6.4048330547976,-0.487268980513968,"Gaba"
"Gaba_LAMP5_ROR2_LCP2","P2RY12",33.509657892489,0.367958016704183,"Gaba"
"Astro_WIF1_COX8A","P2RY12",2.23402668034267,-0.379065263319338,"Astro"
"Astro_SERPINH1","P2RY12",10.543885470505,-0.286516754250363,"Astro"
"Astro_CTX_WIF1_VAV3","P2RY12",2.95989966218778,-0.613405594404595,"Astro"
"Astro_CTX_SMAD9_RERG","P2RY12",4.06527915160603,-1.00345982064849,"Astro"
"Astro_CD44_KCNQ3","P2RY12",4.59866521651463,-1.08676119852421,"Astro"
"Astro_CD44_CCDC85A","P2RY12",5.83008799798,-0.688500071023775,"Astro"
"Vasc_Peri_PDGFRB","CD74",7.43379281083104,-0.615706496827766,"Vasc"
"Vasc_Fib_GPC3","CD74",5.46034623832494,-0.905150855605283,"Vasc"
"Vasc_Cap_MFSD2A","CD74",3.88545374387049,-0.391080996999946,"Vasc"
"Opc_PDGFRa","CD74",2.64208538913802,-0.979941398219039,"Opc"
"Olig_SGCZ","CD74",7.46174793237073,-0.341173705295986,"Olig"
"Olig_PTPRE","CD74",3.07377899694043,-0.257328815262104,"Olig"
"Olig_EPHB2","CD74",6.73510193754842,-0.886631919835864,"Olig"
"Olig_ARHGAP24","CD74",3.93728421643457,-0.571614145038278,"Olig"
"Micro_PRDM11","CD74",44.9833479174553,0.586693824020635,"Micro"
"Micro_HSPA6","CD74",26.845456862122,0.409598404044112,"Micro"
"Micro_GPNMB","CD74",46.4219041811301,0.957004940421857,"Micro"
"Micro_FCGR1B","CD74",37.1800029308503,0.340741286516784,"Micro"
"Micro_CR1","CD74",32.5164717951301,0.0325076086486946,"Micro"
"Micro_CD83_WIPF1","CD74",52.2863231416339,1.29871408511834,"Micro"
"Micro_CD74_BTF","CD74",58.7602761058945,1.18881968675397,"Micro"
"Glut_L6b_CTGF","CD74",3.99745579564083,-0.435955404758476,"Glut"
"Glut_L6_THEMIS_POSTN","CD74",2.41173636222045,-0.71793224495238,"Glut"
"Glut_L6_SULF1_SGCZ","CD74",3.02827278544581,-0.789751181174725,"Glut"
"Glut_L6_RORB_THEMIS_PXDN","CD74",6.3874083766902,-0.666120585164615,"Glut"
"Glut_L56_NPSR1","CD74",7.9891909431695,-0.516880034113848,"Glut"
"Glut_L5_RORB_THEMIS_ADGRL4","CD74",2.34050300845971,-0.606763564525477,"Glut"
"Glut_L5_RORB_FSHR","CD74",3.83333921239395,-0.593230024816859,"Glut"
"Glut_L5_RORB_COL22A1","CD74",2.94843985108245,-0.510648429097322,"Glut"
"Glut_L5_RORB_CLMP_CACNG5","CD74",6.1472603329551,-0.723277339683673,"Glut"
"Glut_L23_RORB_CUX2_SYT2","CD74",6.66387744668038,-0.527614613285776,"Glut"
"Glut_L23_RORB_CUX2_CCDC68","CD74",6.93324095671448,-0.674120524588011,"Glut"
"Glut_L23_RORB_CUX2","CD74",8.71517953183989,-0.839356010082967,"Glut"
"Glut_L23_CUX2_LINC01500","CD74",5.85737694607551,-1.13458787666829,"Glut"
"Gaba_VIP","CD74",4.70183171628346,-0.245730393314872,"Gaba"
"Gaba_SST_PRKG2","CD74",11.8663281511093,-0.645654808853578,"Gaba"
"Gaba_SST_CHODL","CD74",6.53179050403174,-0.476394995048526,"Gaba"
"Gaba_PVALB_SLCO4C1","CD74",3.84692179393982,-0.538441872624993,"Gaba"
"Gaba_PVALB_GULP1_GRIK3","CD74",3.40449930720031,-0.586829112705544,"Gaba"
"Gaba_PVALB_COL15A1","CD74",9.11833953929805,-0.134468961778441,"Gaba"
"Gaba_NDNF_RELN","CD74",3.08812833519509,-1.0104347922085,"Gaba"
"Gaba_LAMP5_ROR2_LCP2","CD74",7.64821732080295,-0.343625278209946,"Gaba"
"Astro_WIF1_COX8A","CD74",8.25615016417557,-0.726426050252954,"Astro"
"Astro_SERPINH1","CD74",2.79561925941537,-0.483886695145632,"Astro"
"Astro_CTX_WIF1_VAV3","CD74",13.0457732378112,-0.921364826642061,"Astro"
"Astro_CTX_SMAD9_RERG","CD74",2.683484824692,-0.652033385286689,"Astro"
"Astro_CD44_KCNQ3","CD74",5.83734754285002,-0.809614019500416,"Astro"
"Astro_CD44_CCDC85A","CD74",6.78272369006034,-0.470816758130506,"Astro"
"Vasc_Peri_PDGFRB","CD83",6.61893032835478,-0.790932447202253,"Vasc"
"Vasc_Fib_GPC3","CD83",2.6905531065583,-0.544946872008672,"Vasc"
"Vasc_Cap_MFSD2A","CD83",2.3690620686426,-0.731368409886998,"Vasc"
"Opc_PDGFRa","CD83",7.73212572991292,-0.97327696495908,"Opc"
"Olig_SGCZ","CD83",5.62061747693251,-1.04950976414329,"Olig"
"Olig_PTPRE","CD83",32.4418715836303,0.593385615598577,"Olig"
"Olig_EPHB2","CD83",4.00142413705163,-0.773747687234872,"Olig"
"Olig_ARHGAP24","CD83",7.68585099330623,-0.533887393818764,"Olig"
"Micro_PRDM11","CD83",48.617773755585,0.484584880226655,"Micro"
"Micro_HSPA6","CD83",43.287308037281,0.545639633536535,"Micro"
"Micro_GPNMB","CD83",40.7021404307421,0.139146246249051,"Micro"
"Micro_FCGR1B","CD83",41.6232105773075,0.422087514639513,"Micro"
"Micro_CR1","CD83",37.3645306362791,0.185358727820969,"Micro"
"Micro_CD83_WIPF1","CD83",67.4118490032566,0.446785516039207,"Micro"
"Micro_CD74_BTF","CD83",39.7896213151785,0.130370521115511,"Micro"
"Glut_L6b_CTGF","CD83",4.53109174595697,-0.897385371784805,"Glut"
"Glut_L6_THEMIS_POSTN","CD83",7.11315204153045,-0.971877259942827,"Glut"
"Glut_L6_SULF1_SGCZ","CD83",4.1010578248136,-0.891442602440183,"Glut"
"Glut_L6_RORB_THEMIS_PXDN","CD83",5.17381715389138,-0.330744255841355,"Glut"
"Glut_L56_NPSR1","CD83",5.52930299699036,-0.758749225702406,"Glut"
"Glut_L5_RORB_THEMIS_ADGRL4","CD83",3.36410553904774,-0.449282745918641,"Glut"
"Glut_L5_RORB_FSHR","CD83",7.95884916018352,-0.230656032254167,"Glut"
"Glut_L5_RORB_COL22A1","CD83",2.37610807821908,-0.908028685969172,"Glut"
"Glut_L5_RORB_CLMP_CACNG5","CD83",3.29322049723567,-0.551417210884523,"Glut"
"Glut_L23_RORB_CUX2_SYT2","CD83",2.53938245366139,-0.43711699678889,"Glut"
"Glut_L23_RORB_CUX2_CCDC68","CD83",9.00668672194143,-0.841585436880743,"Glut"
"Glut_L23_RORB_CUX2","CD83",2.37060836100167,-0.91044707747514,"Glut"
"Glut_L23_CUX2_LINC01500","CD83",8.89784487713762,-1.08367661157176,"Glut"
"Gaba_VIP","CD83",4.11999189096891,-0.40187216456761,"Gaba"
"Gaba_SST_PRKG2","CD83",5.05051371717827,-0.62921554905138,"Gaba"
"Gaba_SST_CHODL","CD83",5.7203838973611,-0.42031870959481,"Gaba"
"Gaba_PVALB_SLCO4C1","CD83",7.89592080272378,-0.515775870224214,"Gaba"
"Gaba_PVALB_GULP1_GRIK3","CD83",14.5108271211807,-0.653338515905766,"Gaba"
"Gaba_PVALB_COL15A1","CD83",4.75522396282252,-0.250753802952489,"Gaba"
"Gaba_NDNF_RELN","CD83",5.5287725471725,-0.738587912958363,"Gaba"
"Gaba_LAMP5_ROR2_LCP2","CD83",5.37022348359815,-0.54894743094482,"Gaba"
"Astro_WIF1_COX8A","CD83",6.47142773835882,-0.852595799584996,"Astro"
"Astro_SERPINH1","CD83",2.91534215150884,-0.212879551253386,"Astro"
"Astro_CTX_WIF1_VAV3","CD83",5.33519233498078,-0.855901974767468,"Astro"
"Astro_CTX_SMAD9_RERG","CD83",3.18438381327706,-0.566861090511467,"Astro"
"Astro_CD44_KCNQ3","CD83",5.96260374780091,-0.0676302155286381,"Astro"
"Astro_CD44_CCDC85A","CD83",6.4989488665001,-0.497466685504857,"Astro"
"Vasc_Peri_PDGFRB","WIPF1",5.10248838481194,-0.428182994271728,"Vasc"
"Vasc_Fib_GPC3","WIPF1",4.75785635341665,-0.715481761857447,"Vasc"
"Vasc_Cap_MFSD2A","WIPF1",5.74697773697817,-0.533567264339246,"Vasc"
"Opc_PDGFRa","WIPF1",4.35733619523868,-0.736341570636749,"Opc"
"Olig_SGCZ","WIPF1",2.86710209150132,-0.544839524110897,"Olig"
"Olig_PTPRE","WIPF1",3.34490135690676,-0.284968140305293,"Olig"
"Olig_EPHB2","WIPF1",11.8976632323779,-0.711432510001672,"Olig"
"Olig_ARHGAP24","WIPF1",5.97947962643481,-1.00783662483526,"Olig"
"Micro_PRDM11","WIPF1",39.0974256079129,-0.137009489376573,"Micro"
"Micro_HSPA6","WIPF1",46.1572609141438,0.123811102484046,"Micro"
"Micro_GPNMB","WIPF1",34.3898123426517,0.131592740311253,"Micro"
"Micro_FCGR1B","WIPF1",32.0302916366333,0.234259992117931,"Micro"
"Micro_CR1","WIPF1",33.1116209547017,1.17747861084898,"Micro"
"Micro_CD83_WIPF1","WIPF1",69.7034889508889,0.832927301606409,"Micro"
"Micro_CD74_BTF","WIPF1",40.6835207516728,0.216383784424939,"Micro"
"Glut_L6b_CTGF","WIPF1",8.20523275208367,-0.241087207999887,"Glut"
"Glut_L6_THEMIS_POSTN","WIPF1",9.99836996573741,-0.936385833151217,"Glut"
"Glut_L6_SULF1_SGCZ","WIPF1",3.07630103048732,-0.344971098747492,"Glut"
"Glut_L6_RORB_THEMIS_PXDN","WIPF1",6.1956982632612,-0.797524231347955,"Glut"
"Glut_L56_NPSR1","WIPF1",5.95525401782372,-0.371373275849565,"Glut"
"Glut_L5_RORB_THEMIS_ADGRL4","WIPF1",4.85536958538599,-0.635164562345741,"Glut"
"Glut_L5_RORB_FSHR","WIPF1",3.14346076327315,-0.830779797927602,"Glut"
"Glut_L5_RORB_COL22A1","WIPF1",4.31053961957444,-1.01017748722384,"Glut"
"Glut_L5_RORB_CLMP_CACNG5","WIPF1",2.59671919557829,-0.273465226127095,"Glut"
"Glut_L23_RORB_CUX2_SYT2","WIPF1",2.0908041965515,-0.654258655123658,"Glut"
"Glut_L23_RORB_CUX2_CCDC68","WIPF1",5.7443561657281,-0.186085974772685,"Glut"
"Glut_L23_RORB_CUX2","WIPF1",3.38692953305887,-0.621494185126626,"Glut"
"Glut_L23_CUX2_LINC01500","WIPF1",2.75650948778303,-0.652670031968648,"Glut"
"Gaba_VIP","WIPF1",3.51388924534939,-0.23120605698403,"Gaba"
"Gaba_SST_PRKG2","WIPF1",4.0116969769201,-0.877700066345501,"Gaba"
"Gaba_SST_CHODL","WIPF1",7.34980398828862,-0.676637779575203,"Gaba"
"Gaba_PVALB_SLCO4C1","WIPF1",5.45183305663078,-0.669083162476125,"Gaba"
"Gaba_PVALB_GULP1_GRIK3","WIPF1",2.75948480150515,-0.83083389091817,"Gaba"
"Gaba_PVALB_COL15A1","WIPF1",4.32585060064443,-0.691890235358213,"Gaba"
"Gaba_NDNF_RELN","WIPF1",5.01773403464537,-0.644677020643945,"Gaba"
"Gaba_LAMP5_ROR2_LCP2","WIPF1",5.47985139823781,-0.624892186410636,"Gaba"
"Astro_WIF1_COX8A","WIPF1",2.21524136305907,-0.287422985620028,"Astro"
"Astro_SERPINH1","WIPF1",2.32299042780265,-0.547548362492225,"Astro"
"Astro_CTX_WIF1_VAV3","WIPF1",3.31404503971995,-0.871817855646698,"Astro"
"Astro_CTX_SMAD9_RERG","WIPF1",4.86498281511397,-0.222500915858748,"Astro"
"Astro_CD44_KCNQ3","WIPF1",10.476578797787,-0.741716396781372,"Astro"
"Astro_CD44_CCDC85A","WIPF1",9.36921446076239,-1.01611436689604,"Astro"
"Vasc_Peri_PDGFRB","CR1",6.12604246798123,-0.453762776497303,"Vasc"
"Vasc_Fib_GPC3","CR1",35.606912667668,0.0577479423842985,"Vasc"
"Vasc_Cap_MFSD2A","CR1",5.91112063515597,-0.345216001819846,"Vasc"
"Opc_PDGFRa","CR1",9.6494024521499,-0.710149076641723,"Opc"
"Olig_SGCZ","CR1",6.97998196734921,-0.856262396370797,"Olig"
"Olig_PTPRE","CR1",6.83535253111055,-0.462680147055343,"Olig"
"Olig_EPHB2","CR1",2.82877397853093,-0.613892012163452,"Olig"
"Olig_ARHGAP24","CR1",8.0728682349027,-0.312964588601118,"Olig"
"Micro_PRDM11","CR1",36.8434602324198,0.134689791904676,"Micro"
"Micro_HSPA6","CR1",39.0411968306755,0.623447042998887,"Micro"
"Micro_GPNMB","CR1",33.9881036535252,0.850627144157488,"Micro"
"Micro_FCGR1B","CR1",44.6833207229138,0.27651184042005,"Micro"
"Micro_CR1","CR1",57.3647789114833,1.92328681994164,"Micro"
"Micro_CD83_WIPF1","CR1",34.7590619818678,0.398282585960011,"Micro"
"Micro_CD74_BTF","CR1",40.5150505757309,0.50594214910825,"Micro"
"Glut_L6b_CTGF","CR1",3.43682618755421,-0.585442757176407,"Glut"
"Glut_L6_THEMIS_POSTN","CR1",6.06513396102105,-0.793879829212839,"Glut"
"Glut_L6_SULF1_SGCZ","CR1",4.03334792320214,-0.895662323573715,"Glut"
"Glut_L6_RORB_THEMIS_PXDN","CR1",12.5770337612808,-0.559489874904644,"Glut"
"Glut_L56_NPSR1","CR1",2.66097783163215,-1.16079761858046,"Glut"
"Glut_L5_RORB_THEMIS_ADGRL4","CR1",3.93723229182164,-0.546154777598926,"Glut"
"Glut_L5_RORB_FSHR","CR1",3.74083347064112,-1.2,"Glut"
"Glut_L5_RORB_COL22A1","CR1",4.55492283895313,-0.824898944007641,"Glut"
"Glut_L5_RORB_CLMP_CACNG5","CR1",2.59249359914758,-0.169225408207225,"Glut"
"Glut_L23_RORB_CUX2_SYT2","CR1",4.13862230923606,-1.07264166114266,"Glut"
"Glut_L23_RORB_CUX2_CCDC68","CR1",26.106806332201,0.558526087366319,"Glut"
"Glut_L23_RORB_CUX2","CR1",11.9572094451077,-0.52483472020488,"Glut"
"Glut_L23_CUX2_LINC01500","CR1",2.33054040657485,-0.836078494182673,"Glut"
"Gaba_VIP","CR1",4.3063846105071,-0.891408500303854,"Gaba"
"Gaba_SST_PRKG2","CR1",6.12737061253534,-0.863491255607867,"Gaba"
"Gaba_SST_CHODL","CR1",8.75012811720788,-0.306688294943224,"Gaba"
"Gaba_PVALB_SLCO4C1","CR1",2.03304727667735,-0.740459775060295,"Gaba"
"Gaba_PVALB_GULP1_GRIK3","CR1",5.99172891701268,-0.558240716615935,"Gaba"
"Gaba_PVALB_COL15A1","CR1",2.91788078830006,-0.330954212936906,"Gaba"
"Gaba_NDNF_RELN","CR1",3.76035897209269,-0.441133523946255,"Gaba"
"Gaba_LAMP5_ROR2_LCP2","CR1",6.18656897260603,-0.451387066148808,"Gaba"
"Astro_WIF1_COX8A","CR1",10.2863505536338,-0.56127847319989,"Astro"
"Astro_SERPINH1","CR1",4.4433433999845,-0.425580942962627,"Astro"
"Astro_CTX_WIF1_VAV3","CR1",10.2632230650929,-0.469928662724331,"Astro"
"Astro_CTX_SMAD9_RERG","CR1",2.18946352345341,-0.687542213924084,"Astro"
"Astro_CD44_KCNQ3","CR1",4.71843031620815,-0.243109044030647,"Astro"
"Astro_CD44_CCDC85A","CR1",5.73032997436961,-0.389664918206395,"Astro"
"Vasc_Peri_PDGFRB","FCGR1B",3.24798395316502,-0.576440720502483,"Vasc"
"Vasc_Fib_GPC3","FCGR1B",2.57927831820253,-0.82480199792739,"Vasc"
"Vasc_Cap_MFSD2A","FCGR1B",2.26069100386449,-0.731016227587456,"Vasc"
"Opc_PDGFRa","FCGR1B",7.58462554656687,-0.572018603908953,"Opc"
"Olig_SGCZ","FCGR1B",5.26683964855573,-0.62630505347914,"Olig"
"Olig_PTPRE","FCGR1B",3.76792858495849,-0.826826561945889,"Olig"
"Olig_EPHB2","FCGR1B",28.385337222193,0.476365110769815,"Olig"
"Olig_ARHGAP24","FCGR1B",2.66674898880531,-0.354261401747861,"Olig"
"Micro_PRDM11","FCGR1B",41.5445641969486,-0.321962027078051,"Micro"
"Micro_HSPA6","FCGR1B",42.631342208165,-0.038634593039971,"Micro"
"Micro_GPNMB","FCGR1B",51.4343576938806,-0.168259203368279,"Micro"
"Micro_FCGR1B","FCGR1B",58.2797580875892,1.0973286255001,"Micro"
"Micro_CR1","FCGR1B",40.5748759986624,-0.115725398705108,"Micro"
"Micro_CD83_WIPF1","FCGR1B",42.4582491330186,0.70770739210596,"Micro"
"Micro_CD74_BTF","FCGR1B",29.6889992937958,0.258122365589663,"Micro"
"Glut_L6b_CTGF","FCGR1B",4.4519691950804,-0.298110839857711,"Glut"
"Glut_L6_THEMIS_POSTN","FCGR1B",6.18556356236865,-0.568437875705258,"Glut"
"Glut_L6_SULF1_SGCZ","FCGR1B",2.71871476437906,-0.944028137878335,"Glut"
"Glut_L6_RORB_THEMIS_PXDN","FCGR1B",4.88523668915003,-0.370978600807108,"Glut"
"Glut_L56_NPSR1","FCGR1B",18.330843857408,0.862106891965932,"Glut"
"Glut_L5_RORB_THEMIS_ADGRL4","FCGR1B",2.580796398,-0.698284223818538,"Glut"
"Glut_L5_RORB_FSHR","FCGR1B",3.88316095079066,-0.823923420355311,"Glut"
"Glut_L5_RORB_COL22A1","FCGR1B",4.65346647197124,-0.874389648556119,"Glut"
"Glut_L5_RORB_CLMP_CACNG5","FCGR1B",14.4837100832248,-0.956714112253243,"Glut"
"Glut_L23_RORB_CUX2_SYT2","FCGR1B",7.02357485914817,-1.0596440473401,"Glut"
"Glut_L23_RORB_CUX2_CCDC68","FCGR1B",5.41555024951887,-0.768227316378183,"Glut"
"Glut_L23_RORB_CUX2","FCGR1B",3.32998400784326,-0.588103778263818,"Glut"
"Glut_L23_CUX2_LINC01500","FCGR1B",3.48215538503169,-0.665508795872915,"Glut"
"Gaba_VIP","FCGR1B",10.1387259992171,-0.473794098792857,"Gaba"
"Gaba_SST_PRKG2","FCGR1B",4.26153452072028,-0.618963412943313,"Gaba"
"Gaba_SST_CHODL","FCGR1B",4.34810116845801,-0.332976432848695,"Gaba"
"Gaba_PVALB_SLCO4C1","FCGR1B",9.14846152675281,-0.505804971880905,"Gaba"
"Gaba_PVALB_GULP1_GRIK3","FCGR1B",3.37910910507612,-0.909549944755254,"Gaba"
"Gaba_PVALB_COL15A1","FCGR1B",9.87382091390378,-0.725416384366738,"Gaba"
"Gaba_NDNF_RELN","FCGR1B",7.22227940265626,-0.411835204652301,"Gaba"
"Gaba_LAMP5_ROR2_LCP2","FCGR1B",4.46538365739006,-0.877105440568565,"Gaba"
"Astro_WIF1_COX8A","FCGR1B",3.8769187890247,-0.596115357107518,"Astro"
"Astro_SERPINH1","FCGR1B",12.1035921673953,-0.459961273299077,"Astro"
"Astro_CTX_WIF1_VAV3","FCGR1B",9.89398260314493,-0.73554313933735,"Astro"
"Astro_CTX_SMAD9_RERG","FCGR1B",3.26296625946139,-1.2,"Astro"
"Astro_CD44_KCNQ3","FCGR1B",3.72672864694326,-0.907146775439257,"Astro"
"Astro_CD44_CCDC85A","FCGR1B",6.71002083022823,-0.766780296887327,"Astro"
"Vasc_Peri_PDGFRB","GPNMB",4.89684680412758,-0.947621469219462,"Vasc"
"Vasc_Fib_GPC3","GPNMB",3.6653708800917,-0.462566129543136,"Vasc"
"Vasc_Cap_MFSD2A","GPNMB",4.9481152716829,-0.816492133036034,"Vasc"
"Opc_PDGFRa","GPNMB",2.48156396743355,-0.844774434724024,"Opc"
"Olig_SGCZ","GPNMB",8.75961110877771,-0.523710214091044,"Olig"
"Olig_PTPRE","GPNMB",5.10497527540528,-0.631505769113963,"Olig"
"Olig_EPHB2","GPNMB",2.75754672967657,-0.449210452767982,"Olig"
"Olig_ARHGAP24","GPNMB",2.96617170785277,-0.456984324794045,"Olig"
"Micro_PRDM11","GPNMB",46.114307384228,0.575371782184277,"Micro"
"Micro_HSPA6","GPNMB",48.959514906674,0.481274826092955,"Micro"
"Micro_GPNMB","GPNMB",57.0917630776029,0.499003217730384,"Micro"
"Micro_FCGR1B","GPNMB",43.4409442441603,0.209966531011672,"Micro"
"Micro_CR1","GPNMB",65.8128693381323,0.831396254452254,"Micro"
"Micro_CD83_WIPF1","GPNMB",33.889572443471,-0.315120777108294,"Micro"
"Micro_CD74_BTF","GPNMB",34.9884472902778,0.0910090157709283,"Micro"
"Glut_L6b_CTGF","GPNMB",2.76616305884914,-0.345149127975576,"Glut"
"Glut_L6_THEMIS_POSTN","GPNMB",4.90370837316148,-0.477421142255269,"Glut"
"Glut_L6_SULF1_SGCZ","GPNMB",4.14246890724044,-0.332156988675804,"Glut"
"Glut_L6_RORB_THEMIS_PXDN","GPNMB",2.811672450221,-0.495472745547685,"Glut"
"Glut_L56_NPSR1","GPNMB",2.49581636248796,-0.696867532320421,"Glut"
"Glut_L5_RORB_THEMIS_ADGRL4","GPNMB",2.58372404510296,-0.678873793964814,"Glut"
"Glut_L5_RORB_FSHR","GPNMB",7.97305494090367,-0.135915304407049,"Glut"
"Glut_L5_RORB_COL22A1","GPNMB",2.99238979315312,-0.437397927107563,"Glut"
"Glut_L5_RORB_CLMP_CACNG5","GPNMB",8.31340872964067,-0.364712318749352,"Glut"
"Glut_L23_RORB_CUX2_SYT2","GPNMB",2.12051482853704,-0.795038945051348,"Glut"
"Glut_L23_RORB_CUX2_CCDC68","GPNMB",5.56520378063487,-0.487019150858412,"Glut"
"Glut_L23_RORB_CUX2","GPNMB",6.46857153874297,-0.345513958014405,"Glut"
"Glut_L23_CUX2_LINC01500","GPNMB",6.26892834581742,-1.12515695096066,"Glut"
"Gaba_VIP","GPNMB",2.77686988795487,-0.691957917341342,"Gaba"
"Gaba_SST_PRKG2","GPNMB",4.12159014923696,-0.85902911065329,"Gaba"
"Gaba_SST_CHODL","GPNMB",11.3135758572022,-0.715597632476011,"Gaba"
"Gaba_PVALB_SLCO4C1","GPNMB",2.81874671915986,-0.629157202497859,"Gaba"
"Gaba_PVALB_GULP1_GRIK3","GPNMB",2.1510580073045,-1.11643932848643,"Gaba"
"Gaba_PVALB_COL15A1","GPNMB",3.72205542025987,-0.673466811646069,"Gaba"
"Gaba_NDNF_RELN","GPNMB",26.6143419601734,0.0836579840814788,"Gaba"
"Gaba_LAMP5_ROR2_LCP2","GPNMB",4.7149557872844,-0.667320044532726,"Gaba"
"Astro_WIF1_COX8A","GPNMB",4.54494420435445,-0.883092593075286,"Astro"
"Astro_SERPINH1","GPNMB",33.0603183773949,0.151028780663232,"Astro"
"Astro_CTX_WIF1_VAV3","GPNMB",5.24322834483063,-0.582194667239198,"Astro"
"Astro_CTX_SMAD9_RERG","GPNMB",5.25930154718153,-0.859430218426335,"Astro"
"Astro_CD44_KCNQ3","GPNMB",2.23957519381116,-0.532231277635511,"Astro"
"Astro_CD44_CCDC85A","GPNMB",5.34819571192357,-1.08964150350874,"Astro"
"Vasc_Peri_PDGFRB","HSPA6",2.06401627622047,-0.937742702371917,"Vasc"
"Vasc_Fib_GPC3","HSPA6",7.83280860413563,-0.72982720970053,"Vasc"
"Vasc_Cap_MFSD2A","HSPA6",2.41276220418174,-0.744999127920912,"Vasc"
"Opc_PDGFRa","HSPA6",4.4034200212598,-0.585855475781817,"Opc"
"Olig_SGCZ","HSPA6",10.185125923235,-0.548141209823661,"Olig"
"Olig_PTPRE","HSPA6",9.14351835621654,-0.392139131778293,"Olig"
"Olig_EPHB2","HSPA6",6.68034134472672,-0.710108465805608,"Olig"
"Olig_ARHGAP24","HSPA6",2.65536567539404,-0.621923576682137,"Olig"
"Micro_PRDM11","HSPA6",42.0952481332678,0.145324432344463,"Micro"
"Micro_HSPA6","HSPA6",71.23477127004,0.109586373336468,"Micro"
"Micro_GPNMB","HSPA6",24.1820367016013,0.144714321037444,"Micro"
"Micro_FCGR1B","HSPA6",25.3874024297436,0.120830909142954,"Micro"
"Micro_CR1","HSPA6",23.6538373712139,0.377831298884803,"Micro"
"Micro_CD83_WIPF1","HSPA6",27.9827700047185,0.71756351972699,"Micro"
"Micro_CD74_BTF","HSPA6",33.7591555470136,-0.186412719630854,"Micro"
"Glut_L6b_CTGF","HSPA6",2.29061768850362,-0.186605783576437,"Glut"
"Glut_L6_THEMIS_POSTN","HSPA6",4.46536096350152,-0.869639660100325,"Glut"
"Glut_L6_SULF1_SGCZ","HSPA6",8.22020902265368,-0.559246161779704,"Glut"
"Glut_L6_RORB_THEMIS_PXDN","HSPA6",4.6398916233874,-0.507490925284353,"Glut"
"Glut_L56_NPSR1","HSPA6",23.5730640649623,-0.0671484159392973,"Glut"
"Glut_L5_RORB_THEMIS_ADGRL4","HSPA6",7.60202103239398,-0.915404731154139,"Glut"
"Glut_L5_RORB_FSHR","HSPA6",2.90319573124455,-0.718988755360081,"Glut"
"Glut_L5_RORB_COL22A1","HSPA6",3.83127079864655,-0.706382758761713,"Glut"
"Glut_L5_RORB_CLMP_CACNG5","HSPA6",6.16446695451092,-0.73207220339529,"Glut"
"Glut_L23_RORB_CUX2_SYT2","HSPA6",10.2221732676753,-0.483429437861511,"Glut"
"Glut_L23_RORB_CUX2_CCDC68","HSPA6",4.16826009463424,-0.537223567810422,"Glut"
"Glut_L23_RORB_CUX2","HSPA6",6.74970976214238,-0.420846446467835,"Glut"
"Glut_L23_CUX2_LINC01500","HSPA6",4.35086148431405,-0.612949015896029,"Glut"
"Gaba_VIP","HSPA6",3.33545709596686,-0.774578078821737,"Gaba"
"Gaba_SST_PRKG2","HSPA6",5.77948637945758,-0.331434647903342,"Gaba"
"Gaba_SST_CHODL","HSPA6",2.5584048864591,-0.501754259346765,"Gaba"
"Gaba_PVALB_SLCO4C1","HSPA6",4.48985207722813,-0.688504300655765,"Gaba"
"Gaba_PVALB_GULP1_GRIK3","HSPA6",2.27673147487795,-0.285457264632044,"Gaba"
"Gaba_PVALB_COL15A1","HSPA6",4.30452567587765,-0.788590683480862,"Gaba"
"Gaba_NDNF_RELN","HSPA6",3.51571625545373,-0.6525497866274,"Gaba"
"Gaba_LAMP5_ROR2_LCP2","HSPA6",2.38331229112307,-0.547039591091023,"Gaba"
"Astro_WIF1_COX8A","HSPA6",3.18686015838848,-0.377311486466788,"Astro"
"Astro_SERPINH1","HSPA6",3.72597722684483,-0.672190877378082,"Astro"
"Astro_CTX_WIF1_VAV3","HSPA6",8.09806235129305,-0.944492879909026,"Astro"
"Astro_CTX_SMAD9_RERG","HSPA6",3.52547704390813,-0.673792320394481,"Astro"
"Astro_CD44_KCNQ3","HSPA6",2.72302862047485,-1.07261322710121,"Astro"
"Astro_CD44_CCDC85A","HSPA6",4.57540273975027,-0.831862706770242,"Astro"
"Vasc_Peri_PDGFRB","CLDN5",38.0032279268119,0.454975779041947,"Vasc"
"Vasc_Fib_GPC3","CLDN5",35.1679246167842,0.30759717170678,"Vasc"
"Vasc_Cap_MFSD2A","CLDN5",39.3038066870631,0.469656771522458,"Vasc"
"Opc_PDGFRa","CLDN5",3.85617026422039,-0.347020556560445,"Opc"
"Olig_SGCZ","CLDN5",2.65920112059974,-0.287811578667423,"Olig"
"Olig_PTPRE","CLDN5",3.84022762593242,-0.825971332327652,"Olig"
"Olig_EPHB2","CLDN5",4.46590527518498,-0.393251260833179,"Olig"
"Olig_ARHGAP24","CLDN5",5.07847209745692,-0.103664784278735,"Olig"
"Micro_PRDM11","CLDN5",9.11448823758065,-0.722051036593978,"Micro"
"Micro_HSPA6","CLDN5",10.4091303718307,-0.787437416373388,"Micro"
"Micro_GPNMB","CLDN5",3.89390678979393,-0.398020953831698,"Micro"
"Micro_FCGR1B","CLDN5",5.09151892038375,-0.59761234205144,"Micro"
"Micro_CR1","CLDN5",3.88636516927794,-0.925282044786755,"Micro"
"Micro_CD83_WIPF1","CLDN5",7.48695054271976,-0.273227763553822,"Micro"
"Micro_CD74_BTF","CLDN5",5.87517486540261,-0.704611998742303,"Micro"
"Glut_L6b_CTGF","CLDN5",4.4370660494196,-0.94388667239736,"Glut"
"Glut_L6_THEMIS_POSTN","CLDN5",4.74845346709687,-0.767676229634712,"Glut"
"Glut_L6_SULF1_SGCZ","CLDN5",4.63780880304522,-0.475198717218457,"Glut"
"Glut_L6_RORB_THEMIS_PXDN","CLDN5",6.94046068258683,-0.811548945285131,"Glut"
"Glut_L56_NPSR1","CLDN5",4.83422189220426,-0.735876646186323,"Glut"
"Glut_L5_RORB_THEMIS_ADGRL4","CLDN5",5.8797938042056,-0.981924786956952,"Glut"
"Glut_L5_RORB_FSHR","CLDN5",2.60599923869323,-0.411802180976912,"Glut"
"Glut_L5_RORB_COL22A1","CLDN5",5.14385406220457,-0.724632019570665,"Glut"
"Glut_L5_RORB_CLMP_CACNG5","CLDN5",2.38058893800758,-0.767906609985252,"Glut"
"Glut_L23_RORB_CUX2_SYT2","CLDN5",3.19075986190372,-0.527548763299886,"Glut"
"Glut_L23_RORB_CUX2_CCDC68","CLDN5",9.06928711924734,-0.667054006462667,"Glut"
"Glut_L23_RORB_CUX2","CLDN5",5.07591737774486,-1.2,"Glut"
"Glut_L23_CUX2_LINC01500","CLDN5",6.5579901849806,-0.628048198086793,"Glut"
"Gaba_VIP","CLDN5",7.43472620549357,-0.840174233663813,"Gaba"
"Gaba_SST_PRKG2","CLDN5",4.93139906982925,-1.2,"Gaba"
"Gaba_SST_CHODL","CLDN5",5.79775170604598,-0.676405474811258,"Gaba"
"Gaba_PVALB_SLCO4C1","CLDN5",3.01838132754128,-0.935959169048955,"Gaba"
"Gaba_PVALB_GULP1_GRIK3","CLDN5",2.6141086408591,-0.408121587114245,"Gaba"
"Gaba_PVALB_COL15A1","CLDN5",4.0131530198647,-0.773847861231477,"Gaba"
"Gaba_NDNF_RELN","CLDN5",4.9090951364047,-0.706145251345219,"Gaba"
"Gaba_LAMP5_ROR2_LCP2","CLDN5",4.03312566198112,-0.556742902229878,"Gaba"
"Astro_WIF1_COX8A","CLDN5",5.91094903883587,-0.710243246761467,"Astro"
"Astro_SERPINH1","CLDN5",4.12909158271685,-0.591485515789469,"Astro"
"Astro_CTX_WIF1_VAV3","CLDN5",31.6299272024392,0.368267362532883,"Astro"
"Astro_CTX_SMAD9_RERG","CLDN5",3.01171996219053,-1.1199657493946,"Astro"
"Astro_CD44_KCNQ3","CLDN5",3.85861591982597,-0.408111618015844,"Astro"
"Astro_CD44_CCDC85A","CLDN5",6.69622639905285,-1.03436291608628,"Astro"
"Vasc_Peri_PDGFRB","MFSD2A",44.896053497798,0.305181252764679,"Vasc"
"Vasc_Fib_GPC3","MFSD2A",39.2667457023824,-0.155831328907202,"Vasc"
"Vasc_Cap_MFSD2A","MFSD2A",57.2590945411345,1.10966022426181,"Vasc"
"Opc_PDGFRa","MFSD2A",4.07779450795717,-0.465812681998247,"Opc"
"Olig_SGCZ","MFSD2A",9.0711557738734,-0.718846268182674,"Olig"
"Olig_PTPRE","MFSD2A",4.08023930429706,-0.638238261536643,"Olig"
"Olig_EPHB2","MFSD2A",6.96842636939017,-0.695842531568064,"Olig"
"Olig_ARHGAP24","MFSD2A",6.89634420286476,-0.428530745125196,"Olig"
"Micro_PRDM11","MFSD2A",10.6583177009034,-0.851586493337209,"Micro"
"Micro_HSPA6","MFSD2A",9.4063301264162,-0.824159838593456,"Micro"
"Micro_GPNMB","MFSD2A",5.74796771622326,-1.2,"Micro"
"Micro_FCGR1B","MFSD2A",7.37345988594916,-0.584384245962236,"Micro"
"Micro_CR1","MFSD2A",5.77797074279585,-0.00583726746961377,"Micro"
"Micro_CD83_WIPF1","MFSD2A",7.28729486326699,-0.855387098650469,"Micro"
"Micro_CD74_BTF","MFSD2A",5.19109691103497,-1.2,"Micro"
"Glut_L6b_CTGF","MFSD2A",7.65140930725364,-0.620615020589189,"Glut"
"Glut_L6_THEMIS_POSTN","MFSD2A",6.90406963702278,-0.680314081267012,"Glut"
"Glut_L6_SULF1_SGCZ","MFSD2A",5.55273404930959,-0.672496427622417,"Glut"
"Glut_L6_RORB_THEMIS_PXDN","MFSD2A",10.5499038529898,-0.816479787779177,"Glut"
"Glut_L56_NPSR1","MFSD2A",2.3814625186268,-0.579201998621085,"Glut"
"Glut_L5_RORB_THEMIS_ADGRL4","MFSD2A",4.68563774657923,-0.212371593290964,"Glut"
"Glut_L5_RORB_FSHR","MFSD2A",3.90041397633284,-0.496020399603409,"Glut"
"Glut_L5_RORB_COL22A1","MFSD2A",4.46221223864882,-0.687779181170027,"Glut"
"Glut_L5_RORB_CLMP_CACNG5","MFSD2A",2.76008508145108,-0.663222446962955,"Glut"
"Glut_L23_RORB_CUX2_SYT2","MFSD2A",4.33990147560335,-0.612200703143474,"Glut"
"Glut_L23_RORB_CUX2_CCDC68","MFSD2A",6.91066154381949,-0.6366733710372,"Glut"
"Glut_L23_RORB_CUX2","MFSD2A",5.50557765857821,-0.675775395512796,"Glut"
"Glut_L23_CUX2_LINC01500","MFSD2A",2.99038143157716,-0.82984943330882,"Glut"
"Gaba_VIP","MFSD2A",3.79290952283658,-0.80631482403377,"Gaba"
"Gaba_SST_PRKG2","MFSD2A",4.69740978464401,-0.690527038669064,"Gaba"
"Gaba_SST_CHODL","MFSD2A",3.89376149832477,-0.587290172458354,"Gaba"
"Gaba_PVALB_SLCO4C1","MFSD2A",2.85263635218234,-0.646913757696206,"Gaba"
"Gaba_PVALB_GULP1_GRIK3","MFSD2A",6.59064807382318,-0.156028201909289,"Gaba"
"Gaba_PVALB_COL15A1","MFSD2A",6.34435591651493,-0.920383090227224,"Gaba"
"Gaba_NDNF_RELN","MFSD2A",4.48408608752114,-0.452156375914396,"Gaba"
"Gaba_LAMP5_ROR2_LCP2","MFSD2A",7.3845462489079,-0.539250018237499,"Gaba"
"Astro_WIF1_COX8A","MFSD2A",4.05542347281158,-0.65268237232428,"Astro"
"Astro_SERPINH1","MFSD2A",7.07272807568224,-0.698738023407595,"Astro"
"Astro_CTX_WIF1_VAV3","MFSD2A",2.56539104359846,-0.390344785090018,"Astro"
"Astro_CTX_SMAD9_RERG","MFSD2A",5.12432713206093,-0.614736130852902,"Astro"
"Astro_CD44_KCNQ3","MFSD2A",4.5309268540932,-0.363473812184396,"Astro"
"Astro_CD44_CCDC85A","MFSD2A",8.95817508775311,-0.860953497694483,"Astro"
"Vasc_Peri_PDGFRB","GJB2",36.9803294489411,-0.0329160077249034,"Vasc"
"Vasc_Fib_GPC3","GJB2",42.3097694744441,0.632546188205019,"Vasc"
"Vasc_Cap_MFSD2A","GJB2",39.8992360534915,0.21372348828617,"Vasc"
"Opc_PDGFRa","GJB2",3.24445809656225,-0.985484045464791,"Opc"
"Olig_SGCZ","GJB2",2.60803827100044,-0.780717556819633,"Olig"
"Olig_PTPRE","GJB2",5.55239542398734,-0.544330108443755,"Olig"
"Olig_EPHB2","GJB2",5.671933115299,-0.577081637817803,"Olig"
"Olig_ARHGAP24","GJB2",5.44538629164031,-0.703474599369453,"Olig"
"Micro_PRDM11","GJB2",3.96549095767857,-0.470472336922632,"Micro"
"Micro_HSPA6","GJB2",8.56516371792443,-0.723408923735793,"Micro"
"Micro_GPNMB","GJB2",2.20666305702078,-0.724013363299486,"Micro"
"Micro_FCGR1B","GJB2",7.53262560443186,-0.506645167174308,"Micro"
"Micro_CR1","GJB2",6.04351106244593,-1.00743165962192,"Micro"
"Micro_CD83_WIPF1","GJB2",5.11995837312033,-0.707659178683627,"Micro"
"Micro_CD74_BTF","GJB2",10.5731692404004,-0.480250271355766,"Micro"
"Glut_L6b_CTGF","GJB2",3.00440122387495,-0.636260408601218,"Glut"
"Glut_L6_THEMIS_POSTN","GJB2",5.39732004211267,-0.844470975747196,"Glut"
"Glut_L6_SULF1_SGCZ","GJB2",2.26279405445596,-0.563450558283414,"Glut"
"Glut_L6_RORB_THEMIS_PXDN","GJB2",3.12648813601709,-1.00316244868598,"Glut"
"Glut_L56_NPSR1","GJB2",3.16938806751678,-0.564248874712512,"Glut"
"Glut_L5_RORB_THEMIS_ADGRL4","GJB2",3.48508527547647,-0.775872505261827,"Glut"
"Glut_L5_RORB_FSHR","GJB2",7.63966223894091,-0.693390380377212,"Glut"
"Glut_L5_RORB_COL22A1","GJB2",2.04852986075157,-0.663386529696073,"Glut"
"Glut_L5_RORB_CLMP_CACNG5","GJB2",3.39537310630621,-0.570959879317219,"Glut"
"Glut_L23_RORB_CUX2_SYT2","GJB2",6.07655296185622,-0.525622622443408,"Glut"
"Glut_L23_RORB_CUX2_CCDC68","GJB2",5.90970047573189,-0.449795610292171,"Glut"
"Glut_L23_RORB_CUX2","GJB2",8.37787290695286,-0.785368716274438,"Glut"
"Glut_L23_CUX2_LINC01500","GJB2",6.52731816928378,-0.316122430384227,"Glut"
"Gaba_VIP","GJB2",34.6814879897082,0.112209027189494,"Gaba"
"Gaba_SST_PRKG2","GJB2",6.03157601832842,-0.868634089624195,"Gaba"
"Gaba_SST_CHODL","GJB2",3.26069733942722,-0.00420626049195316,"Gaba"
"Gaba_PVALB_SLCO4C1","GJB2",3.65813928101356,-0.779011331279512,"Gaba"
"Gaba_PVALB_GULP1_GRIK3","GJB2",11.7750895610883,-0.535491037223251,"Gaba"
"Gaba_PVALB_COL15A1","GJB2",12.0616203325284,-0.675801911467602,"Gaba"
"Gaba_NDNF_RELN","GJB2",2.83941000233525,-0.68067454673614,"Gaba"
"Gaba_LAMP5_ROR2_LCP2","GJB2",3.63067722584096,-0.818506834890495,"Gaba"
"Astro_WIF1_COX8A","GJB2",4.54444854080572,-0.661109366219648,"Astro"
"Astro_SERPINH1","GJB2",3.08057470625593,-0.585118396067208,"Astro"
"Astro_CTX_WIF1_VAV3","GJB2",2.78665654482811,-0.781699787023675,"Astro"
"Astro_CTX_SMAD9_RERG","GJB2",9.28352150311958,-0.133336306334591,"Astro"
"Astro_CD44_KCNQ3","GJB2",8.33239944192053,-1.06870936083448,"Astro"
"Astro_CD44_CCDC85A","GJB2",5.35767115710191,-1.2,"Astro"
"Vasc_Peri_PDGFRB","GPC3",43.7113053003408,0.492502957461812,"Vasc"
"Vasc_Fib_GPC3","GPC3",61.8716360115315,1.0474821238898,"Vasc"
"Vasc_Cap_MFSD2A","GPC3",32.7384700005605,0.987048441045202,"Vasc"
"Opc_PDGFRa","GPC3",4.37354297312462,-1.02234373799007,"Opc"
"Olig_SGCZ","GPC3",2.90567754277059,-0.300355144214471,"Olig"
"Olig_PTPRE","GPC3",4.54123357985059,-0.700143982258079,"Olig"
"Olig_EPHB2","GPC3",4.982571913182,-0.72294221518969,"Olig"
"Olig_ARHGAP24","GPC3",2.98148561852802,-0.586440034968575,"Olig"
"Micro_PRDM11","GPC3",4.9358391033586,-0.930872052668278,"Micro"
"Micro_HSPA6","GPC3",2.87076485998489,-0.553342302960617,"Micro"
"Micro_GPNMB","GPC3",3.74995565929805,-0.921373365973541,"Micro"
"Micro_FCGR1B","GPC3",2.7988747192188,-0.647290355341931,"Micro"
"Micro_CR1","GPC3",5.52383784220056,-1.02213136357841,"Micro"
"Micro_CD83_WIPF1","GPC3",4.48809437034736,-0.445817461246158,"Micro"
"Micro_CD74_BTF","GPC3",3.98596669307287,-0.860893784623667,"Micro"
"Glut_L6b_CTGF","GPC3",7.06538668014731,-0.496884474352905,"Glut"
"Glut_L6_THEMIS_POSTN","GPC3",4.32192219503776,-0.480881126558822,"Glut"
"Glut_L6_SULF1_SGCZ","GPC3",3.33439108307031,-0.567989422969392,"Glut"
"Glut_L6_RORB_THEMIS_PXDN","GPC3",3.61925709228489,-0.789954560917777,"Glut"
"Glut_L56_NPSR1","GPC3",5.12819442448547,-0.733937969622864,"Glut"
"Glut_L5_RORB_THEMIS_ADGRL4","GPC3",3.47935498858924,-0.311857670426222,"Glut"
"Glut_L5_RORB_FSHR","GPC3",6.13392433216887,-0.923187481981881,"Glut"
"Glut_L5_RORB_COL22A1","GPC3",4.7272960997019,-0.293557900679243,"Glut"
"Glut_L5_RORB_CLMP_CACNG5","GPC3",2.45302381294787,-0.488036751140772,"Glut"
"Glut_L23_RORB_CUX2_SYT2","GPC3",5.15960642114292,-0.584908547010994,"Glut"
"Glut_L23_RORB_CUX2_CCDC68","GPC3",3.2809913798598,-0.68804987065517,"Glut"
"Glut_L23_RORB_CUX2","GPC3",5.80435705422147,-0.278397210674612,"Glut"
"Glut_L23_CUX2_LINC01500","GPC3",10.8882957940003,-0.383469057271179,"Glut"
"Gaba_VIP","GPC3",10.0404850633209,-0.156255325358559,"Gaba"
"Gaba_SST_PRKG2","GPC3",2.48787000499947,-0.219112060942965,"Gaba"
"Gaba_SST_CHODL","GPC3",2.34796210570268,-1.01728769718186,"Gaba"
"Gaba_PVALB_SLCO4C1","GPC3",7.82263061424599,-0.551658132161567,"Gaba"
"Gaba_PVALB_GULP1_GRIK3","GPC3",4.09309090748198,-0.44726545137917,"Gaba"
"Gaba_PVALB_COL15A1","GPC3",3.30654683475915,-0.246150692066591,"Gaba"
"Gaba_NDNF_RELN","GPC3",3.2811367146505,-1.15167626170486,"Gaba"
"Gaba_LAMP5_ROR2_LCP2","GPC3",8.37308493125697,-0.793741661959681,"Gaba"
"Astro_WIF1_COX8A","GPC3",27.1401879537999,-0.317634624307719,"Astro"
"Astro_SERPINH1","GPC3",46.1192211549631,-0.00887623926302361,"Astro"
"Astro_CTX_WIF1_VAV3","GPC3",32.1744656178382,0.553667069916461,"Astro"
"Astro_CTX_SMAD9_RERG","GPC3",40.5889362919219,0.904373411346497,"Astro"
"Astro_CD44_KCNQ3","GPC3",43.9374847862679,0.622005842853413,"Astro"
"Astro_CD44_CCDC85A","GPC3",34.8956713038162,0.482511812963651,"Astro"
"Vasc_Peri_PDGFRB","PDGFRB",67.5643961122571,0.902930645954972,"Vasc"
"Vasc_Fib_GPC3","PDGFRB",37.1737513288643,0.691628376259728,"Vasc"
"Vasc_Cap_MFSD2A","PDGFRB",32.4620317885998,-0.1856139226567,"Vasc"
"Opc_PDGFRa","PDGFRB",6.50707273759212,-0.600585756490307,"Opc"
"Olig_SGCZ","PDGFRB",3.69139798926208,-0.640624391943055,"Olig"
"Olig_PTPRE","PDGFRB",3.91317530305414,-0.355561285191993,"Olig"
"Olig_EPHB2","PDGFRB",7.30098188402837,-0.773711593988482,"Olig"
"Olig_ARHGAP24","PDGFRB",2.14441583806679,-1.09966247161739,"Olig"
"Micro_PRDM11","PDGFRB",5.45717474764279,-0.440816545902839,"Micro"
"Micro_HSPA6","PDGFRB",13.3728360065282,-0.891124227567952,"Micro"
"Micro_GPNMB","PDGFRB",3.60363234794821,-0.617636954478056,"Micro"
"Micro_FCGR1B","PDGFRB",6.95474755632419,-0.852429835171637,"Micro"
"Micro_CR1","PDGFRB",3.0082444976749,-0.656975686365013,"Micro"
"Micro_CD83_WIPF1","PDGFRB",12.0276578818883,-0.951604179075112,"Micro"
"Micro_CD74_BTF","PDGFRB",4.33784321904592,-0.916207895288605,"Micro"
"Glut_L6b_CTGF","PDGFRB",5.06922510193094,-0.407806649364272,"Glut"
"Glut_L6_THEMIS_POSTN","PDGFRB",3.61198034803754,-0.507610146110004,"Glut"
"Glut_L6_SULF1_SGCZ","PDGFRB",6.70760502317787,-0.614507533543701,"Glut"
"Glut_L6_RORB_THEMIS_PXDN","PDGFRB",6.10538982307853,-0.747508590897082,"Glut"
"Glut_L56_NPSR1","PDGFRB",3.36415595659271,-0.282343471641789,"Glut"
"Glut_L5_RORB_THEMIS_ADGRL4","PDGFRB",2.81074725500039,-0.731476762643711,"Glut"
"Glut_L5_RORB_FSHR","PDGFRB",4.60239326463357,-1.01444159610187,"Glut"
"Glut_L5_RORB_COL22A1","PDGFRB",8.93622425084179,-0.439631421948284,"Glut"
"Glut_L5_RORB_CLMP_CACNG5","PDGFRB",2.69393246006176,-0.343366034718864,"Glut"
"Glut_L23_RORB_CUX2_SYT2","PDGFRB",2.08646692830762,-0.771753257662233,"Glut"
"Glut_L23_RORB_CUX2_CCDC68","PDGFRB",3.0850619219902,-0.994034692881401,"Glut"
"Glut_L23_RORB_CUX2","PDGFRB",2.99828392120426,-0.585755582519133,"Glut"
"Glut_L23_CUX2_LINC01500","PDGFRB",8.97486154382211,-0.151160247452653,"Glut"
"Gaba_VIP","PDGFRB",3.06451065549208,-1.00737197725815,"Gaba"
"Gaba_SST_PRKG2","PDGFRB",2.3854442535272,-0.377951071012392,"Gaba"
"Gaba_SST_CHODL","PDGFRB",2.9767439771446,-0.529358701593069,"Gaba"
"Gaba_PVALB_SLCO4C1","PDGFRB",9.09640538608011,-0.0567622177841256,"Gaba"
"Gaba_PVALB_GULP1_GRIK3","PDGFRB",4.59026676037555,-0.429386509276036,"Gaba"
"Gaba_PVALB_COL15A1","PDGFRB",3.80438903608173,-0.833689981812278,"Gaba"
"Gaba_NDNF_RELN","PDGFRB",4.92408860952009,-0.408767727427575,"Gaba"
"Gaba_LAMP5_ROR2_LCP2","PDGFRB",3.61828234694175,-0.755422353789229,"Gaba"
"Astro_WIF1_COX8A","PDGFRB",32.711096702301,0.53593725581227,"Astro"
"Astro_SERPINH1","PDGFRB",31.4776602351812,0.528832320019597,"Astro"
"Astro_CTX_WIF1_VAV3","PDGFRB",3.64784584322371,-0.501965301406377,"Astro"
"Astro_CTX_SMAD9_RERG","PDGFRB",2.70916974779087,-0.307912533010628,"Astro"
"Astro_CD44_KCNQ3","PDGFRB",7.14576928255368,-0.408558000058724,"Astro"
"Astro_CD44_CCDC85A","PDGFRB",6.37043202347037,-0.446465032510017,"Astro"
"Vasc_Peri_PDGFRB","MYH11",31.6776194897079,0.0107117922238513,"Vasc"
"Vasc_Fib_GPC3","MYH11",33.8029853087748,0.795352794161508,"Vasc"
"Vasc_Cap_MFSD2A","MYH11",36.4348869488349,0.788414213435614,"Vasc"
"Opc_PDGFRa","MYH11",2.0799915476556,-0.423222136438694,"Opc"
"Olig_SGCZ","MYH11",5.69417570880263,-0.727386005924578,"Olig"
"Olig_PTPRE","MYH11",2.53687372573925,-0.031791372983812,"Olig"
"Olig_EPHB2","MYH11",11.4296943660841,-0.543788803353987,"Olig"
"Olig_ARHGAP24","MYH11",3.40141942449345,-0.334454741015709,"Olig"
"Micro_PRDM11","MYH11",4.09350990876466,-0.707763951869569,"Micro"
"Micro_HSPA6","MYH11",3.12337154042289,-0.517258932433713,"Micro"
"Micro_GPNMB","MYH11",5.40282627892005,-0.122699395799337,"Micro"
"Micro_FCGR1B","MYH11",4.46024707706914,-0.777513725773856,"Micro"
"Micro_CR1","MYH11",3.3457853173209,-0.471817325555627,"Micro"
"Micro_CD83_WIPF1","MYH11",7.80454985418852,-0.239483750208865,"Micro"
"Micro_CD74_BTF","MYH11",2.81684473087209,-0.626984733040976,"Micro"
"Glut_L6b_CTGF","MYH11",6.72872066419721,-0.637397504601435,"Glut"
"Glut_L6_THEMIS_POSTN","MYH11",2.59097750567157,-0.455514864702134,"Glut"
"Glut_L6_SULF1_SGCZ","MYH11",8.64908578285298,-0.787927434176918,"Glut"
"Glut_L6_RORB_THEMIS_PXDN","MYH11",8.06631386566028,-0.293779114048327,"Glut"
"Glut_L56_NPSR1","MYH11",2.40025225856078,-0.712025070772714,"Glut"
"Glut_L5_RORB_THEMIS_ADGRL4","MYH11",7.48582835707613,-0.213307917399267,"Glut"
"Glut_L5_RORB_FSHR","MYH11",3.20704482777197,-0.845455249157754,"Glut"
"Glut_L5_RORB_COL22A1","MYH11",8.01930551976737,-0.571205822734739,"Glut"
"Glut_L5_RORB_CLMP_CACNG5","MYH11",4.90835843413932,-0.542578434424322,"Glut"
"Glut_L23_RORB_CUX2_SYT2","MYH11",4.7357957548007,-0.827488861159355,"Glut"
"Glut_L23_RORB_CUX2_CCDC68","MYH11",6.28729457505602,-0.610422972460555,"Glut"
"Glut_L23_RORB_CUX2","MYH11",2.32020197790843,-0.192267912822128,"Glut"
"Glut_L23_CUX2_LINC01500","MYH11",8.59587358262808,-0.871483876130338,"Glut"
"Gaba_VIP","MYH11",4.10078235600935,-1.0162746911243,"Gaba"
"Gaba_SST_PRKG2","MYH11",5.49045036619691,-0.885582607278404,"Gaba"
"Gaba_SST_CHODL","MYH11",4.17457488849404,-0.814573238720167,"Gaba"
"Gaba_PVALB_SLCO4C1","MYH11",6.64829917112346,-1.0314209882018,"Gaba"
"Gaba_PVALB_GULP1_GRIK3","MYH11",3.00245634485976,-0.716038842186962,"Gaba"
"Gaba_PVALB_COL15A1","MYH11",4.23303689639142,-0.391527226025803,"Gaba"
"Gaba_NDNF_RELN","MYH11",33.4342252671727,0.366153443621134,"Gaba"
"Gaba_LAMP5_ROR2_LCP2","MYH11",3.5997495363398,-0.530830522177179,"Gaba"
"Astro_WIF1_COX8A","MYH11",8.94011443441823,-0.41656415111578,"Astro"
"Astro_SERPINH1","MYH11",3.97621767376561,-0.26438542648767,"Astro"
"Astro_CTX_WIF1_VAV3","MYH11",3.13314161143037,-0.886987858596383,"Astro"
"Astro_CTX_SMAD9_RERG","MYH11",3.26545964552785,-0.717640465167539,"Astro"
"Astro_CD44_KCNQ3","MYH11",7.15386059568437,-0.53257829649631,"Astro"
"Astro_CD44_CCDC85A","MYH11",6.82706936958837,-0.981215681770939,"Astro"
