"cell_type","compartment","at_content"
"Exc","Active",0.602577526716812
"Exc","Active",0.581122770873248
"Exc","Active",0.57076821358363
"Exc","Active",0.559315869533573
"Exc","Active",0.588566290052446
"Exc","Active",0.621943199066228
"Exc","Active",0.579736641840209
"Exc","Active",0.515483720717914
"Exc","Active",0.548483896394262
"Exc","Active",0.597700253541416
"Exc","Active",0.614231571451007
"Exc","Active",0.621955635551365
"Exc","Active",0.593734116250515
"Exc","Active",0.566824762828181
"Exc","Active",0.579561996348901
"Exc","Active",0.579329804855763
"Exc","Active",0.547127808500749
"Exc","Active",0.630754365750367
"Exc","Active",0.568560152343368
"Exc","Active",0.588637708972222
"Exc","Active",0.609212734405988
"Exc","Active",0.603830571525698
"Exc","Active",0.54445256727176
"Exc","Active",0.594475313655789
"Exc","Active",0.559790279741556
"Exc","Active",0.514301874016058
"Exc","Active",0.543382681736592
"Exc","Active",0.558949325477071
"Exc","Active",0.550584704114625
"Exc","Active",0.541119608978655
"Exc","Active",0.578005355851703
"Exc","Active",0.520612457151926
"Exc","Active",0.516943569556285
"Exc","Active",0.58680222854592
"Exc","Active",0.558893276950055
"Exc","Active",0.58317136831166
"Exc","Active",0.576881929927724
"Exc","Active",0.544602907850675
"Exc","Active",0.542820304225783
"Exc","Active",0.545253606875261
"Exc","Active",0.576567511622547
"Exc","Active",0.568048838249674
"Exc","Active",0.621240494594516
"Exc","Active",0.596908937772387
"Exc","Active",0.582582247008167
"Exc","Active",0.580990438797989
"Exc","Active",0.567608737521462
"Exc","Active",0.513074468479482
"Exc","Active",0.524310044068784
"Exc","Active",0.546711320017192
"Exc","Active",0.564636035689552
"Exc","Active",0.538779939741621
"Exc","Active",0.610834149121072
"Exc","Active",0.536035025988845
"Exc","Active",0.581640799053763
"Exc","Active",0.49111658175482
"Exc","Active",0.555995801499541
"Exc","Active",0.528067967362302
"Exc","Active",0.5572855275013
"Exc","Active",0.55027408989421
"Exc","Active",0.602881760173232
"Exc","Active",0.596414735536603
"Exc","Active",0.557678961234862
"Exc","Active",0.605788646853297
"Exc","Active",0.547590395349416
"Exc","Active",0.578133607030184
"Exc","Active",0.560553140037365
"Exc","Active",0.626179280281168
"Exc","Active",0.584408773890242
"Exc","Active",0.575415817522019
"Exc","Active",0.59446451349956
"Exc","Active",0.610280887805533
"Exc","Active",0.618983721675674
"Exc","Active",0.538348571678972
"Exc","Active",0.53152568497061
"Exc","Active",0.58327342590186
"Exc","Active",0.516869494827228
"Exc","Active",0.607045759081416
"Exc","Active",0.599129031902489
"Exc","Active",0.575238158707505
"Exc","Active",0.516966128212396
"Exc","Active",0.605232774239641
"Exc","Active",0.563163559867545
"Exc","Active",0.585261623621992
"Exc","Active",0.570464696768603
"Exc","Active",0.635745071740603
"Exc","Active",0.618058323614632
"Exc","Active",0.612261095692273
"Exc","Active",0.570963884467254
"Exc","Active",0.55137659244186
"Exc","Active",0.580462168637066
"Exc","Active",0.570558495176743
"Exc","Active",0.581140148162112
"Exc","Active",0.570328517924883
"Exc","Active",0.569618714998244
"Exc","Active",0.5659425487162
"Exc","Active",0.53698502606576
"Exc","Active",0.525203234028085
"Exc","Active",0.534160795459648
"Exc","Active",0.545675672487038
"Exc","Active",0.610208055385505
"Exc","Active",0.641188612531589
"Exc","Active",0.55073546336091
"Exc","Active",0.532891663463828
"Exc","Active",0.55936337476757
"Exc","Active",0.558518066457896
"Exc","Active",0.600406815090262
"Exc","Active",0.523825759877043
"Exc","Active",0.593626833565454
"Exc","Active",0.610836555651101
"Exc","Active",0.557515544120303
"Exc","Active",0.538445038676885
"Exc","Active",0.583175741409177
"Exc","Active",0.473855231128092
"Exc","Active",0.574535364701173
"Exc","Active",0.60786877912042
"Exc","Active",0.559981457299573
"Exc","Active",0.599399198983319
"Exc","Active",0.55428409224074
"Exc","Active",0.566486035657209
"Exc","Active",0.566399315768911
"Exc","Active",0.608014114020832
"Exc","Active",0.592718031603683
"Exc","Active",0.585893262770485
"Exc","Active",0.576683901907526
"Exc","Active",0.622756077448019
"Exc","Active",0.587072011766185
"Exc","Active",0.617541662304767
"Exc","Active",0.557426781937317
"Exc","Active",0.560999635164024
"Exc","Active",0.57031197497922
"Exc","Active",0.572077915311365
"Exc","Active",0.564241086893978
"Exc","Active",0.528262389764057
"Exc","Active",0.568125014271102
"Exc","Active",0.593456277048583
"Exc","Active",0.603393965522839
"Exc","Active",0.586432399416564
"Exc","Active",0.575228479258378
"Exc","Active",0.605199247122713
"Exc","Active",0.568249330439058
"Exc","Active",0.585243635791354
"Exc","Active",0.610915634988369
"Exc","Active",0.539731497758334
"Exc","Active",0.612050115179999
"Exc","Active",0.581218359486088
"Exc","Active",0.608202137745082
"Exc","Active",0.590637090239726
"Exc","Active",0.567416576938746
"Exc","Active",0.573582999390661
"Exc","Active",0.569389358429407
"Exc","Active",0.603288867569783
"Exc","Active",0.600709331649116
"Exc","Active",0.578078316189554
"Exc","Active",0.542109258971166
"Exc","Active",0.634399866601936
"Exc","Active",0.58743115717857
"Exc","Active",0.600440898170761
"Exc","Active",0.526169463690428
"Exc","Active",0.574352625126699
"Exc","Active",0.618017033829235
"Exc","Active",0.583497366926786
"Exc","Active",0.556899160734169
"Exc","Active",0.561255344438704
"Exc","Active",0.650136058080618
"Exc","Active",0.533438136609418
"Exc","Active",0.588156534465561
"Exc","Active",0.650648906837237
"Exc","Active",0.627680067704427
"Exc","Active",0.490387610897554
"Exc","Active",0.584902318939885
"Exc","Active",0.547506991297378
"Exc","Active",0.604945774299117
"Exc","Active",0.592541914635798
"Exc","Active",0.530456184406699
"Exc","Active",0.621100318752086
"Exc","Active",0.569535080641043
"Exc","Active",0.609656788062356
"Exc","Active",0.551440409198174
"Exc","Active",0.571638662903655
"Exc","Active",0.584527132822762
"Exc","Active",0.555553455356965
"Exc","Active",0.598224421241222
"Exc","Active",0.552758925307798
"Exc","Active",0.58415118826664
"Exc","Active",0.504592763801219
"Exc","Active",0.500347317318519
"Exc","Active",0.561785882627382
"Exc","Active",0.563717055099579
"Exc","Active",0.498967545313863
"Exc","Active",0.57672968813575
"Exc","Active",0.631821622706149
"Exc","Active",0.566264762929287
"Exc","Active",0.558274725069857
"Exc","Active",0.59059391517807
"Exc","Active",0.574875039845726
"Exc","Active",0.52607011402595
"Exc","Active",0.581084899353376
"Exc","Active",0.596623430140693
"Exc","Active",0.55507061492715
"Exc","Active",0.595797788325278
"Exc","Active",0.542748943098791
"Exc","Active",0.54517065921163
"Exc","Active",0.573530032872806
"Exc","Active",0.584704620372621
"Exc","Active",0.504973567391446
"Exc","Active",0.625362139441499
"Exc","Active",0.579241790717767
"Exc","Active",0.569962517368221
"Exc","Active",0.581183255114485
"Exc","Active",0.579936386129762
"Exc","Active",0.586352268524047
"Exc","Active",0.561464932671162
"Exc","Active",0.53048757455995
"Exc","Active",0.54775972398548
"Exc","Active",0.606380445665686
"Exc","Active",0.570827076372659
"Exc","Active",0.584297248984549
"Exc","Active",0.567724274108808
"Exc","Active",0.6161863196756
"Exc","Repressive",0.62198321180397
"Exc","Repressive",0.652951366922989
"Exc","Repressive",0.61331016798976
"Exc","Repressive",0.623533343858765
"Exc","Repressive",0.613921781311615
"Exc","Repressive",0.603436314859993
"Exc","Repressive",0.635113972089989
"Exc","Repressive",0.635864368160928
"Exc","Repressive",0.630772455836049
"Exc","Repressive",0.606242435522842
"Exc","Repressive",0.605529173057719
"Exc","Repressive",0.63197704291915
"Exc","Repressive",0.625005268603932
"Exc","Repressive",0.597744695356653
"Exc","Repressive",0.647745510637732
"Exc","Repressive",0.592443394681767
"Exc","Repressive",0.641916846001243
"Exc","Repressive",0.637550878806788
"Exc","Repressive",0.607050036284042
"Exc","Repressive",0.638410834798403
"Exc","Repressive",0.632913210143857
"Exc","Repressive",0.634897971942144
"Exc","Repressive",0.58457842677229
"Exc","Repressive",0.608184826342001
"Exc","Repressive",0.570465107263889
"Exc","Repressive",0.62833783465977
"Exc","Repressive",0.652209475564898
"Exc","Repressive",0.591912350111195
"Exc","Repressive",0.630892471124184
"Exc","Repressive",0.620285315115175
"Exc","Repressive",0.65895880070639
"Exc","Repressive",0.619058735774064
"Exc","Repressive",0.632002191878429
"Exc","Repressive",0.601858622103842
"Exc","Repressive",0.609909527925832
"Exc","Repressive",0.646325885655039
"Exc","Repressive",0.652447643464521
"Exc","Repressive",0.611748485429275
"Exc","Repressive",0.634197924784318
"Exc","Repressive",0.623827810200967
"Exc","Repressive",0.665372988155777
"Exc","Repressive",0.66366785295466
"Exc","Repressive",0.61605119445726
"Exc","Repressive",0.639971928946451
"Exc","Repressive",0.641370439328804
"Exc","Repressive",0.616449003495928
"Exc","Repressive",0.625900165505042
"Exc","Repressive",0.628040629087842
"Exc","Repressive",0.640641121166049
"Exc","Repressive",0.671701411056934
"Exc","Repressive",0.624576902073321
"Exc","Repressive",0.598360801942041
"Exc","Repressive",0.610222231896754
"Exc","Repressive",0.604155985357484
"Exc","Repressive",0.613230588757775
"Exc","Repressive",0.627027666654669
"Exc","Repressive",0.613976485951938
"Exc","Repressive",0.599696133486657
"Exc","Repressive",0.645861747068047
"Exc","Repressive",0.644320888425559
"Exc","Repressive",0.622847190255074
"Exc","Repressive",0.651489751687078
"Exc","Repressive",0.664335478226543
"Exc","Repressive",0.624512383595045
"Exc","Repressive",0.624514038017808
"Exc","Repressive",0.559916422961331
"Exc","Repressive",0.670759780221362
"Exc","Repressive",0.667231686906963
"Exc","Repressive",0.625776290211654
"Exc","Repressive",0.647159724158487
"Exc","Repressive",0.603691319898887
"Exc","Repressive",0.610382933689628
"Exc","Repressive",0.651273740099519
"Exc","Repressive",0.663916242737467
"Exc","Repressive",0.62765308942613
"Exc","Repressive",0.621363271633031
"Exc","Repressive",0.661231724432986
"Exc","Repressive",0.649179593090889
"Exc","Repressive",0.666368484379977
"Exc","Repressive",0.608941838319701
"Exc","Repressive",0.637676583774156
"Exc","Repressive",0.624785754101198
"Exc","Repressive",0.575827580537039
"Exc","Repressive",0.627062767327501
"Exc","Repressive",0.638168257733854
"Exc","Repressive",0.667262365694181
"Exc","Repressive",0.666694335724309
"Exc","Repressive",0.634661209629188
"Exc","Repressive",0.611702079478656
"Exc","Repressive",0.626190250779413
"Exc","Repressive",0.612576099287132
"Exc","Repressive",0.648444104467594
"Exc","Repressive",0.596866867696495
"Exc","Repressive",0.607571118098607
"Exc","Repressive",0.647675029676946
"Exc","Repressive",0.680433246773057
"Exc","Repressive",0.586253774071522
"Exc","Repressive",0.616102738079871
"Exc","Repressive",0.590085545819811
"Exc","Repressive",0.659125260870216
"Exc","Repressive",0.587709045907296
"Exc","Repressive",0.633730072596667
"Exc","Repressive",0.61542737881322
"Exc","Repressive",0.629643251337569
"Exc","Repressive",0.62301063750673
"Exc","Repressive",0.587791777846973
"Exc","Repressive",0.610278667400437
"Exc","Repressive",0.594740645325412
"Exc","Repressive",0.624114523437695
"Exc","Repressive",0.680657054126809
"Exc","Repressive",0.635370999448143
"Exc","Repressive",0.599497062332763
"Exc","Repressive",0.666965522159493
"Exc","Repressive",0.636983357930513
"Exc","Repressive",0.628659474665628
"Exc","Repressive",0.615556282934391
"Exc","Repressive",0.600002565860752
"Exc","Repressive",0.613053372467234
"Exc","Repressive",0.613013149748713
"Exc","Repressive",0.639102026691248
"Exc","Repressive",0.59837434076096
"Exc","Repressive",0.568184131334553
"Exc","Repressive",0.597112945280276
"Exc","Repressive",0.611677305560295
"Exc","Repressive",0.625073832150897
"Exc","Repressive",0.642994747847251
"Exc","Repressive",0.621753523777124
"Exc","Repressive",0.670674904237072
"Exc","Repressive",0.630759546861206
"Exc","Repressive",0.650230232726957
"Exc","Repressive",0.630832965393773
"Exc","Repressive",0.625356872588473
"Exc","Repressive",0.605148014147364
"Exc","Repressive",0.598602993661518
"Exc","Repressive",0.619183562344413
"Exc","Repressive",0.649239267051373
"Exc","Repressive",0.622741476808901
"Exc","Repressive",0.67588489233192
"Exc","Repressive",0.595395677512244
"Exc","Repressive",0.656323980653706
"Exc","Repressive",0.58716363389733
"Exc","Repressive",0.669122785467793
"Exc","Repressive",0.63254258010456
"Exc","Repressive",0.595150601292695
"Exc","Repressive",0.626511344413302
"Exc","Repressive",0.646159953314743
"Exc","Repressive",0.626601511879318
"Exc","Repressive",0.583649382531398
"Exc","Repressive",0.606485858570967
"Exc","Repressive",0.624126642492714
"Exc","Repressive",0.616200516118232
"Exc","Repressive",0.614220678656373
"Exc","Repressive",0.661651210090131
"Exc","Repressive",0.684840064014275
"Exc","Repressive",0.595792407546708
"Exc","Repressive",0.647842358621271
"Exc","Repressive",0.623476604083224
"Exc","Repressive",0.605604282601771
"Exc","Repressive",0.633110315715162
"Exc","Repressive",0.623827382448352
"Exc","Repressive",0.612538460550985
"Exc","Repressive",0.661737460403152
"Exc","Repressive",0.672348055962194
"Exc","Repressive",0.614070732869925
"Exc","Repressive",0.619720906223892
"Exc","Repressive",0.597731118146545
"Exc","Repressive",0.592142353116713
"Exc","Repressive",0.620933193759587
"Exc","Repressive",0.646630073329678
"Exc","Repressive",0.604659809717974
"Exc","Repressive",0.627068542448393
"Exc","Repressive",0.583986215141349
"Exc","Repressive",0.670991493088803
"Exc","Repressive",0.650701000364053
"Exc","Repressive",0.663955074853997
"Exc","Repressive",0.571342880420635
"Exc","Repressive",0.595750366035174
"Exc","Repressive",0.622389442902959
"Exc","Repressive",0.615484313337598
"Exc","Repressive",0.648196840764026
"Exc","Repressive",0.626116781700697
"Exc","Repressive",0.611899643940281
"Exc","Repressive",0.63857988401179
"Exc","Repressive",0.64797178269823
"Exc","Repressive",0.643892268222529
"Exc","Repressive",0.635786707187381
"Exc","Repressive",0.647725208138775
"Exc","Repressive",0.626327865517171
"Exc","Repressive",0.659246570313336
"Exc","Repressive",0.629601159715889
"Exc","Repressive",0.630797518933307
"Exc","Repressive",0.587050690596851
"Exc","Repressive",0.614824243049243
"Exc","Repressive",0.643604820415249
"Exc","Repressive",0.596843008523509
"Exc","Repressive",0.61701789558644
"Exc","Repressive",0.637207327320484
"Exc","Repressive",0.641400723848944
"Exc","Repressive",0.599970886024786
"Exc","Repressive",0.631222656884038
"Exc","Repressive",0.610627525106181
"Exc","Repressive",0.626842694351544
"Exc","Repressive",0.636516363821269
"Exc","Repressive",0.602314495388534
"Exc","Repressive",0.609571298383118
"Exc","Repressive",0.594460137876909
"Exc","Repressive",0.623094936202046
"Exc","Repressive",0.574885492642008
"Exc","Repressive",0.640820781346095
"Exc","Repressive",0.606780253261081
"Exc","Repressive",0.586235376106034
"Exc","Repressive",0.601985005642275
"Exc","Repressive",0.577827951204929
"Exc","Repressive",0.622059348886319
"Exc","Repressive",0.642558669890669
"Exc","Repressive",0.561438637276365
"Exc","Repressive",0.619905697207868
"Exc","Repressive",0.639457708487169
"Exc","Repressive",0.641678357597598
"Exc","Repressive",0.635822488522934
"Inh","Active",0.572803486802871
"Inh","Active",0.590555621533074
"Inh","Active",0.597623178400105
"Inh","Active",0.597404507596808
"Inh","Active",0.569634870476016
"Inh","Active",0.593617022997963
"Inh","Active",0.550680896015379
"Inh","Active",0.591374927074525
"Inh","Active",0.590575437663415
"Inh","Active",0.553893022769807
"Inh","Active",0.577067121696793
"Inh","Active",0.62477217029709
"Inh","Active",0.545927719490182
"Inh","Active",0.59576094152337
"Inh","Active",0.541912964246012
"Inh","Active",0.579808131501362
"Inh","Active",0.608459745069653
"Inh","Active",0.588468757482136
"Inh","Active",0.579433100960221
"Inh","Active",0.576117598516886
"Inh","Active",0.575286643718056
"Inh","Active",0.551430739198571
"Inh","Active",0.584763519752634
"Inh","Active",0.578127557818274
"Inh","Active",0.571456312327253
"Inh","Active",0.578969987636859
"Inh","Active",0.539380935239339
"Inh","Active",0.605165523002906
"Inh","Active",0.603146308947804
"Inh","Active",0.644188246715766
"Inh","Active",0.57787605571601
"Inh","Active",0.526976509911192
"Inh","Active",0.564508107275203
"Inh","Active",0.577250544962528
"Inh","Active",0.537054193374874
"Inh","Active",0.602803631107185
"Inh","Active",0.584510098239958
"Inh","Active",0.545469931482123
"Inh","Active",0.604426397952747
"Inh","Active",0.562685580783592
"Inh","Active",0.515254956051399
"Inh","Active",0.623603853986211
"Inh","Active",0.569087383877058
"Inh","Active",0.568222438351119
"Inh","Active",0.536233018535938
"Inh","Active",0.595940813085129
"Inh","Active",0.514917155866232
"Inh","Active",0.557352075433079
"Inh","Active",0.550780414366393
"Inh","Active",0.571303069663478
"Inh","Active",0.575262972839814
"Inh","Active",0.571078781683386
"Inh","Active",0.523749174880762
"Inh","Active",0.606979352169044
"Inh","Active",0.594387819555082
"Inh","Active",0.570951359262707
"Inh","Active",0.620115368381405
"Inh","Active",0.566893557456599
"Inh","Active",0.578244781350199
"Inh","Active",0.565378493841398
"Inh","Active",0.63123524782522
"Inh","Active",0.572026869745651
"Inh","Active",0.567072972174466
"Inh","Active",0.573494537037552
"Inh","Active",0.640397556997343
"Inh","Active",0.614932953678738
"Inh","Active",0.635195240937556
"Inh","Active",0.608288032405751
"Inh","Active",0.577263896832724
"Inh","Active",0.577464599959675
"Inh","Active",0.579350265203095
"Inh","Active",0.587744909503993
"Inh","Active",0.605177308078987
"Inh","Active",0.569607649209869
"Inh","Active",0.624088609844511
"Inh","Active",0.617424436482834
"Inh","Active",0.595945926678438
"Inh","Active",0.593039395657514
"Inh","Active",0.612277316575283
"Inh","Active",0.564415875907901
"Inh","Active",0.600897167655977
"Inh","Active",0.535920883818739
"Inh","Active",0.585191792771442
"Inh","Active",0.548599576996181
"Inh","Active",0.5796823526009
"Inh","Active",0.530319441646296
"Inh","Active",0.604316002728228
"Inh","Active",0.632431249624529
"Inh","Active",0.547606116646368
"Inh","Active",0.590335711065225
"Inh","Active",0.649760188761188
"Inh","Active",0.606684401669193
"Inh","Active",0.627670718988236
"Inh","Active",0.54253437676253
"Inh","Active",0.588875382264881
"Inh","Active",0.587535693455477
"Inh","Active",0.628428235824953
"Inh","Active",0.558113755651942
"Inh","Active",0.584611654973204
"Inh","Active",0.569464241121184
"Inh","Active",0.629046169880097
"Inh","Active",0.622282207729191
"Inh","Active",0.597286584103109
"Inh","Active",0.570312805827543
"Inh","Active",0.562517407340082
"Inh","Active",0.615964953442633
"Inh","Active",0.587201435038467
"Inh","Active",0.650811508587591
"Inh","Active",0.586152422033246
"Inh","Active",0.581717791806172
"Inh","Active",0.516636148859113
"Inh","Active",0.587632349695874
"Inh","Active",0.630748706496266
"Inh","Active",0.547193448604793
"Inh","Active",0.576394871349089
"Inh","Active",0.52385436218751
"Inh","Active",0.56801368989262
"Inh","Active",0.526479201521253
"Inh","Active",0.548040584368911
"Inh","Active",0.596923152102087
"Inh","Active",0.60447227267268
"Inh","Active",0.634105593355366
"Inh","Active",0.608370717007432
"Inh","Active",0.559126434181144
"Inh","Active",0.569164143319222
"Inh","Active",0.595519496897931
"Inh","Active",0.555745058986458
"Inh","Active",0.598538178331928
"Inh","Active",0.579134178385843
"Inh","Active",0.597743475645535
"Inh","Active",0.625898964245579
"Inh","Active",0.529271894147758
"Inh","Active",0.571744692459955
"Inh","Active",0.592242794092958
"Inh","Active",0.56163613636458
"Inh","Active",0.595162085907933
"Inh","Active",0.511203857103014
"Inh","Active",0.551302071582971
"Inh","Active",0.608667804026355
"Inh","Active",0.651561929297498
"Inh","Active",0.628051457996249
"Inh","Active",0.555647459900622
"Inh","Active",0.537668105627713
"Inh","Active",0.589677278570013
"Inh","Active",0.554175767435306
"Inh","Active",0.571644467085703
"Inh","Active",0.556382795903813
"Inh","Active",0.51883648782607
"Inh","Active",0.61080005067436
"Inh","Active",0.58649370459503
"Inh","Active",0.604827825718687
"Inh","Active",0.601162206671683
"Inh","Active",0.573494951686845
"Inh","Active",0.593391933578423
"Inh","Active",0.570045518028379
"Inh","Active",0.624303750365838
"Inh","Active",0.654639589014879
"Inh","Active",0.522237995103195
"Inh","Active",0.605473448835954
"Inh","Active",0.589497599839951
"Inh","Active",0.620710203493891
"Inh","Active",0.585667231525309
"Inh","Active",0.614781717445944
"Inh","Active",0.581525161788401
"Inh","Active",0.559455546829445
"Inh","Active",0.589591412436217
"Inh","Active",0.567862850220667
"Inh","Active",0.628706384616567
"Inh","Active",0.555298823385541
"Inh","Active",0.604951822313302
"Inh","Active",0.57148435320275
"Inh","Active",0.618013898862295
"Inh","Active",0.568823736198246
"Inh","Active",0.594989253733835
"Inh","Active",0.598129743064037
"Inh","Active",0.591694071150566
"Inh","Active",0.546518450816178
"Inh","Active",0.535345764778744
"Inh","Active",0.573153644089098
"Inh","Active",0.57471543860208
"Inh","Active",0.606824442744938
"Inh","Active",0.559009140470007
"Inh","Active",0.616580627753451
"Inh","Active",0.548495685992186
"Inh","Active",0.584987045503301
"Inh","Active",0.561606594382535
"Inh","Active",0.563547754853754
"Inh","Active",0.632589546260724
"Inh","Active",0.587824253781838
"Inh","Active",0.538274524495944
"Inh","Active",0.563638235687119
"Inh","Active",0.560104020496235
"Inh","Active",0.508178609403163
"Inh","Active",0.609274121195302
"Inh","Active",0.603166565668573
"Inh","Active",0.586065219199942
"Inh","Active",0.538847179175743
"Inh","Active",0.580477258290027
"Inh","Active",0.579315964677555
"Inh","Active",0.578641995403396
"Inh","Active",0.608634463531784
"Inh","Active",0.563019119429505
"Inh","Active",0.589954141209756
"Inh","Active",0.623121740453105
"Inh","Active",0.642189183390459
"Inh","Active",0.60205135652114
"Inh","Active",0.628231243253581
"Inh","Active",0.577252352932761
"Inh","Active",0.546186266103427
"Inh","Active",0.596084154173465
"Inh","Active",0.603091496318283
"Inh","Active",0.553198785118961
"Inh","Active",0.601857362574189
"Inh","Active",0.53194112391579
"Inh","Active",0.573698954486516
"Inh","Active",0.590572554745514
"Inh","Active",0.548875988824815
"Inh","Active",0.604779082262974
"Inh","Active",0.538772518269773
"Inh","Active",0.558532240876466
"Inh","Repressive",0.628745113439728
"Inh","Repressive",0.657007885713066
"Inh","Repressive",0.629719343878929
"Inh","Repressive",0.622955985530616
"Inh","Repressive",0.643058829080827
"Inh","Repressive",0.653363301185749
"Inh","Repressive",0.640718962389351
"Inh","Repressive",0.604441797614114
"Inh","Repressive",0.611920047317902
"Inh","Repressive",0.638321062713435
"Inh","Repressive",0.620898558895838
"Inh","Repressive",0.638271974120464
"Inh","Repressive",0.663285653016808
"Inh","Repressive",0.644162508597009
"Inh","Repressive",0.621485498619541
"Inh","Repressive",0.602140288444502
"Inh","Repressive",0.612641051359931
"Inh","Repressive",0.590838635008027
"Inh","Repressive",0.600091696815175
"Inh","Repressive",0.616505425742829
"Inh","Repressive",0.597858259401858
"Inh","Repressive",0.62352359848183
"Inh","Repressive",0.620779598530208
"Inh","Repressive",0.620597871659877
"Inh","Repressive",0.64855874904946
"Inh","Repressive",0.594981682714609
"Inh","Repressive",0.612179306360554
"Inh","Repressive",0.621372882771488
"Inh","Repressive",0.580477099828712
"Inh","Repressive",0.582091751846203
"Inh","Repressive",0.610497582642308
"Inh","Repressive",0.632126584597502
"Inh","Repressive",0.62479727290495
"Inh","Repressive",0.62792122699355
"Inh","Repressive",0.663843276279095
"Inh","Repressive",0.624880721808884
"Inh","Repressive",0.597335782792667
"Inh","Repressive",0.613811293687536
"Inh","Repressive",0.641447648269603
"Inh","Repressive",0.596140434250035
"Inh","Repressive",0.650023966251319
"Inh","Repressive",0.6228640118379
"Inh","Repressive",0.618478351690419
"Inh","Repressive",0.623021795922903
"Inh","Repressive",0.615445519051706
"Inh","Repressive",0.588754179520503
"Inh","Repressive",0.6401459283338
"Inh","Repressive",0.588304224674613
"Inh","Repressive",0.63994029220175
"Inh","Repressive",0.62929931355754
"Inh","Repressive",0.587381145152237
"Inh","Repressive",0.635403772658174
"Inh","Repressive",0.615120874638672
"Inh","Repressive",0.62600379815019
"Inh","Repressive",0.658058832191103
"Inh","Repressive",0.615990826758377
"Inh","Repressive",0.634882531323327
"Inh","Repressive",0.624379535548732
"Inh","Repressive",0.616528479134735
"Inh","Repressive",0.643992129382427
"Inh","Repressive",0.615331006076626
"Inh","Repressive",0.635661855644643
"Inh","Repressive",0.640301962511355
"Inh","Repressive",0.612259896393437
"Inh","Repressive",0.59796571428464
"Inh","Repressive",0.620495520349526
"Inh","Repressive",0.632079827579698
"Inh","Repressive",0.606006315811232
"Inh","Repressive",0.629944477009856
"Inh","Repressive",0.64479924747064
"Inh","Repressive",0.616507942179511
"Inh","Repressive",0.598299854391395
"Inh","Repressive",0.592093893970675
"Inh","Repressive",0.666014751535608
"Inh","Repressive",0.6186830481099
"Inh","Repressive",0.645234205114906
"Inh","Repressive",0.588567509876099
"Inh","Repressive",0.636487286514034
"Inh","Repressive",0.588068787943836
"Inh","Repressive",0.616319707161327
"Inh","Repressive",0.64578444681428
"Inh","Repressive",0.622628704976739
"Inh","Repressive",0.606653304923986
"Inh","Repressive",0.620264906804043
"Inh","Repressive",0.62830613250147
"Inh","Repressive",0.6339700996042
"Inh","Repressive",0.598169383075195
"Inh","Repressive",0.61059115591298
"Inh","Repressive",0.643325762406766
"Inh","Repressive",0.645454519449485
"Inh","Repressive",0.657809580689698
"Inh","Repressive",0.640811658848386
"Inh","Repressive",0.606440828845895
"Inh","Repressive",0.612735397446413
"Inh","Repressive",0.631903941411876
"Inh","Repressive",0.645660354394814
"Inh","Repressive",0.607216248929382
"Inh","Repressive",0.611262558544023
"Inh","Repressive",0.62172351787919
"Inh","Repressive",0.636635191969852
"Inh","Repressive",0.619800218287277
"Inh","Repressive",0.632827039647496
"Inh","Repressive",0.614302142997664
"Inh","Repressive",0.632076751124783
"Inh","Repressive",0.613741014149953
"Inh","Repressive",0.6517088462252
"Inh","Repressive",0.590691499887074
"Inh","Repressive",0.646231871045388
"Inh","Repressive",0.606579826873287
"Inh","Repressive",0.645089161264978
"Inh","Repressive",0.619822745126244
"Inh","Repressive",0.662502427964933
"Inh","Repressive",0.623964041027219
"Inh","Repressive",0.610842557560439
"Inh","Repressive",0.63186600757126
"Inh","Repressive",0.663915488781448
"Inh","Repressive",0.626998848034364
"Inh","Repressive",0.657525290940317
"Inh","Repressive",0.642287844865254
"Inh","Repressive",0.638138080450182
"Inh","Repressive",0.614439102450997
"Inh","Repressive",0.627605952779238
"Inh","Repressive",0.617108705910465
"Inh","Repressive",0.617432575337026
"Inh","Repressive",0.64134966228509
"Inh","Repressive",0.600742732561633
"Inh","Repressive",0.606832107773164
"Inh","Repressive",0.624271784693997
"Inh","Repressive",0.637642969519974
"Inh","Repressive",0.631273712688033
"Inh","Repressive",0.586389886413526
"Inh","Repressive",0.611893677281438
"Inh","Repressive",0.645989528883478
"Inh","Repressive",0.653585291806655
"Inh","Repressive",0.615279411238535
"Inh","Repressive",0.625292370433397
"Inh","Repressive",0.61892364979694
"Inh","Repressive",0.649521812221173
"Inh","Repressive",0.667623642547271
"Inh","Repressive",0.591250769496366
"Inh","Repressive",0.662134622465335
"Inh","Repressive",0.627653630546716
"Inh","Repressive",0.614197570764767
"Inh","Repressive",0.625123786672635
"Inh","Repressive",0.601021619148518
"Inh","Repressive",0.621630304935114
"Inh","Repressive",0.636217435937452
"Inh","Repressive",0.570399263890104
"Inh","Repressive",0.618574919649193
"Inh","Repressive",0.654456756813629
"Inh","Repressive",0.64472921864884
"Inh","Repressive",0.618464804168668
"Inh","Repressive",0.58339595018563
"Inh","Repressive",0.653818226460153
"Inh","Repressive",0.617529798068162
"Inh","Repressive",0.650618586953905
"Inh","Repressive",0.63812540712371
"Inh","Repressive",0.63850652210522
"Inh","Repressive",0.629706286644211
"Inh","Repressive",0.641686007754908
"Inh","Repressive",0.615119263950746
"Inh","Repressive",0.60657640097255
"Inh","Repressive",0.596933612555073
"Inh","Repressive",0.577477352041546
"Inh","Repressive",0.654104745110821
"Inh","Repressive",0.615166746642604
"Inh","Repressive",0.646446264646523
"Inh","Repressive",0.656544512310667
"Inh","Repressive",0.614234159683928
"Inh","Repressive",0.617413254499168
"Inh","Repressive",0.676083088406519
"Inh","Repressive",0.622273007078419
"Inh","Repressive",0.631814131818294
"Inh","Repressive",0.64232604973257
"Inh","Repressive",0.644817710140464
"Inh","Repressive",0.659082809480046
"Inh","Repressive",0.661064197669252
"Inh","Repressive",0.641145503886539
"Inh","Repressive",0.586593617698381
"Inh","Repressive",0.634254748099403
"Inh","Repressive",0.638125947128121
"Inh","Repressive",0.612311143466491
"Inh","Repressive",0.62252283271603
"Inh","Repressive",0.654802980427275
"Inh","Repressive",0.627589112583055
"Inh","Repressive",0.599460362799185
"Inh","Repressive",0.607139391158199
"Inh","Repressive",0.633792593284036
"Inh","Repressive",0.61373141732514
"Inh","Repressive",0.643355998081793
"Inh","Repressive",0.632850138047434
"Inh","Repressive",0.624949100002958
"Inh","Repressive",0.663466989256622
"Inh","Repressive",0.641511196776856
"Inh","Repressive",0.626804904281819
"Inh","Repressive",0.593792061369768
"Inh","Repressive",0.627330769289752
"Inh","Repressive",0.643548570574499
"Inh","Repressive",0.637587683993029
"Inh","Repressive",0.623375635733018
"Inh","Repressive",0.586212410236936
"Inh","Repressive",0.626142901133621
"Inh","Repressive",0.62614910250572
"Inh","Repressive",0.616822894419089
"Inh","Repressive",0.629031149773868
"Inh","Repressive",0.580455942361051
"Inh","Repressive",0.650267484890387
"Inh","Repressive",0.628370396166726
"Inh","Repressive",0.666530979767349
"Inh","Repressive",0.650654445165386
"Inh","Repressive",0.591127757064401
"Inh","Repressive",0.675474534172807
"Inh","Repressive",0.685
"Inh","Repressive",0.630097755489737
"Inh","Repressive",0.651947954604836
"Inh","Repressive",0.626927138810927
"Inh","Repressive",0.652401519266403
"Inh","Repressive",0.589108631315941
"Inh","Repressive",0.67406280142552
"Inh","Repressive",0.656678773756458
"Ast","Active",0.5800617811561
"Ast","Active",0.548693185768464
"Ast","Active",0.523753449602795
"Ast","Active",0.578632849502067
"Ast","Active",0.536603211303148
"Ast","Active",0.604964637849593
"Ast","Active",0.608356169647646
"Ast","Active",0.584851946125533
"Ast","Active",0.565382344626919
"Ast","Active",0.604424461779441
"Ast","Active",0.537421476254745
"Ast","Active",0.556455404394009
"Ast","Active",0.563178032629246
"Ast","Active",0.594828682681165
"Ast","Active",0.588758849706681
"Ast","Active",0.628051275991919
"Ast","Active",0.589504737581169
"Ast","Active",0.591323899866317
"Ast","Active",0.550870232468147
"Ast","Active",0.636915928423394
"Ast","Active",0.529255246648265
"Ast","Active",0.608266631838387
"Ast","Active",0.554309536607166
"Ast","Active",0.609587489772222
"Ast","Active",0.594946582639123
"Ast","Active",0.56114542098151
"Ast","Active",0.575629854306787
"Ast","Active",0.579163204758639
"Ast","Active",0.547865906123166
"Ast","Active",0.543130270497774
"Ast","Active",0.558480561634632
"Ast","Active",0.548198682287899
"Ast","Active",0.564287102807755
"Ast","Active",0.631499496216165
"Ast","Active",0.537830228959332
"Ast","Active",0.627014253680951
"Ast","Active",0.582067360256529
"Ast","Active",0.62023498411145
"Ast","Active",0.601062328435662
"Ast","Active",0.577630170550346
"Ast","Active",0.639779461955354
"Ast","Active",0.603648379854001
"Ast","Active",0.605758148995745
"Ast","Active",0.606913229848888
"Ast","Active",0.608223215342864
"Ast","Active",0.597746019718453
"Ast","Active",0.602524938614125
"Ast","Active",0.515875551722031
"Ast","Active",0.620317196995917
"Ast","Active",0.569499290205963
"Ast","Active",0.580254675530835
"Ast","Active",0.575800837807951
"Ast","Active",0.593278431331245
"Ast","Active",0.608354894934963
"Ast","Active",0.561062939384346
"Ast","Active",0.594170131391211
"Ast","Active",0.607469348624605
"Ast","Active",0.629064870977773
"Ast","Active",0.587719786918506
"Ast","Active",0.602400452761106
"Ast","Active",0.585988595021485
"Ast","Active",0.59926057954686
"Ast","Active",0.584620577719181
"Ast","Active",0.611304212640727
"Ast","Active",0.564179106866933
"Ast","Active",0.611902162386898
"Ast","Active",0.566270584753012
"Ast","Active",0.60386803309237
"Ast","Active",0.596574727993435
"Ast","Active",0.593889773265952
"Ast","Active",0.583227809727616
"Ast","Active",0.493608200606078
"Ast","Active",0.57992624820327
"Ast","Active",0.597047839457724
"Ast","Active",0.625187277502302
"Ast","Active",0.586487567777609
"Ast","Active",0.610293570094344
"Ast","Active",0.60666870748804
"Ast","Active",0.586306407730984
"Ast","Active",0.608241068884978
"Ast","Active",0.563552307784635
"Ast","Active",0.57734596877942
"Ast","Active",0.49515295093382
"Ast","Active",0.582460587468173
"Ast","Active",0.582029314441299
"Ast","Active",0.59830185547039
"Ast","Active",0.557315066171424
"Ast","Active",0.552702296158077
"Ast","Active",0.537090441756033
"Ast","Active",0.566575929879251
"Ast","Active",0.578343185515019
"Ast","Active",0.536011709139071
"Ast","Active",0.586946052917303
"Ast","Active",0.565896331471036
"Ast","Active",0.580593743208479
"Ast","Active",0.578407157980777
"Ast","Active",0.591842350723187
"Ast","Active",0.551602408384882
"Ast","Active",0.615634127086403
"Ast","Active",0.608163050757331
"Ast","Active",0.595900018974075
"Ast","Active",0.565287855663873
"Ast","Active",0.568977672331516
"Ast","Active",0.537213221985541
"Ast","Active",0.611002395413894
"Ast","Active",0.551316233883362
"Ast","Active",0.576176217685463
"Ast","Active",0.559999059055829
"Ast","Active",0.54507399263593
"Ast","Active",0.574886410451604
"Ast","Active",0.572412655032876
"Ast","Active",0.629697780335463
"Ast","Active",0.553366903945455
"Ast","Active",0.542562263609937
"Ast","Active",0.579309051240853
"Ast","Active",0.603760055164086
"Ast","Active",0.600255300282253
"Ast","Active",0.58232040145245
"Ast","Active",0.561676183258722
"Ast","Active",0.60617159947609
"Ast","Active",0.600891505362979
"Ast","Active",0.559862117010545
"Ast","Active",0.57450475340504
"Ast","Active",0.625378335973689
"Ast","Active",0.564772550520516
"Ast","Active",0.567763823363481
"Ast","Active",0.490846989370499
"Ast","Active",0.629391842459075
"Ast","Active",0.559554099975232
"Ast","Active",0.574860965704633
"Ast","Active",0.591632234148345
"Ast","Active",0.551128118665241
"Ast","Active",0.561027338794019
"Ast","Active",0.56356949181451
"Ast","Active",0.56744202234169
"Ast","Active",0.567963303663019
"Ast","Active",0.534089698567333
"Ast","Active",0.60013835343606
"Ast","Active",0.613572725712752
"Ast","Active",0.626025402551787
"Ast","Active",0.539602893943691
"Ast","Active",0.641492533940008
"Ast","Active",0.568698345484514
"Ast","Active",0.596298471976196
"Ast","Active",0.565333508512883
"Ast","Active",0.620838395061211
"Ast","Active",0.56302678848755
"Ast","Active",0.554969452884009
"Ast","Active",0.568994314898122
"Ast","Active",0.524443677150321
"Ast","Active",0.596705219377473
"Ast","Active",0.558168373034018
"Ast","Active",0.589261399051367
"Ast","Active",0.577130919865984
"Ast","Active",0.630705041489968
"Ast","Active",0.583641723663585
"Ast","Active",0.523394277102556
"Ast","Active",0.566543349901922
"Ast","Active",0.595259598053534
"Ast","Active",0.618164667093001
"Ast","Active",0.604144379631753
"Ast","Active",0.566407468450852
"Ast","Active",0.587255459530802
"Ast","Active",0.517852238185215
"Ast","Active",0.639233623537641
"Ast","Active",0.645601381204685
"Ast","Active",0.58478382782021
"Ast","Active",0.535858482196959
"Ast","Active",0.564495347526755
"Ast","Active",0.661823471367519
"Ast","Active",0.547348848918943
"Ast","Active",0.558040346764758
"Ast","Active",0.539128922397875
"Ast","Active",0.569414013758982
"Ast","Active",0.597462749039028
"Ast","Active",0.565958470119237
"Ast","Active",0.623183098103335
"Ast","Active",0.577819712284579
"Ast","Active",0.550064464547133
"Ast","Active",0.604071945032069
"Ast","Active",0.612027071049557
"Ast","Active",0.567337909063641
"Ast","Active",0.606129519712321
"Ast","Active",0.613860605201885
"Ast","Active",0.580256100835575
"Ast","Active",0.610013692743298
"Ast","Active",0.603777559930034
"Ast","Active",0.573203578212007
"Ast","Active",0.551953439618488
"Ast","Active",0.562175632540907
"Ast","Active",0.531260906349598
"Ast","Active",0.556290376704379
"Ast","Active",0.621033737536897
"Ast","Active",0.596941397965062
"Ast","Active",0.555298936634536
"Ast","Active",0.594559650534036
"Ast","Active",0.543209235030151
"Ast","Active",0.564438583139649
"Ast","Active",0.550742900305868
"Ast","Active",0.621774011142891
"Ast","Active",0.564441495691768
"Ast","Active",0.551943821894524
"Ast","Active",0.579317275575103
"Ast","Active",0.557196399302332
"Ast","Active",0.584599343525871
"Ast","Active",0.607739068957422
"Ast","Active",0.565967198293155
"Ast","Active",0.587676587186033
"Ast","Active",0.581306097485055
"Ast","Active",0.489163239137762
"Ast","Active",0.621984425149981
"Ast","Active",0.544159875287425
"Ast","Active",0.579917356469936
"Ast","Active",0.588942621231732
"Ast","Active",0.581786932817705
"Ast","Active",0.589826607492169
"Ast","Active",0.544985350983643
"Ast","Active",0.561474347063136
"Ast","Active",0.600657452779209
"Ast","Active",0.564213187650207
"Ast","Repressive",0.644420797593607
"Ast","Repressive",0.611977625803068
"Ast","Repressive",0.589713252297167
"Ast","Repressive",0.626840391780382
"Ast","Repressive",0.652621040021358
"Ast","Repressive",0.616395348847119
"Ast","Repressive",0.58856583838816
"Ast","Repressive",0.611021319465436
"Ast","Repressive",0.607995350641761
"Ast","Repressive",0.570524458184544
"Ast","Repressive",0.600803755093898
"Ast","Repressive",0.64720065064205
"Ast","Repressive",0.618638981137893
"Ast","Repressive",0.645476786436608
"Ast","Repressive",0.625190171034414
"Ast","Repressive",0.634835472404613
"Ast","Repressive",0.609310426106281
"Ast","Repressive",0.587972843707662
"Ast","Repressive",0.615701643128207
"Ast","Repressive",0.584243249985381
"Ast","Repressive",0.617110904104207
"Ast","Repressive",0.588751486930236
"Ast","Repressive",0.644449313270784
"Ast","Repressive",0.619400399144959
"Ast","Repressive",0.654116501577143
"Ast","Repressive",0.598240589006129
"Ast","Repressive",0.602123037503548
"Ast","Repressive",0.636725419571418
"Ast","Repressive",0.618357888539555
"Ast","Repressive",0.619672409188042
"Ast","Repressive",0.665175880864412
"Ast","Repressive",0.647532416358537
"Ast","Repressive",0.598394920873386
"Ast","Repressive",0.579541261538376
"Ast","Repressive",0.624672294319554
"Ast","Repressive",0.616454264317749
"Ast","Repressive",0.659155465282927
"Ast","Repressive",0.607213449455332
"Ast","Repressive",0.653941941027268
"Ast","Repressive",0.622526095886811
"Ast","Repressive",0.604924518479797
"Ast","Repressive",0.614626560317224
"Ast","Repressive",0.62035552184409
"Ast","Repressive",0.614922032640325
"Ast","Repressive",0.604041096911879
"Ast","Repressive",0.608395786161333
"Ast","Repressive",0.629725085384949
"Ast","Repressive",0.59203901448178
"Ast","Repressive",0.615762487843848
"Ast","Repressive",0.623938142183487
"Ast","Repressive",0.59752419648045
"Ast","Repressive",0.651588216614201
"Ast","Repressive",0.596643558325745
"Ast","Repressive",0.651993310618831
"Ast","Repressive",0.610482724055071
"Ast","Repressive",0.581579880349918
"Ast","Repressive",0.61218493354036
"Ast","Repressive",0.612801777127009
"Ast","Repressive",0.645915284272083
"Ast","Repressive",0.644120812282323
"Ast","Repressive",0.612482021074762
"Ast","Repressive",0.622262112799503
"Ast","Repressive",0.629607359088931
"Ast","Repressive",0.654169843893861
"Ast","Repressive",0.603703777824028
"Ast","Repressive",0.679682500124516
"Ast","Repressive",0.655162169824258
"Ast","Repressive",0.601225558779129
"Ast","Repressive",0.618806358634739
"Ast","Repressive",0.637906136334103
"Ast","Repressive",0.606781464992611
"Ast","Repressive",0.606192444788204
"Ast","Repressive",0.685
"Ast","Repressive",0.652567255084201
"Ast","Repressive",0.640798317036709
"Ast","Repressive",0.633374166556552
"Ast","Repressive",0.6168572490467
"Ast","Repressive",0.600050523503863
"Ast","Repressive",0.570632169858194
"Ast","Repressive",0.651875484255065
"Ast","Repressive",0.609425825994158
"Ast","Repressive",0.621834654784075
"Ast","Repressive",0.61114477194754
"Ast","Repressive",0.621821955903464
"Ast","Repressive",0.652633126972058
"Ast","Repressive",0.613684089465449
"Ast","Repressive",0.639482968715155
"Ast","Repressive",0.59687814598329
"Ast","Repressive",0.584764097201503
"Ast","Repressive",0.663638102645318
"Ast","Repressive",0.637467975567593
"Ast","Repressive",0.617123241205012
"Ast","Repressive",0.669790139990291
"Ast","Repressive",0.600646457204997
"Ast","Repressive",0.618452794917222
"Ast","Repressive",0.609269375135835
"Ast","Repressive",0.57392721151434
"Ast","Repressive",0.605529699981709
"Ast","Repressive",0.665362988979671
"Ast","Repressive",0.642481097009281
"Ast","Repressive",0.618866327443773
"Ast","Repressive",0.634413108733227
"Ast","Repressive",0.615806370551274
"Ast","Repressive",0.644114919189633
"Ast","Repressive",0.615752432127409
"Ast","Repressive",0.620026176008466
"Ast","Repressive",0.628206980150487
"Ast","Repressive",0.623028328640566
"Ast","Repressive",0.601157920143039
"Ast","Repressive",0.683034390001027
"Ast","Repressive",0.630616465574906
"Ast","Repressive",0.659710062532022
"Ast","Repressive",0.592747420786139
"Ast","Repressive",0.641650721360325
"Ast","Repressive",0.677871342101381
"Ast","Repressive",0.637332676866448
"Ast","Repressive",0.655486087656932
"Ast","Repressive",0.622762954004088
"Ast","Repressive",0.610983297920425
"Ast","Repressive",0.618652619468566
"Ast","Repressive",0.622076992323923
"Ast","Repressive",0.620994910676593
"Ast","Repressive",0.637679718643676
"Ast","Repressive",0.606077755783568
"Ast","Repressive",0.617092628021917
"Ast","Repressive",0.617481010309021
"Ast","Repressive",0.618370050994115
"Ast","Repressive",0.633077475665746
"Ast","Repressive",0.645644674246941
"Ast","Repressive",0.602920987241049
"Ast","Repressive",0.66893213826945
"Ast","Repressive",0.644266682115601
"Ast","Repressive",0.632647517341017
"Ast","Repressive",0.650600168085691
"Ast","Repressive",0.647194671826899
"Ast","Repressive",0.606271896535452
"Ast","Repressive",0.60554022576901
"Ast","Repressive",0.6097888354342
"Ast","Repressive",0.638999926685695
"Ast","Repressive",0.637967789025699
"Ast","Repressive",0.630503921521505
"Ast","Repressive",0.5969776638194
"Ast","Repressive",0.683097672876476
"Ast","Repressive",0.625037840129121
"Ast","Repressive",0.67554013766991
"Ast","Repressive",0.604843719242495
"Ast","Repressive",0.625182198003958
"Ast","Repressive",0.617804310755727
"Ast","Repressive",0.623737900332165
"Ast","Repressive",0.614657155056191
"Ast","Repressive",0.602904886096897
"Ast","Repressive",0.616387838056082
"Ast","Repressive",0.606419588778405
"Ast","Repressive",0.620321937265205
"Ast","Repressive",0.645730061465137
"Ast","Repressive",0.607546164424182
"Ast","Repressive",0.662718079909318
"Ast","Repressive",0.617533120726597
"Ast","Repressive",0.590566367699704
"Ast","Repressive",0.630977275054254
"Ast","Repressive",0.634094575958915
"Ast","Repressive",0.646063704199868
"Ast","Repressive",0.638582000507564
"Ast","Repressive",0.610499413535871
"Ast","Repressive",0.680424346683171
"Ast","Repressive",0.62683998593451
"Ast","Repressive",0.611609379506801
"Ast","Repressive",0.662446511209676
"Ast","Repressive",0.647672494144847
"Ast","Repressive",0.670448158392398
"Ast","Repressive",0.58688375048881
"Ast","Repressive",0.617213192863308
"Ast","Repressive",0.608968157622042
"Ast","Repressive",0.657540083875221
"Ast","Repressive",0.59649144523125
"Ast","Repressive",0.632898045087042
"Ast","Repressive",0.636655789294093
"Ast","Repressive",0.599428067798042
"Ast","Repressive",0.612622179469132
"Ast","Repressive",0.626483105168183
"Ast","Repressive",0.588130946550954
"Ast","Repressive",0.651427340013055
"Ast","Repressive",0.614977816188192
"Ast","Repressive",0.594545544199385
"Ast","Repressive",0.616531877099528
"Ast","Repressive",0.601353160244512
"Ast","Repressive",0.623809783596646
"Ast","Repressive",0.643218297678596
"Ast","Repressive",0.647053638194561
"Ast","Repressive",0.607799638193179
"Ast","Repressive",0.628584097644391
"Ast","Repressive",0.583474721969697
"Ast","Repressive",0.641280144777059
"Ast","Repressive",0.625873318801785
"Ast","Repressive",0.657303903502728
"Ast","Repressive",0.611448181707231
"Ast","Repressive",0.600250766148743
"Ast","Repressive",0.652978052203755
"Ast","Repressive",0.645764106791602
"Ast","Repressive",0.596520568073189
"Ast","Repressive",0.616928419579198
"Ast","Repressive",0.644567461397767
"Ast","Repressive",0.605873408643702
"Ast","Repressive",0.626497446990255
"Ast","Repressive",0.64390122996668
"Ast","Repressive",0.627753238692929
"Ast","Repressive",0.633490788697472
"Ast","Repressive",0.580495437502679
"Ast","Repressive",0.618673858392592
"Ast","Repressive",0.628770952834447
"Ast","Repressive",0.647509605741761
"Ast","Repressive",0.649228683039839
"Ast","Repressive",0.615498877367696
"Ast","Repressive",0.633405520105903
"Ast","Repressive",0.643960230373881
"Ast","Repressive",0.621572223990487
"Ast","Repressive",0.620202839470111
"Ast","Repressive",0.640015182250871
"Ast","Repressive",0.589612342815648
"Ast","Repressive",0.639318249899443
"Oli","Active",0.561704787288564
"Oli","Active",0.572544936995676
"Oli","Active",0.613317889610223
"Oli","Active",0.550241471206741
"Oli","Active",0.579823013175437
"Oli","Active",0.666481615461958
"Oli","Active",0.580959408150776
"Oli","Active",0.576613086354497
"Oli","Active",0.6092488285882
"Oli","Active",0.572728726656627
"Oli","Active",0.622798031671685
"Oli","Active",0.502531596840695
"Oli","Active",0.652717615876066
"Oli","Active",0.570762319397754
"Oli","Active",0.539990123799655
"Oli","Active",0.639721061646148
"Oli","Active",0.624052316236359
"Oli","Active",0.542567026490548
"Oli","Active",0.610188482483896
"Oli","Active",0.577208348097084
"Oli","Active",0.548631053060983
"Oli","Active",0.548313254076909
"Oli","Active",0.579733487915533
"Oli","Active",0.596122817811971
"Oli","Active",0.56266281823987
"Oli","Active",0.528434945019132
"Oli","Active",0.572358161864019
"Oli","Active",0.565525623318351
"Oli","Active",0.575812220333756
"Oli","Active",0.622582627964033
"Oli","Active",0.591628581265358
"Oli","Active",0.605919154253381
"Oli","Active",0.597103843979695
"Oli","Active",0.588408490195035
"Oli","Active",0.586406795784444
"Oli","Active",0.550272687681532
"Oli","Active",0.580440099831652
"Oli","Active",0.614439793592376
"Oli","Active",0.570400676413459
"Oli","Active",0.568164005149711
"Oli","Active",0.63186906823316
"Oli","Active",0.530314621850855
"Oli","Active",0.564252598059827
"Oli","Active",0.561863665646103
"Oli","Active",0.591524361674714
"Oli","Active",0.585301755942755
"Oli","Active",0.503676859913836
"Oli","Active",0.532857105841194
"Oli","Active",0.645956298212384
"Oli","Active",0.602574583447089
"Oli","Active",0.608763677467329
"Oli","Active",0.587376971026406
"Oli","Active",0.606267929273684
"Oli","Active",0.528885568519898
"Oli","Active",0.595665038569811
"Oli","Active",0.538911029472893
"Oli","Active",0.550380502856646
"Oli","Active",0.559682978388721
"Oli","Active",0.584560954627286
"Oli","Active",0.591059186774158
"Oli","Active",0.614597654450543
"Oli","Active",0.614315553462258
"Oli","Active",0.598086507496102
"Oli","Active",0.590803873373045
"Oli","Active",0.601837880380128
"Oli","Active",0.585257410655043
"Oli","Active",0.621449101146956
"Oli","Active",0.593659514897753
"Oli","Active",0.593305254600348
"Oli","Active",0.572884206747659
"Oli","Active",0.626365830133074
"Oli","Active",0.600760993539913
"Oli","Active",0.576256787512706
"Oli","Active",0.552331499204221
"Oli","Active",0.516510676499063
"Oli","Active",0.582557406627447
"Oli","Active",0.605550927885304
"Oli","Active",0.554275419334287
"Oli","Active",0.580321794357339
"Oli","Active",0.607896432468819
"Oli","Active",0.580121482323832
"Oli","Active",0.557778069416426
"Oli","Active",0.606919445918354
"Oli","Active",0.5493314790357
"Oli","Active",0.585453925699836
"Oli","Active",0.589298157541084
"Oli","Active",0.600494186777672
"Oli","Active",0.529754168777231
"Oli","Active",0.605111609627719
"Oli","Active",0.563196359748633
"Oli","Active",0.626598842455463
"Oli","Active",0.594439343352635
"Oli","Active",0.596398085689721
"Oli","Active",0.608974638767095
"Oli","Active",0.480679719815292
"Oli","Active",0.651120320387084
"Oli","Active",0.552740417434741
"Oli","Active",0.582022510577345
"Oli","Active",0.533469796100006
"Oli","Active",0.560767553347284
"Oli","Active",0.54478680189053
"Oli","Active",0.510440732197816
"Oli","Active",0.576289442516076
"Oli","Active",0.538142746237592
"Oli","Active",0.582967061136026
"Oli","Active",0.555850041577202
"Oli","Active",0.589012135023479
"Oli","Active",0.579527033581818
"Oli","Active",0.562085347879702
"Oli","Active",0.520479660201768
"Oli","Active",0.577585005143394
"Oli","Active",0.55566630337361
"Oli","Active",0.5908796756879
"Oli","Active",0.566775418625206
"Oli","Active",0.617179506010642
"Oli","Active",0.593050672431124
"Oli","Active",0.617718506021472
"Oli","Active",0.541858301768089
"Oli","Active",0.55527195742386
"Oli","Active",0.57292278251182
"Oli","Active",0.538591842413662
"Oli","Active",0.612444608902775
"Oli","Active",0.60199762341131
"Oli","Active",0.612431571621597
"Oli","Active",0.594419726928034
"Oli","Active",0.60352528654315
"Oli","Active",0.542219510457425
"Oli","Active",0.587166025232435
"Oli","Active",0.616405673766629
"Oli","Active",0.581640342505748
"Oli","Active",0.55050237112633
"Oli","Active",0.559256798490994
"Oli","Active",0.595156121270291
"Oli","Active",0.557980217036549
"Oli","Active",0.563555743992056
"Oli","Active",0.550686862868626
"Oli","Active",0.564084572660464
"Oli","Active",0.59876065646587
"Oli","Active",0.587249988736479
"Oli","Active",0.554531891595991
"Oli","Active",0.629825000048372
"Oli","Active",0.605165342628602
"Oli","Active",0.544884904373778
"Oli","Active",0.608148753878753
"Oli","Active",0.557121380170106
"Oli","Active",0.577147860237831
"Oli","Active",0.577915043145335
"Oli","Active",0.633681168573389
"Oli","Active",0.567303590530831
"Oli","Active",0.498476708519347
"Oli","Active",0.58817849250362
"Oli","Active",0.552755922111598
"Oli","Active",0.558343751435833
"Oli","Active",0.551530418623296
"Oli","Active",0.531920015850604
"Oli","Active",0.548994519884179
"Oli","Active",0.585250126896312
"Oli","Active",0.581829268474459
"Oli","Active",0.606792686966095
"Oli","Active",0.598068512369365
"Oli","Active",0.526139612207289
"Oli","Active",0.608202501628946
"Oli","Active",0.607134198130234
"Oli","Active",0.579892760146207
"Oli","Active",0.615926394706883
"Oli","Active",0.513787159305751
"Oli","Active",0.658438122039134
"Oli","Active",0.606732039987174
"Oli","Active",0.61437014160872
"Oli","Active",0.524121461295129
"Oli","Active",0.543836999867884
"Oli","Active",0.535628131645207
"Oli","Active",0.577921624997634
"Oli","Active",0.548862807721349
"Oli","Active",0.584776057816218
"Oli","Active",0.562162131357527
"Oli","Active",0.568653946047325
"Oli","Active",0.618675890200401
"Oli","Active",0.564926760733514
"Oli","Active",0.597634112001294
"Oli","Active",0.568711012702946
"Oli","Active",0.533249479258069
"Oli","Active",0.599541421978868
"Oli","Active",0.540950420895175
"Oli","Active",0.61940128543105
"Oli","Active",0.584989715356071
"Oli","Active",0.572770036748316
"Oli","Active",0.558889071695589
"Oli","Active",0.583086604252245
"Oli","Active",0.58604207606758
"Oli","Active",0.574028843363015
"Oli","Active",0.570621054079395
"Oli","Active",0.59009715409848
"Oli","Active",0.619904831596714
"Oli","Active",0.539347458760903
"Oli","Active",0.61016923246481
"Oli","Active",0.631932357326057
"Oli","Active",0.55016374918749
"Oli","Active",0.56247163648368
"Oli","Active",0.573007046587576
"Oli","Active",0.594204925277414
"Oli","Active",0.54777833754679
"Oli","Active",0.585078139763976
"Oli","Active",0.614274573989833
"Oli","Active",0.584955251973859
"Oli","Active",0.609604417831469
"Oli","Active",0.592928294616758
"Oli","Active",0.598450688291046
"Oli","Active",0.609126426812071
"Oli","Active",0.535008059235389
"Oli","Active",0.587689807191181
"Oli","Active",0.565184788573978
"Oli","Active",0.619982992370175
"Oli","Active",0.627121668863416
"Oli","Active",0.559056336390246
"Oli","Active",0.628731355963257
"Oli","Active",0.572546567481188
"Oli","Active",0.626434879998963
"Oli","Active",0.509002846810575
"Oli","Active",0.590988493651718
"Oli","Repressive",0.624045038138501
"Oli","Repressive",0.616438742488929
"Oli","Repressive",0.616082006048184
"Oli","Repressive",0.632652386118201
"Oli","Repressive",0.589982558708106
"Oli","Repressive",0.650410422637429
"Oli","Repressive",0.623993974275309
"Oli","Repressive",0.632439278315826
"Oli","Repressive",0.667108459041374
"Oli","Repressive",0.658328145203148
"Oli","Repressive",0.587459976188876
"Oli","Repressive",0.637526570307433
"Oli","Repressive",0.600793708937329
"Oli","Repressive",0.60516275897329
"Oli","Repressive",0.621339202979166
"Oli","Repressive",0.624987081849777
"Oli","Repressive",0.649911219706144
"Oli","Repressive",0.642036614578004
"Oli","Repressive",0.655311370047288
"Oli","Repressive",0.644232548912424
"Oli","Repressive",0.625921353273738
"Oli","Repressive",0.658145191086482
"Oli","Repressive",0.612559102835772
"Oli","Repressive",0.648257294189392
"Oli","Repressive",0.576910886853784
"Oli","Repressive",0.625918913509668
"Oli","Repressive",0.623130295420035
"Oli","Repressive",0.620792829267929
"Oli","Repressive",0.597149969439194
"Oli","Repressive",0.64489529513451
"Oli","Repressive",0.577903469886136
"Oli","Repressive",0.630060070441339
"Oli","Repressive",0.636649679428209
"Oli","Repressive",0.604081297952489
"Oli","Repressive",0.637200450916751
"Oli","Repressive",0.637753504644912
"Oli","Repressive",0.658830419813012
"Oli","Repressive",0.685
"Oli","Repressive",0.604743183745329
"Oli","Repressive",0.578508851295764
"Oli","Repressive",0.563436683299758
"Oli","Repressive",0.627802206113048
"Oli","Repressive",0.640506010805945
"Oli","Repressive",0.627306194389445
"Oli","Repressive",0.614901637268481
"Oli","Repressive",0.609590907968413
"Oli","Repressive",0.637126659498077
"Oli","Repressive",0.664635377986863
"Oli","Repressive",0.640000718820388
"Oli","Repressive",0.615319091901592
"Oli","Repressive",0.654870799380554
"Oli","Repressive",0.622814704895148
"Oli","Repressive",0.610213380901775
"Oli","Repressive",0.638259698264435
"Oli","Repressive",0.64483251975479
"Oli","Repressive",0.656610505102541
"Oli","Repressive",0.61023921960926
"Oli","Repressive",0.598357029752624
"Oli","Repressive",0.654820535214565
"Oli","Repressive",0.641189428116167
"Oli","Repressive",0.635194420508724
"Oli","Repressive",0.631004764927561
"Oli","Repressive",0.657820646779755
"Oli","Repressive",0.659019482801133
"Oli","Repressive",0.61475355607341
"Oli","Repressive",0.651695151450464
"Oli","Repressive",0.615633989662563
"Oli","Repressive",0.604156960509943
"Oli","Repressive",0.648660050886225
"Oli","Repressive",0.630429224438301
"Oli","Repressive",0.615894311004564
"Oli","Repressive",0.680653307585108
"Oli","Repressive",0.614049867947909
"Oli","Repressive",0.61136678942043
"Oli","Repressive",0.622169994678627
"Oli","Repressive",0.666755591287174
"Oli","Repressive",0.652696297266467
"Oli","Repressive",0.650054530212349
"Oli","Repressive",0.685
"Oli","Repressive",0.611038276931769
"Oli","Repressive",0.564861251620599
"Oli","Repressive",0.665206116661533
"Oli","Repressive",0.574264492949027
"Oli","Repressive",0.61623123120626
"Oli","Repressive",0.646304068207804
"Oli","Repressive",0.61423941557475
"Oli","Repressive",0.623371389597219
"Oli","Repressive",0.598318890489433
"Oli","Repressive",0.624122877202717
"Oli","Repressive",0.620421729300215
"Oli","Repressive",0.650678149281084
"Oli","Repressive",0.603100658925588
"Oli","Repressive",0.599835023127325
"Oli","Repressive",0.630979475172435
"Oli","Repressive",0.656053872801955
"Oli","Repressive",0.615337928757841
"Oli","Repressive",0.627748453099351
"Oli","Repressive",0.674197313977965
"Oli","Repressive",0.602982714795219
"Oli","Repressive",0.675588220396795
"Oli","Repressive",0.621106365142651
"Oli","Repressive",0.617770310598283
"Oli","Repressive",0.602293417810979
"Oli","Repressive",0.644287438389673
"Oli","Repressive",0.645501869335259
"Oli","Repressive",0.644085417902989
"Oli","Repressive",0.604732258674275
"Oli","Repressive",0.655170320541144
"Oli","Repressive",0.634229915657762
"Oli","Repressive",0.661002968477422
"Oli","Repressive",0.607813916736474
"Oli","Repressive",0.578772221344898
"Oli","Repressive",0.651581974815732
"Oli","Repressive",0.608624357814293
"Oli","Repressive",0.640916506899987
"Oli","Repressive",0.676676791615807
"Oli","Repressive",0.624318488374196
"Oli","Repressive",0.608742182320724
"Oli","Repressive",0.628702151131117
"Oli","Repressive",0.640864177292323
"Oli","Repressive",0.59952973366096
"Oli","Repressive",0.634538998098471
"Oli","Repressive",0.643485501808479
"Oli","Repressive",0.629816084812662
"Oli","Repressive",0.633654493880692
"Oli","Repressive",0.613129765275788
"Oli","Repressive",0.646522887066483
"Oli","Repressive",0.654860742358426
"Oli","Repressive",0.668288585528806
"Oli","Repressive",0.609464739157712
"Oli","Repressive",0.644275990156241
"Oli","Repressive",0.617753414175558
"Oli","Repressive",0.610508910177975
"Oli","Repressive",0.650598488954682
"Oli","Repressive",0.638725152385161
"Oli","Repressive",0.638272023291279
"Oli","Repressive",0.635286428650238
"Oli","Repressive",0.642258362115547
"Oli","Repressive",0.59714899389758
"Oli","Repressive",0.640034658814659
"Oli","Repressive",0.610909346905299
"Oli","Repressive",0.652160772571071
"Oli","Repressive",0.620831734354603
"Oli","Repressive",0.621587849795577
"Oli","Repressive",0.660192428701018
"Oli","Repressive",0.585536741164778
"Oli","Repressive",0.65761696898421
"Oli","Repressive",0.638005598597622
"Oli","Repressive",0.620467009929172
"Oli","Repressive",0.624423326504911
"Oli","Repressive",0.630025550371319
"Oli","Repressive",0.568584866024851
"Oli","Repressive",0.599489601231956
"Oli","Repressive",0.567919681344395
"Oli","Repressive",0.628549043786692
"Oli","Repressive",0.613264381803241
"Oli","Repressive",0.610708030358534
"Oli","Repressive",0.620826287643712
"Oli","Repressive",0.620443155969755
"Oli","Repressive",0.598086490672786
"Oli","Repressive",0.610589130208477
"Oli","Repressive",0.58944249804175
"Oli","Repressive",0.589736501201331
"Oli","Repressive",0.664678867386772
"Oli","Repressive",0.658727192138996
"Oli","Repressive",0.629908085673627
"Oli","Repressive",0.649944265945315
"Oli","Repressive",0.596577756752474
"Oli","Repressive",0.634796141907222
"Oli","Repressive",0.627860243741398
"Oli","Repressive",0.616272186864937
"Oli","Repressive",0.625217315788229
"Oli","Repressive",0.652507570109636
"Oli","Repressive",0.633752564164361
"Oli","Repressive",0.64813671787407
"Oli","Repressive",0.630411817753392
"Oli","Repressive",0.621453067182417
"Oli","Repressive",0.588495358456575
"Oli","Repressive",0.633266700061266
"Oli","Repressive",0.598680755463249
"Oli","Repressive",0.652168387830726
"Oli","Repressive",0.622314402748424
"Oli","Repressive",0.619949568702935
"Oli","Repressive",0.648461133529199
"Oli","Repressive",0.602581235527887
"Oli","Repressive",0.64791748351249
"Oli","Repressive",0.621868201944405
"Oli","Repressive",0.624690905719659
"Oli","Repressive",0.643009509053652
"Oli","Repressive",0.589429317371713
"Oli","Repressive",0.616169735065191
"Oli","Repressive",0.635514716916659
"Oli","Repressive",0.631348842735815
"Oli","Repressive",0.622060223301738
"Oli","Repressive",0.610920603581644
"Oli","Repressive",0.634318631928503
"Oli","Repressive",0.632768663419254
"Oli","Repressive",0.621120372910722
"Oli","Repressive",0.619933235059749
"Oli","Repressive",0.604603038667126
"Oli","Repressive",0.641573715665759
"Oli","Repressive",0.628562102921184
"Oli","Repressive",0.628153996432118
"Oli","Repressive",0.646771861348145
"Oli","Repressive",0.559379119321212
"Oli","Repressive",0.581751754469072
"Oli","Repressive",0.625124695849816
"Oli","Repressive",0.65826139271041
"Oli","Repressive",0.59145686737526
"Oli","Repressive",0.61802622991748
"Oli","Repressive",0.588755717283032
"Oli","Repressive",0.64546324844783
"Oli","Repressive",0.626967882203609
"Oli","Repressive",0.609567127044698
"Oli","Repressive",0.634900628852275
"Oli","Repressive",0.649005766599236
"Oli","Repressive",0.601040085354773
"Oli","Repressive",0.635438613707592
"Oli","Repressive",0.638569058339323
"Oli","Repressive",0.567331405105898
"OPC","Active",0.591608196081974
"OPC","Active",0.572223506113406
"OPC","Active",0.629446078097647
"OPC","Active",0.592442421262443
"OPC","Active",0.612534447792212
"OPC","Active",0.53956471592452
"OPC","Active",0.587079511480329
"OPC","Active",0.585368894260007
"OPC","Active",0.624991302653483
"OPC","Active",0.588765121289426
"OPC","Active",0.553897289608446
"OPC","Active",0.535281030324031
"OPC","Active",0.604026814022423
"OPC","Active",0.520598084180767
"OPC","Active",0.594748614678547
"OPC","Active",0.530274270183749
"OPC","Active",0.618160709405507
"OPC","Active",0.589324793491649
"OPC","Active",0.576834250829021
"OPC","Active",0.57521611855128
"OPC","Active",0.57361248737785
"OPC","Active",0.564487800647605
"OPC","Active",0.601026160522941
"OPC","Active",0.626042263959416
"OPC","Active",0.576818196288087
"OPC","Active",0.560103778565538
"OPC","Active",0.547930438663102
"OPC","Active",0.561995022783025
"OPC","Active",0.582540679323198
"OPC","Active",0.591679540814763
"OPC","Active",0.494652774481707
"OPC","Active",0.594640278875407
"OPC","Active",0.605443222427974
"OPC","Active",0.594515660717294
"OPC","Active",0.605430753794969
"OPC","Active",0.574267154779308
"OPC","Active",0.591380827665248
"OPC","Active",0.555550632785853
"OPC","Active",0.555238953074131
"OPC","Active",0.554481216761499
"OPC","Active",0.631734646577818
"OPC","Active",0.538140040038275
"OPC","Active",0.583549934749173
"OPC","Active",0.564367629858884
"OPC","Active",0.610067751176619
"OPC","Active",0.554929180863141
"OPC","Active",0.572142265886313
"OPC","Active",0.592332950253049
"OPC","Active",0.602936269527112
"OPC","Active",0.606766635523892
"OPC","Active",0.563241534626711
"OPC","Active",0.612377310153619
"OPC","Active",0.549084555626966
"OPC","Active",0.550065345310889
"OPC","Active",0.566803518031018
"OPC","Active",0.640498418696845
"OPC","Active",0.580002472923845
"OPC","Active",0.602746537145074
"OPC","Active",0.529280504923886
"OPC","Active",0.608201850706612
"OPC","Active",0.620952658330911
"OPC","Active",0.544214786864552
"OPC","Active",0.597776458955975
"OPC","Active",0.555784062870107
"OPC","Active",0.607839272805003
"OPC","Active",0.551570894352441
"OPC","Active",0.554731275985791
"OPC","Active",0.60649614961213
"OPC","Active",0.550836818122327
"OPC","Active",0.527542969122255
"OPC","Active",0.573137094015528
"OPC","Active",0.589135349339384
"OPC","Active",0.536192199601014
"OPC","Active",0.547371414689074
"OPC","Active",0.559817843079199
"OPC","Active",0.598597845751763
"OPC","Active",0.564552808199558
"OPC","Active",0.598701601070081
"OPC","Active",0.598749027097525
"OPC","Active",0.581891075907583
"OPC","Active",0.534757040429714
"OPC","Active",0.563063849239294
"OPC","Active",0.604866543696307
"OPC","Active",0.59433261635082
"OPC","Active",0.530559541433667
"OPC","Active",0.55366938950759
"OPC","Active",0.540681257147997
"OPC","Active",0.567352824278761
"OPC","Active",0.564409739851966
"OPC","Active",0.623476074048602
"OPC","Active",0.601933466975932
"OPC","Active",0.598307835069606
"OPC","Active",0.57756836868456
"OPC","Active",0.556721463834985
"OPC","Active",0.56506398147718
"OPC","Active",0.640039651929626
"OPC","Active",0.572294333339939
"OPC","Active",0.568176020714903
"OPC","Active",0.562801862407944
"OPC","Active",0.605864445562143
"OPC","Active",0.613865839334679
"OPC","Active",0.622514414533614
"OPC","Active",0.55040697702438
"OPC","Active",0.595161074354679
"OPC","Active",0.564893368821663
"OPC","Active",0.596185946150546
"OPC","Active",0.623726755394459
"OPC","Active",0.553993835019185
"OPC","Active",0.5768518863501
"OPC","Active",0.528274817359806
"OPC","Active",0.566480670044087
"OPC","Active",0.539848967215633
"OPC","Active",0.562681873193294
"OPC","Active",0.59863215505637
"OPC","Active",0.580351831243917
"OPC","Active",0.565156073080686
"OPC","Active",0.531258663270471
"OPC","Active",0.543531405650598
"OPC","Active",0.588695553778705
"OPC","Active",0.55894545470889
"OPC","Active",0.603273375092546
"OPC","Active",0.559001897768251
"OPC","Active",0.582345708105757
"OPC","Active",0.623230594773389
"OPC","Active",0.507848516099972
"OPC","Active",0.600881186090408
"OPC","Active",0.587747081307018
"OPC","Active",0.645093599315051
"OPC","Active",0.581195988757262
"OPC","Active",0.614638741421793
"OPC","Active",0.61610149744606
"OPC","Active",0.595818171480296
"OPC","Active",0.611072382978996
"OPC","Active",0.600118596241746
"OPC","Active",0.546000629726946
"OPC","Active",0.645092351939286
"OPC","Active",0.612670810762048
"OPC","Active",0.582353296869778
"OPC","Active",0.556192042164316
"OPC","Active",0.538069264162251
"OPC","Active",0.566422692240673
"OPC","Active",0.584967283483911
"OPC","Active",0.55342091398763
"OPC","Active",0.607505870993157
"OPC","Active",0.63174148486575
"OPC","Active",0.640977548666082
"OPC","Active",0.547543478961367
"OPC","Active",0.599354613935767
"OPC","Active",0.634382054445677
"OPC","Active",0.547888836060709
"OPC","Active",0.581060150880713
"OPC","Active",0.646703245406861
"OPC","Active",0.579892829397424
"OPC","Active",0.568309541003677
"OPC","Active",0.549252698029543
"OPC","Active",0.582583893148744
"OPC","Active",0.562165072428633
"OPC","Active",0.559359748148327
"OPC","Active",0.544756987991781
"OPC","Active",0.582705576602701
"OPC","Active",0.588468716032973
"OPC","Active",0.508164718177171
"OPC","Active",0.600149395583472
"OPC","Active",0.599671288423851
"OPC","Active",0.561013904727044
"OPC","Active",0.545300227189566
"OPC","Active",0.579026820719276
"OPC","Active",0.592104230153429
"OPC","Active",0.604361072295617
"OPC","Active",0.605748082413889
"OPC","Active",0.606225558781102
"OPC","Active",0.598012623873025
"OPC","Active",0.575526989966988
"OPC","Active",0.644412000951021
"OPC","Active",0.601601808438627
"OPC","Active",0.605376280648835
"OPC","Active",0.58615822050525
"OPC","Active",0.604989082140113
"OPC","Active",0.561557297901158
"OPC","Active",0.620127682871306
"OPC","Active",0.558427575082032
"OPC","Active",0.527078375800727
"OPC","Active",0.563617163267961
"OPC","Active",0.553196750337568
"OPC","Active",0.585984248888513
"OPC","Active",0.521160903659105
"OPC","Active",0.573635529816428
"OPC","Active",0.53899363773401
"OPC","Active",0.558175520124989
"OPC","Active",0.62349661623605
"OPC","Active",0.560873827486377
"OPC","Active",0.565500602266636
"OPC","Active",0.59128551415624
"OPC","Active",0.56611798975464
"OPC","Active",0.558284172885173
"OPC","Active",0.619850838841077
"OPC","Active",0.610732160003089
"OPC","Active",0.579804293066713
"OPC","Active",0.53442818114317
"OPC","Active",0.63630557300643
"OPC","Active",0.573795276382923
"OPC","Active",0.579404483968196
"OPC","Active",0.652438462925176
"OPC","Active",0.641125369184385
"OPC","Active",0.583360184445077
"OPC","Active",0.579175932192252
"OPC","Active",0.573052296489219
"OPC","Active",0.60829254324199
"OPC","Active",0.636845403127127
"OPC","Active",0.571419926785063
"OPC","Active",0.638309286208862
"OPC","Active",0.559834476312436
"OPC","Active",0.585238602074104
"OPC","Active",0.533170930928977
"OPC","Active",0.654949011956651
"OPC","Active",0.556721410071693
"OPC","Active",0.590864542778611
"OPC","Active",0.573539155007798
"OPC","Active",0.57739307724799
"OPC","Active",0.570279481624434
"OPC","Repressive",0.630062947694385
"OPC","Repressive",0.599125791412033
"OPC","Repressive",0.597765599686052
"OPC","Repressive",0.594498987372132
"OPC","Repressive",0.580320918381777
"OPC","Repressive",0.619459856873639
"OPC","Repressive",0.641121235258988
"OPC","Repressive",0.617653001633543
"OPC","Repressive",0.624919924237933
"OPC","Repressive",0.623798871775298
"OPC","Repressive",0.654671369834214
"OPC","Repressive",0.61824656484811
"OPC","Repressive",0.603183803819557
"OPC","Repressive",0.614304223561373
"OPC","Repressive",0.668083453878698
"OPC","Repressive",0.60740976797338
"OPC","Repressive",0.648074240824719
"OPC","Repressive",0.634095673820219
"OPC","Repressive",0.587960617387534
"OPC","Repressive",0.632665489869786
"OPC","Repressive",0.612082458208603
"OPC","Repressive",0.618617531980774
"OPC","Repressive",0.658574367739921
"OPC","Repressive",0.650455787287189
"OPC","Repressive",0.583180666289292
"OPC","Repressive",0.61018837642335
"OPC","Repressive",0.650673986847329
"OPC","Repressive",0.667092507299267
"OPC","Repressive",0.616931812884664
"OPC","Repressive",0.595056647851408
"OPC","Repressive",0.596180241395779
"OPC","Repressive",0.613649879948694
"OPC","Repressive",0.619647706258767
"OPC","Repressive",0.64858722306581
"OPC","Repressive",0.626874325553987
"OPC","Repressive",0.604039228501704
"OPC","Repressive",0.655320334720267
"OPC","Repressive",0.684676960744893
"OPC","Repressive",0.604058769680715
"OPC","Repressive",0.626833597851883
"OPC","Repressive",0.631852834817061
"OPC","Repressive",0.56580171765799
"OPC","Repressive",0.584292688104229
"OPC","Repressive",0.617332725053768
"OPC","Repressive",0.578002175575821
"OPC","Repressive",0.63248317452375
"OPC","Repressive",0.642559896965389
"OPC","Repressive",0.68263882245286
"OPC","Repressive",0.651362646024916
"OPC","Repressive",0.603988211157807
"OPC","Repressive",0.601127439673288
"OPC","Repressive",0.620918440909976
"OPC","Repressive",0.634385521234619
"OPC","Repressive",0.63913195585188
"OPC","Repressive",0.626923931130661
"OPC","Repressive",0.594235555247113
"OPC","Repressive",0.623453537023044
"OPC","Repressive",0.647864590976557
"OPC","Repressive",0.628745871329783
"OPC","Repressive",0.614328232778482
"OPC","Repressive",0.6262029122815
"OPC","Repressive",0.608332729963057
"OPC","Repressive",0.622734579552006
"OPC","Repressive",0.603251849158076
"OPC","Repressive",0.685
"OPC","Repressive",0.647114574445378
"OPC","Repressive",0.620825163700776
"OPC","Repressive",0.648535138510418
"OPC","Repressive",0.62584916626064
"OPC","Repressive",0.64296643094213
"OPC","Repressive",0.645007167141273
"OPC","Repressive",0.594204633405396
"OPC","Repressive",0.685
"OPC","Repressive",0.594399887291718
"OPC","Repressive",0.679433042577144
"OPC","Repressive",0.604867939648572
"OPC","Repressive",0.632670849529688
"OPC","Repressive",0.602110165581125
"OPC","Repressive",0.633011856853912
"OPC","Repressive",0.593463197073592
"OPC","Repressive",0.666776678182953
"OPC","Repressive",0.635195095529368
"OPC","Repressive",0.650304874834331
"OPC","Repressive",0.600801789028646
"OPC","Repressive",0.642138357587997
"OPC","Repressive",0.65295734223373
"OPC","Repressive",0.589757822351363
"OPC","Repressive",0.641726255450544
"OPC","Repressive",0.588353872048467
"OPC","Repressive",0.617645313633901
"OPC","Repressive",0.649041200733492
"OPC","Repressive",0.653330611988812
"OPC","Repressive",0.622496417439015
"OPC","Repressive",0.626740910710393
"OPC","Repressive",0.640156471703218
"OPC","Repressive",0.633388890633954
"OPC","Repressive",0.647084239262767
"OPC","Repressive",0.608006344757839
"OPC","Repressive",0.67726838438086
"OPC","Repressive",0.615759857372814
"OPC","Repressive",0.638396926146729
"OPC","Repressive",0.632212931680991
"OPC","Repressive",0.647609232139931
"OPC","Repressive",0.60606442274751
"OPC","Repressive",0.661717350715651
"OPC","Repressive",0.616582346510304
"OPC","Repressive",0.600530883161886
"OPC","Repressive",0.59590914282106
"OPC","Repressive",0.621809795318112
"OPC","Repressive",0.572705282401735
"OPC","Repressive",0.637015308118
"OPC","Repressive",0.634661841130217
"OPC","Repressive",0.632875967240353
"OPC","Repressive",0.641225121309916
"OPC","Repressive",0.6226743021946
"OPC","Repressive",0.61046531948683
"OPC","Repressive",0.620104534763713
"OPC","Repressive",0.615225205182766
"OPC","Repressive",0.585164951031016
"OPC","Repressive",0.641393281779811
"OPC","Repressive",0.620207570915363
"OPC","Repressive",0.56326231433396
"OPC","Repressive",0.607186925378974
"OPC","Repressive",0.636817248034234
"OPC","Repressive",0.64222022944823
"OPC","Repressive",0.589103576723229
"OPC","Repressive",0.643640611733366
"OPC","Repressive",0.605754638324753
"OPC","Repressive",0.626909560079713
"OPC","Repressive",0.601261443606718
"OPC","Repressive",0.602542192903952
"OPC","Repressive",0.573281327146534
"OPC","Repressive",0.654107403687062
"OPC","Repressive",0.601811009823163
"OPC","Repressive",0.6249234007229
"OPC","Repressive",0.638413458152667
"OPC","Repressive",0.604233721298778
"OPC","Repressive",0.657953577663619
"OPC","Repressive",0.600063606474217
"OPC","Repressive",0.593003775500744
"OPC","Repressive",0.595652520485595
"OPC","Repressive",0.627403456557836
"OPC","Repressive",0.628551681275725
"OPC","Repressive",0.621502463806802
"OPC","Repressive",0.547711215645677
"OPC","Repressive",0.635300095271536
"OPC","Repressive",0.65773332724552
"OPC","Repressive",0.624339043445873
"OPC","Repressive",0.628760972066129
"OPC","Repressive",0.641317927774298
"OPC","Repressive",0.671065829269865
"OPC","Repressive",0.66831556975021
"OPC","Repressive",0.591330021231165
"OPC","Repressive",0.647326465116401
"OPC","Repressive",0.627922096757555
"OPC","Repressive",0.649213002045397
"OPC","Repressive",0.627294518630935
"OPC","Repressive",0.649108707691385
"OPC","Repressive",0.601952466088258
"OPC","Repressive",0.616100647495518
"OPC","Repressive",0.610990023174082
"OPC","Repressive",0.621825522687176
"OPC","Repressive",0.659717041508175
"OPC","Repressive",0.605848510440279
"OPC","Repressive",0.635723575643233
"OPC","Repressive",0.61388317523464
"OPC","Repressive",0.606507201273979
"OPC","Repressive",0.604181030039144
"OPC","Repressive",0.64690175443502
"OPC","Repressive",0.623080198536362
"OPC","Repressive",0.620286570831974
"OPC","Repressive",0.615996973904104
"OPC","Repressive",0.602169617052039
"OPC","Repressive",0.607013370865709
"OPC","Repressive",0.628799641497759
"OPC","Repressive",0.613902359261944
"OPC","Repressive",0.601910692057618
"OPC","Repressive",0.633110612005498
"OPC","Repressive",0.63540988081936
"OPC","Repressive",0.648630447831195
"OPC","Repressive",0.635464926535496
"OPC","Repressive",0.602584866436988
"OPC","Repressive",0.617274946737712
"OPC","Repressive",0.657773110880374
"OPC","Repressive",0.642836995598442
"OPC","Repressive",0.65747939412028
"OPC","Repressive",0.651232468867197
"OPC","Repressive",0.600845128864429
"OPC","Repressive",0.610244934699172
"OPC","Repressive",0.635276454146841
"OPC","Repressive",0.676791027084147
"OPC","Repressive",0.578733543883976
"OPC","Repressive",0.617019555204016
"OPC","Repressive",0.597843499781141
"OPC","Repressive",0.560597205927024
"OPC","Repressive",0.619969836029019
"OPC","Repressive",0.600268690772466
"OPC","Repressive",0.593693342738466
"OPC","Repressive",0.60166095908269
"OPC","Repressive",0.661556709090023
"OPC","Repressive",0.606548600799295
"OPC","Repressive",0.633367543750197
"OPC","Repressive",0.596330971146675
"OPC","Repressive",0.636435318056332
"OPC","Repressive",0.595365111798846
"OPC","Repressive",0.631271235535874
"OPC","Repressive",0.611340867081104
"OPC","Repressive",0.614360472582407
"OPC","Repressive",0.611626526894943
"OPC","Repressive",0.590541944910105
"OPC","Repressive",0.606486295335852
"OPC","Repressive",0.625489459090664
"OPC","Repressive",0.626953680191821
"OPC","Repressive",0.622563161715222
"OPC","Repressive",0.629737158709498
"OPC","Repressive",0.602828054613868
"OPC","Repressive",0.625111512329409
"OPC","Repressive",0.622536826700755
"OPC","Repressive",0.635571783410562
"OPC","Repressive",0.637895396425028
"Mic/Immune","Active",0.619064725911669
"Mic/Immune","Active",0.564411083074503
"Mic/Immune","Active",0.553077387678888
"Mic/Immune","Active",0.642501764520452
"Mic/Immune","Active",0.574421900879972
"Mic/Immune","Active",0.638459872506753
"Mic/Immune","Active",0.588248582403038
"Mic/Immune","Active",0.550311888297519
"Mic/Immune","Active",0.537847405969418
"Mic/Immune","Active",0.599584067077201
"Mic/Immune","Active",0.561763722111317
"Mic/Immune","Active",0.551270255017798
"Mic/Immune","Active",0.517198625953686
"Mic/Immune","Active",0.575555717264543
"Mic/Immune","Active",0.490856469298074
"Mic/Immune","Active",0.557379650136273
"Mic/Immune","Active",0.58026874144586
"Mic/Immune","Active",0.564734464122903
"Mic/Immune","Active",0.61214309116679
"Mic/Immune","Active",0.598613728693563
"Mic/Immune","Active",0.563352153262653
"Mic/Immune","Active",0.554842726243498
"Mic/Immune","Active",0.66612224698622
"Mic/Immune","Active",0.535167919952605
"Mic/Immune","Active",0.561383781011292
"Mic/Immune","Active",0.600654229397333
"Mic/Immune","Active",0.529130331698758
"Mic/Immune","Active",0.516614742509759
"Mic/Immune","Active",0.580759334161979
"Mic/Immune","Active",0.553407901013009
"Mic/Immune","Active",0.606699944929482
"Mic/Immune","Active",0.576642091427474
"Mic/Immune","Active",0.574691335789825
"Mic/Immune","Active",0.569754427207488
"Mic/Immune","Active",0.577111735308244
"Mic/Immune","Active",0.576655480102465
"Mic/Immune","Active",0.543355722996259
"Mic/Immune","Active",0.579668801198144
"Mic/Immune","Active",0.546868044371967
"Mic/Immune","Active",0.577840190417085
"Mic/Immune","Active",0.608485047658828
"Mic/Immune","Active",0.531720713877416
"Mic/Immune","Active",0.556394564789181
"Mic/Immune","Active",0.552077733047723
"Mic/Immune","Active",0.589127564390892
"Mic/Immune","Active",0.564537148658812
"Mic/Immune","Active",0.589497012014844
"Mic/Immune","Active",0.548774998414374
"Mic/Immune","Active",0.5633497267576
"Mic/Immune","Active",0.539090539919209
"Mic/Immune","Active",0.581740506230394
"Mic/Immune","Active",0.56448036046567
"Mic/Immune","Active",0.548250450889523
"Mic/Immune","Active",0.545605490346642
"Mic/Immune","Active",0.526564912684703
"Mic/Immune","Active",0.568773970828642
"Mic/Immune","Active",0.508944343337103
"Mic/Immune","Active",0.546673037537396
"Mic/Immune","Active",0.529718113495192
"Mic/Immune","Active",0.540528565099136
"Mic/Immune","Active",0.614798563696652
"Mic/Immune","Active",0.602735544081967
"Mic/Immune","Active",0.636771236443599
"Mic/Immune","Active",0.569886512400214
"Mic/Immune","Active",0.577746125543749
"Mic/Immune","Active",0.576788800351193
"Mic/Immune","Active",0.534958575098176
"Mic/Immune","Active",0.55917537514571
"Mic/Immune","Active",0.56679451550311
"Mic/Immune","Active",0.518414662400424
"Mic/Immune","Active",0.625587447514551
"Mic/Immune","Active",0.539098847632326
"Mic/Immune","Active",0.550934725286957
"Mic/Immune","Active",0.563949715671021
"Mic/Immune","Active",0.534318515806231
"Mic/Immune","Active",0.604652583230533
"Mic/Immune","Active",0.610180705288611
"Mic/Immune","Active",0.553369500305309
"Mic/Immune","Active",0.589688857591779
"Mic/Immune","Active",0.574228474261575
"Mic/Immune","Active",0.559901499528861
"Mic/Immune","Active",0.623954127401275
"Mic/Immune","Active",0.602671987275575
"Mic/Immune","Active",0.581726467359485
"Mic/Immune","Active",0.507637935308359
"Mic/Immune","Active",0.56025122006668
"Mic/Immune","Active",0.577556024486949
"Mic/Immune","Active",0.56525020560832
"Mic/Immune","Active",0.616327738624707
"Mic/Immune","Active",0.53550039586424
"Mic/Immune","Active",0.599562646068813
"Mic/Immune","Active",0.536456281492145
"Mic/Immune","Active",0.570098225301217
"Mic/Immune","Active",0.607075193318508
"Mic/Immune","Active",0.602478266421498
"Mic/Immune","Active",0.59425497493797
"Mic/Immune","Active",0.53933108297617
"Mic/Immune","Active",0.537031188677948
"Mic/Immune","Active",0.577108067924918
"Mic/Immune","Active",0.591063034930816
"Mic/Immune","Active",0.585187085195505
"Mic/Immune","Active",0.578912219554396
"Mic/Immune","Active",0.591989604594429
"Mic/Immune","Active",0.587381584764318
"Mic/Immune","Active",0.55917969439811
"Mic/Immune","Active",0.532840289466894
"Mic/Immune","Active",0.608428024546713
"Mic/Immune","Active",0.606850042206005
"Mic/Immune","Active",0.579805146482663
"Mic/Immune","Active",0.598445661478728
"Mic/Immune","Active",0.574525033849428
"Mic/Immune","Active",0.566012646520241
"Mic/Immune","Active",0.585754206775502
"Mic/Immune","Active",0.580612941863728
"Mic/Immune","Active",0.596442882976538
"Mic/Immune","Active",0.606214212513252
"Mic/Immune","Active",0.573485682921652
"Mic/Immune","Active",0.575560105773702
"Mic/Immune","Active",0.61710826701263
"Mic/Immune","Active",0.564009524508638
"Mic/Immune","Active",0.585243167705356
"Mic/Immune","Active",0.566227539553522
"Mic/Immune","Active",0.576415687676284
"Mic/Immune","Active",0.571985727868079
"Mic/Immune","Active",0.64998844861832
"Mic/Immune","Active",0.536144308239108
"Mic/Immune","Active",0.508094993940458
"Mic/Immune","Active",0.565678540929978
"Mic/Immune","Active",0.555084947567522
"Mic/Immune","Active",0.612099721033433
"Mic/Immune","Active",0.568511447379211
"Mic/Immune","Active",0.553572910379901
"Mic/Immune","Active",0.574072738084227
"Mic/Immune","Active",0.523338337032857
"Mic/Immune","Active",0.546284914938934
"Mic/Immune","Active",0.570627670271616
"Mic/Immune","Active",0.590879476310445
"Mic/Immune","Active",0.583416115290798
"Mic/Immune","Active",0.542259041965399
"Mic/Immune","Active",0.557867831070975
"Mic/Immune","Active",0.559401767826775
"Mic/Immune","Active",0.543326498705071
"Mic/Immune","Active",0.58386740973523
"Mic/Immune","Active",0.590603862071049
"Mic/Immune","Active",0.595296332402513
"Mic/Immune","Active",0.59154499871559
"Mic/Immune","Active",0.568702905119819
"Mic/Immune","Active",0.621738748954615
"Mic/Immune","Active",0.527989615281487
"Mic/Immune","Active",0.577529699956783
"Mic/Immune","Active",0.590748646770353
"Mic/Immune","Active",0.571239597758818
"Mic/Immune","Active",0.562263650351151
"Mic/Immune","Active",0.555360371748371
"Mic/Immune","Active",0.501999759241075
"Mic/Immune","Active",0.598947207085081
"Mic/Immune","Active",0.542971188128556
"Mic/Immune","Active",0.587352221996601
"Mic/Immune","Active",0.52964797825361
"Mic/Immune","Active",0.594850897063615
"Mic/Immune","Active",0.542543548038098
"Mic/Immune","Active",0.599621020512586
"Mic/Immune","Active",0.559955281524676
"Mic/Immune","Active",0.600818636723695
"Mic/Immune","Active",0.561232468110057
"Mic/Immune","Active",0.559945647902435
"Mic/Immune","Active",0.595322368579768
"Mic/Immune","Active",0.616442469485646
"Mic/Immune","Active",0.580629787451016
"Mic/Immune","Active",0.573904928665696
"Mic/Immune","Active",0.579198311070572
"Mic/Immune","Active",0.619119132855925
"Mic/Immune","Active",0.565173273095747
"Mic/Immune","Active",0.604936188241597
"Mic/Immune","Active",0.548912736761778
"Mic/Immune","Active",0.581746269315545
"Mic/Immune","Active",0.54594861400586
"Mic/Immune","Active",0.598168104372347
"Mic/Immune","Active",0.592607394363286
"Mic/Immune","Active",0.578350623200576
"Mic/Immune","Active",0.608059554906602
"Mic/Immune","Active",0.574552731253244
"Mic/Immune","Active",0.506665437427167
"Mic/Immune","Active",0.590525888803869
"Mic/Immune","Active",0.565150435502937
"Mic/Immune","Active",0.578167658086712
"Mic/Immune","Active",0.5720041712817
"Mic/Immune","Active",0.626957575155764
"Mic/Immune","Active",0.636504030382274
"Mic/Immune","Active",0.56574317481613
"Mic/Immune","Active",0.561290657272988
"Mic/Immune","Active",0.600788778307471
"Mic/Immune","Active",0.574327397350703
"Mic/Immune","Active",0.526409163340859
"Mic/Immune","Active",0.522770103703249
"Mic/Immune","Active",0.558622573934245
"Mic/Immune","Active",0.598516964107891
"Mic/Immune","Active",0.538861161754918
"Mic/Immune","Active",0.551562062926409
"Mic/Immune","Active",0.591444695729243
"Mic/Immune","Active",0.555602534356479
"Mic/Immune","Active",0.560559429570917
"Mic/Immune","Active",0.597807247297247
"Mic/Immune","Active",0.629099802648451
"Mic/Immune","Active",0.566708492532915
"Mic/Immune","Active",0.536331402463675
"Mic/Immune","Active",0.565393052060968
"Mic/Immune","Active",0.508396017347603
"Mic/Immune","Active",0.590493331544854
"Mic/Immune","Active",0.603718605593334
"Mic/Immune","Active",0.540919937000883
"Mic/Immune","Active",0.547982646090043
"Mic/Immune","Active",0.567664492505898
"Mic/Immune","Active",0.560941405846521
"Mic/Immune","Active",0.538609162164842
"Mic/Immune","Active",0.578595576254213
"Mic/Immune","Active",0.563799374103244
"Mic/Immune","Active",0.576237570058207
"Mic/Immune","Active",0.575337856713312
"Mic/Immune","Active",0.637261612474031
"Mic/Immune","Repressive",0.636097735803818
"Mic/Immune","Repressive",0.629419303544924
"Mic/Immune","Repressive",0.58487054506973
"Mic/Immune","Repressive",0.567697392763493
"Mic/Immune","Repressive",0.601264971668852
"Mic/Immune","Repressive",0.623696096290675
"Mic/Immune","Repressive",0.584612941442457
"Mic/Immune","Repressive",0.6038015438717
"Mic/Immune","Repressive",0.651284924570831
"Mic/Immune","Repressive",0.61575074368135
"Mic/Immune","Repressive",0.612738912969578
"Mic/Immune","Repressive",0.628711956134783
"Mic/Immune","Repressive",0.649891935814124
"Mic/Immune","Repressive",0.627246932152793
"Mic/Immune","Repressive",0.640279784996854
"Mic/Immune","Repressive",0.62983383482239
"Mic/Immune","Repressive",0.631345868616148
"Mic/Immune","Repressive",0.63403490861134
"Mic/Immune","Repressive",0.648170999334286
"Mic/Immune","Repressive",0.625503349715406
"Mic/Immune","Repressive",0.629184070149804
"Mic/Immune","Repressive",0.64185109555284
"Mic/Immune","Repressive",0.630241022533733
"Mic/Immune","Repressive",0.632723051324278
"Mic/Immune","Repressive",0.60113970305033
"Mic/Immune","Repressive",0.60149058546091
"Mic/Immune","Repressive",0.667574766352123
"Mic/Immune","Repressive",0.640137799764659
"Mic/Immune","Repressive",0.621463109317958
"Mic/Immune","Repressive",0.62740371653478
"Mic/Immune","Repressive",0.626675399327212
"Mic/Immune","Repressive",0.630036544212086
"Mic/Immune","Repressive",0.612074553999539
"Mic/Immune","Repressive",0.586916540271944
"Mic/Immune","Repressive",0.640500058717327
"Mic/Immune","Repressive",0.613988531314498
"Mic/Immune","Repressive",0.657293839214388
"Mic/Immune","Repressive",0.630114255922482
"Mic/Immune","Repressive",0.61411338592832
"Mic/Immune","Repressive",0.599808013726377
"Mic/Immune","Repressive",0.625632312373405
"Mic/Immune","Repressive",0.602760590090183
"Mic/Immune","Repressive",0.647440080112819
"Mic/Immune","Repressive",0.644074154947655
"Mic/Immune","Repressive",0.617839169363814
"Mic/Immune","Repressive",0.625530513784222
"Mic/Immune","Repressive",0.657160289495093
"Mic/Immune","Repressive",0.662243874692329
"Mic/Immune","Repressive",0.614709024743861
"Mic/Immune","Repressive",0.629311856188214
"Mic/Immune","Repressive",0.617649421442365
"Mic/Immune","Repressive",0.637039004348551
"Mic/Immune","Repressive",0.618515499707156
"Mic/Immune","Repressive",0.609234300484772
"Mic/Immune","Repressive",0.636895162323175
"Mic/Immune","Repressive",0.585314806496349
"Mic/Immune","Repressive",0.597523499407151
"Mic/Immune","Repressive",0.679144285956148
"Mic/Immune","Repressive",0.609088514897657
"Mic/Immune","Repressive",0.615628744174928
"Mic/Immune","Repressive",0.677017435387593
"Mic/Immune","Repressive",0.640971017489459
"Mic/Immune","Repressive",0.62365608734955
"Mic/Immune","Repressive",0.627433877191591
"Mic/Immune","Repressive",0.64359750986214
"Mic/Immune","Repressive",0.619669796430767
"Mic/Immune","Repressive",0.612397439557155
"Mic/Immune","Repressive",0.623056858943637
"Mic/Immune","Repressive",0.623945325440363
"Mic/Immune","Repressive",0.619055109578444
"Mic/Immune","Repressive",0.629114195373465
"Mic/Immune","Repressive",0.630855043623472
"Mic/Immune","Repressive",0.626986301909396
"Mic/Immune","Repressive",0.634080859655361
"Mic/Immune","Repressive",0.584269948067814
"Mic/Immune","Repressive",0.61381984961383
"Mic/Immune","Repressive",0.663865315494545
"Mic/Immune","Repressive",0.635108872881714
"Mic/Immune","Repressive",0.669979750043508
"Mic/Immune","Repressive",0.614680759477392
"Mic/Immune","Repressive",0.577689850761845
"Mic/Immune","Repressive",0.66200672991105
"Mic/Immune","Repressive",0.632523012735929
"Mic/Immune","Repressive",0.610064847344087
"Mic/Immune","Repressive",0.611205453035101
"Mic/Immune","Repressive",0.623636767456574
"Mic/Immune","Repressive",0.629912731317872
"Mic/Immune","Repressive",0.637250933453226
"Mic/Immune","Repressive",0.614504790182588
"Mic/Immune","Repressive",0.644759653566783
"Mic/Immune","Repressive",0.607582319072266
"Mic/Immune","Repressive",0.582003109615992
"Mic/Immune","Repressive",0.616098731741329
"Mic/Immune","Repressive",0.619016918776822
"Mic/Immune","Repressive",0.603722529941945
"Mic/Immune","Repressive",0.569909994079787
"Mic/Immune","Repressive",0.61803337503778
"Mic/Immune","Repressive",0.600689699040055
"Mic/Immune","Repressive",0.599226459840884
"Mic/Immune","Repressive",0.581472644924885
"Mic/Immune","Repressive",0.637790431600693
"Mic/Immune","Repressive",0.614803497198345
"Mic/Immune","Repressive",0.609551619127362
"Mic/Immune","Repressive",0.605193257130356
"Mic/Immune","Repressive",0.623679491568402
"Mic/Immune","Repressive",0.643605327750158
"Mic/Immune","Repressive",0.659635784250192
"Mic/Immune","Repressive",0.594131778105549
"Mic/Immune","Repressive",0.575249030290188
"Mic/Immune","Repressive",0.634702281382042
"Mic/Immune","Repressive",0.653226198205324
"Mic/Immune","Repressive",0.650101572382875
"Mic/Immune","Repressive",0.577941331796163
"Mic/Immune","Repressive",0.602050148585203
"Mic/Immune","Repressive",0.578293325540489
"Mic/Immune","Repressive",0.602245252028121
"Mic/Immune","Repressive",0.643668660781838
"Mic/Immune","Repressive",0.636397416108865
"Mic/Immune","Repressive",0.601446963784989
"Mic/Immune","Repressive",0.605415745929638
"Mic/Immune","Repressive",0.599558900002541
"Mic/Immune","Repressive",0.601105677957437
"Mic/Immune","Repressive",0.602279282110471
"Mic/Immune","Repressive",0.653411854134415
"Mic/Immune","Repressive",0.655011382692432
"Mic/Immune","Repressive",0.643724029704349
"Mic/Immune","Repressive",0.641444765569835
"Mic/Immune","Repressive",0.654035851149062
"Mic/Immune","Repressive",0.643042829470758
"Mic/Immune","Repressive",0.623587153390492
"Mic/Immune","Repressive",0.618926506947882
"Mic/Immune","Repressive",0.658901661262389
"Mic/Immune","Repressive",0.634008555780577
"Mic/Immune","Repressive",0.59332596614857
"Mic/Immune","Repressive",0.625801218676182
"Mic/Immune","Repressive",0.634805559050374
"Mic/Immune","Repressive",0.614247434345441
"Mic/Immune","Repressive",0.588886001258858
"Mic/Immune","Repressive",0.663080870689497
"Mic/Immune","Repressive",0.617985139886165
"Mic/Immune","Repressive",0.624963998867454
"Mic/Immune","Repressive",0.629568480726669
"Mic/Immune","Repressive",0.602245805708752
"Mic/Immune","Repressive",0.615494010245905
"Mic/Immune","Repressive",0.647416921333592
"Mic/Immune","Repressive",0.638331655754554
"Mic/Immune","Repressive",0.609127821136544
"Mic/Immune","Repressive",0.626242849059368
"Mic/Immune","Repressive",0.647121972007797
"Mic/Immune","Repressive",0.631477827344865
"Mic/Immune","Repressive",0.595987531905078
"Mic/Immune","Repressive",0.604138939708901
"Mic/Immune","Repressive",0.63103192668644
"Mic/Immune","Repressive",0.624816190270537
"Mic/Immune","Repressive",0.573693215967851
"Mic/Immune","Repressive",0.644445120550765
"Mic/Immune","Repressive",0.647169774846695
"Mic/Immune","Repressive",0.626304292480685
"Mic/Immune","Repressive",0.653703689282436
"Mic/Immune","Repressive",0.634004003484448
"Mic/Immune","Repressive",0.599053237979779
"Mic/Immune","Repressive",0.627827579069089
"Mic/Immune","Repressive",0.67414969954841
"Mic/Immune","Repressive",0.624092244031033
"Mic/Immune","Repressive",0.636840286138041
"Mic/Immune","Repressive",0.524858636865663
"Mic/Immune","Repressive",0.636790523219954
"Mic/Immune","Repressive",0.631639984225784
"Mic/Immune","Repressive",0.647629544126764
"Mic/Immune","Repressive",0.60129663535002
"Mic/Immune","Repressive",0.613481495068064
"Mic/Immune","Repressive",0.610054107809491
"Mic/Immune","Repressive",0.6819717061252
"Mic/Immune","Repressive",0.56900248081721
"Mic/Immune","Repressive",0.600934435448617
"Mic/Immune","Repressive",0.627673724333104
"Mic/Immune","Repressive",0.567457589367558
"Mic/Immune","Repressive",0.636540095604814
"Mic/Immune","Repressive",0.624862546541478
"Mic/Immune","Repressive",0.67340866116244
"Mic/Immune","Repressive",0.612438919923133
"Mic/Immune","Repressive",0.602867462120174
"Mic/Immune","Repressive",0.594654352945884
"Mic/Immune","Repressive",0.639108929231566
"Mic/Immune","Repressive",0.647765653378133
"Mic/Immune","Repressive",0.630656104328928
"Mic/Immune","Repressive",0.643025898628362
"Mic/Immune","Repressive",0.634414680973631
"Mic/Immune","Repressive",0.598673173523653
"Mic/Immune","Repressive",0.656022545020927
"Mic/Immune","Repressive",0.604874679706988
"Mic/Immune","Repressive",0.606695009265312
"Mic/Immune","Repressive",0.597188333737863
"Mic/Immune","Repressive",0.582441661071013
"Mic/Immune","Repressive",0.651352421656234
"Mic/Immune","Repressive",0.635890564625619
"Mic/Immune","Repressive",0.607789150166713
"Mic/Immune","Repressive",0.624316205823542
"Mic/Immune","Repressive",0.655591027136501
"Mic/Immune","Repressive",0.628051843817877
"Mic/Immune","Repressive",0.603688646649218
"Mic/Immune","Repressive",0.608531738124873
"Mic/Immune","Repressive",0.616396398686732
"Mic/Immune","Repressive",0.649014765355349
"Mic/Immune","Repressive",0.610561752099633
"Mic/Immune","Repressive",0.647926941877344
"Mic/Immune","Repressive",0.632743387899852
"Mic/Immune","Repressive",0.598427843032085
"Mic/Immune","Repressive",0.638933012915074
"Mic/Immune","Repressive",0.596611260814741
"Mic/Immune","Repressive",0.652713254171375
"Mic/Immune","Repressive",0.625775942877854
"Mic/Immune","Repressive",0.569550323972933
"Mic/Immune","Repressive",0.648671880863398
"Mic/Immune","Repressive",0.599066313672086
"Mic/Immune","Repressive",0.59512831268388
"Mic/Immune","Repressive",0.602382335799755
"Mic/Immune","Repressive",0.624213114113361
"Mic/Immune","Repressive",0.648998699820565
"Mic/Immune","Repressive",0.643207571336586
"Vasc","Active",0.58876678641125
"Vasc","Active",0.605872795224517
"Vasc","Active",0.53530464404796
"Vasc","Active",0.623017746744035
"Vasc","Active",0.617062577109485
"Vasc","Active",0.557894073397116
"Vasc","Active",0.52693202972744
"Vasc","Active",0.639519624223431
"Vasc","Active",0.58774513769845
"Vasc","Active",0.566621233029417
"Vasc","Active",0.617303762028152
"Vasc","Active",0.602193256387072
"Vasc","Active",0.592124026472695
"Vasc","Active",0.62317351602937
"Vasc","Active",0.589789655724303
"Vasc","Active",0.607876753449848
"Vasc","Active",0.604046412482346
"Vasc","Active",0.583159936077422
"Vasc","Active",0.567629062629652
"Vasc","Active",0.539706074842798
"Vasc","Active",0.577448545170592
"Vasc","Active",0.543687275434543
"Vasc","Active",0.59940303831867
"Vasc","Active",0.574649924657341
"Vasc","Active",0.615666890989685
"Vasc","Active",0.598630851914903
"Vasc","Active",0.570205799548159
"Vasc","Active",0.564418142057004
"Vasc","Active",0.540015675548334
"Vasc","Active",0.540247009376285
"Vasc","Active",0.539150861378459
"Vasc","Active",0.539329143999116
"Vasc","Active",0.5771286869225
"Vasc","Active",0.512384947215308
"Vasc","Active",0.56336422248151
"Vasc","Active",0.53672374686236
"Vasc","Active",0.54836986977944
"Vasc","Active",0.573414755066006
"Vasc","Active",0.565592443793363
"Vasc","Active",0.561206314243654
"Vasc","Active",0.519798429850884
"Vasc","Active",0.60695332650715
"Vasc","Active",0.568686543336397
"Vasc","Active",0.585076039052387
"Vasc","Active",0.527263920408012
"Vasc","Active",0.619424039947607
"Vasc","Active",0.625712180701342
"Vasc","Active",0.546972062370148
"Vasc","Active",0.602934149431681
"Vasc","Active",0.54224181740081
"Vasc","Active",0.542013276624941
"Vasc","Active",0.579944128888847
"Vasc","Active",0.58698406147046
"Vasc","Active",0.592797075301507
"Vasc","Active",0.571473502124521
"Vasc","Active",0.558316338058456
"Vasc","Active",0.640518347850366
"Vasc","Active",0.596121223320286
"Vasc","Active",0.593368789848818
"Vasc","Active",0.54040022391194
"Vasc","Active",0.577018125458094
"Vasc","Active",0.546624540628648
"Vasc","Active",0.539330910799095
"Vasc","Active",0.582300087375564
"Vasc","Active",0.549203370420341
"Vasc","Active",0.561487383109155
"Vasc","Active",0.534518629491244
"Vasc","Active",0.575359117246905
"Vasc","Active",0.545232772888287
"Vasc","Active",0.583372291172206
"Vasc","Active",0.523134544041508
"Vasc","Active",0.559625242201341
"Vasc","Active",0.544293747879031
"Vasc","Active",0.58441729583374
"Vasc","Active",0.600416627304552
"Vasc","Active",0.487231705471451
"Vasc","Active",0.626689690727733
"Vasc","Active",0.569982263920334
"Vasc","Active",0.543202310165823
"Vasc","Active",0.618589793214193
"Vasc","Active",0.586686656515044
"Vasc","Active",0.579646946651977
"Vasc","Active",0.553397555265587
"Vasc","Active",0.63491931428362
"Vasc","Active",0.623489205806235
"Vasc","Active",0.594473926881818
"Vasc","Active",0.630298040264098
"Vasc","Active",0.632041227838343
"Vasc","Active",0.585392037239149
"Vasc","Active",0.54766548575685
"Vasc","Active",0.634360493473263
"Vasc","Active",0.58972098641651
"Vasc","Active",0.641148883728158
"Vasc","Active",0.518754777922102
"Vasc","Active",0.579221472136969
"Vasc","Active",0.544299368677013
"Vasc","Active",0.529963518851555
"Vasc","Active",0.541817529432786
"Vasc","Active",0.514156846079964
"Vasc","Active",0.575882079269302
"Vasc","Active",0.564253346286399
"Vasc","Active",0.558684886988812
"Vasc","Active",0.581388103352195
"Vasc","Active",0.530025204877743
"Vasc","Active",0.583931065128879
"Vasc","Active",0.540919878370481
"Vasc","Active",0.579494058088039
"Vasc","Active",0.575934828767975
"Vasc","Active",0.565105467823811
"Vasc","Active",0.561367470565319
"Vasc","Active",0.614976113691073
"Vasc","Active",0.598647462643942
"Vasc","Active",0.640653457243969
"Vasc","Active",0.538426427290021
"Vasc","Active",0.559286315611704
"Vasc","Active",0.607004284029337
"Vasc","Active",0.587161389692361
"Vasc","Active",0.568938232643522
"Vasc","Active",0.578477034675808
"Vasc","Active",0.641893984647891
"Vasc","Active",0.567231999022673
"Vasc","Active",0.618797126810102
"Vasc","Active",0.599268010871154
"Vasc","Active",0.56258730460494
"Vasc","Active",0.56296319466216
"Vasc","Active",0.612504907053334
"Vasc","Active",0.602365075364704
"Vasc","Active",0.531937376896942
"Vasc","Active",0.585178702399098
"Vasc","Active",0.590631829271779
"Vasc","Active",0.549999972073
"Vasc","Active",0.592003975330108
"Vasc","Active",0.543224283725474
"Vasc","Active",0.622327466607491
"Vasc","Active",0.54304025989352
"Vasc","Active",0.593560248768086
"Vasc","Active",0.53859072572976
"Vasc","Active",0.641220576238547
"Vasc","Active",0.554743080755419
"Vasc","Active",0.585958369022632
"Vasc","Active",0.639383209772623
"Vasc","Active",0.625101467483395
"Vasc","Active",0.576271626799312
"Vasc","Active",0.54301152805687
"Vasc","Active",0.530161912304242
"Vasc","Active",0.596697469264804
"Vasc","Active",0.625394898100306
"Vasc","Active",0.611124631557422
"Vasc","Active",0.623464432766618
"Vasc","Active",0.579879254079387
"Vasc","Active",0.527872023913535
"Vasc","Active",0.516765173530106
"Vasc","Active",0.56986665719683
"Vasc","Active",0.579572467089631
"Vasc","Active",0.540979885919296
"Vasc","Active",0.609522533733341
"Vasc","Active",0.531007813570795
"Vasc","Active",0.616176839293868
"Vasc","Active",0.627356157965053
"Vasc","Active",0.543449077355218
"Vasc","Active",0.58545144732823
"Vasc","Active",0.599159746591358
"Vasc","Active",0.599789257662562
"Vasc","Active",0.62795566916672
"Vasc","Active",0.608635248418502
"Vasc","Active",0.567293886481057
"Vasc","Active",0.610649968767033
"Vasc","Active",0.590227326912389
"Vasc","Active",0.603539279365536
"Vasc","Active",0.565942367339683
"Vasc","Active",0.556366509176703
"Vasc","Active",0.572850588644718
"Vasc","Active",0.59274932878482
"Vasc","Active",0.58076485806327
"Vasc","Active",0.582569330024419
"Vasc","Active",0.59358020945369
"Vasc","Active",0.565229688042177
"Vasc","Active",0.591318051561896
"Vasc","Active",0.571783930054932
"Vasc","Active",0.549752531988938
"Vasc","Active",0.510388283110895
"Vasc","Active",0.628902614224684
"Vasc","Active",0.575579358819523
"Vasc","Active",0.59814733399353
"Vasc","Active",0.589874416983334
"Vasc","Active",0.583422784972594
"Vasc","Active",0.643737471762874
"Vasc","Active",0.526942027705533
"Vasc","Active",0.615849962905341
"Vasc","Active",0.564809859966273
"Vasc","Active",0.597148440647249
"Vasc","Active",0.538818023114392
"Vasc","Active",0.574728881961775
"Vasc","Active",0.553718130733278
"Vasc","Active",0.598891098915933
"Vasc","Active",0.5562090070397
"Vasc","Active",0.589007083732177
"Vasc","Active",0.564150878681734
"Vasc","Active",0.531896404672123
"Vasc","Active",0.521732031447561
"Vasc","Active",0.614985052723211
"Vasc","Active",0.558500308368684
"Vasc","Active",0.590481680824165
"Vasc","Active",0.498565943665958
"Vasc","Active",0.557491755365714
"Vasc","Active",0.526427654768953
"Vasc","Active",0.582501248353257
"Vasc","Active",0.558170207964579
"Vasc","Active",0.558572338689763
"Vasc","Active",0.576367711355514
"Vasc","Active",0.542015283762026
"Vasc","Active",0.532083032007623
"Vasc","Active",0.542807653007976
"Vasc","Active",0.617567432554486
"Vasc","Active",0.560500103239679
"Vasc","Active",0.601762300544181
"Vasc","Active",0.630912529032778
"Vasc","Active",0.54059617520411
"Vasc","Active",0.588144371882064
"Vasc","Active",0.603384400428148
"Vasc","Repressive",0.603841456311926
"Vasc","Repressive",0.596955292252486
"Vasc","Repressive",0.579632338842824
"Vasc","Repressive",0.647812783543239
"Vasc","Repressive",0.625078445094862
"Vasc","Repressive",0.645968129040519
"Vasc","Repressive",0.636422412977579
"Vasc","Repressive",0.622666148409423
"Vasc","Repressive",0.662924619704751
"Vasc","Repressive",0.614141208704164
"Vasc","Repressive",0.633105256905518
"Vasc","Repressive",0.6027404200415
"Vasc","Repressive",0.666712044874661
"Vasc","Repressive",0.602409802523253
"Vasc","Repressive",0.631313890948853
"Vasc","Repressive",0.681236978447136
"Vasc","Repressive",0.638253331449514
"Vasc","Repressive",0.645181700572827
"Vasc","Repressive",0.616451823814255
"Vasc","Repressive",0.634643273566075
"Vasc","Repressive",0.614365842936325
"Vasc","Repressive",0.63351604758891
"Vasc","Repressive",0.659503185969471
"Vasc","Repressive",0.616856748999833
"Vasc","Repressive",0.587216337516474
"Vasc","Repressive",0.612062372410898
"Vasc","Repressive",0.630335409706492
"Vasc","Repressive",0.601261394888212
"Vasc","Repressive",0.613421819429719
"Vasc","Repressive",0.685
"Vasc","Repressive",0.63877126618132
"Vasc","Repressive",0.630196726485353
"Vasc","Repressive",0.663891279200011
"Vasc","Repressive",0.594361416684878
"Vasc","Repressive",0.653502890125251
"Vasc","Repressive",0.608247576865204
"Vasc","Repressive",0.650862672415043
"Vasc","Repressive",0.624483543765426
"Vasc","Repressive",0.60492202020724
"Vasc","Repressive",0.586982251277616
"Vasc","Repressive",0.660653477387291
"Vasc","Repressive",0.622574134487634
"Vasc","Repressive",0.669391402522731
"Vasc","Repressive",0.625850581487337
"Vasc","Repressive",0.622732996803135
"Vasc","Repressive",0.664879394301597
"Vasc","Repressive",0.60022999336545
"Vasc","Repressive",0.62033622204248
"Vasc","Repressive",0.621091683752387
"Vasc","Repressive",0.604916610908183
"Vasc","Repressive",0.618810976464179
"Vasc","Repressive",0.623532297935605
"Vasc","Repressive",0.625510781358936
"Vasc","Repressive",0.659257701437997
"Vasc","Repressive",0.633245163750777
"Vasc","Repressive",0.60081821443533
"Vasc","Repressive",0.665749908414125
"Vasc","Repressive",0.613828360321863
"Vasc","Repressive",0.586388563310396
"Vasc","Repressive",0.64262372235027
"Vasc","Repressive",0.5951231021977
"Vasc","Repressive",0.653478399818015
"Vasc","Repressive",0.616985092335828
"Vasc","Repressive",0.60237376036292
"Vasc","Repressive",0.641731985294466
"Vasc","Repressive",0.626610798783655
"Vasc","Repressive",0.656703541139888
"Vasc","Repressive",0.638391587667573
"Vasc","Repressive",0.627091700410209
"Vasc","Repressive",0.64946673530059
"Vasc","Repressive",0.600240045690506
"Vasc","Repressive",0.685
"Vasc","Repressive",0.646450021253747
"Vasc","Repressive",0.615623384259681
"Vasc","Repressive",0.629455724282359
"Vasc","Repressive",0.608612017078716
"Vasc","Repressive",0.598433767642628
"Vasc","Repressive",0.632051012509536
"Vasc","Repressive",0.571920238141954
"Vasc","Repressive",0.633384522240107
"Vasc","Repressive",0.562819118254876
"Vasc","Repressive",0.605510105599236
"Vasc","Repressive",0.671077459179278
"Vasc","Repressive",0.580735833885734
"Vasc","Repressive",0.635804296909626
"Vasc","Repressive",0.635516527979512
"Vasc","Repressive",0.604392150581733
"Vasc","Repressive",0.598859149969615
"Vasc","Repressive",0.601650874439213
"Vasc","Repressive",0.657331170505678
"Vasc","Repressive",0.61395402249397
"Vasc","Repressive",0.632175928338407
"Vasc","Repressive",0.654904578706309
"Vasc","Repressive",0.643886647605375
"Vasc","Repressive",0.642861293385119
"Vasc","Repressive",0.631872152680011
"Vasc","Repressive",0.645441905703737
"Vasc","Repressive",0.641007133727567
"Vasc","Repressive",0.619245778607592
"Vasc","Repressive",0.663689095596935
"Vasc","Repressive",0.649033508179361
"Vasc","Repressive",0.630355927949752
"Vasc","Repressive",0.605519800207261
"Vasc","Repressive",0.614898377241254
"Vasc","Repressive",0.630798139609105
"Vasc","Repressive",0.625369494652086
"Vasc","Repressive",0.605317343805411
"Vasc","Repressive",0.646084767407546
"Vasc","Repressive",0.652573859825214
"Vasc","Repressive",0.61124045159561
"Vasc","Repressive",0.614765806848129
"Vasc","Repressive",0.611425484289156
"Vasc","Repressive",0.643941535672621
"Vasc","Repressive",0.615386698555759
"Vasc","Repressive",0.63508688545082
"Vasc","Repressive",0.644658794188398
"Vasc","Repressive",0.658188916014229
"Vasc","Repressive",0.631156212429474
"Vasc","Repressive",0.593597186212167
"Vasc","Repressive",0.650902139919289
"Vasc","Repressive",0.671296457217072
"Vasc","Repressive",0.618171577618146
"Vasc","Repressive",0.605607657964469
"Vasc","Repressive",0.600561035144388
"Vasc","Repressive",0.592328588774676
"Vasc","Repressive",0.58203559526599
"Vasc","Repressive",0.611177268362182
"Vasc","Repressive",0.629189622173618
"Vasc","Repressive",0.621449120412709
"Vasc","Repressive",0.640620590120714
"Vasc","Repressive",0.626103658705669
"Vasc","Repressive",0.65470235671513
"Vasc","Repressive",0.63741950281191
"Vasc","Repressive",0.597045005524475
"Vasc","Repressive",0.615458361563326
"Vasc","Repressive",0.64681647953477
"Vasc","Repressive",0.600289455943143
"Vasc","Repressive",0.628388464289248
"Vasc","Repressive",0.642003872670092
"Vasc","Repressive",0.614445686066265
"Vasc","Repressive",0.565491410755609
"Vasc","Repressive",0.597285322456074
"Vasc","Repressive",0.611321970311267
"Vasc","Repressive",0.593237853078054
"Vasc","Repressive",0.641743387045686
"Vasc","Repressive",0.606350786696397
"Vasc","Repressive",0.603522556527598
"Vasc","Repressive",0.635628978590896
"Vasc","Repressive",0.624849423088604
"Vasc","Repressive",0.643078954723202
"Vasc","Repressive",0.642301567520596
"Vasc","Repressive",0.630391069396521
"Vasc","Repressive",0.646503865626636
"Vasc","Repressive",0.627518753149255
"Vasc","Repressive",0.628438355199783
"Vasc","Repressive",0.60974547527257
"Vasc","Repressive",0.603180842715169
"Vasc","Repressive",0.612034246990984
"Vasc","Repressive",0.653485087202442
"Vasc","Repressive",0.640257885774473
"Vasc","Repressive",0.65478430113242
"Vasc","Repressive",0.638452725445231
"Vasc","Repressive",0.618313246767958
"Vasc","Repressive",0.620112620603519
"Vasc","Repressive",0.674408469559295
"Vasc","Repressive",0.644260207289244
"Vasc","Repressive",0.651528768125065
"Vasc","Repressive",0.608496105494865
"Vasc","Repressive",0.639298084914159
"Vasc","Repressive",0.65344860419856
"Vasc","Repressive",0.575484304903934
"Vasc","Repressive",0.618804208265866
"Vasc","Repressive",0.602097088934671
"Vasc","Repressive",0.616440236752399
"Vasc","Repressive",0.625084279750214
"Vasc","Repressive",0.576356067151357
"Vasc","Repressive",0.620653318835393
"Vasc","Repressive",0.64341294458856
"Vasc","Repressive",0.621267995546727
"Vasc","Repressive",0.599690740692471
"Vasc","Repressive",0.607521826477799
"Vasc","Repressive",0.62978053327608
"Vasc","Repressive",0.602056978157366
"Vasc","Repressive",0.634776872236449
"Vasc","Repressive",0.579035849649126
"Vasc","Repressive",0.594225729762808
"Vasc","Repressive",0.615017279029947
"Vasc","Repressive",0.613500087207909
"Vasc","Repressive",0.629414452421818
"Vasc","Repressive",0.633185879017634
"Vasc","Repressive",0.648786086822171
"Vasc","Repressive",0.616989153419439
"Vasc","Repressive",0.625807642331786
"Vasc","Repressive",0.627088367691362
"Vasc","Repressive",0.584003303025061
"Vasc","Repressive",0.63087423607598
"Vasc","Repressive",0.60241941885422
"Vasc","Repressive",0.62572020160878
"Vasc","Repressive",0.65300470670554
"Vasc","Repressive",0.595588496194238
"Vasc","Repressive",0.669339421642356
"Vasc","Repressive",0.601036033989968
"Vasc","Repressive",0.63207538382203
"Vasc","Repressive",0.637250907471565
"Vasc","Repressive",0.603763218632492
"Vasc","Repressive",0.596459526884586
"Vasc","Repressive",0.616101124463992
"Vasc","Repressive",0.617361724123829
"Vasc","Repressive",0.614792779660471
"Vasc","Repressive",0.639657056213849
"Vasc","Repressive",0.634277643218958
"Vasc","Repressive",0.645915355353217
"Vasc","Repressive",0.626705098410397
"Vasc","Repressive",0.610542192117826
"Vasc","Repressive",0.654856535209666
"Vasc","Repressive",0.637824574065323
"Vasc","Repressive",0.619149569934423
"Vasc","Repressive",0.659454273536796
"Vasc","Repressive",0.609140931651914
"Vasc","Repressive",0.62274502133726
