"tree_distance","embedding_distance","density","ridge_y"
1,0.2,1.26591420967466e-15,1
1,0.202544031311155,2.14335307783823e-15,1
1,0.205088062622309,3.57742943844725e-15,1
1,0.207632093933464,5.89027414135062e-15,1
1,0.210176125244618,9.52404327886336e-15,1
1,0.212720156555773,1.55738052710807e-14,1.00000000000001
1,0.215264187866928,2.61013010062922e-14,1.00000000000001
1,0.217808219178082,4.28634364687634e-14,1.00000000000002
1,0.220352250489237,6.92168927444766e-14,1.00000000000004
1,0.222896281800391,1.09844626183584e-13,1.00000000000006
1,0.225440313111546,1.74113526308697e-13,1.00000000000009
1,0.227984344422701,2.84536752506862e-13,1.00000000000015
1,0.230528375733855,4.58716003582066e-13,1.00000000000024
1,0.23307240704501,7.28608552314334e-13,1.00000000000037
1,0.235616438356164,1.13802907174499e-12,1.00000000000058
1,0.238160469667319,1.74957133917719e-12,1.0000000000009
1,0.240704500978474,2.79996872072981e-12,1.00000000000144
1,0.243248532289628,4.42396120596483e-12,1.00000000000227
1,0.245792563600783,6.89327656297588e-12,1.00000000000353
1,0.248336594911937,1.0577969308662e-11,1.00000000000542
1,0.250880626223092,1.59570416851562e-11,1.00000000000818
1,0.253424657534247,2.47608596139085e-11,1.00000000001269
1,0.255968688845401,3.83123678008292e-11,1.00000000001964
1,0.258512720156556,5.85262879772768e-11,1.00000000003
1,0.26105675146771,8.81745141469212e-11,1.0000000000452
1,0.263600782778865,1.308348985614e-10,1.00000000006706
1,0.26614481409002,1.96699117556645e-10,1.00000000010082
1,0.268688845401174,2.97968086696336e-10,1.00000000015273
1,0.271232876712329,4.46067409313975e-10,1.00000000022864
1,0.273776908023483,6.59398573125668e-10,1.00000000033799
1,0.276320939334638,9.61560112106771e-10,1.00000000049287
1,0.278864970645793,1.40394985571151e-09,1.00000000071962
1,0.281409001956947,2.08171271835461e-09,1.00000000106703
1,0.283953033268102,3.05303145136631e-09,1.0000000015649
1,0.286497064579256,4.42615787840595e-09,1.00000000226872
1,0.289041095890411,6.33859593329169e-09,1.00000000324898
1,0.291585127201566,9.00626682448163e-09,1.00000000461636
1,0.29412915851272,1.30690708205222e-08,1.00000000669883
1,0.296673189823875,1.87725939392019e-08,1.0000000096223
1,0.299217221135029,2.66808823461045e-08,1.00000001367586
1,0.301761252446184,3.75018311220332e-08,1.00000001922237
1,0.304305283757339,5.20971643848415e-08,1.00000002670352
1,0.306849315068493,7.37592452010291e-08,1.00000003780689
1,0.309393346379648,1.03748235688723e-07,1.00000005317839
1,0.311937377690802,1.44512304244286e-07,1.00000007407289
1,0.314481409001957,1.99270382639051e-07,1.00000010214031
1,0.317025440313112,2.71908056316567e-07,1.00000013937231
1,0.319569471624266,3.74404571980728e-07,1.0000001919091
1,0.322113502935421,5.15622004538141e-07,1.00000026429313
1,0.324657534246575,7.0372877538847e-07,1.0000003607113
1,0.32720156555773,9.51643530144038e-07,1.00000048778533
1,0.329745596868885,1.27478592249193e-06,1.0000006534189
1,0.332289628180039,1.71026872118461e-06,1.00000087663496
1,0.334833659491194,2.30594223858991e-06,1.00000118196022
1,0.337377690802348,3.0832344288258e-06,1.00000158037802
1,0.339921722113503,4.08784941704626e-06,1.00000209531501
1,0.342465753424658,5.37360405216977e-06,1.00000275435616
1,0.345009784735812,7.03534810965427e-06,1.00000360611877
1,0.347553816046967,9.28665288295767e-06,1.00000476007338
1,0.350097847358121,1.21638138922219e-05,1.00000623482404
1,0.352641878669276,1.58091187254478e-05,1.00000810330332
1,0.355185909980431,2.03875297418571e-05,1.00001045006622
1,0.357729941291585,2.60875971549115e-05,1.00001337175818
1,0.36027397260274,3.37105315157621e-05,1.0000172790569
1,0.362818003913894,4.32546453654837e-05,1.00002217109743
1,0.365362035225049,5.51053012357457e-05,1.0000282454056
1,0.367906066536204,6.97056360851547e-05,1.00003572912079
1,0.370450097847358,8.75551147083007e-05,1.0000448782544
1,0.372994129158513,0.000110425137268303,1.00005660077562
1,0.375538160469667,0.000138814870170615,1.00007115254292
1,0.378082191780822,0.0001733559591938,1.00008885731991
1,0.380626223091977,0.000215088401745005,1.0001102481796
1,0.383170254403131,0.000265165566801797,1.00013591630602
1,0.385714285714286,0.000326886572859909,1.0001675527332
1,0.38825831702544,0.000402676880716358,1.00020640068318
1,0.390802348336595,0.000493029681461291,1.00025271295164
1,0.39334637964775,0.00060006814971103,1.00030757781732
1,0.395890410958904,0.000726104443365335,1.00037218042642
1,0.398434442270059,0.000876104838812995,1.00044906635055
1,0.400978473581213,0.00105792088606178,1.00054226007028
1,0.403522504892368,0.00127032592254995,1.00065113283339
1,0.406066536203523,0.00151706771930438,1.00077760564039
1,0.408610567514677,0.00180214614164201,1.00092372870817
1,0.411154598825832,0.00213095543365562,1.00109226697237
1,0.413698630136986,0.00252360808480433,1.0012935295214
1,0.416242661448141,0.00297326598024619,1.00152401133266
1,0.418786692759296,0.0034856005368078,1.00178661941263
1,0.42133072407045,0.00406653141595835,1.00208438801093
1,0.423874755381605,0.00472222371324727,1.00242047717969
1,0.426418786692759,0.00548363161846532,1.00281075315367
1,0.428962818003914,0.00634338546737866,1.00325143845319
1,0.431506849315069,0.00730472300972302,1.0037441926564
1,0.434050880626223,0.00837504529809826,1.00429280933177
1,0.436594911937378,0.00956187782194192,1.00490114583054
1,0.439138943248532,0.0108990604883483,1.00558654752382
1,0.441682974559687,0.0123901548567467,1.0063508399654
1,0.444227005870842,0.0140278554318211,1.00719027856675
1,0.446771037181996,0.0158198323975029,1.00810879484539
1,0.449315068493151,0.017773672229989,1.0091102774126
1,0.451859099804305,0.0199184743065671,1.01020964177917
1,0.45440313111546,0.0222786455958755,1.01141939826104
1,0.456947162426615,0.0248283999183181,1.01272632959807
1,0.459491193737769,0.027574131414322,1.01413371324426
1,0.462035225048924,0.030521959493789,1.01564468583456
1,0.464579256360078,0.0336881570649271,1.01726758839757
1,0.467123287671233,0.0371266416149124,1.01903005749929
1,0.469667318982388,0.0407873911813445,1.02090645330859
1,0.472211350293542,0.0446744700972278,1.02289885908665
1,0.474755381604697,0.0487916064795367,1.02500918575989
1,0.477299412915851,0.0531421930356244,1.02723917233332
1,0.479843444227006,0.0577983501930808,1.02962578568099
1,0.482387475538161,0.0627007016921043,1.03213859122574
1,0.484931506849315,0.0678455834594867,1.03477571086818
1,0.48747553816047,0.0732344754346907,1.03753790318305
1,0.490019569471624,0.0788686109110417,1.04042580032133
1,0.492563600782779,0.0848023358885271,1.04346725849246
1,0.495107632093933,0.0910064333746976,1.0466473018995
1,0.497651663405088,0.0974580073517894,1.04995419469682
1,0.500195694716243,0.104157155536818,1.05338798697137
1,0.502739726027397,0.111103861930793,1.05694867052253
1,0.505283757338552,0.118333758625692,1.06065450934428
1,0.507827788649706,0.125851345971436,1.06450781018763
1,0.510371819960861,0.133615457810909,1.06848747245465
1,0.512915851272016,0.141625701050899,1.07259329465698
1,0.51545988258317,0.149881676114397,1.07682507198283
1,0.518003913894325,0.158401024118895,1.08119184676585
1,0.52054794520548,0.167222928006569,1.08571370306454
1,0.523091976516634,0.17628932127724,1.09036087764719
1,0.525636007827789,0.185600132545745,1.0951333339238
1,0.528180039138943,0.195155423902351,1.10003110372007
1,0.530724070450098,0.204956046082111,1.10505462309853
1,0.533268101761252,0.215077524814297,1.11024260439372
1,0.535812133072407,0.225445950609591,1.11555716370959
1,0.538356164383562,0.236062898337059,1.12099910827911
1,0.540900195694716,0.246930321026822,1.1265694391698
1,0.543444227005871,0.258050561852907,1.13226935742584
1,0.545988258317025,0.269489738894858,1.13813275328887
1,0.54853228962818,0.281209608546167,1.14414002417703
1,0.551076320939335,0.293197654148078,1.15028475440808
1,0.553620352250489,0.305459527669803,1.15656984102021
1,0.556164383561644,0.318001462614439,1.16299847912932
1,0.558708414872799,0.330881438007342,1.16960038713001
1,0.561252446183953,0.34410398952923,1.17637788988285
1,0.563796477495108,0.357638048277879,1.18331506235476
1,0.566340508806262,0.371493242692915,1.19041683980926
1,0.568884540117417,0.385679561060336,1.19768834195684
1,0.571428571428571,0.400242843624839,1.20515306519939
1,0.573972602739726,0.415239984663571,1.21284017192055
1,0.576516634050881,0.430609282686848,1.22071803569666
1,0.579060665362035,0.446360865385527,1.22879184769317
1,0.58160469667319,0.462504406919899,1.2370665666087
1,0.584148727984344,0.479060636026829,1.24555281740252
1,0.586692759295499,0.496145676366053,1.25431012175031
1,0.589236790606654,0.513651479398134,1.26328309705271
1,0.591780821917808,0.531581539405493,1.27247353437922
1,0.594324853228963,0.549937787705693,1.28188242366813
1,0.596868884540117,0.568720546313216,1.29150992997489
1,0.599412915851272,0.58803863626463,1.30141183185885
1,0.601956947162427,0.60778781752698,1.31153469885244
1,0.604500978473581,0.627939152237085,1.32186369823241
1,0.607045009784736,0.648479539579654,1.33239211489452
1,0.60958904109589,0.669393500061367,1.34311201449203
1,0.612133072407045,0.690724650849019,1.35404575394053
1,0.6146771037182,0.712406379483617,1.36515918959355
1,0.617221135029354,0.734369943922512,1.37641708624084
1,0.619765166340509,0.756584039399801,1.38780339795231
1,0.622309197651663,0.779015005021942,1.39930087111407
1,0.624853228962818,0.801641110669503,1.41089836748673
1,0.627397260273973,0.824403252933588,1.42256559234874
1,0.629941291585127,0.847224323727823,1.43426302229444
1,0.632485322896282,0.870057841186614,1.44596683204537
1,0.635029354207436,0.892855887596986,1.45765246034864
1,0.637573385518591,0.915560467422672,1.46929018034663
1,0.640117416829746,0.938060370626839,1.48082298894658
1,0.6426614481409,0.960325646322717,1.49223553417824
1,0.645205479452055,0.982303714758517,1.50350086516063
1,0.647749510763209,1.00394220668224,1.51459213890894
1,0.650293542074364,1.02518904710746,1.5254826632705
1,0.652837573385519,1.0458365536137,1.53606598616047
1,0.655381604696673,1.06594030185034,1.54637059407148
1,0.657925636007828,1.08546301083074,1.55637737783319
1,0.660469667318982,1.10436132882626,1.56606411658604
1,0.663013698630137,1.12259412591059,1.575409728303
1,0.665557729941292,1.13995462547795,1.58430822519399
1,0.668101761252446,1.15648711863543,1.59278230961716
1,0.670645792563601,1.17223001517766,1.60085166933763
1,0.673189823874755,1.18716195164981,1.60850535405785
1,0.67573385518591,1.20126524868762,1.61573430183994
1,0.678277886497065,1.21439848342494,1.62246602335667
1,0.680821917808219,1.22654454134717,1.628691746196
1,0.683365949119374,1.23784222689257,1.63448261755377
1,0.685909980430528,1.24829957833529,1.63984275762001
1,0.688454011741683,1.25792868444148,1.64477836275145
1,0.690998043052838,1.26668470769969,1.64926645051864
1,0.693542074363992,1.27448730819471,1.65326584097265
1,0.696086105675147,1.2815563785167,1.65688924478303
1,0.698630136986301,1.28792822528964,1.66015527168962
1,0.701174168297456,1.29364237599892,1.66308418235396
1,0.703718199608611,1.29873734842274,1.6656957198905
1,0.706262230919765,1.30312253916723,1.66794344358386
1,0.70880626223092,1.30703771292285,1.6699502499754
1,0.711350293542074,1.310538777971,1.67174479605544
1,0.713894324853229,1.31368324856646,1.67335656199045
1,0.716438356164384,1.31653016144755,1.67481580832856
1,0.718982387475538,1.31910926001799,1.67613778069009
1,0.721526418786693,1.3215555931383,1.67739170126887
1,0.724070450097847,1.32394536233643,1.67861662879457
1,0.726614481409002,1.32634077694442,1.67984444999631
1,0.729158512720157,1.3288035857062,1.68110681551897
1,0.731702544031311,1.33143488265471,1.68245554328021
1,0.734246575342466,1.33432456666856,1.68393671288097
1,0.736790606653621,1.33750768140016,1.68556828669789
1,0.739334637964775,1.34103602901767,1.68737681704478
1,0.74187866927593,1.3449587917146,1.68938751331117
1,0.744422700587084,1.34937488642093,1.69165107749388
1,0.746966731898239,1.35439848268861,1.69422602964869
1,0.749510763209393,1.35996804579541,1.69708082883219
1,0.752054794520548,1.36610930010265,1.70022866061823
1,0.754598825831703,1.37284333307627,1.70368033384037
1,0.757142857142857,1.38020695784298,1.7074547178573
1,0.759686888454012,1.3883609832637,1.71163423870426
1,0.762230919765166,1.397129867278,1.71612891852818
1,0.764774951076321,1.40650101694821,1.72093230254843
1,0.767318982387476,1.41645628175209,1.72603508732502
1,0.76986301369863,1.42697196109741,1.73142512461041
1,0.772407045009785,1.43814170797972,1.73715041825877
1,0.774951076320939,1.44978154278902,1.74311666556981
1,0.777495107632094,1.46182031410619,1.74928739635561
1,0.780039138943249,1.47420232997293,1.75563406450689
1,0.782583170254403,1.48686794694073,1.76212609849319
1,0.785127201565558,1.49977357244501,1.76874115400933
1,0.787671232876712,1.51278949824442,1.77541274631058
1,0.790215264187867,1.52582153876994,1.78209259856078
1,0.792759295499022,1.53879739160503,1.78874365060355
1,0.795303326810176,1.55164507827269,1.79532900832468
1,0.797847358121331,1.5642532273407,1.80179158590475
1,0.800391389432485,1.57649730160092,1.80806754912314
1,0.80293542074364,1.58835706976143,1.81414652799668
1,0.805479452054795,1.59977944224988,1.82000131032491
1,0.808023483365949,1.61071684795933,1.82560751251531
1,0.810567514677104,1.62109417738309,1.83092663557717
1,0.813111545988258,1.63075809683912,1.83588008503873
1,0.815655577299413,1.63983223863248,1.84053123129309
1,0.818199608610568,1.64831586516762,1.84487969626982
1,0.820743639921722,1.65621671131765,1.84892944464426
1,0.823287671232877,1.66355103017951,1.85268880729028
1,0.825831702544031,1.67020890090081,1.85610144191431
1,0.828375733855186,1.67640666674857,1.8592782399041
1,0.83091976516634,1.68221154174794,1.86225365325175
1,0.833463796477495,1.68769093755246,1.86506223524801
1,0.83600782778865,1.69291886440473,1.8677419214322
1,0.838551859099804,1.69797381724926,1.87033294607389
1,0.841095890410959,1.70301898817083,1.87291895678089
1,0.843639921722114,1.70816332690366,1.8755557980793
1,0.846183953033268,1.71350491498337,1.87829374376663
1,0.848727984344423,1.71914245074394,1.88118338379361
1,0.851272015655577,1.72526052021676,1.88431933169485
1,0.853816046966732,1.73201693899155,1.88778247924014
1,0.856360078277887,1.73943325327563,1.89158387040077
1,0.858904109589041,1.74758944129438,1.89576449973379
1,0.861448140900196,1.75655928119527,1.90036218381316
1,0.86399217221135,1.76649051889418,1.90545265298109
1,0.866536203522505,1.77759970904904,1.91114690697827
1,0.869080234833659,1.78971562472205,1.91735717976042
1,0.871624266144814,1.80285715139483,1.92409315148674
1,0.874168297455969,1.81703296682135,1.9313592701264
1,0.876712328767123,1.8322541429276,1.93916121083284
1,0.879256360078278,1.8487745271468,1.94762908855963
1,0.881800391389433,1.86623935849577,1.95658106294594
1,0.884344422700587,1.88459057078676,1.96598737092018
1,0.886888454011742,1.90376056611838,1.97581336372626
1,0.889432485322896,1.9236723649639,1.98601958385451
1,0.891976516634051,1.94435642572585,1.99662164341328
1,0.894520547945206,1.96553249943987,2.00747589477722
1,0.89706457925636,1.98704687107353,2.01850354800521
1,0.899608610567515,2.0087770849228,2.0296418357963
1,0.902152641878669,2.03059620066227,2.04082569216048
1,0.904696673189824,2.05232363339932,2.05196255443278
1,0.907240704500978,2.07374136284899,2.06294067163386
1,0.909784735812133,2.09472290630963,2.07369521233865
1,0.912328767123288,2.11513337850438,2.08415703820167
1,0.914872798434442,2.13483980141733,2.09425798848498
1,0.917416829745597,2.15359885521177,2.10387334438071
1,0.919960861056752,2.17111956865852,2.11285396233637
1,0.922504892367906,2.18746298963415,2.12123113375217
1,0.925048923679061,2.20252572174606,2.12895186058653
1,0.927592954990215,2.21621127237024,2.13596668347272
1,0.93013698630137,2.22837018131904,2.14219899338171
1,0.932681017612524,2.23852188170826,2.14740246543626
1,0.935225048923679,2.24701231552033,2.15175441962898
1,0.937769080234834,2.25379667830549,2.15523189047692
1,0.940313111545988,2.25883870170763,2.15781628785523
1,0.942857142857143,2.26211063887127,2.15949338951727
1,0.945401174168297,2.26309900928641,2.16
1,0.947945205479452,2.26224122518751,2.15956032433816
1,0.950489236790607,2.25961158034604,2.15821244339986
1,0.953033268101761,2.25523197142244,2.15596758078866
1,0.955577299412916,2.24913080956885,2.15284029925077
1,0.958121330724071,2.24101297132294,2.14867932691743
1,0.960665362035225,2.23112287931161,2.14360994785533
1,0.96320939334638,2.219689981287,2.13774977043749
1,0.965753424657534,2.20677252215977,2.13112864934376
1,0.968297455968689,2.1924315053653,2.12377785319506
1,0.970841487279843,2.17656232241734,2.11564376266517
1,0.973385518590998,2.15922347467794,2.1067563638836
1,0.975929549902153,2.14071875578889,2.09727137280579
1,0.978473581213307,2.12111552173792,2.08722331418978
1,0.981017612524462,2.10048057092422,2.07664642698968
1,0.983561643835617,2.07882498881042,2.06554639329742
1,0.986105675146771,2.05608806788407,2.05389209617372
1,0.988649706457926,2.0325656143142,2.04183515742332
1,0.99119373776908,2.00831501170169,2.02940499024324
1,0.993737769080235,1.9833915967908,2.01662995867016
1,0.99628180039139,1.95784863456777,2.00353736481672
1,0.998825831702544,1.93159164611775,1.99007878148606
1,1.0013698630137,1.90484886038688,1.97637119232601
1,1.00391389432485,1.87766676778958,1.96243842699693
1,1.00645792563601,1.85008597100329,1.94830129727312
1,1.00900195694716,1.82214543434082,1.93397977514993
1,1.01154598825832,1.79382230894427,1.91946214895453
1,1.01409001956947,1.76521793140682,1.90480036093408
1,1.01663405088063,1.73638963582589,1.89002379891154
1,1.01917808219178,1.707369786423,1.8751490518637
1,1.02172211350294,1.67819029293627,1.86019247581214
1,1.02426614481409,1.64887062391757,1.84516404978122
1,1.02681017612524,1.6194642636138,1.83009118827035
1,1.0293542074364,1.59002097193387,1.81499939678948
1,1.03189823874755,1.56057270940689,1.7999050573942
1,1.03444227005871,1.53115173205639,1.7848247036021
1,1.03698630136986,1.50180059157181,1.76978014619546
1,1.03953033268102,1.47258660342112,1.75480588916308
1,1.04207436399217,1.44352958457316,1.73991209011791
1,1.04461839530333,1.41466366840735,1.72511624485663
1,1.04716242661448,1.38602308705441,1.71043589979304
1,1.04970645792564,1.35764763492099,1.69589145240487
1,1.05225048923679,1.32967259560562,1.68155224520595
1,1.05479452054795,1.30205525999548,1.66739638672327
1,1.0573385518591,1.27482831009033,1.65344062881768
1,1.05988258317025,1.24802372338437,1.6397013622406
1,1.06242661448141,1.22167273481761,1.62619459713134
1,1.06497064579256,1.19594275794094,1.61300614490081
1,1.06751467710372,1.17077575691897,1.60010625803519
1,1.07005870841487,1.14617058334195,1.5874943478924
1,1.07260273972603,1.12215104889282,1.57518261966193
1,1.07514677103718,1.09873953111065,1.563182543432
1,1.07769080234834,1.07607891802783,1.55156735953231
1,1.08023483365949,1.05415886649551,1.54033176635978
1,1.08277886497065,1.03291438769848,1.52944245250147
1,1.0853228962818,1.01235771885159,1.51890569040465
1,1.08786692759296,0.992499502094878,1.50872693492676
1,1.09041095890411,0.973430607924684,1.49895276369224
1,1.09295499021526,0.955218770573986,1.48961789533689
1,1.09549902152642,0.937727963657816,1.48065260661576
1,1.09804305283757,0.920959389626618,1.47205751387065
1,1.10058708414873,0.904913005667244,1.46383259515676
1,1.10313111545988,0.889618378729527,1.45599300564921
1,1.10567514677104,0.875230487562538,1.44861818303419
1,1.10821917808219,0.861551564715097,1.44160675735731
1,1.11076320939335,0.848575305992979,1.43495549726843
1,1.1133072407045,0.836294775636505,1.42866084769496
1,1.11585127201566,0.824702434746089,1.42271894441203
1,1.11839530332681,0.813977044934865,1.41722141552356
1,1.12093933463796,0.803933727407728,1.41207349743263
1,1.12348336594912,0.794544231950486,1.40726070988524
1,1.12602739726027,0.785799163906698,1.40277823744848
1,1.12857142857143,0.77768905735578,1.39862122816145
1,1.13111545988258,0.77033263754254,1.39485053719815
1,1.13365949119374,0.763645510492445,1.39142290661448
1,1.13620352250489,0.757556725372276,1.38830196903711
1,1.13874755381605,0.752057060667139,1.38548299778053
1,1.1412915851272,0.747137327131537,1.38296128269963
1,1.14383561643836,0.742865853017139,1.38077184690722
1,1.14637964774951,0.739244285235528,1.3789155345632
1,1.14892367906067,0.736166110736362,1.37733775011613
1,1.15146771037182,0.733621231566608,1.37603331764331
1,1.15401174168297,0.731599135753586,1.37499684900739
1,1.15655577299413,0.730122602962757,1.37424002041513
1,1.15909980430528,0.729257885438028,1.37379679087697
1,1.16164383561644,0.728867631876124,1.37359675803265
1,1.16418786692759,0.728936592672811,1.37363210537001
1,1.16673189823875,0.729448438167863,1.373894462771
1,1.1692759295499,0.73038573222534,1.37437489296968
1,1.17181996086106,0.731842001393921,1.37512133500718
1,1.17436399217221,0.733664433602427,1.37605546177459
1,1.17690802348337,0.735827542473418,1.3771642096818
1,1.17945205479452,0.738305558925622,1.37843437023278
1,1.18199608610568,0.741071396126658,1.37985205948987
1,1.18454011741683,0.744144633259369,1.38142731318373
1,1.18708414872798,0.747436325989391,1.38311454098558
1,1.18962818003914,0.750894889812174,1.3848873021498
1,1.19217221135029,0.754486311961179,1.38672816270241
1,1.19471624266145,0.758175870778132,1.38861932531178
1,1.1972602739726,0.761928478773778,1.39054280513174
1,1.19980430528376,0.765683242100513,1.39246738971295
1,1.20234833659491,0.769396221999147,1.39437055730073
1,1.20489236790607,0.773031694278195,1.39623399669352
1,1.20743639921722,0.776554363409695,1.39803961641046
1,1.20998043052838,0.779910648937448,1.399759952638
1,1.21252446183953,0.78302363096626,1.40135557843192
1,1.21506849315068,0.785895512305043,1.40282762288925
1,1.21761252446184,0.788497032599122,1.40416108798677
1,1.22015655577299,0.790800309223247,1.40534168188612
1,1.22270058708415,0.792770695595674,1.40635164573774
1,1.2252446183953,0.794278219568945,1.40712435952614
1,1.22778864970646,0.795396809354483,1.40769771674379
1,1.23033268101761,0.796108666208495,1.4080625942623
1,1.23287671232877,0.79639762030255,1.40821070388885
1,1.23542074363992,0.796249124165869,1.40813458900486
1,1.23796477495108,0.795528215512214,1.40776507179204
1,1.24050880626223,0.79431765287303,1.40714457191303
1,1.24305283757339,0.792632971313418,1.40628105219907
1,1.24559686888454,0.790469062314615,1.40517189416917
1,1.24814090019569,0.78782209187203,1.40381513262193
1,1.25068493150685,0.784597078665173,1.4021620828417
1,1.253228962818,0.780828348546804,1.40023033928149
1,1.25577299412916,0.776575993928859,1.3980507035976
1,1.25831702544031,0.771843024250382,1.39562471834264
1,1.26086105675147,0.766633354314141,1.39295439013285
1,1.26340508806262,0.760896829425143,1.39001401110218
1,1.26594911937378,0.754611248500665,1.38679220160888
1,1.26849315068493,0.747874784886005,1.38333928250948
1,1.27103718199609,0.740696760497757,1.37966003195252
1,1.27358121330724,0.73308732108549,1.37575965035984
1,1.2761252446184,0.725038135121331,1.3716338672279
1,1.27866927592955,0.716482633631302,1.36724856119944
1,1.2812133072407,0.707545210583743,1.36266749307444
1,1.28375733855186,0.698241325534757,1.35789858698039
1,1.28630136986301,0.688587220666351,1.3529501681965
1,1.28884540117417,0.678599912393896,1.34783095885192
1,1.29138943248532,0.668217150876327,1.34250905145372
1,1.29393346379648,0.657548723405281,1.33704071983604
1,1.29647749510763,0.646622020404234,1.33144000354868
1,1.29902152641879,0.635457703424701,1.32571749311361
1,1.30156555772994,0.624076731812484,1.31988393169362
1,1.3041095890411,0.612466235114618,1.31393272226166
1,1.30665362035225,0.600682674331921,1.30789280511626
1,1.30919765166341,0.588764444650193,1.30178386053449
1,1.31174168297456,0.576731677229286,1.29561620717466
1,1.31428571428571,0.564603963173306,1.28939988687793
1,1.31682974559687,0.552393453346021,1.28314112783048
1,1.31937377690802,0.540127685056526,1.27685404487147
1,1.32191780821918,0.527833640610676,1.27055246836127
1,1.32446183953033,0.515525260152461,1.26424354362005
1,1.32700587084149,0.503215399702233,1.25793386027713
1,1.32954990215264,0.490917659374377,1.25163038936323
1,1.3320939334638,0.47865099993806,1.24534284962779
1,1.33463796477495,0.466419814040441,1.23907349261644
1,1.33718199608611,0.454230317201232,1.23282550422731
1,1.33972602739726,0.442087938073683,1.22660166703319
1,1.34227005870841,0.429997484048149,1.22040444516527
1,1.34481409001957,0.417981651603663,1.21424547219131
1,1.34735812133072,0.406027258842995,1.20811799144678
1,1.34990215264188,0.394137098356129,1.20202343433364
1,1.35244618395303,0.382314057733934,1.19596328094863
1,1.35499021526419,0.370561157091439,1.18993907931656
1,1.35753424657534,0.358901164615066,1.18396249976034
1,1.3600782778865,0.347327913157311,1.17803038117609
1,1.36262230919765,0.335841786890631,1.17214292047964
1,1.36516634050881,0.324448991805244,1.16630329868456
1,1.36771037181996,0.313156407416637,1.16051504203426
1,1.37025440313112,0.301992534402903,1.15479275916339
1,1.37279843444227,0.290969000088423,1.14914240990676
1,1.37534246575342,0.280080703318373,1.14356137955792
1,1.37788649706458,0.269338292641864,1.1380551262594
1,1.38043052837573,0.258752744101216,1.13262927601743
1,1.38297455968689,0.248353740869417,1.12729904357979
1,1.38551859099804,0.238180250744642,1.12208440272832
1,1.3880626223092,0.228207461420013,1.11697263538226
1,1.39060665362035,0.218445847111238,1.11196911032582
1,1.39315068493151,0.208905346582349,1.10707892188594
1,1.39569471624266,0.199602046490486,1.10231031562423
1,1.39823874755382,0.190609299915356,1.09770089023703
1,1.40078277886497,0.18186763533548,1.09322016231878
1,1.40332681017613,0.173381551982629,1.08887043804737
1,1.40587084148728,0.165154485456605,1.08465347841324
1,1.40841487279843,0.157188803176426,1.08057049688787
1,1.41095890410959,0.149555073326366,1.07665766470964
1,1.41350293542074,0.14219283621126,1.07288399196333
1,1.4160469667319,0.135087593052194,1.06924204698846
1,1.41859099804305,0.128235393315848,1.06572980485431
1,1.42113502935421,0.121631510915668,1.06234484310373
1,1.42367906066536,0.115315631452861,1.05910750344392
1,1.42622309197652,0.109257543817058,1.05600230052142
1,1.42876712328767,0.103422363509758,1.05301135353735
1,1.43131115459883,0.0978026779040635,1.05013086299061
1,1.43385518590998,0.0923910115459484,1.04735699717667
1,1.43639921722114,0.0872033210842549,1.0446979350186
1,1.43894324853229,0.0822395540444274,1.04215364961943
1,1.44148727984344,0.0774562886542214,1.03970188421727
1,1.4440313111546,0.0728474781732984,1.03733953942549
1,1.44657534246575,0.0684074967227101,1.03506373157901
1,1.44911937377691,0.0641395000076153,1.03287607820229
1,1.45166340508806,0.0600689195695844,1.03078961477814
1,1.45420743639922,0.0561507321186965,1.02878126365237
1,1.45675146771037,0.0523822163714103,1.02684962997266
1,1.45929549902153,0.0487610338107289,1.02499351508191
1,1.46183953033268,0.0452852176233375,1.0232119108477
1,1.46438356164384,0.0419945385547568,1.02152520261978
1,1.46692759295499,0.0388482366742715,1.0199124980203
1,1.46947162426614,0.0358429459667109,1.01837207172588
1,1.4720156555773,0.032977910664099,1.01690353635143
1,1.47455968688845,0.0302523966134584,1.01550651559106
1,1.47710371819961,0.0276958947161875,1.01419612563964
1,1.47964774951076,0.0252885873323239,1.0129622085402
1,1.48219178082192,0.0230167728567321,1.01179774124077
1,1.48473581213307,0.0208788418815823,1.0107018988048
1,1.48727984344423,0.0188729487258901,1.00967373518887
1,1.48982387475538,0.0170157639938893,1.00872179526919
1,1.49236790606654,0.0153041395273912,1.00784446538968
1,1.49491193737769,0.013714083824669,1.00702944819088
1,1.49745596868885,0.0122420691243769,1.00627493544295
1,1.5,0.0108843310665435,1.00557899764234
2,0.2,0.00271049294016255,2.00154310597433
2,0.202544031311155,0.00285092642839339,2.00162305591682
2,0.205088062622309,0.00298249734901868,2.00169796032652
2,0.207632093933464,0.0031041952420315,2.00176724394021
2,0.210176125244618,0.00321637976791257,2.00183111151556
2,0.212720156555773,0.00331887140278411,2.00188946084817
2,0.215264187866928,0.00341178259073179,2.00194235595337
2,0.217808219178082,0.00349552773300566,2.0019900327532
2,0.220352250489237,0.0035702523992224,2.00203257412166
2,0.222896281800391,0.00363726899888032,2.00207072722429
2,0.225440313111546,0.00369957093360672,2.0021061962293
2,0.227984344422701,0.00375914552407783,2.00214011253475
2,0.230528375733855,0.0038182067958605,2.00217373660364
2,0.23307240704501,0.00387916910395719,2.00220844294817
2,0.235616438356164,0.0039449479359678,2.00224589137947
2,0.238160469667319,0.00402061668012071,2.00228897021928
2,0.240704500978474,0.00410810484545671,2.002338777953
2,0.243248532289628,0.00421022790978343,2.00239691745535
2,0.245792563600783,0.00432973741046298,2.00246495519925
2,0.248336594911937,0.00446929197726951,2.00254440476453
2,0.250880626223092,0.00463142886673538,2.00263671063225
2,0.253424657534247,0.00482505747834167,2.00274694499698
2,0.255968688845401,0.00504709129402214,2.00287335067854
2,0.258512720156556,0.00529901095136144,2.00301677061613
2,0.26105675146771,0.00558222550593046,2.00317800699667
2,0.263600782778865,0.00589788512189486,2.00335771461813
2,0.26614481409002,0.00624687516569454,2.00355639752691
2,0.268688845401174,0.00663610795874499,2.00377799096457
2,0.271232876712329,0.00706133377116442,2.00402007552486
2,0.273776908023483,0.00752045003251402,2.00428145419709
2,0.276320939334638,0.00801294410623439,2.00456183513305
2,0.278864970645793,0.00853807462357814,2.0048607962654
2,0.281409001956947,0.0090948854923089,2.00517779328295
2,0.283953033268102,0.0096861284254838,2.00551439275862
2,0.286497064579256,0.0103086502720672,2.00586879957753
2,0.289041095890411,0.010957830488083,2.00623838322592
2,0.291585127201566,0.0116320781760479,2.00662223799273
2,0.29412915851272,0.0123298263699708,2.0070194717913
2,0.296673189823875,0.0130495771052763,2.00742923181805
2,0.299217221135029,0.0137916872386281,2.00785172123443
2,0.301761252446184,0.014555808591591,2.00828674181958
2,0.304305283757339,0.0153384973672794,2.00873233299155
2,0.306849315068493,0.0161398156420269,2.00918853009089
2,0.309393346379648,0.0169603650110163,2.00965567561072
2,0.311937377690802,0.0178013439945281,2.01013445187851
2,0.314481409001957,0.018665763247824,2.0106265728851
2,0.317025440313112,0.0195617277989342,2.01113665288979
2,0.319569471624266,0.0204893940425642,2.01166478092935
2,0.322113502935421,0.0214541825054613,2.01221404295435
2,0.324657534246575,0.0224624156179439,2.01278803837649
2,0.32720156555773,0.0235213185065669,2.01339088051987
2,0.329745596868885,0.0246390172433447,2.01402719562428
2,0.332289628180039,0.0258445213479834,2.01471349904842
2,0.334833659491194,0.0271352287839708,2.01544830943146
2,0.337377690802348,0.0285225450759824,2.01623812003262
2,0.339921722113503,0.0300187028640966,2.01708989499472
2,0.342465753424658,0.031636479698267,2.01801090868229
2,0.345009784735812,0.0333891280636302,2.01900870584435
2,0.347553816046967,0.0353224134343892,2.02010934114264
2,0.350097847358121,0.0374345945093646,2.02131182324004
2,0.352641878669276,0.0397321945238914,2.02261986586819
2,0.355185909980431,0.0422291984367859,2.02404143077944
2,0.357729941291585,0.0449393958771535,2.02558436852331
2,0.36027397260274,0.0478763010134255,2.02725637282727
2,0.362818003913894,0.0510896346220903,2.02908575013927
2,0.365362035225049,0.0545861453918314,2.03107634254339
2,0.367906066536204,0.0583535662440055,2.03322116629064
2,0.370450097847358,0.0624022221573635,2.03552609947653
2,0.372994129158513,0.0667415495700728,2.03799651434311
2,0.375538160469667,0.0713800291692634,2.04063723901547
2,0.378082191780822,0.0763549284130126,2.04346949016469
2,0.380626223091977,0.0816895868564633,2.04650655519192
2,0.383170254403131,0.0873432650767862,2.0497252408079
2,0.385714285714286,0.0933179424714705,2.05312667389996
2,0.38825831702544,0.0996141694137439,2.0567111678001
2,0.390802348336595,0.106231031976063,2.06047820220183
2,0.39334637964775,0.113181048810666,2.06443490407708
2,0.395890410958904,0.120502051514419,2.06860281126579
2,0.398434442270059,0.128125975225683,2.07294317388117
2,0.400978473581213,0.136043834947948,2.07745087669061
2,0.403522504892368,0.144245272338669,2.08212002260433
2,0.406066536203523,0.152718634573511,2.08694397757338
2,0.408610567514677,0.161451313337261,2.09191556357997
2,0.411154598825832,0.170481209829466,2.09705635808944
2,0.413698630136986,0.179731107607385,2.1023224011444
2,0.416242661448141,0.189184914705847,2.10770453145644
2,0.418786692759296,0.198826400774152,2.11319350895312
2,0.42133072407045,0.208639379671692,2.11878011873115
2,0.423874755381605,0.218607891726565,2.12445527481776
2,0.426418786692759,0.228739116331325,2.13022306450031
2,0.428962818003914,0.238993785293241,2.13606113207299
2,0.431506849315069,0.249353331950961,2.14195890738243
2,0.434050880626223,0.259806761236733,2.14791013084593
2,0.436594911937378,0.270344467875079,2.15390933410097
2,0.439138943248532,0.280958292831601,2.15995187214203
2,0.441682974559687,0.291650778905995,2.16603919260591
2,0.444227005870842,0.30241231597197,2.17216582436851
2,0.446771037181996,0.313234529930167,2.17832699998604
2,0.449315068493151,0.324116478601397,2.1845221830681
2,0.451859099804305,0.33505813308007,2.19075135715852
2,0.45440313111546,0.34606021789817,2.19701493473932
2,0.456947162426615,0.35713037283304,2.20331726519873
2,0.459491193737769,0.368273516864754,2.20966114895264
2,0.462035225048924,0.379482332306273,2.2160424199815
2,0.464579256360078,0.39075756856422,2.22246150492869
2,0.467123287671233,0.402099259290092,2.22891842295227
2,0.469667318982388,0.41350658899219,2.2354127097861
2,0.472211350293542,0.424980824687808,2.24194508675357
2,0.474755381604697,0.436524930697386,2.24851724146674
2,0.477299412915851,0.448121242298771,2.25511911725368
2,0.479843444227006,0.459762702815263,2.26174669669016
2,0.482387475538161,0.471441073305139,2.26839528927875
2,0.484931506849315,0.483146993966778,2.27505956640724
2,0.48747553816047,0.494870059757215,2.28173360439888
2,0.490019569471624,0.506595210628534,2.28840882944425
2,0.492563600782779,0.518305472667189,2.29507557815446
2,0.495107632093933,0.529987480969624,2.30172624177973
2,0.497651663405088,0.541627615826392,2.3083530665072
2,0.500195694716243,0.553212106739688,2.31494821267897
2,0.502739726027397,0.564727133399914,2.32150381227884
2,0.505283757338552,0.576138428532807,2.32800035666511
2,0.507827788649706,0.587441089479449,2.33443505471364
2,0.510371819960861,0.598625719054175,2.34080255652917
2,0.512915851272016,0.60967954871942,2.347095592878
2,0.51545988258317,0.620590015341476,2.35330701146456
2,0.518003913894325,0.631344717594159,2.35942975211161
2,0.52054794520548,0.641903389709732,2.36544089118567
2,0.523091976516634,0.652258679348059,2.37133624293887
2,0.525636007827789,0.662412819123115,2.37711707841678
2,0.528180039138943,0.672352476364056,2.38277580721996
2,0.530724070450098,0.682063774611312,2.38830452936559
2,0.533268101761252,0.691532223919398,2.39369499560828
2,0.535812133072407,0.700713667130144,2.39892206691385
2,0.538356164383562,0.709575250250155,2.40396703923306
2,0.540900195694716,0.718134717020036,2.4088400142237
2,0.543444227005871,0.726374124286493,2.41353077670068
2,0.545988258317025,0.734275258866122,2.41802895774855
2,0.54853228962818,0.741819826230954,2.42232414214174
2,0.551076320939335,0.748967316767838,2.42639326742354
2,0.553620352250489,0.755643636343082,2.43019415119285
2,0.556164383561644,0.761902309469774,2.43375726539621
2,0.558708414872799,0.767730321567829,2.43707520072588
2,0.561252446183953,0.773116963624683,2.44014186045274
2,0.563796477495108,0.778054130775494,2.44295263041041
2,0.566340508806262,0.782532434120337,2.44550216542078
2,0.568884540117417,0.786451470954848,2.4477333053966
2,0.571428571428571,0.789922118841358,2.44970917384809
2,0.573972602739726,0.792955008202205,2.45143582276234
2,0.576516634050881,0.795564598970026,2.45292148429819
2,0.579060665362035,0.797769070458294,2.45417650808866
2,0.58160469667319,0.799590194461194,2.45521328899564
2,0.584148727984344,0.800990851639175,2.45601069467315
2,0.586692759295499,0.802069137492748,2.45662457169826
2,0.589236790606654,0.802871342173241,2.45708127343571
2,0.591780821917808,0.803431675663349,2.45740027591064
2,0.594324853228963,0.803784987173108,2.45760141906561
2,0.596868884540117,0.803966302828055,2.45770464356262
2,0.599412915851272,0.803996784262948,2.45772199689477
2,0.601956947162427,0.803931613282691,2.45768489451848
2,0.604500978473581,0.803810938453777,2.45761619334362
2,0.607045009784736,0.803661161933402,2.45753092433591
2,0.60958904109589,0.803505785967629,2.45744246751778
2,0.612133072407045,0.80336523132718,2.45736244860234
2,0.6146771037182,0.803261903898688,2.45730362344553
2,0.617221135029354,0.80321393547042,2.4572763146239
2,0.619765166340509,0.803223071405878,2.45728151578727
2,0.622309197651663,0.803292574182902,2.45732108429116
2,0.624853228962818,0.803423045982027,2.45739536296193
2,0.627397260273973,0.803612669925854,2.45750331743628
2,0.629941291585127,0.803860242011276,2.45764426226533
2,0.632485322896282,0.804162280636656,2.45781621534457
2,0.635029354207436,0.804500886302824,2.45800898634155
2,0.637573385518591,0.804867743721422,2.45821784129409
2,0.640117416829746,0.805254708694619,2.45843814364321
2,0.6426614481409,0.805654128761265,2.45866553677971
2,0.645205479452055,0.806059152478684,2.45889612012078
2,0.647749510763209,0.806463243514451,2.4591261724785
2,0.650293542074364,0.80686396446928,2.45935430622136
2,0.652837573385519,0.807262727979384,2.4595813255748
2,0.655381604696673,0.807663772972973,2.4598096437956
2,0.657925636007828,0.808074375991177,2.4600434034786
2,0.660469667318982,0.808505056539256,2.46028859346487
2,0.663013698630137,0.808983523914298,2.46056098888564
2,0.665557729941292,0.809531366405106,2.46087288013171
2,0.668101761252446,0.810174039034672,2.46123875895749
2,0.670645792563601,0.810942155753367,2.46167605413728
2,0.673189823874755,0.811870031863182,2.46220430165539
2,0.67573385518591,0.812995539574043,2.46284506247312
2,0.678277886497065,0.814408661344576,2.46364956434592
2,0.680821917808219,0.816155171747226,2.46464386711522
2,0.683365949119374,0.81826375517151,2.46584430104042
2,0.685909980430528,0.820783635475085,2.46727888966946
2,0.688454011741683,0.823763906693815,2.46897558264165
2,0.690998043052838,0.827252838061561,2.47096186002974
2,0.693542074363992,0.831365494403918,2.47330322918744
2,0.696086105675147,0.836172102467013,2.47603967078023
2,0.698630136986301,0.84163455611082,2.47914949066848
2,0.701174168297456,0.847779884356617,2.48264807669681
2,0.703718199608611,0.854628216420299,2.48654688859375
2,0.706262230919765,0.862192241293583,2.49085315030689
2,0.70880626223092,0.870522116213625,2.49559541676481
2,0.711350293542074,0.879683316781781,2.50081096376709
2,0.713894324853229,0.88952593733149,2.50641444878205
2,0.716438356164384,0.900016848885749,2.51238701120998
2,0.718982387475538,0.911114856225279,2.51870519827295
2,0.721526418786693,0.922771190039078,2.5253412452002
2,0.724070450097847,0.934937253457295,2.53226748539311
2,0.726614481409002,0.94761206398635,2.53948335950999
2,0.729158512720157,0.960612965525065,2.54688487992676
2,0.731702544031311,0.973866454296499,2.55443020033727
2,0.734246575342466,0.987298524100905,2.56207718840195
2,0.736790606653621,1.00083568679678,2.56978400671606
2,0.739334637964775,1.01440598805459,2.57750969108666
2,0.74187866927593,1.02791247120686,2.58519904328369
2,0.744422700587084,1.04128297031179,2.59281097864162
2,0.746966731898239,1.05446809087963,2.60031737647024
2,0.749510763209393,1.06742431704745,2.60769346283007
2,0.752054794520548,1.08011600309803,2.61491894432048
2,0.754598825831703,1.09251577765318,2.6219782381902
2,0.757142857142857,1.10455388059868,2.62883162943118
2,0.759686888454012,1.11625271225393,2.63549187072989
2,0.762230919765166,1.12764716190213,2.64197882484286
2,0.764774951076321,1.13875673473492,2.64830359623648
2,0.767318982387476,1.14960894562035,2.65448184935196
2,0.76986301369863,1.16023892735744,2.66053358558137
2,0.772407045009785,1.17067711753904,2.66647613329724
2,0.774951076320939,1.18099920847475,2.67235258475538
2,0.777495107632094,1.1912866917763,2.67820933380211
2,0.780039138943249,1.20160297585832,2.68408247937058
2,0.782583170254403,1.21201377981465,2.69000943588265
2,0.785127201565558,1.22258633723394,2.69602847997457
2,0.787671232876712,1.23341061102685,2.70219082827298
2,0.790215264187867,1.24461249974347,2.70856815586026
2,0.792759295499022,1.25621378639394,2.71517286398365
2,0.795303326810176,1.26827186709308,2.72203762872445
2,0.797847358121331,1.28083896407743,2.72919218063242
2,0.800391389432485,1.29396143692651,2.73666291259832
2,0.80293542074364,1.30769264992131,2.74448020534723
2,0.805479452054795,1.32219449435038,2.75273622492425
2,0.808023483365949,1.33735028159789,2.76136453953847
2,0.810567514677104,1.3531633270061,2.77036703664158
2,0.813111545988258,1.36962764049749,2.77974030603306
2,0.815655577299413,1.38672792038656,2.78947563633722
2,0.818199608610568,1.40443957405122,2.79955902677158
2,0.820743639921722,1.42283493201235,2.81003165569793
2,0.823287671232877,1.44174179306281,2.82079548754953
2,0.825831702544031,1.4610850636791,2.83180777096441
2,0.828375733855186,1.48079766089709,2.84303031505814
2,0.83091976516634,1.50080688850799,2.85442173327976
2,0.833463796477495,1.52103517372959,2.86593786280493
2,0.83600782778865,1.54140195574007,2.87753283969368
2,0.838551859099804,1.56177598152955,2.88913194052552
2,0.841095890410959,1.58206259193792,2.90068127506031
2,0.843639921722114,1.60217704185393,2.91213259720762
2,0.846183953033268,1.62203671848217,2.92343887482202
2,0.848727984344423,1.6415619292638,2.93455473827283
2,0.851272015655577,1.66061601170586,2.94540238447626
2,0.853816046966732,1.67910014581366,2.95592555439472
2,0.856360078277887,1.69700763885464,2.96612043780039
2,0.858904109589041,1.7142887711908,2.97595872889351
2,0.861448140900196,1.73090118066879,2.98541631055097
2,0.86399217221135,1.74681006666017,2.99447337048812
2,0.866536203522505,1.76193405543193,3.00308358196797
2,0.869080234833659,1.77618209117734,3.01119510616915
2,0.871624266144814,1.78967437825618,3.01887637642456
2,0.874168297455969,1.80241661891992,3.02613063907296
2,0.876712328767123,1.81442112872009,3.03296490545938
2,0.879256360078278,1.82570645029974,3.03938973206335
2,0.881800391389433,1.83628035518183,3.04540954327695
2,0.884344422700587,1.84606346297793,3.05097914719069
2,0.886888454011742,1.85524269345049,3.05620495876618
2,0.889432485322896,1.86385999293876,3.06111085840013
2,0.891976516634051,1.87195947532537,3.06572196048957
2,0.894520547945206,1.87958692189804,3.07006432869898
2,0.89706457925636,1.88678928477929,3.07416469325875
2,0.899608610567515,1.89354852575518,3.07801278486501
2,0.902152641878669,1.89999855500249,3.08168483968524
2,0.904696673189824,1.90619216698902,3.08521091404519
2,0.907240704500978,1.91217251188314,3.08861557369139
2,0.909784735812133,1.91798057492644,3.09192215185974
2,0.912328767123288,1.92365487303892,3.09515257655031
2,0.914872798434442,1.92922227603272,3.09832214496864
2,0.917416829745597,1.93473387594574,3.10145994423308
2,0.919960861056752,1.94021980060136,3.10458312636183
2,0.922504892367906,1.94569985670424,3.10770296747514
2,0.925048923679061,1.95118962706487,3.11082833899545
2,0.927592954990215,1.95670033975875,3.11396563315872
2,0.93013698630137,1.9622419494736,3.11712051725073
2,0.932681017612524,1.96781259441884,3.12029193133874
2,0.935225048923679,1.97340009006476,3.12347293866955
2,0.937769080234834,1.97899072647436,3.12665573406302
2,0.940313111545988,1.9845661859887,3.12982988912491
2,0.942857142857143,1.99010363764939,3.1329824060024
2,0.945401174168297,1.99556722024336,3.13609286861128
2,0.947945205479452,2.00089965112088,3.13912866546686
2,0.950489236790607,2.00607199503389,3.14207332349389
2,0.953033268101761,2.01104133016494,3.14490240694789
2,0.955577299412916,2.01576225095075,3.14759006606738
2,0.958121330724071,2.02018726356476,3.15010926222539
2,0.960665362035225,2.02425499303338,3.15242505414353
2,0.96320939334638,2.02782326114303,3.15445649859277
2,0.965753424657534,2.03091428364427,3.15621624318306
2,0.968297455968689,2.03347921169623,3.1576764778666
2,0.970841487279843,2.03547110001029,3.15881047630359
2,0.973385518590998,2.03684541149425,3.15959288316032
2,0.975929549902153,2.0375605194247,3.16
2,0.978473581213307,2.03741361622472,3.15991636679728
2,0.981017612524462,2.03650887949301,3.15940129271787
2,0.983561643835617,2.03483670733077,3.15844931132163
2,0.986105675146771,2.03238108140863,3.15705130324162
2,0.988649706457926,2.02913199702154,3.15520157271676
2,0.99119373776908,2.02508564315027,3.1528979501024
2,0.993737769080235,2.02010990552858,3.15006522165771
2,0.99628180039139,2.01431112493224,3.14676392806292
2,0.998825831702544,2.00776341627288,3.1430362635482
2,1.0013698630137,2.00049553569287,3.13889859922244
2,1.00391389432485,1.99254123398805,3.13437014969192
2,1.00645792563601,1.9839388000083,3.12947271311451
2,1.00900195694716,1.97466229201047,3.12419152064199
2,1.01154598825832,1.96478971382337,3.11857098049712
2,1.01409001956947,1.95443653516735,3.11267683054354
2,1.01663405088063,1.94365159594372,3.10653687573967
2,1.01917808219178,1.93248277521966,3.10017837403315
2,1.02172211350294,1.92097630273664,3.09362764439688
2,1.02426614481409,1.90915679398268,3.08689870063109
2,1.02681017612524,1.89705984119665,3.08001180569078
2,1.0293542074364,1.88476170325017,3.0730103743802
2,1.03189823874755,1.87228790116995,3.06590893603021
2,1.03444227005871,1.85965897876272,3.05871918639935
2,1.03698630136986,1.84689056407975,3.05145002266603
2,1.03953033268102,1.83398934286752,3.04410525108083
2,1.04207436399217,1.82094029132203,3.0366763184683
2,1.04461839530333,1.80776796547455,3.02917720477945
2,1.04716242661448,1.79446886477221,3.02160591712069
2,1.04970645792564,1.78103850149926,3.01395990059843
2,1.05225048923679,1.76747213093943,3.00623645400659
2,1.05479452054795,1.7537654834234,2.99843314658724
2,1.0573385518591,1.73988413734462,2.99053038183603
2,1.05988258317025,1.72586139071313,2.98254711658454
2,1.06242661448141,1.71170688827958,2.97448884166883
2,1.06497064579256,1.69743251948982,2.96636232584843
2,1.06751467710372,1.6830543163822,2.95817669629494
2,1.07005870841487,1.66859241932594,2.94994341908656
2,1.07260273972603,1.65406847497771,2.94167481784339
2,1.07514677103718,1.63952951437588,2.93339766772327
2,1.07769080234834,1.62501055019013,2.92513190172765
2,1.08023483365949,1.61054327303163,2.91689556158272
2,1.08277886497065,1.59615821711866,2.90870603067065
2,1.0853228962818,1.58188376852526,2.90057946941738
2,1.08786692759296,1.56776607308526,2.89254214902651
2,1.09041095890411,1.55382488122451,2.88460531357829
2,1.09295499021526,1.54004959758915,2.87676293105042
2,1.09549902152642,1.52643587531123,2.86901252673514
2,1.09804305283757,1.51297044456992,2.86134654601407
2,1.10058708414873,1.4996308238248,2.85375218996093
2,1.10313111545988,1.48638738588572,2.84621259157214
2,1.10567514677104,1.47317555651007,2.83869098819906
2,1.10821917808219,1.45992058622868,2.83114482435272
2,1.11076320939335,1.44655496411624,2.82353566550682
2,1.1133072407045,1.43300595370618,2.81582210219136
2,1.11585127201566,1.4191967703858,2.80796042029336
2,1.11839530332681,1.40503091390084,2.79989568142258
2,1.12093933463796,1.39032653421647,2.79152435685516
2,1.12348336594912,1.37507728412894,2.78284283307567
2,1.12602739726027,1.35921380364708,2.77381162286938
2,1.12857142857143,1.34267386224857,2.76439529788696
2,1.13111545988258,1.32540345287252,2.75456311146342
2,1.13365949119374,1.30735785265769,2.74428960250521
2,1.13620352250489,1.28831270133638,2.73344704086245
2,1.13874755381605,1.26843068287883,2.72212804386045
2,1.1412915851272,1.2477249254345,2.71034008546293
2,1.14383561643836,1.22621299258679,2.69809316476268
2,1.14637964774951,1.20392394317785,2.68540382519809
2,1.14892367906067,1.18089787174513,2.67229489291985
2,1.15146771037182,1.15707882002702,2.65873451042834
2,1.15401174168297,1.13264234899184,2.64482262603002
2,1.15655577299413,1.10770159660678,2.63062365010226
2,1.15909980430528,1.08233620094722,2.61618292125785
2,1.16164383561644,1.0566287288478,2.60154744547638
2,1.16418786692759,1.03066353657728,2.58676524747702
2,1.16673189823875,1.00451878165129,2.57188082297771
2,1.1692759295499,0.978318404639823,2.55696473236663
2,1.17181996086106,0.952155251270927,2.54206983348211
2,1.17436399217221,0.926101058982931,2.52723696703915
2,1.17690802348337,0.900222301488882,2.51250397707055
2,1.17945205479452,0.874579797809675,2.49790548834627
2,1.18199608610568,0.849259790575455,2.48349059950655
2,1.18454011741683,0.824347869159716,2.46930803728729
2,1.18708414872798,0.799833783453206,2.45535196621678
2,1.18962818003914,0.775746096479065,2.44163864745956
2,1.19217221135029,0.752108230578469,2.42818141554753
2,1.19471624266145,0.728938865588062,2.41499090506568
2,1.1972602739726,0.706273018997266,2.4020870517594
2,1.19980430528376,0.684199878888739,2.38952063113935
2,1.20234833659491,0.662628901348805,2.3772400958091
2,1.20489236790607,0.641563132055124,2.36524717969804
2,1.20743639921722,0.621004544235779,2.35354300618118
2,1.20998043052838,0.600954365112807,2.34212827392616
2,1.21252446183953,0.581413390009496,2.33100343571706
2,1.21506849315068,0.562501589988992,2.32023679206911
2,1.21761252446184,0.544104093882231,2.30976294587883
2,1.22015655577299,0.526219872298786,2.29958131110576
2,1.22270058708415,0.508850766217426,2.28969293583431
2,1.2252446183953,0.491998762262826,2.28009895106626
2,1.22778864970646,0.475665876277427,2.27080050443734
2,1.23033268101761,0.459951332573943,2.26185408516672
2,1.23287671232877,0.444786259723029,2.25322048418193
2,1.23542074363992,0.43014288352241,2.24488388940068
2,1.23796477495108,0.4160191322845,2.23684312139414
2,1.24050880626223,0.402411370190114,2.22909611026049
2,1.24305283757339,0.389314229784466,2.22163980026345
2,1.24559686888454,0.376788372924554,2.21450872669828
2,1.24814090019569,0.364797685196868,2.20768232933167
2,1.25068493150685,0.353278133687025,2.20112415369761
2,1.253228962818,0.3422131041829,2.19482474118818
2,1.25577299412916,0.331583963641528,2.18877348385842
2,1.25831702544031,0.321370173620034,2.1829586890035
2,1.26086105675147,0.311582556995225,2.17738651817641
2,1.26340508806262,0.302204860705902,2.17204771837542
2,1.26594911937378,0.293154049801268,2.16689501711855
2,1.26849315068493,0.284403540119826,2.16191327982353
2,1.27103718199609,0.275926656910201,2.15708732033452
2,1.27358121330724,0.267696902419132,2.15240205326214
2,1.2761252446184,0.259696802552434,2.14784753046053
2,1.27866927592955,0.251920114636879,2.14342019792437
2,1.2812133072407,0.244302537169522,2.13908344827797
2,1.28375733855186,0.23682395432318,2.1348258294151
2,1.28630136986301,0.22946630291084,2.13063705781447
2,1.28884540117417,0.222213703276061,2.12650809305679
2,1.29138943248532,0.215052582993144,2.12243120824823
2,1.29393346379648,0.207988392313989,2.1184095062621
2,1.29647749510763,0.200994243648092,2.1144276797715
2,1.29902152641879,0.194067255700372,2.11048408843139
2,1.30156555772994,0.187206962818583,2.10657846714211
2,1.3041095890411,0.180415119293649,2.10271181463593
2,1.30665362035225,0.173695580651322,2.09888632589545
2,1.30919765166341,0.167071602032411,2.09511524026404
2,1.31174168297456,0.160543550202689,2.09139876654447
2,1.31428571428571,0.154117909542888,2.08774059634814
2,1.31682974559687,0.147805692347623,2.08414699906516
2,1.31937377690802,0.141618360318155,2.08062449993654
2,1.32191780821918,0.135567594030913,2.07717974881073
2,1.32446183953033,0.129688653082469,2.07383281926671
2,1.32700587084149,0.123989673137532,2.07058834300546
2,1.32954990215264,0.118465737312818,2.0674435208048
2,1.3320939334638,0.113124928876113,2.06440295453572
2,1.33463796477495,0.10797397895607,2.06147047628524
2,1.33718199608611,0.103018160485953,2.05864908797774
2,1.33972602739726,0.0982805569867041,2.05595193125197
2,1.34227005870841,0.0937716355180178,2.0533849650913
2,1.34481409001957,0.0894614373161782,2.05093113372459
2,1.34735812133072,0.0853466775160691,2.04858856705105
2,1.34990215264188,0.0814226856349977,2.04635460612638
2,1.35244618395303,0.0776835228403889,2.04422586992424
2,1.35499021526419,0.074130390954427,2.04220304265191
2,1.35753424657534,0.070774781129314,2.04029266631706
2,1.3600782778865,0.0675739770004513,2.03847042214121
2,1.36262230919765,0.0645185641227444,2.03673095040314
2,1.36516634050881,0.0615992000881618,2.03506893239296
2,1.36771037181996,0.0588067665671789,2.0334791769705
2,1.37025440313112,0.056132842231518,2.03195688980416
2,1.37279843444227,0.0535921116524775,2.03051043094142
2,1.37534246575342,0.0511503608498554,2.02912032208132
2,1.37788649706458,0.0488020783390312,2.02778342549023
2,1.38043052837573,0.0465426360632526,2.02649710637729
2,1.38297455968689,0.0443682656989191,2.02525921940482
2,1.38551859099804,0.0422760294866358,2.02406809208217
2,1.3880626223092,0.040279003629782,2.02293116879971
2,1.39060665362035,0.0383636964421232,2.02184076862926
2,1.39315068493151,0.0365261341208088,2.02079462925209
2,1.39569471624266,0.034766010720487,2.019792576491
2,1.39823874755382,0.0330830829983672,2.01883447186587
2,1.40078277886497,0.0314770629604295,2.01792015141931
2,1.40332681017613,0.0299585598867717,2.01705565510195
2,1.40587084148728,0.0285217243984245,2.01623765281412
2,1.40841487279843,0.0271578325342769,2.01546117793284
2,1.41095890410959,0.0258645410013177,2.0147248964021
2,1.41350293542074,0.0246389753650691,2.01402717178263
2,1.4160469667319,0.0234777384377186,2.01336607002743
2,1.41859099804305,0.0223823463752853,2.0127424542966
2,1.42113502935421,0.0213481694260376,2.01215368883433
2,1.42367906066536,0.0203619239461966,2.01159221115271
2,1.42622309197652,0.0194184596519571,2.0110550891527
2,1.42876712328767,0.0185126240130576,2.01053938945637
2,1.43131115459883,0.0176393501230097,2.01004222743208
2,1.43385518590998,0.0167949119741146,2.00956148183293
2,1.43639921722114,0.0159760932756197,2.00909532159808
2,1.43894324853229,0.0151743247146744,2.00863886814709
2,1.44148727984344,0.0143866739052585,2.00819045204842
2,1.4440313111546,0.0136108192751374,2.00774875161186
2,1.44657534246575,0.0128450643261011,2.007312801007
2,1.44911937377691,0.0120884108174826,2.0068820319272
2,1.45166340508806,0.0113426327255344,2.00645745431175
2,1.45420743639922,0.0106065501170448,2.00603839641497
2,1.45675146771037,0.00988151403507125,2.00562562739678
2,1.45929549902153,0.00916924983639345,2.00522012951705
2,1.46183953033268,0.00847179269654404,2.00482306141796
2,1.46438356164384,0.00779142256553979,2.00443572109386
2,1.46692759295499,0.00713524822686876,2.00406215563379
2,1.46947162426614,0.00650344385656545,2.0037024641976
2,1.4720156555773,0.00589752939604531,2.00335751210047
2,1.47455968688845,0.00531962787797573,2.0030285080024
2,1.47710371819961,0.00477162406435342,2.00271652491393
2,1.47964774951076,0.0042551283125843,2.0024224796248
2,1.48219178082192,0.00377657916960973,2.00215003765286
2,1.48473581213307,0.00333483326751877,2.00189854806934
2,1.48727984344423,0.00292716980190093,2.00166646189786
2,1.48982387475538,0.00255338785997963,2.00145366475711
2,1.49236790606654,0.0022129710922776,2.00125986268509
2,1.49491193737769,0.00190510696662397,2.00108459310053
2,1.49745596868885,0.00163178661456116,2.00092898957103
2,1.5,0.00139175692825863,2.00079233869197
3,0.2,2.21001959395581e-10,3.00000000010295
3,0.202544031311155,4.19420532677382e-10,3.00000000019539
3,0.205088062622309,7.80530900976566e-10,3.00000000036361
3,0.207632093933464,1.4238762774636e-09,3.00000000066332
3,0.210176125244618,2.54525211758985e-09,3.00000000118572
3,0.212720156555773,4.45631804859851e-09,3.00000000207599
3,0.215264187866928,8.00765405757005e-09,3.0000000037304
3,0.217808219178082,1.42488048247952e-08,3.00000000663786
3,0.220352250489237,2.49129293253581e-08,3.00000001160578
3,0.222896281800391,4.2800376995819e-08,3.00000001993871
3,0.225440313111546,7.22535633549902e-08,3.00000003365959
3,0.227984344422701,1.19862757768097e-07,3.00000005583851
3,0.230528375733855,1.95417070063706e-07,3.00000009103577
3,0.23307240704501,3.13150884845512e-07,3.0000001458825
3,0.235616438356164,5.07380789015031e-07,3.00000023636522
3,0.238160469667319,8.15204811211712e-07,3.00000037976618
3,0.240704500978474,1.28878599434986e-06,3.00000060038573
3,0.243248532289628,2.00521019984791e-06,3.0000009341346
3,0.245792563600783,3.07117579456526e-06,3.00000143071863
3,0.248336594911937,4.63164079899187e-06,3.00000215766703
3,0.250880626223092,6.88004608105712e-06,3.00000320509497
3,0.253424657534247,1.00701929469502e-05,3.00000469123671
3,0.255968688845401,1.47491443455423e-05,3.00000687094356
3,0.258512720156556,2.14168648885042e-05,3.0000099771259
3,0.26105675146771,3.06404843853946e-05,3.00001427398323
3,0.263600782778865,4.32031869355793e-05,3.00002012636478
3,0.26614481409002,6.00564696916568e-05,3.00002797752902
3,0.268688845401174,8.23349344329229e-05,3.0000383560344
3,0.271232876712329,0.000111367125387937,3.00005188078817
3,0.273776908023483,0.000148681233779532,3.00006926370388
3,0.276320939334638,0.000197304700043626,3.00009191512587
3,0.278864970645793,0.000259308731043439,3.00012079993355
3,0.281409001956947,0.000336195227495121,3.00015661779292
3,0.283953033268102,0.000430137480026419,3.00020038113948
3,0.286497064579256,0.000543269904420535,3.00025308429874
3,0.289041095890411,0.000677594535735494,3.00031565992614
3,0.291585127201566,0.000834876392721623,3.00038893026222
3,0.29412915851272,0.00101652975643349,3.00047355415505
3,0.296673189823875,0.00122579803320527,3.00057104255749
3,0.299217221135029,0.00146232147967058,3.00068122788176
3,0.301761252446184,0.00172321823887494,3.00080276760411
3,0.304305283757339,0.0020065918198535,3.0009347782372
3,0.306849315068493,0.00230963596441837,3.00107595247526
3,0.309393346379648,0.00262864854600971,3.00122456566889
3,0.311937377690802,0.00295908384097366,3.00137850017589
3,0.314481409001957,0.00329564421506272,3.0015352880737
3,0.317025440313112,0.0036317855758466,3.00169188077261
3,0.319569471624266,0.00395921481067033,3.00184441489535
3,0.322113502935421,0.00427155097857314,3.00198991785692
3,0.324657534246575,0.00456272853854043,3.00212556400255
3,0.32720156555773,0.0048272844273625,3.002248808344
3,0.329745596868885,0.00506059385636527,3.00235749640632
3,0.332289628180039,0.00525908201874288,3.00244996285251
3,0.334833659491194,0.0054204058033669,3.00252511613556
3,0.337377690802348,0.00554118251094746,3.00258138041247
3,0.339921722113503,0.00562149722827252,3.00261879532125
3,0.342465753424658,0.00566822128090645,3.00264056189436
3,0.345009784735812,0.00568586782414467,3.00264878260194
3,0.347553816046967,0.00568023327946927,3.00264615772842
3,0.350097847358121,0.00565824619486132,3.00263591496355
3,0.352641878669276,0.00562779229825727,3.00262172790293
3,0.355185909980431,0.00559751969160237,3.00260762529691
3,0.357729941291585,0.00557776360849444,3.00259842185236
3,0.36027397260274,0.0055817528371379,3.00260028024931
3,0.362818003913894,0.0056177798946658,3.00261706358761
3,0.365362035225049,0.00569483184033282,3.00265295852211
3,0.367906066536204,0.00582126689493379,3.00271185876096
3,0.370450097847358,0.00600461968108665,3.00279727433603
3,0.372994129158513,0.00625142632415462,3.00291225012555
3,0.375538160469667,0.00656707339253453,3.00305929548238
3,0.378082191780822,0.00695875807470712,3.00324176324344
3,0.380626223091977,0.00743570609606749,3.00346395124712
3,0.383170254403131,0.00798924337725829,3.00372181864138
3,0.385714285714286,0.00861849178123881,3.00401495634284
3,0.38825831702544,0.00932146064523632,3.00434243699386
3,0.390802348336595,0.0100952277134803,3.00470289925076
3,0.39334637964775,0.0109361443291653,3.00509464337324
3,0.395890410958904,0.0118400559198396,3.00551573393832
3,0.398434442270059,0.0128040228097105,3.00596480148715
3,0.400978473581213,0.0138283331604106,3.00644198026088
3,0.403522504892368,0.0149008503193956,3.00694161635494
3,0.406066536203523,0.0160176945182092,3.00746190236481
3,0.408610567514677,0.0171752144798227,3.00800113732956
3,0.411154598825832,0.0183698649416554,3.00855766967547
3,0.413698630136986,0.0195980315283704,3.00912981563239
3,0.416242661448141,0.0208558144479776,3.00971575846777
3,0.418786692759296,0.0221390721629522,3.010313568831
3,0.42133072407045,0.0234435688312697,3.01092127343937
3,0.423874755381605,0.0247584777035177,3.01153382861154
3,0.426418786692759,0.0260755576226663,3.01214739517396
3,0.428962818003914,0.0273855954074747,3.01275768113199
3,0.431506849315069,0.0286787290359768,3.01336009222614
3,0.434050880626223,0.0299449087560347,3.01394994674213
3,0.436594911937378,0.0311744868589681,3.01452275025912
3,0.439138943248532,0.0323587624744617,3.0150744494444
3,0.441682974559687,0.033482550990591,3.01559797049024
3,0.444227005870842,0.034552308803424,3.01609632113267
3,0.446771037181996,0.0355717840528373,3.01657124745654
3,0.449315068493151,0.0365498098123005,3.01702686438188
3,0.451859099804305,0.0375005699586363,3.01746977952027
3,0.45440313111546,0.0384436093857229,3.01790909793299
3,0.456947162426615,0.0394035746683883,3.01835630131826
3,0.459491193737769,0.0404096724142649,3.01882499568253
3,0.462035225048924,0.0415146850668355,3.01933976992273
3,0.464579256360078,0.042748788882247,3.01991468175965
3,0.467123287671233,0.0441459647690954,3.02056556132551
3,0.469667318982388,0.0457383754621798,3.02130739174954
3,0.472211350293542,0.0475539919011294,3.02215320339765
3,0.474755381604697,0.0496151763569228,3.02311341381667
3,0.477299412915851,0.051937470952821,3.02419526336232
3,0.479843444227006,0.0545286404014411,3.02540236925477
3,0.482387475538161,0.0574237874638971,3.02675108424538
3,0.484931506849315,0.0605750174355858,3.0282190964085
3,0.48747553816047,0.0639539183800487,3.0297931699382
3,0.490019569471624,0.0675317363933464,3.03145990972175
3,0.492563600782779,0.0712750275811803,3.03320373579703
3,0.495107632093933,0.0751472902290002,3.03500764370501
3,0.497651663405088,0.0791107070448894,3.03685401612006
3,0.500195694716243,0.0831279430765223,3.03872546041627
3,0.502739726027397,0.0871614017333091,3.04060446208253
3,0.505283757338552,0.0911746924428208,3.0424740684358
3,0.507827788649706,0.0951472247372244,3.04432468733032
3,0.510371819960861,0.0990663220623709,3.04615041334633
3,0.512915851272016,0.102927033886271,3.04794894026017
3,0.51545988258317,0.106732125628399,3.04972155635274
3,0.518003913894325,0.110491766592936,3.0514729990321
3,0.52054794520548,0.114222929707931,3.05321117519969
3,0.523091976516634,0.117952371720502,3.05494854958534
3,0.525636007827789,0.121716071365858,3.0567018830162
3,0.528180039138943,0.125545572872611,3.0584858704881
3,0.530724070450098,0.129472422991414,3.06031520817178
3,0.533268101761252,0.133526812088414,3.0622039603612
3,0.535812133072407,0.137736247117742,3.06416494127292
3,0.538356164383562,0.142124356867612,3.0662091584655
3,0.540900195694716,0.146709856736779,3.06834533057683
3,0.543444227005871,0.151528376773598,3.070590055997
3,0.545988258317025,0.156575202727092,3.07294113857473
3,0.54853228962818,0.161832933500406,3.07539047194455
3,0.551076320939335,0.167290424509734,3.07793286436077
3,0.553620352250489,0.172930844362951,3.08056047485699
3,0.556164383561644,0.178732416949212,3.08326315895125
3,0.558708414872799,0.184669311366273,3.08602888322199
3,0.561252446183953,0.190712658342834,3.08884419881216
3,0.563796477495108,0.196834935286504,3.09169628422009
3,0.566340508806262,0.202994950297142,3.0945659500464
3,0.568884540117417,0.209158602645286,3.09743731033987
3,0.571428571428571,0.215300161641063,3.10029837836324
3,0.573972602739726,0.221398092864805,3.1031391222273
3,0.576516634050881,0.227435955612554,3.10595188296915
3,0.579060665362035,0.233403165543222,3.10873172983428
3,0.58160469667319,0.239295607711414,3.11147674586011
3,0.584148727984344,0.245111608114996,3.11418615120655
3,0.586692759295499,0.25086709104046,3.11686736426148
3,0.589236790606654,0.256589934644196,3.1195333721674
3,0.591780821917808,0.262308193302515,3.1221972441595
3,0.594324853228963,0.268055241768383,3.12487452799017
3,0.596868884540117,0.273868774346859,3.12758278369114
3,0.599412915851272,0.279789647921974,3.13034104459327
3,0.601956947162427,0.285860587663297,3.13316921437519
3,0.604500978473581,0.292141395022086,3.13609515176463
3,0.607045009784736,0.298691403995802,3.13914649772425
3,0.60958904109589,0.305527174540499,3.14233096677095
3,0.612133072407045,0.31267835036293,3.14566236853542
3,0.6146771037182,0.320167353175647,3.14915114825554
3,0.617221135029354,0.328008281032573,3.15280387356201
3,0.619765166340509,0.336205991273724,3.15662280726467
3,0.622309197651663,0.344755387462179,3.16060557516949
3,0.624853228962818,0.353657429930679,3.16475262465104
3,0.627397260273973,0.362890979402468,3.16905410789889
3,0.629941291585127,0.372375686179276,3.17347259370825
3,0.632485322896282,0.382058750680367,3.17798348519873
3,0.635029354207436,0.391879577208933,3.18255855364036
3,0.637573385518591,0.401771209886189,3.18716660738882
3,0.640117416829746,0.411661976062721,3.1917742574747
3,0.6426614481409,0.421477311221133,3.19634676774119
3,0.645205479452055,0.43113141141666,3.20084416610256
3,0.647749510763209,0.44051428682388,3.20521521339094
3,0.650293542074364,0.449578879043601,3.20943798727663
3,0.652837573385519,0.458267179574512,3.21348546428427
3,0.655381604696673,0.466530700278649,3.21733505603505
3,0.657925636007828,0.4743318086495,3.22096923128633
3,0.660469667318982,0.481644742267906,3.22437598851964
3,0.663013698630137,0.488456275722721,3.22754916662818
3,0.665557729941292,0.494751431686517,3.23048178836845
3,0.668101761252446,0.50049914909081,3.23315938382657
3,0.670645792563601,0.505798502775778,3.23562810738406
3,0.673189823874755,0.510690128090751,3.23790688916905
3,0.67573385518591,0.515221612938181,3.24001789818228
3,0.678277886497065,0.519445379880602,3.24198555566883
3,0.680821917808219,0.523416468793036,3.2438355021585
3,0.683365949119374,0.527190278113129,3.24559354521882
3,0.685909980430528,0.530818804053614,3.24728390747821
3,0.688454011741683,0.534348958696746,3.2489284431041
3,0.690998043052838,0.537839232797457,3.25055440023147
3,0.693542074363992,0.54131830383873,3.25217513837207
3,0.696086105675147,0.544805494303056,3.25379965897601
3,0.698630136986301,0.548310667861211,3.25543255707086
3,0.701174168297456,0.551834511338415,3.2570741526167
3,0.703718199608611,0.55536918386244,3.25872079291415
3,0.706262230919765,0.558899148977769,3.2603652402478
3,0.70880626223092,0.562392548541837,3.26199265338386
3,0.711350293542074,0.565822694827216,3.26359059974558
3,0.713894324853229,0.569161834253675,3.26514615022474
3,0.716438356164384,0.572383754315943,3.26664709362858
3,0.718982387475538,0.5754655005217,3.26808273652178
3,0.721526418786693,0.578388908122032,3.26944461678872
3,0.724070450097847,0.581141910336846,3.27072711307517
3,0.726614481409002,0.583719585439163,3.27192793257637
3,0.729158512720157,0.586101028380894,3.27303733659817
3,0.731702544031311,0.588329578589646,3.27407551497359
3,0.734246575342466,0.590430692832341,3.27505432683184
3,0.736790606653621,0.592434853496307,3.27598797250606
3,0.739334637964775,0.594377518188427,3.27689297005385
3,0.74187866927593,0.596297658218803,3.27778747440447
3,0.744422700587084,0.598236174758031,3.27869053951985
3,0.746966731898239,0.600234246076072,3.2796213484497
3,0.749510763209393,0.602352897481209,3.28060833006008
3,0.752054794520548,0.604621089987386,3.2816649759467
3,0.754598825831703,0.607064911942396,3.28280343946306
3,0.757142857142857,0.60970679041512,3.28403416834235
3,0.759686888454012,0.612563363057195,3.28536491329625
3,0.762230919765166,0.61564576128461,3.28680085993615
3,0.764774951076321,0.618960190929714,3.28834489927207
3,0.767318982387476,0.622508779926256,3.28999802260982
3,0.76986301369863,0.626321092496197,3.2917740025518
3,0.772407045009785,0.63037089612004,3.29366061858155
3,0.774951076320939,0.634648979547546,3.29565357960402
3,0.777495107632094,0.639155576454616,3.29775299447798
3,0.780039138943249,0.643893536769818,3.29996019085323
3,0.782583170254403,0.648868784614625,3.30227792850371
3,0.785127201565558,0.654090550241926,3.30471050737694
3,0.787671232876712,0.659571384636488,3.3072637743957
3,0.790215264187867,0.665362979756903,3.30996181045051
3,0.792759295499022,0.671468631856799,3.31280615111334
3,0.795303326810176,0.677897762416738,3.31580118541584
3,0.797847358121331,0.68467368359006,3.31895777341104
3,0.800391389432485,0.691820986211355,3.32228737083039
3,0.80293542074364,0.699365490275752,3.32580200601434
3,0.805479452054795,0.70733431622563,3.3295143131215
3,0.808023483365949,0.715756063995932,3.33343761553756
3,0.810567514677104,0.724717677417422,3.33761241636838
3,0.813111545988258,0.734236985019372,3.34204702110039
3,0.815655577299413,0.744322423879906,3.34674536017772
3,0.818199608610568,0.755012365365055,3.35172530904346
3,0.820743639921722,0.766346559512345,3.35700538539994
3,0.823287671232877,0.778365194967022,3.36260431127652
3,0.825831702544031,0.791107647045628,3.36854042981035
3,0.828375733855186,0.804610920669866,3.37483097988139
3,0.83091976516634,0.818985797447535,3.38152756951227
3,0.833463796477495,0.834240957392148,3.38863424231945
3,0.83600782778865,0.850328847751804,3.3961288456772
3,0.838551859099804,0.867243617801777,3.40400865400372
3,0.841095890410959,0.884963683461718,3.41226361227516
3,0.843639921722114,0.903450241373247,3.4208756438032
3,0.846183953033268,0.922646234802763,3.42981816849699
3,0.848727984344423,0.942475833208236,3.43905586041744
3,0.851272015655577,0.962876298069517,3.44855949259238
3,0.853816046966732,0.983695116150676,3.45825801616554
3,0.856360078277887,1.00475197499892,3.46806743191239
3,0.858904109589041,1.02590066128011,3.47791962580927
3,0.861448140900196,1.04698980753088,3.48774408276227
3,0.86399217221135,1.06786744952985,3.49747000967558
3,0.866536203522505,1.08838588474595,3.50702859877761
3,0.869080234833659,1.10840672884306,3.51635538321241
3,0.871624266144814,1.12775420691427,3.52536847758804
3,0.874168297455969,1.14628822769388,3.53400261986911
3,0.876712328767123,1.1640110360644,3.54225885584244
3,0.879256360078278,1.18089701188932,3.55012525027248
3,0.881800391389433,1.1969539537457,3.55760543615526
3,0.884344422700587,1.21222363062664,3.56471887173104
3,0.886888454011742,1.22678124487941,3.57150059029206
3,0.889432485322896,1.24073379015321,3.57800043522638
3,0.891976516634051,1.25420246585352,3.58427486772632
3,0.894520547945206,1.26738462178763,3.59041582393111
3,0.89706457925636,1.28051675152178,3.59653347524522
3,0.899608610567515,1.29379126286121,3.60271745555791
3,0.902152641878669,1.30739851243473,3.60905644321034
3,0.904696673189824,1.32151991639948,3.61563495159176
3,0.907240704500978,1.33632142800496,3.6225302906386
3,0.909784735812133,1.35194755900166,3.62980978168549
3,0.912328767123288,1.36856260153483,3.63754996083729
3,0.914872798434442,1.38633961880644,3.64583145022814
3,0.917416829745597,1.40519284351411,3.6546142948423
3,0.919960861056752,1.42511612245916,3.66389562818936
3,0.922504892367906,1.44607207890983,3.67365803818028
3,0.925048923679061,1.46799573760822,3.68387125585034
3,0.927592954990215,1.49079905120767,3.6944942640167
3,0.93013698630137,1.51437615961646,3.70547774736327
3,0.932681017612524,1.53862549653874,3.71677439085461
3,0.935225048923679,1.56344606498302,3.72833714466789
3,0.937769080234834,1.58863460517136,3.74007131948212
3,0.940313111545988,1.6140851613958,3.75192755543799
3,0.942857142857143,1.63970582448515,3.76386303630743
3,0.945401174168297,1.66542042994861,3.77584228058006
3,0.947945205479452,1.69116907923624,3.78783738429437
3,0.950489236790607,1.71690750868518,3.79982772705895
3,0.953033268101761,1.7426040930962,3.8117985761575
3,0.955577299412916,1.76822876315872,3.82373592369024
3,0.958121330724071,1.79377526300314,3.83563685533712
3,0.960665362035225,1.81922819207785,3.84749419669409
3,0.96320939334638,1.84456456127713,3.85929723820102
3,0.965753424657534,1.86974998621499,3.87102996176427
3,0.968297455968689,1.89473559050844,3.88266959813963
3,0.970841487279843,1.91945573625704,3.89418556966789
3,0.973385518590998,1.9438232206855,3.90553725261293
3,0.975929549902153,1.96763869537539,3.9166317797751
3,0.978473581213307,1.99082869763344,3.92743492828644
3,0.981017612524462,2.01325496561497,3.93788228835408
3,0.983561643835617,2.03477449866983,3.94790724259511
3,0.986105675146771,2.05524503663936,3.95744351858727
3,0.988649706457926,2.07453085877777,3.96642789031807
3,0.99119373776908,2.09250874152838,3.97480295363687
3,0.993737769080235,2.10907391380473,3.98251990054467
3,0.99628180039139,2.12390047177927,3.98942690753538
3,0.998825831702544,2.13717939489916,3.99561294309236
3,1.0013698630137,2.14893046863415,4.00108722435003
3,1.00391389432485,2.15920425485247,4.00587330574214
3,1.00645792563601,2.16808995838922,4.01001274367177
3,1.00900195694716,2.17571427549378,4.01356456005633
3,1.01154598825832,2.18223906957826,4.01660415956633
3,1.01409001956947,2.18785790340623,4.01922171413267
3,1.01663405088063,2.19274038709492,4.02149623725717
3,1.01917808219178,2.19726893296174,4.02360587713539
3,1.02172211350294,2.20171077790492,4.02567512706696
3,1.02426614481409,2.20631950778415,4.02782212096458
3,1.02681017612524,2.21133894507193,4.03016044443087
3,1.0293542074364,2.21699594662165,4.03279577957186
3,1.03189823874755,2.22349361659665,4.03582274321492
3,1.03444227005871,2.2310050635169,4.03932197860574
3,1.03698630136986,2.23983662498733,4.04343619425308
3,1.03953033268102,2.24996233995429,4.04815329610388
3,1.04207436399217,2.26136639793531,4.05346591878627
3,1.04461839530333,2.27402219546014,4.05936166897503
3,1.04716242661448,2.28785803639351,4.06580714675977
3,1.04970645792564,2.30275898711115,4.0727488098856
3,1.05225048923679,2.31856966623759,4.08011427336281
3,1.05479452054795,2.33509791161963,4.08781401774002
3,1.0573385518591,2.35213712019453,4.09575179621463
3,1.05988258317025,2.36932912591405,4.10376075580545
3,1.06242661448141,2.38637634111259,4.11170226419537
3,1.06497064579256,2.40299460023967,4.11944394180936
3,1.06751467710372,2.41890042037582,4.1268537270786
3,1.07005870841487,2.4338176092049,4.13380295478884
3,1.07260273972603,2.44748368339524,4.14016934610706
3,1.07514677103718,2.45965601609727,4.14583987241603
3,1.07769080234834,2.46990579235934,4.15061476868102
3,1.08023483365949,2.47811162698872,4.15443748716005
3,1.08277886497065,2.48424942202468,4.1572968017288
3,1.0853228962818,2.48824124017167,4.15915640500922
3,1.08786692759296,2.49005209834145,4.16
3,1.09041095890411,2.48969006226228,4.15983134415054
3,1.09295499021526,2.48720532419288,4.15867381971062
3,1.09549902152642,2.48268825712215,4.15656952727211
3,1.09804305283757,2.4761035026969,4.1535019950151
3,1.10058708414873,2.46772275596066,4.14959779308274
3,1.10313111545988,2.45787375707301,4.1450096004432
3,1.10567514677104,2.44676973991391,4.13983675288987
3,1.10821917808219,2.43463014889425,4.134181479415
3,1.11076320939335,2.4216738252713,4.12814572802946
3,1.1133072407045,2.40811248458061,4.12182812720028
3,1.11585127201566,2.39414464491582,4.11532115731722
3,1.11839530332681,2.37994707981111,4.10870716898644
3,1.12093933463796,2.36570991252498,4.10207473183265
3,1.12348336594912,2.3515589624485,4.09548245928556
3,1.12602739726027,2.33757456169973,4.08896777436014
3,1.12857142857143,2.32380966553584,4.08255534645924
3,1.13111545988258,2.31029180125887,4.07625799927854
3,1.13365949119374,2.29702570140772,4.07007793748883
3,1.13620352250489,2.28399647814216,4.06400822553457
3,1.13874755381605,2.27118378430091,4.05803938461524
3,1.1412915851272,2.25853224692371,4.05214561903204
3,1.14383561643836,2.24596846910517,4.04629273656456
3,1.14637964774951,2.23343491072578,4.04045393193482
3,1.14892367906067,2.2208725430845,4.03460170640364
3,1.15146771037182,2.20822158999102,4.02870821301119
3,1.15401174168297,2.19542169088995,4.02274533256899
3,1.15655577299413,2.18241155032069,4.01668451035953
3,1.15909980430528,2.16910684560032,4.0104864643484
3,1.16164383561644,2.15540556808279,4.00410367342972
3,1.16418786692759,2.14126285877493,3.99751523987524
3,1.16673189823875,2.12659879115315,3.99068392961768
3,1.1692759295499,2.1113276688632,3.98356982069275
3,1.17181996086106,2.09535860689203,3.97613057398025
3,1.17436399217221,2.07859664178073,3.96832195040082
3,1.17690802348337,2.06094435716723,3.96009856818111
3,1.17945205479452,2.04225223643682,3.95139077445193
3,1.18199608610568,2.02232532529118,3.94210774903076
3,1.18454011741683,2.00119817857421,3.93226558941971
3,1.18708414872798,1.97880078825148,3.92183168211646
3,1.18962818003914,1.95507834385478,3.91078049346121
3,1.19217221135029,1.92999369560424,3.89909471709131
3,1.19471624266145,1.90352938935364,3.88676622192804
3,1.1972602739726,1.87568921561027,3.87379677379327
3,1.19980430528376,1.84645517266777,3.86017798652537
3,1.20234833659491,1.81577244589916,3.84588432452717
3,1.20489236790607,1.78390191558399,3.83103731984393
3,1.20743639921722,1.75094733014103,3.81568530406109
3,1.20998043052838,1.71702806062049,3.79988388662487
3,1.21252446183953,1.68227601417799,3.78369451697266
3,1.21506849315068,1.64683227892975,3.76718292152639
3,1.21761252446184,1.61084358595444,3.75041745550294
3,1.22015655577299,1.57445389705191,3.73346518404041
3,1.22270058708415,1.53781439535232,3.71639653636037
3,1.2252446183953,1.50111622095335,3.69930055578585
3,1.22778864970646,1.46448350474583,3.68223506915245
3,1.23033268101761,1.42802772276651,3.6652520079851
3,1.23287671232877,1.39184656731342,3.64839688260296
3,1.23542074363992,1.35602331169706,3.63170848618642
3,1.23796477495108,1.32062664003398,3.61521881548574
3,1.24050880626223,1.28571583844642,3.59895548916075
3,1.24305283757339,1.25141316471508,3.58297546145174
3,1.24559686888454,1.21766413150996,3.56725334923409
3,1.24814090019569,1.18447935072961,3.55179409610005
3,1.25068493150685,1.1518612422453,3.53659882935563
3,1.253228962818,1.11980543044816,3.52166551060722
3,1.25577299412916,1.08830210511838,3.50698956972755
3,1.25831702544031,1.05733734049832,3.49256451935082
3,1.26086105675147,1.02689436710781,3.47838254735252
3,1.26340508806262,0.997032019220314,3.46447106189702
3,1.26594911937378,0.96764950548029,3.45078310895775
3,1.26849315068493,0.938729247103019,3.43731049939269
3,1.27103718199609,0.91025807722575,3.42404709937
3,1.27358121330724,0.882226404820928,3.41098844087396
3,1.2761252446184,0.854628780354769,3.39813198521905
3,1.27866927592955,0.82746427095121,3.38547729782149
3,1.2812133072407,0.800736623865262,3.37302612435394
3,1.28375733855186,0.774523339363039,3.36081456860262
3,1.28630136986301,0.748781566975748,3.34882266851782
3,1.28884540117417,0.723521446442052,3.33705514773438
3,1.29138943248532,0.698761239514121,3.32552051355724
3,1.29393346379648,0.674519107675188,3.31422722658067
3,1.29647749510763,0.650811906859975,3.30318313920436
3,1.29902152641879,0.627654044197052,3.29239496304255
3,1.30156555772994,0.60505644345831,3.28186778697487
3,1.3041095890411,0.583102870039268,3.27164063342132
3,1.30665362035225,0.561731037926879,3.26168448621183
3,1.30919765166341,0.540917692177298,3.25198851194463
3,1.31174168297456,0.520650890583661,3.24254714729837
3,1.31428571428571,0.500914731038114,3.23335298421717
3,1.31682974559687,0.48169018169947,3.22439715664727
3,1.31937377690802,0.462956026876011,3.21566978118003
3,1.32191780821918,0.444689891031674,3.20716043408904
3,1.32446183953033,0.426921107967107,3.19888278063407
3,1.32700587084149,0.409587325590754,3.19080777386214
3,1.32954990215264,0.392653299606226,3.18291899508713
3,1.3320939334638,0.376105031277718,3.17520992294609
3,1.33463796477495,0.359932088297781,3.16767569750991
3,1.33718199608611,0.344127744310068,3.16031318528057
3,1.33972602739726,0.328688961772442,3.15312097120779
3,1.34227005870841,0.313616228008479,3.14609928231307
3,1.34481409001957,0.298955538271607,3.13926954565571
3,1.34735812133072,0.284694433319908,3.13262595705169
3,1.34990215264188,0.270822852263051,3.12616382959794
3,1.35244618395303,0.257351426572288,3.11988811600476
3,1.35499021526419,0.244291236341623,3.11380397797501
3,1.35753424657534,0.231653311504751,3.10791655384419
3,1.3600782778865,0.219448182860955,3.10223074942418
3,1.36262230919765,0.207685489694506,3.09675105521129
3,1.36516634050881,0.196419070730272,3.09150255217506
3,1.36771037181996,0.18564186928172,3.08648195293192
3,1.37025440313112,0.175328166481717,3.08167727625228
3,1.37279843444227,0.165480056193601,3.07708949757012
3,1.37534246575342,0.156097788271676,3.07271873328102
3,1.37788649706458,0.147179777619118,3.06856424496174
3,1.38043052837573,0.138722630235478,3.06462445150458
3,1.38297455968689,0.1307211828092,3.06089694756173
3,1.38551859099804,0.123206322672279,3.05739612211128
3,1.3880626223092,0.116162576147437,3.05411476668331
3,1.39060665362035,0.10954376213046,3.05103136763924
3,1.39315068493151,0.103337318787742,3.04814007300234
3,1.39569471624266,0.0975294157679924,3.04543443985217
3,1.39823874755382,0.0921050742941549,3.04290749026994
3,1.40078277886497,0.0870482927138174,3.04055176982654
3,1.40332681017613,0.0823421748748645,3.03835940738688
3,1.40587084148728,0.0779919236200351,3.03633282671455
3,1.40841487279843,0.0739789629957854,3.03446337413272
3,1.41095890410959,0.0702541437601373,3.03272815328484
3,1.41350293542074,0.0667980126982915,3.03111810181868
3,1.4160469667319,0.0635908443156172,3.02962403053946
3,1.41859099804305,0.0606127132284801,3.02823665713335
3,1.42113502935421,0.0578435764326568,3.02694664449253
3,1.42367906066536,0.055263371346386,3.02574464638893
3,1.42622309197652,0.0528609954602313,3.02462549067737
3,1.42876712328767,0.0506177004671242,3.02358044338951
3,1.43131115459883,0.0484976283315756,3.0225927999266
3,1.43385518590998,0.0464832703969262,3.02165440381603
3,1.43639921722114,0.0445584889032719,3.02075773722254
3,1.43894324853229,0.0427088100211648,3.01989605745902
3,1.44148727984344,0.0409216929639187,3.01906352235351
3,1.4440313111546,0.039186761921752,3.01825529829657
3,1.44657534246575,0.0374978508381442,3.01746851280791
3,1.44911937377691,0.0358514351764627,3.01670152396908
3,1.45166340508806,0.0342409053185678,3.01595125266495
3,1.45420743639922,0.0326667138322191,3.01521790972591
3,1.45675146771037,0.0311309308348933,3.01450245952385
3,1.45929549902153,0.0296368158184066,3.01380642050512
3,1.46183953033268,0.0281883505986995,3.01313164761343
3,1.46438356164384,0.0267897507888949,3.01248010470778
3,1.46692759295499,0.0254470629068758,3.01185460858094
3,1.46947162426614,0.0241690601916171,3.0112592462788
3,1.4720156555773,0.0229497826840683,3.01069124133236
3,1.47455968688845,0.0217885597333617,3.01015028131642
3,1.47710371819961,0.0206830887201023,3.00963529354719
3,1.47964774951076,0.0196295303326173,3.00914448946711
3,1.48219178082192,0.0186226966201734,3.00867545225009
3,1.48473581213307,0.0176563215894531,3.00822526285992
3,1.48727984344423,0.0167239921569942,3.00779093373791
3,1.48982387475538,0.0158197165846209,3.0073696736106
3,1.49236790606654,0.0149321350775972,3.00695619047551
3,1.49491193737769,0.0140555580896725,3.00654783383644
3,1.49745596868885,0.0131855797330152,3.0061425511942
3,1.5,0.0123192885649864,3.00573898624246
4,0.2,4.63931572376201e-09,4.00000000212186
4,0.202544031311155,8.72658761052862e-09,4.00000000399123
4,0.205088062622309,1.60893164578551e-08,4.00000000735869
4,0.207632093933464,2.90786539487093e-08,4.00000001329955
4,0.210176125244618,5.15239637741015e-08,4.00000002356525
4,0.212720156555773,8.95187236194378e-08,4.00000004094271
4,0.215264187866928,1.52538547826301e-07,4.00000006976576
4,0.217808219178082,2.54989224203537e-07,4.00000011662309
4,0.220352250489237,4.18296363434972e-07,4.00000019131402
4,0.222896281800391,6.90186047846002e-07,4.00000031566679
4,0.225440313111546,1.12954029702591e-06,4.00000051661195
4,0.227984344422701,1.81525281946819e-06,4.00000083023271
4,0.230528375733855,2.86551742649186e-06,4.00000131058675
4,0.23307240704501,4.44475886880902e-06,4.00000203287616
4,0.235616438356164,6.77703922260789e-06,4.00000309957905
4,0.238160469667319,1.01616652298119e-05,4.00000464758778
4,0.240704500978474,1.49909065054742e-05,4.00000685631266
4,0.243248532289628,2.1769644518565e-05,4.00000995666868
4,0.245792563600783,3.1615203834327e-05,4.00001445968075
4,0.248336594911937,4.52666208843242e-05,4.00002070335811
4,0.250880626223092,6.37780413621768e-05,4.00002916982986
4,0.253424657534247,8.84624459768961e-05,4.00004045960715
4,0.255968688845401,0.000120846624410239,4.0000552709898
4,0.258512720156556,0.000162666568517895,4.00007439795934
4,0.26105675146771,0.000215851516007854,4.00009872288115
4,0.263600782778865,0.000282495089378313,4.00012920330443
4,0.26614481409002,0.000364934900321396,4.00016690837043
4,0.268688845401174,0.000468280564829405,4.00021417503755
4,0.271232876712329,0.000592508761377885,4.00027099263935
4,0.273776908023483,0.000739569768421479,4.00033825316449
4,0.276320939334638,0.000911079574720232,4.00041669570934
4,0.278864970645793,0.00110820443725071,4.00050685367874
4,0.281409001956947,0.00133155005883062,4.00060900409984
4,0.283953033268102,0.00158106030731193,4.00072312129976
4,0.286497064579256,0.00185593032495127,4.00084883716493
4,0.289041095890411,0.00215518978238517,4.00098570790087
4,0.291585127201566,0.00247727985075756,4.00113302055416
4,0.29412915851272,0.00281564141547228,4.0012877752168
4,0.296673189823875,0.00316566265730616,4.0014478626051
4,0.299217221135029,0.00352207667266843,4.00161087382285
4,0.301761252446184,0.00387909911330508,4.0017741633129
4,0.304305283757339,0.00423059209956927,4.00193492382527
4,0.306849315068493,0.00457025062848037,4.00209027167365
4,0.309393346379648,0.00489180726924851,4.00223734035594
4,0.311937377690802,0.00518750679949883,4.00237258290657
4,0.314481409001957,0.00544979800457357,4.0024925456659
4,0.317025440313112,0.00567669699260288,4.00259632127166
4,0.319569471624266,0.00586514133660762,4.00268250907761
4,0.322113502935421,0.00601333689651301,4.00275028850728
4,0.324657534246575,0.00612087543833319,4.00279947284881
4,0.32720156555773,0.00618880909530637,4.00283054331089
4,0.329745596868885,0.00621967702820366,4.00284466121623
4,0.332289628180039,0.00621748036217373,4.00284365653856
4,0.334833659491194,0.00618605058175153,4.00282928166395
4,0.337377690802348,0.00613446814147089,4.00280568967249
4,0.339921722113503,0.00607248319076877,4.00277733993914
4,0.342465753424658,0.00600854870481681,4.00274809855704
4,0.345009784735812,0.00595121857169411,4.00272187777331
4,0.347553816046967,0.00590878760019131,4.00270247134136
4,0.350097847358121,0.00588892686714427,4.00269338774156
4,0.352641878669276,0.00589832579449042,4.00269768647989
4,0.355185909980431,0.00594235265693406,4.00271782281615
4,0.357729941291585,0.00602900289516177,4.00275745358331
4,0.36027397260274,0.00615699112925231,4.00281599089385
4,0.362818003913894,0.00632321121165844,4.00289201410528
4,0.365362035225049,0.00652393711418462,4.00298381906355
4,0.367906066536204,0.00675342638753304,4.00308877937459
4,0.370450097847358,0.00700413811759376,4.00320344608987
4,0.372994129158513,0.00726704526780594,4.00332369056081
4,0.375538160469667,0.00753203533559922,4.00344488768489
4,0.378082191780822,0.00778839057384317,4.00356213554206
4,0.380626223091977,0.0080210853989436,4.00366856195957
4,0.383170254403131,0.00822115110143127,4.00376006496559
4,0.385714285714286,0.00838117673855777,4.00383325505592
4,0.38825831702544,0.00849565878230201,4.00388561511069
4,0.390802348336595,0.00856167935888417,4.00391581059718
4,0.39334637964775,0.00857916144870268,4.00392380628934
4,0.395890410958904,0.00855098721440602,4.00391092038687
4,0.398434442270059,0.00848297093904983,4.00387981213805
4,0.400978473581213,0.00838349013778981,4.00383431312325
4,0.403522504892368,0.00826377038017367,4.00377955752264
4,0.406066536203523,0.00814165705922877,4.00372370719046
4,0.408610567514677,0.0080314376656747,4.00367329672177
4,0.411154598825832,0.00794737113433567,4.00363484765115
4,0.413698630136986,0.00790302135767315,4.0036145636253
4,0.416242661448141,0.00791064686300212,4.00361805126286
4,0.418786692759296,0.00798067259047441,4.00365007856431
4,0.42133072407045,0.0081212670693236,4.00371438152721
4,0.423874755381605,0.00834087682410645,4.00381482329441
4,0.426418786692759,0.0086481418059111,4.00395535547525
4,0.428962818003914,0.00903345397100309,4.0041315836889
4,0.431506849315069,0.0094935665794144,4.00434202299086
4,0.434050880626223,0.0100236471604295,4.00458446317923
4,0.436594911937378,0.0106178249410414,4.00485621916919
4,0.439138943248532,0.0112697619255869,4.00515439218476
4,0.441682974559687,0.0119732111828201,4.0054761250996
4,0.444227005870842,0.012722525915471,4.00581883526752
4,0.446771037181996,0.0135153753782495,4.0061814566877
4,0.449315068493151,0.0143490589218155,4.00656275417827
4,0.451859099804305,0.0152189069095809,4.00696059201191
4,0.45440313111546,0.0161247682953095,4.00737490110538
4,0.456947162426615,0.0170670775102192,4.00780588015224
4,0.459491193737769,0.0180463622293344,4.00825377049244
4,0.462035225048924,0.0190627352293397,4.00871862370608
4,0.464579256360078,0.0201154208658045,4.0092000850407
4,0.467123287671233,0.0212023666217214,4.00969721574733
4,0.469667318982388,0.0223220277172903,4.01020930929808
4,0.472211350293542,0.023466789330417,4.01073288294152
4,0.474755381604697,0.0246280175534928,4.0112639878324
4,0.477299412915851,0.025798721644853,4.0117994266517
4,0.479843444227006,0.0269725463026507,4.01233629270817
4,0.482387475538161,0.0281446151468372,4.01287235571734
4,0.484931506849315,0.0293123353984521,4.01340642983343
4,0.48747553816047,0.0304760960711617,4.01393869297758
4,0.490019569471624,0.0316397939439145,4.01447092739924
4,0.492563600782779,0.0328137771434999,4.01500786596715
4,0.495107632093933,0.0340124841035036,4.01555611231231
4,0.497651663405088,0.0352515120447157,4.01612280005416
4,0.500195694716243,0.0365482345784358,4.01671587527064
4,0.502739726027397,0.0379202344162058,4.01734337967472
4,0.505283757338552,0.0393839964957029,4.01801285289631
4,0.507827788649706,0.0409536158349805,4.01873074150025
4,0.510371819960861,0.0426395987670207,4.01950185071319
4,0.512915851272016,0.0444478347826689,4.02032887418084
4,0.51545988258317,0.0463941722326904,4.02121906038065
4,0.518003913894325,0.0484544023009842,4.02216133705277
4,0.52054794520548,0.0506132208101062,4.02314870460545
4,0.523091976516634,0.0528521881065226,4.0241727293906
4,0.525636007827789,0.0551496762156389,4.02522351953439
4,0.528180039138943,0.0574822792652633,4.02629037001522
4,0.530724070450098,0.0598263760349841,4.02736247731881
4,0.533268101761252,0.0621597725109409,4.0284296906849
4,0.535812133072407,0.0644626752779445,4.0294829573025
4,0.538356164383562,0.0667143441550706,4.03051279134332
4,0.540900195694716,0.068914752254352,4.03151918050975
4,0.543444227005871,0.0710675406961004,4.03250379012199
4,0.545988258317025,0.0731841393637799,4.03347184780618
4,0.54853228962818,0.0752835526033186,4.03443204548079
4,0.551076320939335,0.0773917869632243,4.03539627762519
4,0.553620352250489,0.0795409531005897,4.03637923052298
4,0.556164383561644,0.0817680815098736,4.03739784061813
4,0.558708414872799,0.0841204894209697,4.03847374914507
4,0.561252446183953,0.0866609107303856,4.03963564837858
4,0.563796477495108,0.0894176440096914,4.04089648108864
4,0.566340508806262,0.0924286285091284,4.04227359935208
4,0.568884540117417,0.0957271246469316,4.04378221531277
4,0.571428571428571,0.099340369145979,4.04543478608849
4,0.573972602739726,0.10328838576967,4.04724046984337
4,0.576516634050881,0.107582958771387,4.04920465627988
4,0.579060665362035,0.112226774687444,4.05132857412511
4,0.58160469667319,0.117233325288461,4.05361839403975
4,0.584148727984344,0.122582182731,4.05606477304769
4,0.586692759295499,0.128211285318051,4.05863932631452
4,0.589236790606654,0.134076228634408,4.06132174482464
4,0.591780821917808,0.140123336740365,4.0640874790937
4,0.594324853228963,0.146290858047943,4.06690828612024
4,0.596868884540117,0.152510581548664,4.06975296859137
4,0.599412915851272,0.158709874879268,4.07258830702223
4,0.601956947162427,0.16481413112529,4.07538017883781
4,0.604500978473581,0.170726715866688,4.07808438685782
4,0.607045009784736,0.176371161261892,4.08066595738472
4,0.60958904109589,0.181702886372425,4.0831045006674
4,0.612133072407045,0.186680824117476,4.08538123406947
4,0.6146771037182,0.191279590598558,4.08748454788977
4,0.617221135029354,0.19549105326022,4.08941072258388
4,0.619765166340509,0.199325100257056,4.09116428064544
4,0.622309197651663,0.202809542476654,4.09275794179494
4,0.624853228962818,0.205989106456989,4.09421216237559
4,0.627397260273973,0.208906385114752,4.09554642288736
4,0.629941291585127,0.211670428966206,4.09681059919564
4,0.632485322896282,0.214369353815682,4.0980449923659
4,0.635029354207436,0.217083898549097,4.09928652952094
4,0.637573385518591,0.21989068760462,4.10057025598008
4,0.640117416829746,0.22285855752083,4.10192765515164
4,0.6426614481409,0.226045454168325,4.10338522943599
4,0.645205479452055,0.229496040176649,4.10496340594687
4,0.647749510763209,0.233240129472435,4.10667582052427
4,0.650293542074364,0.237334179658141,4.10854829488713
4,0.652837573385519,0.241730401785679,4.11055897205372
4,0.655381604696673,0.246407030930901,4.11269789751429
4,0.657925636007828,0.251335898553141,4.11495218797042
4,0.660469667318982,0.256483701333553,4.11730661165703
4,0.663013698630137,0.261815168012312,4.11974503674212
4,0.665557729941292,0.267296051706509,4.12225179990761
4,0.668101761252446,0.272895768448646,4.12481291312395
4,0.670645792563601,0.278590934402263,4.1274176814479
4,0.673189823874755,0.2843707013646,4.1300611432936
4,0.67573385518591,0.290217232323532,4.13273514063992
4,0.678277886497065,0.296130256261159,4.13543954953281
4,0.680821917808219,0.302112951218191,4.13817582349618
4,0.683365949119374,0.30816940461117,4.14094583197039
4,0.685909980430528,0.314301924772367,4.14375063070531
4,0.688454011741683,0.320508416584956,4.1465892614683
4,0.690998043052838,0.32678003175501,4.14945767736136
4,0.693542074363992,0.333099805421868,4.15234811925472
4,0.696086105675147,0.339432109468811,4.15524429210261
4,0.698630136986301,0.345730403138241,4.15812490980167
4,0.701174168297456,0.351946440219253,4.16096790623426
4,0.703718199608611,0.358028630522719,4.16374968586487
4,0.706262230919765,0.363925635020242,4.16644676803007
4,0.70880626223092,0.369590221704252,4.1690375504731
4,0.711350293542074,0.37498312879864,4.17150407624037
4,0.713894324853229,0.380076677329802,4.1738336859442
4,0.716438356164384,0.384837074563081,4.17601092397794
4,0.718982387475538,0.389273463182461,4.17803997188323
4,0.721526418786693,0.393441995888508,4.17994651192763
4,0.724070450097847,0.397390093132003,4.18175223255518
4,0.726614481409002,0.401177447259433,4.18348443494279
4,0.729158512720157,0.404872131386419,4.18517425333603
4,0.731702544031311,0.408546153491999,4.18685462164839
4,0.734246575342466,0.412270714162396,4.18855810452034
4,0.736790606653621,0.416111436692357,4.19031471573564
4,0.739334637964775,0.4201443127319,4.1921592111986
4,0.74187866927593,0.424405694095179,4.19410821694869
4,0.744422700587084,0.428899319683474,4.19616344302769
4,0.746966731898239,0.433619680591197,4.19832236985619
4,0.749510763209393,0.438543930538595,4.20057454835049
4,0.752054794520548,0.443633989320166,4.20290256196577
4,0.754598825831703,0.448839533698145,4.20528339462545
4,0.757142857142857,0.454101723922945,4.20769013510041
4,0.759686888454012,0.459357495880135,4.21009394008581
4,0.762230919765166,0.464527754227383,4.21245863415781
4,0.764774951076321,0.469556171729027,4.21475845522265
4,0.767318982387476,0.474407654300457,4.21697735248204
4,0.76986301369863,0.479061703800173,4.219105950808
4,0.772407045009785,0.483516406444181,4.22114337490314
4,0.774951076320939,0.487789210578835,4.22309760502656
4,0.777495107632094,0.491916504322985,4.22498528382221
4,0.780039138943249,0.495951967564729,4.22683096258034
4,0.782583170254403,0.499963707980728,4.22866579135348
4,0.785127201565558,0.504053960597944,4.23053652884226
4,0.787671232876712,0.50830888815786,4.23248258285
4,0.790215264187867,0.512803900116916,4.23453844300615
4,0.792759295499022,0.517602269885637,4.23673304834021
4,0.795303326810176,0.522750162371352,4.23908751305487
4,0.797847358121331,0.528272872490564,4.24161340615404
4,0.800391389432485,0.534172343450581,4.24431161639232
4,0.80293542074364,0.540426123385606,4.24717187507703
4,0.805479452054795,0.546992985903472,4.25017532670839
4,0.808023483365949,0.553809246526493,4.25329284424928
4,0.810567514677104,0.560744719839115,4.25646488547572
4,0.813111545988258,0.567700254287679,4.2596461019592
4,0.815655577299413,0.574576256967689,4.26279094341284
4,0.818199608610568,0.581278778058185,4.26585644049744
4,0.820743639921722,0.587725111405624,4.26880476633127
4,0.823287671232877,0.593848671678348,4.27160546712877
4,0.825831702544031,0.599602941608078,4.27423726752976
4,0.828375733855186,0.604945842144329,4.27668092205857
4,0.83091976516634,0.609867187263816,4.27893177198689
4,0.833463796477495,0.614444608363028,4.28102532318131
4,0.83600782778865,0.618737613252912,4.28298879241869
4,0.838551859099804,0.622822588302862,4.28485711613409
4,0.841095890410959,0.626788627287154,4.28667104268196
4,0.843639921722114,0.630732978113437,4.28847504983022
4,0.846183953033268,0.634756315419564,4.29031518261247
4,0.848727984344423,0.638958048728944,4.29223690744351
4,0.851272015655577,0.643459145982833,4.2942955507992
4,0.853816046966732,0.648359894085451,4.29653698037743
4,0.856360078277887,0.653701654295052,4.29898011336098
4,0.858904109589041,0.659530877985508,4.30164619497226
4,0.861448140900196,0.665878983726742,4.30454959495859
4,0.86399217221135,0.672763484586019,4.30769832318012
4,0.866536203522505,0.680189775994931,4.31109484731724
4,0.869080234833659,0.688153400271557,4.31473712858323
4,0.871624266144814,0.696642585564286,4.31861978294778
4,0.874168297455969,0.705688487278371,4.32275705979596
4,0.876712328767123,0.715242456148305,4.32712670866714
4,0.879256360078278,0.725260947006368,4.33170881353527
4,0.881800391389433,0.73572508596194,4.33649474214752
4,0.884344422700587,0.746615669419389,4.34147571145558
4,0.886888454011742,0.757912115197708,4.34664230789478
4,0.889432485322896,0.769591164928483,4.35198389390655
4,0.891976516634051,0.78162554340157,4.35748799477041
4,0.894520547945206,0.793982792105305,4.36313976510631
4,0.89706457925636,0.806652186302763,4.3689342997973
4,0.899608610567515,0.819551039402435,4.37483378090864
4,0.902152641878669,0.83262309958708,4.38081248084031
4,0.904696673189824,0.845818609865822,4.38684764249712
4,0.907240704500978,0.859091336565968,4.39291812022553
4,0.909784735812133,0.872402206710019,4.39900604342177
4,0.912328767123288,0.885722870668392,4.40509844596374
4,0.914872798434442,0.899038910494516,4.41118873359048
4,0.917416829745597,0.912352463177037,4.41727788368533
4,0.919960861056752,0.925695201071196,4.42338038206809
4,0.922504892367906,0.939115921173793,4.42951854676646
4,0.925048923679061,0.952677024902986,4.43572091799134
4,0.927592954990215,0.966450637731892,4.44202048339387
4,0.93013698630137,0.980513658152954,4.44845241363615
4,0.932681017612524,0.994942454274687,4.45505163680133
4,0.935225048923679,1.00980756609826,4.46185041540153
4,0.937769080234834,1.02516876971132,4.46887608891393
4,0.940313111545988,1.04108625873229,4.47615618777958
4,0.942857142857143,1.05763888391141,4.48372677555454
4,0.945401174168297,1.07475814284299,4.49155652165108
4,0.947945205479452,1.09242372976366,4.49963613892821
4,0.950489236790607,1.11060291456949,4.50795065778914
4,0.953033268101761,1.12925550387652,4.51648169519566
4,0.955577299412916,1.14833938773425,4.52520999153951
4,0.958121330724071,1.16781628846425,4.53411803995871
4,0.960665362035225,1.18765732260132,4.54319263017357
4,0.96320939334638,1.20786684688358,4.55243575480264
4,0.965753424657534,1.22847178287894,4.56185972682292
4,0.968297455968689,1.24947581211056,4.57146623003344
4,0.970841487279843,1.27093430483081,4.5812805888375
4,0.973385518590998,1.29291768335137,4.59133501192019
4,0.975929549902153,1.31550651879259,4.60166634967424
4,0.978473581213307,1.33878569745264,4.61231342610277
4,0.981017612524462,1.36283800656293,4.62331410516965
4,0.983561643835617,1.38773750805958,4.63470226019601
4,0.986105675146771,1.41361600955772,4.64653817534276
4,0.988649706457926,1.44050290525604,4.65883529448112
4,0.99119373776908,1.46832983001991,4.67156234980632
4,0.993737769080235,1.49706250034462,4.68470366125077
4,0.99628180039139,1.52663885741931,4.6982308453001
4,0.998825831702544,1.55697143476627,4.71210389786794
4,1.0013698630137,1.58795089131779,4.72627281020093
4,1.00391389432485,1.61945044754649,4.74067959780839
4,1.00645792563601,1.651330933705,4.75526060934944
4,1.00900195694716,1.68345081000139,4.76995110950825
4,1.01154598825832,1.71561845588625,4.78466345779438
4,1.01409001956947,1.74768420861798,4.79932920374094
4,1.01663405088063,1.77951642397287,4.8138881379165
4,1.01917808219178,1.81099312328782,4.82828447157663
4,1.02172211350294,1.84200232011435,4.84246698606396
4,1.02426614481409,1.87244162769542,4.85638885328186
4,1.02681017612524,1.90221733032202,4.8700072109657
4,1.0293542074364,1.93124312190491,4.88328258574994
4,1.03189823874755,1.95932047227677,4.89612417692827
4,1.03444227005871,1.9864525512072,4.90853343424166
4,1.03698630136986,2.01258668653501,4.9204862672987
4,1.03953033268102,2.0376589316752,4.9319534291836
4,1.04207436399217,2.06161102095449,4.94290827122952
4,1.04461839530333,2.0843917204288,4.95332736083487
4,1.04716242661448,2.10595841168179,4.96319120583706
4,1.04970645792564,2.12627880110531,4.97248503627709
4,1.05225048923679,2.14532485643056,4.9811960311825
4,1.05479452054795,2.1629223677605,4.98924451308204
4,1.0573385518591,2.17926775122506,4.9967203157958
4,1.05988258317025,2.19439651965056,5.00363968163975
4,1.06242661448141,2.208361173716,5.01002662257542
4,1.06497064579256,2.22123092340897,5.01591279281356
4,1.06751467710372,2.23309090343166,5.02133712996851
4,1.07005870841487,2.2440408398188,5.02634524521621
4,1.07260273972603,2.25419313325417,5.03098854667068
4,1.07514677103718,2.26365414619384,5.03531568077326
4,1.07769080234834,2.2725370304059,5.03937839915747
4,1.08023483365949,2.28104965691094,5.04327177470694
4,1.08277886497065,2.28931698877094,5.04705296112502
4,1.0853228962818,2.29745409393461,5.05077458643877
4,1.08786692759296,2.30556243978595,5.05448305825596
4,1.09041095890411,2.31372692567357,5.05821720654849
4,1.09295499021526,2.32201382662103,5.06200734317795
4,1.09549902152642,2.33046978334237,5.06587479996426
4,1.09804305283757,2.33913333615745,5.06983720389232
4,1.10058708414873,2.34801760167611,5.07390055403752
4,1.10313111545988,2.35709180596786,5.07805077548791
4,1.10567514677104,2.36633418200999,5.08227791277393
4,1.10821917808219,2.3757176709053,5.086569590109
4,1.11076320939335,2.38521281119915,5.09091233286142
4,1.1133072407045,2.39478991956568,5.09529256492338
4,1.11585127201566,2.40442044216218,5.09969722677287
4,1.11839530332681,2.41407740880069,5.10411398319583
4,1.12093933463796,2.42373224172432,5.10852976373275
4,1.12348336594912,2.4333512239267,5.11292914741243
4,1.12602739726027,2.44290316883542,5.11729787059504
4,1.12857142857143,2.45235100597329,5.12161897854992
4,1.13111545988258,2.4616507058691,5.12587233374767
4,1.13365949119374,2.47075070577296,5.13003435320252
4,1.13620352250489,2.47959196246681,5.13407803262602
4,1.13874755381605,2.48810857840719,5.1379732328027
4,1.1412915851272,2.49622890016851,5.14168718197932
4,1.14383561643836,2.50381566829036,5.14515710251297
4,1.14637964774951,2.51080414441128,5.14835338535717
4,1.14892367906067,2.51713197257971,5.15124751109587
4,1.15146771037182,2.52271563044999,5.15380127954981
4,1.15401174168297,2.52746868724085,5.15597516032371
4,1.15655577299413,2.53130044063043,5.1577276693701
4,1.15909980430528,2.53411448502414,5.15901471416539
4,1.16164383561644,2.53580752192527,5.15978904961536
4,1.16418786692759,2.53626875198457,5.16
4,1.16673189823875,2.53518134893911,5.15950266014524
4,1.1692759295499,2.53255991283277,5.15830370759695
4,1.17181996086106,2.5283068136192,5.15635848981044
4,1.17436399217221,2.52231621368661,5.15361860038966
4,1.17690802348337,2.51450244622584,5.15004485835329
4,1.17945205479452,2.50480804244724,5.14561097950099
4,1.18199608610568,2.49321112483016,5.14030695782534
4,1.18454011741683,2.47973154972338,5.13414187492092
4,1.18708414872798,2.46441810806487,5.12713804604436
4,1.18962818003914,2.44720598239184,5.11926582597104
4,1.19217221135029,2.42852529523698,5.11072193759853
4,1.19471624266145,2.40859060420446,5.10160451201828
4,1.1972602739726,2.38763697252471,5.09202105887299
4,1.19980430528376,2.36590764316079,5.08208282892696
4,1.20234833659491,2.34364142400161,5.07189904449779
4,1.20489236790607,2.321060554461,5.06157135006612
4,1.20743639921722,2.29835978162165,5.05118881608858
4,1.20998043052838,2.27570313674091,5.04082646468513
4,1.21252446183953,2.25322888555819,5.03054753373526
4,1.21506849315068,2.23097487024423,5.02036933091508
4,1.21761252446184,2.20894269656792,5.01029259064671
4,1.22015655577299,2.18709931471376,5.00030219710856
4,1.22270058708415,2.16538458079558,4.99037064260537
4,1.2252446183953,2.14371943441411,4.98046176769499
4,1.22778864970646,2.12201411863159,4.97053452071534
4,1.23033268101761,2.10017590862881,4.96054649259987
4,1.23287671232877,2.07809674451793,4.95044826056173
4,1.23542074363992,2.05567396451871,4.94019287071838
4,1.23796477495108,2.03286806729059,4.9297622565479
4,1.24050880626223,2.0096332301216,4.91913546035568
4,1.24305283757339,1.98593539570775,4.90829690553038
4,1.24559686888454,1.96175029195412,4.89723549087066
4,1.24814090019569,1.93706128381316,4.88594360809163
4,1.25068493150685,1.91185736308683,4.87441622243123
4,1.253228962818,1.88613154995222,4.86265014156429
4,1.25577299412916,1.85983507775074,4.85062306133872
4,1.25831702544031,1.83298174010623,4.83834129047226
4,1.26086105675147,1.80561080002489,4.82582278648111
4,1.26340508806262,1.7777369528505,4.81307427049794
4,1.26594911937378,1.7493842111839,4.80010672504066
4,1.26849315068493,1.72058727851639,4.78693602226392
4,1.27103718199609,1.69139221722838,4.77358322947822
4,1.27358121330724,1.6618562206118,4.76007450488095
4,1.2761252446184,1.63204634177579,4.74644051620261
4,1.27866927592955,1.6020260826125,4.73271030697215
4,1.2812133072407,1.57190279005594,4.71893297389645
4,1.28375733855186,1.54175461269265,4.70514425938658
4,1.28630136986301,1.51164209729627,4.69137185540436
4,1.28884540117417,1.48161077544592,4.67763658649047
4,1.29138943248532,1.45168801774426,4.66395097099457
4,1.29393346379648,1.4218812066405,4.65031838538892
4,1.29647749510763,1.39217741716216,4.63673291824633
4,1.29902152641879,1.36254473348872,4.62317997239455
4,1.30156555772994,1.33292769475139,4.60963418198555
4,1.3041095890411,1.30325431448355,4.59606262294482
4,1.30665362035225,1.27346478448949,4.58243794111011
4,1.30919765166341,1.24350749743183,4.5687365331029
4,1.31174168297456,1.21334470988052,4.5549411364076
4,1.31428571428571,1.18295726326063,4.5410429885668
4,1.31682974559687,1.15234795419029,4.52704336865515
4,1.31937377690802,1.12154336287507,4.51295443352251
4,1.32191780821918,1.09059324713471,4.49879894064317
4,1.32446183953033,1.05958238727957,4.48461566554513
4,1.32700587084149,1.0286293411283,4.47045883239904
4,1.32954990215264,0.997842632451205,4.45637807615525
4,1.3320939334638,0.967334053269473,4.44242452654695
4,1.33463796477495,0.937213282960502,4.42864834705845
4,1.33718199608611,0.907583014761651,4.41509650595968
4,1.33972602739726,0.878534770819998,4.40181086225731
4,1.34227005870841,0.850145545808987,4.38882663060323
4,1.34481409001957,0.822505469721713,4.37618503328191
4,1.34735812133072,0.795711038323185,4.36393020405769
4,1.34990215264188,0.769697043611423,4.35203231908709
4,1.35244618395303,0.744458660329193,4.34048917146739
4,1.35499021526419,0.719976286241873,4.32929179582687
4,1.35753424657534,0.696217948277434,4.31842556880847
4,1.3600782778865,0.67314204147663,4.30787146176914
4,1.36262230919765,0.650700317322026,4.29760740753634
4,1.36516634050881,0.628841034337302,4.28760974138111
4,1.36771037181996,0.607542608505774,4.27786859153441
4,1.37025440313112,0.586754726811441,4.26836094659475
4,1.37279843444227,0.56639672358443,4.25904991292576
4,1.37534246575342,0.546440913049375,4.24992282802889
4,1.37788649706458,0.526870202648743,4.2409718743703
4,1.38043052837573,0.507678065349212,4.23219406671485
4,1.38297455968689,0.488867705019956,4.22359087039945
4,1.38551859099804,0.47045046820504,4.21516747493373
4,1.3880626223092,0.452443589271157,4.20693176271003
4,1.39060665362035,0.434908106275666,4.19891165038603
4,1.39315068493151,0.417852978658461,4.19111123569399
4,1.39569471624266,0.401266105553378,4.1835249841239
4,1.39823874755382,0.385152332301283,4.17615511176404
4,1.40078277886497,0.369507884983496,4.16899989255692
4,1.40332681017613,0.354320329617685,4.16205363963693
4,1.40587084148728,0.339569423199605,4.1553070945669
4,1.40841487279843,0.32522878466657,4.14874819157789
4,1.41095890410959,0.311268272900789,4.14236314518419
4,1.41350293542074,0.297693058855225,4.13615432039757
4,1.4160469667319,0.284443127838995,4.13009426861213
4,1.41859099804305,0.271490419301495,4.12417015592031
4,1.42113502935421,0.258827456956275,4.118378562932
4,1.42367906066536,0.246457114963111,4.11272080418666
4,1.42622309197652,0.234392476929194,4.10720286366542
4,1.42876712328767,0.222655857792089,4.10183494743478
4,1.43131115459883,0.211277081370223,4.0966306958589
4,1.43385518590998,0.200291144319008,4.09160611517539
4,1.43639921722114,0.189802080991097,4.08680878703308
4,1.43894324853229,0.179793050133857,4.08223100883614
4,1.44148727984344,0.170290289698314,4.07788478089929
4,1.4440313111546,0.161316191642847,4.07378034451565
4,1.44657534246575,0.152885683038636,4.06992452680184
4,1.44911937377691,0.145006159540267,4.0663207102698
4,1.45166340508806,0.137677956716775,4.06296904839698
4,1.45420743639922,0.130895236256902,4.05986687094544
4,1.45675146771037,0.124656634655391,4.05701355429589
4,1.45929549902153,0.119000542845885,4.05442665710927
4,1.46183953033268,0.113839591002082,4.05206621950418
4,1.46438356164384,0.109152370319172,4.04992244984731
4,1.46692759295499,0.104914318795423,4.04798411434414
4,1.46947162426614,0.101096632897414,4.04623803927294
4,1.4720156555773,0.0976649681446486,4.04466851667795
4,1.47455968688845,0.0945781179347256,4.04325670011052
4,1.47710371819961,0.0917868701922113,4.04198008170059
4,1.47964774951076,0.0892399422194313,4.04081520654842
4,1.48219178082192,0.0868625998681387,4.03972789388672
4,1.48473581213307,0.0845532664159627,4.03867168610021
4,1.48727984344423,0.0822317798661802,4.03760991991489
4,1.48982387475538,0.0798191441742345,4.0365064653222
4,1.49236790606654,0.0772417425943702,4.03532765261543
4,1.49491193737769,0.0744356108958883,4.03404422680825
4,1.49745596868885,0.071350480876693,4.03263319699547
4,1.5,0.0679533085210731,4.03107945000811
5,0.2,0,5
5,0.202544031311155,0,5
5,0.205088062622309,0,5
5,0.207632093933464,0,5
5,0.210176125244618,0,5
5,0.212720156555773,0,5
5,0.215264187866928,0,5
5,0.217808219178082,0,5
5,0.220352250489237,0,5
5,0.222896281800391,0,5
5,0.225440313111546,0,5
5,0.227984344422701,0,5
5,0.230528375733855,0,5
5,0.23307240704501,0,5
5,0.235616438356164,0,5
5,0.238160469667319,0,5
5,0.240704500978474,0,5
5,0.243248532289628,4.71559583498634e-17,5
5,0.245792563600783,1.39061884229831e-17,5
5,0.248336594911937,0,5
5,0.250880626223092,0,5
5,0.253424657534247,0,5
5,0.255968688845401,0,5
5,0.258512720156556,0,5
5,0.26105675146771,0,5
5,0.263600782778865,0,5
5,0.26614481409002,0,5
5,0.268688845401174,0,5
5,0.271232876712329,6.2409237935475e-17,5
5,0.273776908023483,2.91839822237932e-17,5
5,0.276320939334638,7.62604188511866e-17,5
5,0.278864970645793,1.07586413079536e-16,5
5,0.281409001956947,7.90900272677212e-17,5
5,0.283953033268102,7.29049480522098e-17,5
5,0.286497064579256,3.11256951529564e-17,5
5,0.289041095890411,2.0679222220095e-16,5
5,0.291585127201566,1.81812144356115e-16,5
5,0.29412915851272,2.71466040645945e-17,5
5,0.296673189823875,7.28128702682965e-17,5
5,0.299217221135029,2.23341770795734e-16,5
5,0.301761252446184,1.69412090540703e-16,5
5,0.304305283757339,5.69117551319413e-17,5
5,0.306849315068493,6.5887578764285e-17,5
5,0.309393346379648,8.33175490003459e-17,5
5,0.311937377690802,0,5
5,0.314481409001957,1.37519282395472e-18,5
5,0.317025440313112,2.63552706687893e-17,5
5,0.319569471624266,2.77555756156289e-17,5
5,0.322113502935421,9.01684009972304e-17,5
5,0.324657534246575,7.49647477497013e-17,5
5,0.32720156555773,1.31777549159322e-16,5
5,0.329745596868885,1.44377902050128e-16,5
5,0.332289628180039,1.51182715155057e-16,5
5,0.334833659491194,2.63702183609829e-16,5
5,0.337377690802348,1.97136873910413e-16,5
5,0.339921722113503,5.96385234261853e-17,5
5,0.342465753424658,1.3457875696069e-16,5
5,0.345009784735812,3.03840473717923e-16,5
5,0.347553816046967,2.91457161317769e-16,5
5,0.350097847358121,3.85732007740855e-16,5
5,0.352641878669276,9.01705534649095e-16,5
5,0.355185909980431,2.61194310862712e-15,5
5,0.357729941291585,7.40003970349766e-15,5
5,0.36027397260274,1.99105265737709e-14,5.00000000000001
5,0.362818003913894,5.14353101526239e-14,5.00000000000002
5,0.365362035225049,1.28045815982292e-13,5.00000000000005
5,0.367906066536204,3.26687395004421e-13,5.00000000000013
5,0.370450097847358,8.58174347415777e-13,5.00000000000034
5,0.372994129158513,2.19437933841018e-12,5.00000000000088
5,0.375538160469667,5.45929854769638e-12,5.00000000000219
5,0.378082191780822,1.32108769391657e-11,5.00000000000531
5,0.380626223091977,3.10857548482432e-11,5.00000000001248
5,0.383170254403131,7.11041848954762e-11,5.00000000002855
5,0.385714285714286,1.58052905140708e-10,5.00000000006347
5,0.38825831702544,3.41305762566389e-10,5.00000000013706
5,0.390802348336595,7.15761261391551e-10,5.00000000028744
5,0.39334637964775,1.51143941576486e-09,5.00000000060697
5,0.395890410958904,3.22165284038076e-09,5.00000000129376
5,0.398434442270059,6.69416443371983e-09,5.00000000268826
5,0.400978473581213,1.35610982362023e-08,5.00000000544591
5,0.403522504892368,2.67881996108603e-08,5.00000001075769
5,0.406066536203523,5.16099916747813e-08,5.00000002072571
5,0.408610567514677,9.70026686416297e-08,5.00000003895465
5,0.411154598825832,1.77927416337205e-07,5.00000007145267
5,0.413698630136986,3.18638317327453e-07,5.00000012795981
5,0.416242661448141,5.57414162957912e-07,5.00000022384819
5,0.418786692759296,9.70772760814428e-07,5.00000038984607
5,0.42133072407045,1.68150879978695e-06,5.00000067526575
5,0.423874755381605,2.84471390644818e-06,5.00000114238943
5,0.426418786692759,4.70201375624549e-06,5.00000188824992
5,0.428962818003914,7.59632216405525e-06,5.00000305055567
5,0.431506849315069,1.20001267714224e-05,5.00000481904979
5,0.434050880626223,1.85455455781199e-05,5.00000744758029
5,0.436594911937378,2.80537130411924e-05,5.00001126590099
5,0.439138943248532,4.15601504181469e-05,5.00001668985987
5,0.441682974559687,6.03318608280356e-05,5.00002422826417
5,0.444227005870842,8.64306853631129e-05,5.00003470911469
5,0.446771037181996,0.000121976421944662,5.00004898368677
5,0.449315068493151,0.00016844335855647,5.00006764402974
5,0.451859099804305,0.000227711287716001,5.00009144503678
5,0.45440313111546,0.000301477916799536,5.00012106847871
5,0.456947162426615,0.000391070626717017,5.00015704740947
5,0.459491193737769,0.000497242437858442,5.00019968422942
5,0.462035225048924,0.000619969193553821,5.00024896923764
5,0.464579256360078,0.000758268419844585,5.00030450788907
5,0.467123287671233,0.000910062896714595,5.00036546600695
5,0.469667318982388,0.00107240901131671,5.00043066148571
5,0.472211350293542,0.00123974276957311,5.00049785991856
5,0.474755381604697,0.00140585416372699,5.00056456747048
5,0.477299412915851,0.00156479478857491,5.00062839536162
5,0.479843444227006,0.00171073199077236,5.00068700129617
5,0.482387475538161,0.00183845274858314,5.00073829181194
5,0.484931506849315,0.00194385289008954,5.0007806187423
5,0.48747553816047,0.00202436268534382,5.00081295012675
5,0.490019569471624,0.00207926240319758,5.00083499693334
5,0.492563600782779,0.00210984718932963,5.00084727927086
5,0.495107632093933,0.00211849615311528,5.00085075254976
5,0.497651663405088,0.00211170838120882,5.00084802669433
5,0.500195694716243,0.00209743937945078,5.00084229650236
5,0.502739726027397,0.00208264718975727,5.0008363562069
5,0.505283757338552,0.00207394801703712,5.00083286276493
5,0.507827788649706,0.00207707120080616,5.00083411698319
5,0.510371819960861,0.0020964533641001,5.00084190053513
5,0.512915851272016,0.00213501494434055,5.00085738621947
5,0.51545988258317,0.00219414563724942,5.00088113211473
5,0.518003913894325,0.00227390677214675,5.00091316284973
5,0.52054794520548,0.00237460120177875,5.00095360004507
5,0.523091976516634,0.0024949508500823,5.0010019304468
5,0.525636007827789,0.00263350488086907,5.00105757142344
5,0.528180039138943,0.00279148505230827,5.0011210136126
5,0.530724070450098,0.0029719970836159,5.00119350421905
5,0.533268101761252,0.00318026190234455,5.00127713987979
5,0.535812133072407,0.00342362065563522,5.0013748686765
5,0.538356164383562,0.00371130994099093,5.00149039987192
5,0.540900195694716,0.00405402087437589,5.00162802683904
5,0.543444227005871,0.0044632715560414,5.00179237505388
5,0.545988258317025,0.00495632779290564,5.00199037817514
5,0.54853228962818,0.00554560379900045,5.00222702154311
5,0.551076320939335,0.00623393719029931,5.0025034446968
5,0.553620352250489,0.00702614719105363,5.00282158295591
5,0.556164383561644,0.00792366007048628,5.00318200908626
5,0.558708414872799,0.00892423872634308,5.00358382470507
5,0.561252446183953,0.0100219193941624,5.00402463486448
5,0.563796477495108,0.0112071474880938,5.00450060260296
5,0.566340508806262,0.012467092120217,5.00500657525094
5,0.568884540117417,0.0137861076421008,5.00553626977825
5,0.571428571428571,0.0151473837569628,5.00608293545142
5,0.573972602739726,0.0165269820406659,5.00663695900052
5,0.576516634050881,0.0179018226614138,5.00718907195192
5,0.579060665362035,0.0192512889258074,5.00773099498707
5,0.58160469667319,0.0205552620896539,5.00825464875549
5,0.584148727984344,0.0217946476178692,5.00875236521191
5,0.586692759295499,0.0229519703376375,5.00921712661981
5,0.589236790606654,0.0240120845156583,5.00964285070652
5,0.591780821917808,0.024963031809152,5.01002473520201
5,0.594324853228963,0.0257970598019157,5.01035966686586
5,0.596868884540117,0.0265047750594163,5.01064387345218
5,0.599412915851272,0.0270938563430715,5.01088043862288
5,0.601956947162427,0.0275881287758103,5.01107893014802
5,0.604500978473581,0.0280128595954334,5.01124949492683
5,0.607045009784736,0.0284019197782296,5.01140573497571
5,0.60958904109589,0.0287968264984936,5.01156432289606
5,0.612133072407045,0.0292450578460619,5.01174432509303
5,0.6146771037182,0.0297977076383001,5.01196625998735
5,0.617221135029354,0.0305066156868631,5.01225094557858
5,0.619765166340509,0.0314211712343264,5.01261821575878
5,0.622309197651663,0.0326031239510435,5.01309286816066
5,0.624853228962818,0.0340911933515891,5.01369045189234
5,0.627397260273973,0.0358871724788357,5.0144116870098
5,0.629941291585127,0.0379959090975769,5.01525852029412
5,0.632485322896282,0.0404102764339766,5.01622808975239
5,0.635029354207436,0.0431127162015399,5.017313344271
5,0.637573385518591,0.046077491803551,5.01850394846406
5,0.640117416829746,0.0492734103445413,5.01978737578754
5,0.6426614481409,0.0526667477793296,5.02115008323008
5,0.645205479452055,0.0562241045290325,5.02257865808059
5,0.647749510763209,0.059921457671318,5.02406345313605
5,0.650293542074364,0.0637293612967952,5.02559264341278
5,0.652837573385519,0.0676229942384293,5.02715626114608
5,0.655381604696673,0.0715918106507111,5.02875007130114
5,0.657925636007828,0.0756305950299238,5.03037197941908
5,0.660469667318982,0.0797384060211473,5.03202160746754
5,0.663013698630137,0.0839173571247545,5.03369980419284
5,0.665557729941292,0.0881713610137786,5.03540814085891
5,0.668101761252446,0.0925049329733314,5.03714843072857
5,0.670645792563601,0.0969221136985346,5.03892229647725
5,0.673189823874755,0.101430906016058,5.04073295190603
5,0.67573385518591,0.106030762366764,5.04258017712433
5,0.678277886497065,0.110711764514253,5.04445998913464
5,0.680821917808219,0.115465230521861,5.0463689014167
5,0.683365949119374,0.12027785862829,5.04830157220612
5,0.685909980430528,0.125131508784419,5.05025071676317
5,0.688454011741683,0.130003391972737,5.05220718340037
5,0.690998043052838,0.134866797974683,5.0541602457416
5,0.693542074363992,0.13969246174527,5.05609815143526
5,0.696086105675147,0.144450621295411,5.05800894856535
5,0.698630136986301,0.149106327941785,5.05987860232635
5,0.701174168297456,0.153636148211547,5.06169770222833
5,0.703718199608611,0.158040011132562,5.06346621977006
5,0.706262230919765,0.162326081435549,5.06518743377055
5,0.70880626223092,0.166518284211844,5.06687095214551
5,0.711350293542074,0.170656456932182,5.06853277295553
5,0.713894324853229,0.174795040285249,5.07019475866877
5,0.716438356164384,0.179000347374648,5.07188353951625
5,0.718982387475538,0.183346579776117,5.07362891360719
5,0.721526418786693,0.187910878925093,5.07546185964921
5,0.724070450097847,0.192790906899743,5.07742159709609
5,0.726614481409002,0.198062695960301,5.07953865922929
5,0.729158512720157,0.203751913061644,5.0818233534677
5,0.731702544031311,0.209884132365863,5.08428594996622
5,0.734246575342466,0.216465304473029,5.08692883838608
5,0.736790606653621,0.223482176859571,5.08974669673595
5,0.739334637964775,0.230903966357649,5.09272716301152
5,0.74187866927593,0.238685051495706,5.09585191639443
5,0.744422700587084,0.246768410565641,5.09909805792237
5,0.746966731898239,0.255089507632485,5.10243967104545
5,0.749510763209393,0.263585908264622,5.10585168314232
5,0.752054794520548,0.272177054666089,5.10930174355224
5,0.754598825831703,0.280792751289364,5.11276166291979
5,0.757142857142857,0.289381355980505,5.11621070262144
5,0.759686888454012,0.297901025387249,5.11963205906822
5,0.762230919765166,0.306320659535449,5.12301324303172
5,0.764774951076321,0.314620311438376,5.12634624413638
5,0.767318982387476,0.322791120295924,5.12962750403339
5,0.76986301369863,0.330834821445095,5.132857719605
5,0.772407045009785,0.338762876457446,5.13604149362626
5,0.774951076320939,0.346591382357673,5.1391852903925
5,0.777495107632094,0.354354189467056,5.14230270362543
5,0.780039138943249,0.362089792432406,5.14540919213004
5,0.782583170254403,0.369831527687965,5.14851814325963
5,0.785127201565558,0.377610799775256,5.15164216855174
5,0.787671232876712,0.385454519714779,5.15479207502118
5,0.790215264187867,0.393382795220855,5.15797593758902
5,0.792759295499022,0.40140706557358,5.16119835007843
5,0.795303326810176,0.409528855868049,5.16445992494205
5,0.797847358121331,0.417739290867384,5.16775709803348
5,0.800391389432485,0.426021600325279,5.17108313470287
5,0.80293542074364,0.434340350633698,5.1744238054071
5,0.805479452054795,0.44265498595409,5.1777628236011
5,0.808023483365949,0.450926433068783,5.18108449813551
5,0.810567514677104,0.459114918390295,5.1843728566042
5,0.813111545988258,0.467181515785699,5.18761226692456
5,0.815655577299413,0.475089157081104,5.19078784313922
5,0.818199608610568,0.482803178837303,5.19388566499194
5,0.820743639921722,0.490291579757415,5.19689288129821
5,0.823287671232877,0.497525246972504,5.19979780081781
5,0.825831702544031,0.504459491953986,5.20258247738661
5,0.828375733855186,0.51107119351341,5.20523762592284
5,0.83091976516634,0.517369350571494,5.20776686024224
5,0.833463796477495,0.523358107691569,5.21017184473198
5,0.83600782778865,0.529057982449931,5.21246081890684
5,0.838551859099804,0.534508825636663,5.21464978617621
5,0.841095890410959,0.539771494160527,5.21676318565473
5,0.843639921722114,0.5449277117669,5.21883383622887
5,0.846183953033268,0.550077741401703,5.22090200181733
5,0.848727984344423,0.555335683289767,5.22301350315813
5,0.851272015655577,0.560845434897467,5.22522612706208
5,0.853816046966732,0.566745947147248,5.22759567389087
5,0.856360078277887,0.573115429604954,5.23015355129536
5,0.858904109589041,0.580017848851501,5.23292544718241
5,0.861448140900196,0.587481348931026,5.23592266372843
5,0.86399217221135,0.595494171174853,5.23914047884918
5,0.866536203522505,0.604003499259369,5.24255768239426
5,0.869080234833659,0.612917226401723,5.24613728582338
5,0.871624266144814,0.622108434404616,5.24982832091559
5,0.874168297455969,0.63142219650779,5.25356857168051
5,0.876712328767123,0.640667090240648,5.25728116606212
5,0.879256360078278,0.64962141098719,5.26087707120233
5,0.881800391389433,0.658113628187582,5.26428740330313
5,0.884344422700587,0.665986444823392,5.26744899451814
5,0.886888454011742,0.673109640809403,5.2703095506436
5,0.889432485322896,0.679387777102269,5.27283074495923
5,0.891976516634051,0.684766536387326,5.2749907645418
5,0.894520547945206,0.689237374626657,5.27678617824888
5,0.89706457925636,0.692840123286675,5.27823298172981
5,0.899608610567515,0.695663163133874,5.27936666721919
5,0.902152641878669,0.69781417076747,5.28023047583463
5,0.904696673189824,0.699512225260596,5.28091238606021
5,0.907240704500978,0.701007566157565,5.28151288990299
5,0.909784735812133,0.702517335977959,5.28211918815959
5,0.912328767123288,0.704249838659701,5.28281493220038
5,0.914872798434442,0.706389733599947,5.28367427814442
5,0.917416829745597,0.709085035976457,5.28475666640641
5,0.919960861056752,0.712437116826221,5.28610280589585
5,0.922504892367906,0.716494705280783,5.2877322654153
5,0.925048923679061,0.721252633284393,5.28964296956018
5,0.927592954990215,0.726688338312006,5.29182585759856
5,0.93013698630137,0.732679284635738,5.2942317212358
5,0.932681017612524,0.739060550274416,5.29679433056829
5,0.935225048923679,0.745709378536829,5.29946438856621
5,0.937769080234834,0.752520970843565,5.30219980987646
5,0.940313111545988,0.759421320203062,5.30497087453155
5,0.942857142857143,0.766376007538412,5.30776376040706
5,0.945401174168297,0.773394205887254,5.31058215124116
5,0.947945205479452,0.780527560655333,5.31344678696325
5,0.950489236790607,0.787864056764544,5.31639300084334
5,0.953033268101761,0.795546527412658,5.31947815229984
5,0.955577299412916,0.803724301508334,5.32276220931974
5,0.958121330724071,0.812486673617869,5.32628103110434
5,0.960665362035225,0.821915820750262,5.33006761856317
5,0.96320939334638,0.832057943946404,5.33414052525996
5,0.965753424657534,0.842919396582584,5.33850230260412
5,0.968297455968689,0.854467539601443,5.34313984329726
5,0.970841487279843,0.866636013327488,5.34802649840585
5,0.973385518590998,0.879333732453653,5.35312568959715
5,0.975929549902153,0.892456579442334,5.35839560501302
5,0.978473581213307,0.905914146548668,5.36379993841834
5,0.981017612524462,0.91960424814843,5.36929765377902
5,0.983561643835617,0.933456783247782,5.3748605997108
5,0.986105675146771,0.947455182774674,5.38048212235203
5,0.988649706457926,0.961616766980091,5.38616917722524
5,0.99119373776908,0.975989507955961,5.39194102911854
5,0.993737769080235,0.990646201738542,5.39782691170006
5,0.99628180039139,1.00567693185753,5.40386300100554
5,0.998825831702544,1.02118078029286,5.41008908669755
5,1.0013698630137,1.0372577531451,5.41654532955002
5,1.00391389432485,1.05404945020771,5.42328859366681
5,1.00645792563601,1.07165290000627,5.43035784407764
5,1.00900195694716,1.09008965698265,5.43776173668512
5,1.01154598825832,1.10941281811313,5.44552159434503
5,1.01409001956947,1.12966890768332,5.45365610043074
5,1.01663405088063,1.15090265677694,5.46218321819579
5,1.01917808219178,1.17316173645732,5.47112209154027
5,1.02172211350294,1.196500701923,5.48049462891758
5,1.02426614481409,1.22098349243892,5.49032650726493
5,1.02681017612524,1.24668396098398,5.50064738470087
5,1.0293542074364,1.27377143055172,5.51152525850182
5,1.03189823874755,1.30234861305531,5.52300137605069
5,1.03444227005871,1.3324093471322,5.53507326304754
5,1.03698630136986,1.36401173820839,5.54776425365762
5,1.03953033268102,1.39718805029456,5.56108730456689
5,1.04207436399217,1.43193754444964,5.575042119029
5,1.04461839530333,1.46822096181355,5.5896129313437
5,1.04716242661448,1.50595704382158,5.60476710943329
5,1.04970645792564,1.54502133926071,5.62045467577636
5,1.05225048923679,1.58524741155126,5.63660879223195
5,1.05479452054795,1.62647173150117,5.65316378821723
5,1.0573385518591,1.66840067258386,5.6700017482402
5,1.05988258317025,1.71070935627079,5.68699220652866
5,1.06242661448141,1.75312685988749,5.70402636507713
5,1.06497064579256,1.79538945597718,5.72099831535896
5,1.06751467710372,1.83725289662569,5.73780997150533
5,1.07005870841487,1.8785040313911,5.7543757358711
5,1.07260273972603,1.91897091284423,5.7706265572505
5,1.07514677103718,1.95853053794558,5.78651303968435
5,1.07769080234834,1.99711342535103,5.80200728062935
5,1.08023483365949,2.03464596090111,5.81707971787279
5,1.08277886497065,2.0711817975449,5.83175189753983
5,1.0853228962818,2.10687317319162,5.84608495582334
5,1.08786692759296,2.14183055872381,5.8601232559783
5,1.09041095890411,2.17617127808238,5.87391391333307
5,1.09295499021526,2.21000751354048,5.88750197840841
5,1.09549902152642,2.24343688486266,5.90092665366566
5,1.09804305283757,2.27653637676797,5.91421885487778
5,1.10058708414873,2.30935998152571,5.92740026443522
5,1.10313111545988,2.34193999181519,5.94048385053677
5,1.10567514677104,2.37427750339263,5.95347005321977
5,1.10821917808219,2.406377260454,5.9663607776738
5,1.11076320939335,2.438255993237,5.97916274248194
5,1.1133072407045,2.4699200455184,5.99187849519861
5,1.11585127201566,2.50137963292773,6.00451213824943
5,1.11839530332681,2.53264520183129,6.01706786672002
5,1.12093933463796,2.56372044980126,6.02954716549339
5,1.12348336594912,2.59459257478798,6.04194489348097
5,1.12602739726027,2.6252206171251,6.05424460196722
5,1.12857142857143,2.65552302038025,6.06641353925577
5,1.13111545988258,2.68532112517207,6.07837995873331
5,1.13365949119374,2.71435654090578,6.09004009506755
5,1.13620352250489,2.74236510273592,6.10128786408387
5,1.13874755381605,2.76899544533431,6.11198216335523
5,1.1412915851272,2.79385463694767,6.12196519807494
5,1.14383561643836,2.8165308489471,6.13107158476774
5,1.14637964774951,2.83662153708826,6.13913966841163
5,1.14892367906067,2.85376515577577,6.14602425835489
5,1.15146771037182,2.86767389302025,6.15160977412622
5,1.15401174168297,2.87816448893534,6.15582262162664
5,1.15655577299413,2.88497788664183,6.15855876795517
5,1.15909980430528,2.88826978633487,6.15988073970069
5,1.16164383561644,2.88856676162501,6.16
5,1.16418786692759,2.88629628026624,6.15908821273887
5,1.16673189823875,2.88196909387928,6.15735048720815
5,1.1692759295499,2.87613653740079,6.15500823027819
5,1.17181996086106,2.86934432167683,6.15228059027885
5,1.17436399217221,2.86208715532858,6.14936623390121
5,1.17690802348337,2.85476847453849,6.14642717435469
5,1.17945205479452,2.8476692360065,6.14357623914125
5,1.18199608610568,2.840948792058,6.14087742148405
5,1.18454011741683,2.83456492067207,6.13831376572714
5,1.18708414872798,2.82831332286175,6.13580322882132
5,1.18962818003914,2.8219365044163,6.13324240540709
5,1.19217221135029,2.81514204749696,6.13051386538124
5,1.19471624266145,2.80764316058969,6.12750243807827
5,1.1972602739726,2.79919506273229,6.12410982356619
5,1.19980430528376,2.78962385851238,6.12026618836184
5,1.20234833659491,2.77884538497046,6.11593773403122
5,1.20489236790607,2.76687245994014,6.1111296080015
5,1.20743639921722,2.75375664723352,6.10586251743541
5,1.20998043052838,2.7397273465495,6.10022858540736
5,1.21252446183953,2.72508521532079,6.09434855090342
5,1.21506849315068,2.71005794203801,6.08831384980542
5,1.21761252446184,2.69483917854913,6.08220224944997
5,1.22015655577299,2.6795653590127,6.07606853950854
5,1.22270058708415,2.6642996722399,6.06993809554868
5,1.2252446183953,2.6490240221195,6.06380365047541
5,1.22778864970646,2.63363908666793,6.05762531824473
5,1.23033268101761,2.61797190849423,6.05133364206714
5,1.23287671232877,2.60173703692222,6.04481398973515
5,1.23542074363992,2.58459847376366,6.03793143000759
5,1.23796477495108,2.56630120756494,6.0305835545586
5,1.24050880626223,2.54657274319104,6.02266093390889
5,1.24305283757339,2.52517398301115,6.01406755045712
5,1.24559686888454,2.50191368549913,6.00472660481155
5,1.24814090019569,2.47666004381552,5.99458516555449
5,1.25068493150685,2.44934939289501,5.98361766586271
5,1.253228962818,2.41999207401967,5.97182825862179
5,1.25577299412916,2.38867545208619,5.95925202811002
5,1.25831702544031,2.35547167506257,5.94591794774217
5,1.26086105675147,2.32068704732122,5.93194902422064
5,1.26340508806262,2.28476196830125,5.91752211457922
5,1.26594911937378,2.24806671110473,5.90278591429005
5,1.26849315068493,2.21099407802182,5.8878981661696
5,1.27103718199609,2.1739377043325,5.87301694754911
5,1.27358121330724,2.13726915817127,5.85829147396404
5,1.2761252446184,2.10131539698485,5.84385304604528
5,1.27866927592955,2.0663382632046,5.82980681532487
5,1.2812133072407,2.03251772584887,5.81622505434436
5,1.28375733855186,2.00001513909684,5.80317256023786
5,1.28630136986301,1.96879157030943,5.79063369831001
5,1.28884540117417,1.93862670745021,5.77851999493934
5,1.29138943248532,1.90931069939982,5.76674717743336
5,1.29393346379648,1.88058758347568,5.75521245546859
5,1.29647749510763,1.85217881279515,5.74380396928534
5,1.29902152641879,1.8238067803388,5.73241023655719
5,1.30156555772994,1.79521655758508,5.72092888226242
5,1.3041095890411,1.76619434201853,5.70927404689408
5,1.30665362035225,1.73658145572804,5.69738200806246
5,1.30919765166341,1.70623974428257,5.68519728526348
5,1.31174168297456,1.6751538383304,5.67271370642308
5,1.31428571428571,1.64343166665515,5.6599746139319
5,1.31682974559687,1.6111886441803,5.64702635648889
5,1.31937377690802,1.57857958463364,5.63393110469251
5,1.32191780821918,1.54578640150933,5.6207619119532
5,1.32446183953033,1.51300548764471,5.60759764634296
5,1.32700587084149,1.48043534546477,5.59451802310881
5,1.32954990215264,1.44826496609811,5.58159893792058
5,1.3320939334638,1.41666339571708,5.56890827688792
5,1.33463796477495,1.38582195582935,5.55652287152182
5,1.33718199608611,1.35585628958006,5.54448916217123
5,1.33972602739726,1.32676575123189,5.53280688951886
5,1.34227005870841,1.29855501040883,5.52147792880745
5,1.34481409001957,1.27119241713981,5.51048956993905
5,1.34735812133072,1.2446152277218,5.49981661609409
5,1.34990215264188,1.21873595803759,5.48942393511732
5,1.35244618395303,1.19344919116601,5.47926919333993
5,1.35499021526419,1.1686381862566,5.46930550959294
5,1.35753424657534,1.14418070781574,5.45948379615072
5,1.3600782778865,1.11995889637677,5.44975672262676
5,1.36262230919765,1.09582748620306,5.44006595273583
5,1.36516634050881,1.07165832570713,5.43036002294817
5,1.36771037181996,1.04734304987366,5.42059541568981
5,1.37025440313112,1.02278053774866,5.41073152248037
5,1.37279843444227,0.99787925473808,5.40073158456098
5,1.37534246575342,0.972560538498334,5.3905640124528
5,1.37788649706458,0.94676263369764,5.3802040062496
5,1.38043052837573,0.920445076262101,5.36963531625746
5,1.38297455968689,0.893592858415872,5.35885191560512
5,1.38551859099804,0.866191229979694,5.34784788086781
5,1.3880626223092,0.838301268385819,5.33664773971867
5,1.39060665362035,0.810040257257919,5.32529859129535
5,1.39315068493151,0.78151355547686,5.31384274595861
5,1.39569471624266,0.752840040568944,5.30232794293066
5,1.39823874755382,0.724144384890293,5.29080424854026
5,1.40078277886497,0.695549647040604,5.27932108105862
5,1.40332681017613,0.667170922530521,5.26792466091385
5,1.40587084148728,0.639110633670687,5.25665611918934
5,1.40841487279843,0.611455830110962,5.24555041356555
5,1.41095890410959,0.584311173095618,5.23464957424408
5,1.41350293542074,0.557742799840385,5.22398016082234
5,1.4160469667319,0.531761533495424,5.21354651969604
5,1.41859099804305,0.506402148273594,5.20336261560626
5,1.42113502935421,0.481695232452082,5.19344073229246
5,1.42367906066536,0.457668318634718,5.18379192638691
5,1.42622309197652,0.43434600865531,5.17442607757375
5,1.42876712328767,0.411749290862455,5.16535161442201
5,1.43131115459883,0.389894365517789,5.15657504268525
5,1.43385518590998,0.368791374673114,5.14810043524151
5,1.43639921722114,0.348489799275385,5.13994766280978
5,1.43894324853229,0.32898418950812,5.13211453683512
5,1.44148727984344,0.310215460634764,5.12457732987756
5,1.4440313111546,0.29217068373288,5.11733084989854
5,1.44657534246575,0.274838978550839,5.11037072757135
5,1.44911937377691,0.25821509924547,5.10369485625329
5,1.45166340508806,0.242302625394414,5.09730467344276
5,1.45420743639922,0.227116326239106,5.09120611021957
5,1.45675146771037,0.212683307648703,5.08541005184651
5,1.45929549902153,0.199042614069186,5.0799321779187
5,1.46183953033268,0.186299072233086,5.07481458509507
5,1.46438356164384,0.174518607117669,5.0700837477416
5,1.46692759295499,0.163695816338369,5.0657374963512
5,1.46947162426614,0.153864063025798,5.06178922899795
5,1.4720156555773,0.145034060778402,5.05824324808345
5,1.47455968688845,0.137186862409678,5.05509194473515
5,1.47710371819961,0.130268727104662,5.05231373754242
5,1.47964774951076,0.124188587816568,5.04987205550554
5,1.48219178082192,0.118818683512302,5.04771559193485
5,1.48473581213307,0.11399871580486,5.04577997368468
5,1.48727984344423,0.109551427112373,5.04399401708094
5,1.48982387475538,0.105238214496616,5.04226190318253
5,1.49236790606654,0.100849526292255,5.04049947955269
5,1.49491193737769,0.096224063491219,5.03864197121309
5,1.49745596868885,0.0912387361330761,5.03663994729858
5,1.5,0.0858174797679968,5.03446286160091
