"tree_distance","embedding_distance"
1,1.09308592963021
1,1.02329000682057
1,0.896972655076652
1,0.6318941145199
1,0.988339277663062
1,1.13690047190297
1,1.02921100417298
1,0.882095996838237
1,0.616044927382908
1,1.25777451261998
1,1.25400663784353
1,0.884463236952979
1,0.664730486412319
1,0.97402913743301
1,0.936160602802961
1,1.08511542470024
1,1.06820551932298
1,1.28143101778999
1,0.702852518211072
1,0.678491897937758
1,1.33396393155741
1,1.25306653604569
1,1.4319698679026
1,1.2501161869685
1,0.738493099394287
1,0.804090372147783
1,0.981580874239685
1,1.37554323702075
1,0.630604526889977
1,0.953487178372721
1,0.557669881835968
1,0.932534224731551
1,0.828698003803133
1,1.14292664353756
1,1.28040886528712
1,0.809600852102124
1,1.09776398338841
1,1.3126051415834
1,0.667895106816075
1,0.699262947872569
1,1.27646108502543
1,1.16459547839941
1,1.28495112655855
1,0.73041930745576
1,1.00685868911384
1,1.07724741061395
1,0.574599669211743
1,0.941861731149888
1,0.993106985232395
1,0.916590340911449
1,1.00040521476983
1,0.790509642757536
1,0.890755178957428
1,1.03416951006589
1,1.14140482324375
1,0.883285806238279
1,0.901618649751555
1,0.856670264069283
1,0.986693196425032
1,0.897939418588266
1,0.707013959642823
1,0.659321237199415
1,0.809591219565175
1,0.829375158357375
1,0.978734261487576
1,0.810711955370897
1,0.799256895849008
1,0.946237379217112
1,0.995979833946057
1,0.937613795070948
1,0.871574219893243
1,1.1490989725372
1,0.552618734697485
1,1.02618362208989
1,0.986243999599877
1,1.06427550873473
1,0.976668078813273
1,0.841817867018576
1,0.966312904471002
1,0.668923583842017
1,0.763098163863179
1,0.932157125551667
1,1.08426596154142
1,0.655933823079816
1,1.30298950025616
1,0.941210883006875
1,0.851918433944672
1,1.20137925805757
1,0.779966417918234
1,1.2838024023676
1,0.76966897234552
1,0.878796127040446
1,0.850864411946859
1,0.71173013777843
1,0.9492885965052
1,1.02956110686234
1,0.910022851175019
1,0.847439461729533
1,0.883739214980466
1,0.974967613758253
1,0.916516485956336
1,0.681711733917981
1,1.09397386565181
1,0.982060634454595
1,1.11545960014484
1,0.681994486522248
1,0.912760051240588
1,0.782946523507908
1,0.824606628735318
1,1.02041641417143
1,0.977663047999856
1,0.859617947939358
1,0.963693145725067
1,0.730987389617361
1,0.95910498850849
1,0.822607698536825
1,0.920047798573762
1,0.987385353024389
1,1.07030435113276
1,1.11797295847615
1,1.29483194021571
1,1.08307810813395
1,0.724538602914879
1,0.877965665258568
1,1.00271038543366
1,1.29775733339517
1,1.15743408314708
1,0.80142925804434
1,0.842352809789474
1,0.94674738621629
1,0.766164233579732
1,0.884689972062037
1,1.02444770565743
1,1.11686020763374
1,1.17243442746506
1,0.969150378132425
1,0.859199523804442
1,0.745497266162204
1,0.717316606377567
1,0.801078454503446
1,0.84401375494062
1,1.0090632079645
1,1.14915674105293
1,0.913066824393005
1,1.27620398517538
1,0.708743995399325
1,1.00090658040155
1,1.36982119881303
1,1.02054169532336
1,0.71118957758142
1,0.630584535185423
1,0.915470171199768
1,0.842795450026758
1,1.13284386305691
1,1.19439534653561
1,1.12446847275697
1,0.719681660340959
1,0.942598661767359
1,0.707491131916153
1,0.823994787706083
1,0.856605609048698
1,0.913931021201845
1,1.21264831039308
1,0.808256999429039
1,0.813639172820675
1,0.66540659434295
1,0.755527435822925
1,0.955990909683165
1,0.9664040899785
1,1.37191228604661
1,1.22580270678332
1,1.1225091854725
1,1.18429235132826
1,1.01149216089868
1,1.11802662843763
1,1.0400798875044
1,0.949546706126332
1,0.934927838968065
1,0.950072653076342
1,0.924818396839021
1,0.574809081335428
1,0.7889413680575
1,0.834347415582044
1,1.0064676406725
1,0.743747139823083
1,0.831270483840788
1,0.991345908860579
1,0.684670310994466
1,0.960012660500635
1,1.06686277397034
1,0.92663608919459
1,0.76701054718053
1,0.954598451829107
1,0.928428263782451
1,1.01997376460809
1,0.685545858652609
1,0.992206185482143
1,1.00767320837118
1,0.91419965464479
1,0.613190476185999
1,1.20935820131072
1,0.980266091932327
1,1.15502368429212
1,0.973148256699521
1,1.02266415823547
1,0.690449759081297
1,0.867666181304651
1,0.846979646568916
1,1.09338250511869
1,0.935610160366333
1,1.02411401704969
1,0.574031291150414
1,0.773697027141807
1,0.833562626479454
1,0.927732357204422
1,0.812435195059499
1,0.71595293740308
1,0.895511016413286
1,1.20849340051516
1,0.739608885422791
1,0.986566998680667
1,0.867231276917316
1,0.908637186376601
1,1.01775254135589
1,0.811060497706186
1,1.34928592758637
1,1.00937219616129
1,0.894802762819649
1,0.674730822693386
1,1.25213978029453
1,1.30372632898055
1,0.651734370539092
1,0.910875195146743
1,1.21396319204696
1,0.774313299874382
1,0.93933406095759
1,0.982756798824985
1,0.681258929156931
1,0.980255837082611
1,1.18402880306232
1,1.045696154084
1,0.582881249529474
1,1.3058695164202
1,0.649082611972031
1,0.809538171937409
1,1.20683529422341
1,0.882093449853887
1,0.721516837613414
1,0.666843989835162
1,0.979553358570868
1,1.37218308293043
1,0.734161866809851
1,0.861355378917987
1,1.01429281621751
1,1.27551780168818
1,0.681829593545821
1,0.965353175930792
1,1.19665764716424
1,0.931441917790085
1,1.28756123356909
1,0.875809108538777
1,0.896107025910547
1,0.722799102891654
1,0.778512372999891
1,0.977579042293445
1,0.827966288045087
1,0.91297892427146
1,1.02663176294493
1,1.05195097268885
1,1.18979779214451
1,0.727051543472489
1,1.20346368673853
1,1.3182067958294
1,1.09874547515757
1,0.585211539568193
1,1.08044874155112
1,0.736890127277983
1,0.680823211519863
1,1.22671420002238
1,0.625923413118824
1,0.945434349783713
1,1.26831538476545
1,0.498330266208765
1,0.935249732163977
1,1.33671283805111
1,0.808038411036833
1,0.934882680562227
1,0.817986500618765
1,1.33431834922557
1,0.931765993560542
1,0.832577445641272
1,0.780522529682125
1,1.27689945789457
1,0.972354288814037
1,0.795358365645451
1,0.923730879835821
1,0.895254669908501
1,0.608890052312806
1,0.52782230017311
1,0.847103104628422
1,0.923889155475347
1,0.815192769360514
1,1.344541921165
1,0.920780532279759
1,0.694221893746533
1,1.41781158152445
1,0.714470862826745
1,0.754225549242893
1,1.01442016577523
1,1.02272570046821
1,1.35406053555017
1,0.876100823621881
1,0.793106266193911
1,0.828645392327937
1,0.764394783747514
1,1.0004198237604
1,0.914370478221638
1,0.948409442386766
1,0.850012418446978
1,0.965297041943516
1,1.13047636049694
1,0.897131303860662
1,0.762469138683482
1,0.678880905521418
1,1.01785332693931
1,0.982833793491446
1,0.95649700000986
1,1.08488996418874
1,1.28816698791321
1,0.733353767840912
1,0.852640204565894
1,1.23499038483657
1,0.803119044060413
1,0.778282016637622
1,1.22015863399882
1,0.827374700789786
1,1.23053587925108
1,0.960497008352399
1,0.929409648063631
1,1.24136681165201
1,0.540233093171047
1,0.831114520376611
1,0.967901320555752
1,1.38199117412756
1,1.3224541693702
1,0.843759190214669
1,0.936143892386696
1,1.22499643428268
1,0.973659184965791
1,1.04649318201612
1,1.23347677054097
1,1.04800506422134
1,0.837028771053137
1,1.12020933808507
1,1.34504540158672
1,0.967654452890249
1,0.88923296442116
1,0.563604530008736
1,0.735102654693959
1,0.603760035322339
1,0.817389493279978
1,1.03839042411912
1,0.979629865313832
1,0.930955861567298
1,0.815701443060753
1,0.861053690636862
1,0.908638510985022
1,0.686806351966393
1,0.785714633378639
1,0.766746405333379
1,1.0876281899798
1,0.769077304941153
1,0.995809749665793
1,1.15651002881666
1,1.10978982105848
1,0.580797645775829
1,1.03816657959597
1,0.659092301897394
1,1.04146872443055
1,1.00486645659781
1,0.680454440567218
1,1.22614646523784
1,1.23608401338367
1,1.1480603609714
1,0.875325676244436
1,0.672126755108224
1,0.887996705719748
1,1.19424497664681
1,0.900310925675517
1,0.86207557239833
1,0.886294542752971
1,0.745835500801652
1,1.06808746027863
1,1.2976752987253
1,0.731969282969833
1,1.11694865488839
1,0.813276187043753
1,0.819869215611703
1,1.03478307462222
1,1.03805803835716
1,0.794831311620167
1,0.80976543316914
1,0.807188879305077
1,1.35182961655102
1,0.941248225514907
1,0.968136688827088
1,0.726252618149846
1,0.780870097910142
1,0.827984046671759
1,0.68019668557608
1,1.00292532847803
1,1.03617337156151
1,1.37643244962499
1,0.763499334120332
1,0.809376414878457
1,0.758089359442141
1,1.01565144886715
1,0.979051444297952
1,0.837200664502271
1,0.927947767167332
1,0.839069257459057
1,0.93317646188253
1,0.813962603413657
1,1.28505392248154
1,1.00222443316488
1,0.975569524319041
1,0.751520501515194
1,0.967315620508176
1,1.01011959864431
1,0.880585242194693
1,1.25668378437453
1,0.834042406544825
1,1.0341717687201
1,0.983266019327461
1,0.827628340265555
1,1.19217836564429
1,0.96086492194855
1,0.75538237733455
1,1.24535790225424
1,1.24414494686615
1,0.79656829834497
1,1.17463612360713
1,1.16166270794459
1,0.860226104390083
1,0.933939824698128
1,0.963357963787548
1,0.601911591059599
1,1.25797327382991
1,0.932240828677591
1,0.968984358021197
1,0.963517894951942
1,1.27174411140896
1,0.650632526202755
1,0.850731647145008
1,0.82738453361666
1,1.28315630336458
1,0.693399548949604
1,0.93994418082879
1,0.860533054963852
1,1.04500598853473
1,0.895790584708405
1,1.22768311224037
1,0.676872059549467
1,0.630231226987281
1,0.723395032661263
1,0.715664546977737
1,1.09174445083866
1,0.900917259863637
1,1.13314386640295
1,1.2364942066149
1,1.02690013791022
1,1.29540553204384
1,0.746626254538905
1,0.682113072683506
1,0.821161248362782
1,1.01972876340745
1,0.917155292526363
1,0.953761883512601
1,0.881182299917779
1,1.19561029833895
1,0.701136948010878
1,0.987694657604527
1,0.893724507684608
1,0.916385249938079
1,0.954652414261584
1,0.996580585370862
1,0.895320296663102
1,0.68008543373131
1,0.926423729536275
1,1.203118187836
1,0.701760323946935
1,1.10931477722062
1,1.29507661903892
1,1.05143181428188
1,1.08256350637947
1,1.12482063921663
1,0.931539168562526
1,0.939245863711286
1,1.00824617994049
1,0.930833771282206
1,1.35329548610965
1,0.925066971218875
1,0.904923632210022
1,0.939985787245305
1,0.565761491094754
1,0.791578810554604
1,0.912920932585044
1,0.768316872035523
1,0.96032729966496
1,0.897828254656149
1,1.24867984780383
1,1.07923390435094
1,1.20059067159916
1,1.00564899513384
1,1.0629116677325
1,0.814826186349228
1,0.696898338908913
1,0.762048311033756
1,0.545163244328797
1,0.924480073555127
1,1.42294138463818
1,0.979459569550525
1,1.11428948117895
1,0.928738368816889
1,1.1720586784188
1,0.637340152871698
1,0.670751083639868
1,0.865322305994689
1,0.706293792996819
1,0.793946090746963
1,0.932396175298094
1,0.874322181572922
1,0.73256160088931
1,0.645826451709789
1,0.814599828225217
1,1.04756767762389
1,0.699805965823879
1,1.0328237992808
1,1.3336704521303
1,0.740175315111172
1,0.833167789822806
1,0.813679874781355
1,0.950508945530017
1,0.651729498807774
1,0.922939081352268
1,0.587065332342495
1,0.908225941760947
1,1.07008434384224
1,1.00985349491265
1,0.905747341586341
1,0.784873907918864
1,0.875523087575378
1,0.928596457849123
1,0.894357250764669
1,1.07193502785723
1,0.92860373922942
1,1.15952949907835
1,0.737241486172196
1,1.17430237303781
1,0.978998358814677
1,0.826059590491944
1,0.932417995732888
1,1.26002790146072
1,0.743456554640796
1,0.982959110074956
1,1.07246106287495
1,0.627374610273204
1,0.96729339117484
1,0.767320691349162
1,0.971967332044262
1,0.992066518730423
1,0.879963377459107
1,1.18633410111507
1,0.803929539935028
1,1.19403709026621
1,1.02473599197869
1,0.675740107512784
1,0.582971884571529
1,1.23690146917643
1,1.05207013340453
1,0.931317829490395
1,0.838552794627199
1,0.91340439821812
1,0.903317835472538
1,1.02571671819204
1,0.629182312891242
1,1.31325243990769
1,0.938796603792978
1,0.815319943485865
1,0.730792379310058
1,0.770981135019222
1,1.17116409789856
1,1.09114816390373
1,0.929005477094024
1,1.07716218744518
1,0.933703013680689
1,1.09406807598839
1,0.811038805294932
1,0.941334663816531
1,1.05705500525714
1,0.618502454192204
1,0.634679322931452
1,0.778855914880907
1,0.937859628465182
1,0.942241363960139
1,0.897399503601717
1,0.823885068160572
1,0.619145503639109
1,0.540588589743233
1,1.22877110369833
1,1.19795349119156
1,0.872314438678861
1,1.16330043545749
1,1.05647313675756
1,0.719692066195046
1,0.893081728265989
1,0.925421867724081
1,0.710648007683707
1,0.688008469334688
1,1.15140411341955
1,0.904652620537776
1,1.24771907019356
1,1.10639630430667
1,1.19535932941443
1,0.956460473944956
1,0.615517485335207
1,1.048627388714
1,1.12366334372154
1,1.33122491482062
1,1.17556021520652
1,1.06717455131219
1,1.18194350077635
1,0.919339257090029
1,0.817147017800348
1,1.02373604094108
1,0.918273403582539
1,0.950873709331676
1,1.24727759658349
1,1.33938691460198
1,0.889012592746758
1,1.14227500041505
1,1.06054056608086
1,0.63093982824637
1,0.939354528782462
1,1.00302045444701
1,0.654089437469214
1,0.651635186617517
1,1.25506032760489
1,0.844863562850838
1,1.28924368888766
1,0.987913888521841
1,0.932857496822334
1,0.87683507834621
1,0.503467374409142
1,1.04958494751688
1,0.665107608308993
1,0.716811061600311
1,0.913815906491801
1,1.21808233463799
1,1.05211042324019
1,0.682850372772705
1,0.790345702979813
1,0.866260486610967
1,0.562350405006264
1,1.37489288491994
1,1.00155991855864
1,0.697180171687552
1,1.1093004666343
1,0.628526905020821
1,0.938175983057408
1,0.907564583786116
1,0.789757371714465
1,0.895098999939029
1,1.0945432965989
1,1.01827032336427
1,0.70444303101572
1,0.991377029110757
1,0.929354568504247
1,0.80964549662347
1,1.19532162047778
1,0.943420586694888
1,0.970689933834957
1,0.953427762135221
1,0.630658000595997
1,1.15344796667009
1,0.978721551916355
1,1.07570020844007
1,1.10905282794802
1,0.799378005668022
1,1.42826753288018
1,0.781386153610201
1,1.06162029218977
1,0.720678975017034
1,0.913277659734751
1,1.20619732300712
1,0.717820801349678
1,0.713312127819135
1,0.782832161015316
1,1.15904158418838
1,0.933642093406391
1,0.698670876287586
1,0.937900169980385
1,0.763656148607277
1,0.81601947602892
1,0.886403290803496
1,1.10644046089817
1,1.02422227371867
1,1.25867819002881
1,1.04533389361897
1,1.033982239423
1,1.15976961200794
1,0.895134085896701
1,0.6666201476425
1,1.28249972507136
1,1.27862920884637
1,0.978346405071682
1,0.866592212731334
1,0.972073636985317
1,1.2301419004842
1,0.940583906957959
1,0.892812397474983
1,0.960607326679859
1,1.20301616533398
1,0.72474125138402
1,0.686904812734131
1,0.886349620322991
1,0.931292793520274
1,0.652581619910021
1,0.710508071938353
1,1.02910020488379
1,1.16454811659068
1,0.887158666288826
1,0.698888003027487
1,1.10087387887389
1,0.979924250180846
1,0.767894066495478
1,1.0302123473329
1,1.28093250190337
1,0.669580889732796
1,1.14474782227724
1,0.966133286448365
1,0.915364598356003
1,1.08482170403225
1,0.824468725603531
1,1.40043059397149
1,1.08706406433304
1,1.20079947323741
1,0.663200656758507
1,1.06846694625074
1,0.611214355130208
1,1.25961766907641
1,0.778565788725389
1,0.623450282491843
1,0.678425747788051
1,0.964943683893944
1,0.837103155169847
1,0.840113916721062
1,0.926592720627306
1,0.603106434164105
1,0.694716154581368
1,0.88117720081504
1,0.956032611988822
1,1.29831861629473
1,1.0335121273152
1,1.16549864322442
1,0.744933740184961
1,0.821582406565657
1,0.79783393657108
1,0.962911062672617
1,1.06767967834243
1,0.914827272357438
1,0.877502553829142
1,1.05326017401252
1,1.02921368930534
1,0.865068560243962
1,0.933094731930661
1,1.30337798024163
1,0.650305869348757
1,0.964991489967518
1,1.30087961237505
1,0.741471827887205
1,0.765378286239465
1,0.811651458342263
1,0.93891286130864
1,1.24414107312918
1,0.823790023924002
1,1.3208575613994
1,0.928329591225653
1,1.26152070039713
1,1.30110086390205
1,0.948574079968288
1,0.944009464900369
1,1.0100506075029
1,0.842041142718827
1,0.789659374581013
1,0.669702460276763
1,0.93886234248919
1,0.830993405031947
1,1.14349163776896
1,0.726321916173241
1,0.997130048318618
1,0.729873150471175
1,0.949032715886241
1,1.0306220714705
1,0.704152270801961
1,0.860618848974017
1,1.00930761611445
1,1.13929403969017
1,0.698007248117981
1,0.601844136873921
1,0.913503317644213
1,1.0676307905909
1,1.12190726200467
1,0.821214007762177
1,0.718151087803387
1,0.879077632652458
1,1.13806852709131
1,1.22643793476244
1,0.777258805662409
1,0.914157045599675
1,0.565734203184788
1,0.702994255825061
1,0.921314058295877
1,0.94703055083439
1,1.06395656991008
1,0.763214316454245
1,0.807872357041817
1,1.00025960994924
1,0.978521225487587
1,1.24520661314375
1,0.883181719203831
1,0.95860024957913
1,0.834499354976176
1,0.933501691033648
1,0.689887516092848
1,1.0871726705829
1,0.833286554627137
1,0.677664368936959
1,0.670198955144072
1,0.762888630233482
1,0.970754389856887
1,0.76669214978459
1,0.579553455753733
1,1.12239074553096
1,0.797420573272153
1,0.816761492085403
1,0.975942427566014
1,1.02316982318421
1,0.829713921299745
1,0.996662596424529
1,0.854777573682234
1,0.883451257141615
1,0.663384307464755
1,0.74112798321027
1,0.985147966935395
1,1.04399413612636
1,0.834111104569557
1,0.783395335925319
1,0.984509683432613
1,1.01209470095032
1,0.970643526637606
1,1.06112275286739
1,0.991648787244383
1,0.768453920626088
1,0.939710516869147
1,1.07341457533268
1,0.791753104812227
1,1.21665971487949
1,0.640410935013192
1,0.528470864059573
1,0.963893516568617
1,1.02137731971326
1,0.893188548335717
1,1.22809254663002
1,0.814051351465058
1,0.727254632261975
1,0.657431466926332
1,1.02479861479589
1,0.631035871986563
1,0.743918517811987
1,0.980745393852709
1,1.00873546694418
1,0.569856777428846
1,1.0202790240693
1,0.674363624214478
1,1.07399710613866
1,0.771997947976985
1,0.998495214224303
1,1.02993659691774
1,0.709199299538229
1,0.949126001209638
1,0.641688804483567
1,0.962556276443363
1,0.581468112812519
1,0.666773604210263
1,0.616833755907906
1,0.509502288118175
1,1.21675155707646
1,0.85285686559398
1,1.23553235944507
1,0.651406379928756
1,1.25253412975353
1,1.22585728194886
1,0.670891712124068
1,0.808699150504419
1,0.951462512858486
1,0.65083219804253
1,0.760873986524689
1,0.924438546563016
1,1.33175486065493
1,0.767658351347263
1,0.844745331317102
1,1.11991397372275
1,0.89567989355965
1,0.704758695349438
1,0.597474507542693
1,0.828264402821172
1,1.01249405852827
1,0.82822366131749
1,0.993549317320084
1,0.800391520447344
1,0.608810970179452
1,0.975415063081087
1,0.840642730520715
1,0.732001070330462
1,0.63469490976978
1,0.662052495284356
1,0.995390303175728
1,0.902450542591373
1,0.675486699975175
1,0.635271446464457
1,0.677139289563949
1,1.00440164116468
1,0.749531214801497
1,0.647287161237472
1,1.36732031263605
1,0.80551669571438
1,0.617140326168056
1,1.30635587028399
1,0.900303450425266
1,0.717962063243222
1,0.952287607863337
1,1.09170292143347
1,0.687198720408846
1,0.753691771298368
1,0.752432789073812
1,0.641737256598744
1,0.903359378589584
1,0.88632604655824
1,0.576625049533137
1,0.629982874638061
1,0.743281646550975
1,0.732591463982686
1,1.02448171741524
1,1.00267128092341
1,1.075705159333
1,0.815007817590457
1,1.02533549532559
1,0.957231900365517
1,1.04731598676721
1,0.791967898264378
1,1.44779471823506
1,1.30237136246393
1,1.0434253540218
1,0.817803653237821
1,0.86709249966971
1,0.846570329113017
1,0.720380078117605
1,0.879657019303372
1,0.969440144540546
1,0.671131660492273
1,0.691418581397892
1,1.054189725501
1,0.919816901833784
1,1.00158528000323
1,1.19543722322704
1,0.840623698145172
1,1.28214774931557
1,0.859876052237937
1,0.850004016972031
1,0.742467860487723
1,0.939425091870791
1,0.904722679238972
1,1.23586857445944
1,0.972605190168949
1,0.942572108407538
1,1.2008092145983
1,0.982742885246201
1,0.85157759873973
1,1.11285222776504
1,1.03292308116202
1,0.889163616643929
1,1.14327304458982
1,0.913679091209199
1,0.94001761646894
1,0.993012313193534
1,0.626182304833717
1,0.97019534940994
1,1.04318643497458
1,0.742360162418311
1,1.31044992515101
1,0.989820736541895
1,1.00362672072761
1,1.30910557540895
1,0.845020148088472
1,0.976724517977953
1,0.920461971434946
1,0.851821851156796
1,1.35971719367836
1,0.905140840975615
1,1.36424443864666
1,0.938866418702971
1,1.35778559999708
1,0.780007117026437
1,1.25809263839546
1,0.950150127128336
1,0.685994760370537
1,0.684508358534098
1,0.753551608825835
1,0.836608529027019
1,0.827543427655953
1,1.21872740353241
1,0.752663659649275
1,0.897118579339056
1,0.860533938346451
1,0.828199920629587
1,0.995088567691442
1,0.872645696457762
1,1.14811034614984
1,0.706413345746525
1,1.22245155693666
1,1.03637073235381
1,0.792652560741684
1,1.05437123349096
1,0.801802287135098
1,0.95640451091246
1,1.34679446657431
1,0.669829595149048
1,1.03085764729797
1,1.04216582570169
1,0.725495472956949
1,0.947100984733449
1,0.939309430893097
1,0.860499898130645
1,0.804563729727127
1,0.525431124525567
1,0.970200234804464
1,1.26618629785578
1,0.634505408135372
1,1.26825169093782
2,0.764673786755303
2,0.855298899015414
2,0.459285623122915
2,0.774705337530518
2,0.541125214675748
2,0.553135127710661
2,0.846179421040578
2,0.942016804349277
2,1.22359198950008
2,0.934431830767117
2,0.736547843123602
2,0.783059119464593
2,1.02207901438392
2,1.04719868950885
2,0.912829129868309
2,1.08650787200791
2,1.13570423204877
2,1.02687053508084
2,1.07759910253716
2,0.779625552835767
2,1.00937441362459
2,0.722840943229824
2,0.742600072433414
2,1.01481123383254
2,0.552158324677711
2,1.2984768843237
2,0.792562015566914
2,0.934897376142055
2,1.19243288068393
2,1.00341990833517
2,0.829133227960257
2,0.929621855893755
2,0.853067737814318
2,1.06065889893871
2,1.12794988298473
2,0.993527478649396
2,0.73371110184527
2,0.702576203388156
2,0.730557160788756
2,1.08804795362326
2,0.591115541477141
2,0.802763689339937
2,0.97459634469763
2,0.793983678622469
2,1.0962529038663
2,1.067293078536
2,0.730354540781602
2,0.584568623740849
2,0.825460815843034
2,1.00685747738713
2,0.702372044676657
2,0.759284804477746
2,0.73827757632818
2,0.78171284724294
2,0.554473468246426
2,0.979258116539242
2,0.499990204343127
2,1.07753689595897
2,0.896478460364687
2,0.460023893569184
2,0.622518870350995
2,0.553881987658537
2,0.855867345861215
2,0.904871290542303
2,1.13397151859265
2,0.967508552671401
2,0.85002270965982
2,0.918984148535133
2,0.989848478892727
2,1.0155267386925
2,0.925848335735265
2,0.872398596655967
2,0.644001494439312
2,1.04337239644224
2,1.0300153361712
2,1.17003128901608
2,0.95777047583167
2,1.01656898664335
2,0.918879415938482
2,0.739236519457443
2,0.582393413304955
2,0.654491637931821
2,0.374962350146122
2,0.861454289741767
2,0.698235007899903
2,1.05307323578293
2,0.721713781577796
2,0.938946641907183
2,1.05204246909339
2,1.2140464460146
2,1.06683387881811
2,1.18825477752198
2,0.55279745687714
2,0.967538312604296
2,1.02033773696225
2,0.848082138000235
2,1.17019017628932
2,1.14623079976708
2,1.03616181994864
2,0.85997053477843
2,1.13518224623286
2,1.36285980270662
2,1.14560175323356
2,1.05484385528405
2,1.1076013185711
2,0.976691992806311
2,0.841279601747744
2,0.830994430173337
2,1.2460753853532
2,0.57180130140183
2,1.01914454933213
2,1.11519810116782
2,0.992019380236832
2,0.946576042680163
2,0.89353007996624
2,1.28375433489843
2,0.882425165971151
2,1.08079533814677
2,0.718039586951051
2,0.971109247632668
2,1.15986465896415
2,0.686784346567185
2,0.797717683550886
2,1.12494703701342
2,0.49890110659395
2,1.01734564850633
2,0.887800463227859
2,0.944189039052977
2,0.544925592535648
2,0.574237722951274
2,1.20963448113029
2,0.903557977189233
2,1.01311886333573
2,1.07128520777881
2,0.86896119345192
2,0.810259585925365
2,1.02512228045548
2,0.612313487181743
2,0.973183545583688
2,0.520851580548254
2,0.901450513853049
2,0.939890774058448
2,0.9580674006015
2,1.28987186665099
2,0.858849069046521
2,1.00196867480168
2,0.822310692939822
2,0.75603723360456
2,0.632621817401332
2,1.00102199152909
2,1.05939991072317
2,0.751243027498124
2,1.11450481529826
2,1.10915927004732
2,0.606476350823143
2,1.18958267512118
2,0.818102605929043
2,0.92886598049681
2,0.88507151584273
2,1.03157542341127
2,0.550415583401377
2,0.793191731005823
2,1.08052716392049
2,0.849653702199927
2,0.984630593939511
2,0.757377435932289
2,1.32085744160275
2,0.803343710752349
2,0.977679077688252
2,0.952974949456835
2,0.875755425124273
2,0.869096684851442
2,0.862181418878102
2,1.01589673528303
2,0.725691677081692
2,0.657178690846306
2,0.983425708548808
2,0.949411704218576
2,0.617681548186314
2,0.658232432277964
2,1.06272052006933
2,0.814839454610082
2,0.902959686303103
2,0.747567950029922
2,0.762167713607153
2,1.16293615472118
2,0.57572472669807
2,0.859298177930934
2,1.08855678946327
2,0.517887923024846
2,0.854694707375252
2,1.20367919326414
2,0.986748782456391
2,0.991139329088841
2,0.922643359057957
2,0.659914923069926
2,0.739326368624598
2,0.80919708061989
2,0.566555219997888
2,0.597656308292384
2,0.862609280304491
2,0.997319753780792
2,0.460400594500604
2,0.900145450203345
2,0.889420783988058
2,1.02198682730555
2,1.0181950557771
2,0.77399593987345
2,0.621177211645904
2,0.468126000379533
2,1.02656248877741
2,0.793056423392204
2,0.694163289366783
2,0.90170774290217
2,1.04773004512185
2,0.995318353340743
2,0.882289152520362
2,0.906594286617696
2,0.635516896389264
2,0.780684180205722
2,0.915583770261351
2,0.951366727892745
2,0.516529976910946
2,1.12629367830498
2,1.0751052276657
2,1.21381939320307
2,1.21381686663198
2,0.744000083969151
2,0.840054964506228
2,0.809381341665278
2,1.14515142296135
2,1.02196247489332
2,0.938275895089659
2,1.06832452330895
2,1.08706898843112
2,1.12937306764592
2,0.738556666260878
2,1.14146245593365
2,1.11288119494567
2,0.969691071556532
2,0.915160374024166
2,0.629048982107905
2,0.907942111720405
2,0.855409460512818
2,0.992523013223991
2,0.727716738587129
2,1.07156571327401
2,1.15122361109015
2,1.00225290912882
2,0.5668957292083
2,0.875831338815932
2,1.00757085253531
2,0.67641230408757
2,1.17624323531709
2,0.926264337724332
2,1.12486161059648
2,0.48629908683588
2,0.970788955612634
2,0.635284545468438
2,0.761412335966046
2,1.28153097360005
2,0.682406686203215
2,0.727614934221018
2,0.934997119568121
2,1.17346155972502
2,0.902900196178583
2,0.810403395349911
2,0.613586344398819
2,0.914288699561495
2,1.158361444341
2,0.994809825024317
2,0.988009320784812
2,1.10700009545706
2,1.07148418843302
2,0.747053204242531
2,1.15917994331592
2,1.03396996998575
2,0.906675338668576
2,0.817219346575834
2,0.927236095759748
2,0.898809774012845
2,0.517634580925151
2,0.86345944708219
2,0.519823526725337
2,1.08253845206339
2,0.881007483182435
2,0.772516717170988
2,0.818446789226115
2,0.97553107607683
2,0.997488584890019
2,0.794179645090907
2,0.890115210129305
2,0.918787187129254
2,0.873602460208153
2,1.13659334223012
2,1.01039927415768
2,0.694002825275064
2,1.15704397835299
2,1.01077948075149
2,0.904165695101764
2,0.882586801539367
2,0.927128368353612
2,1.18001609146971
2,1.07877773986828
2,1.12373184450152
2,0.82339843649392
2,0.864729613138763
2,0.797036113975058
2,1.11107109954634
2,0.577365359747011
2,0.859869712457714
2,0.578765830699757
2,0.998719572517407
2,0.557264955171885
2,0.868230781660985
2,0.938577644295991
2,1.22916405019226
2,0.910709559905712
2,1.15141343356085
2,0.610914800834397
2,0.900023479351659
2,0.916126028654058
2,1.23835789098724
2,0.55671379429444
2,1.01527751048998
2,1.05685519092342
2,1.05341701257557
2,0.745338296904218
2,1.11760691423176
2,0.969628388608986
2,0.883240818028772
2,0.769655558771068
2,1.01074674768953
2,0.857709754879168
2,0.863420674940902
2,0.968247820799133
2,0.91007904887077
2,0.687575359717651
2,1.14385180962481
2,0.962920070649097
2,1.11451010019564
2,1.07427271837065
2,0.950583889014084
2,0.622916633340203
2,0.57806981198367
2,0.759010836932184
2,0.860607832207236
2,0.803691341553519
2,1.030954588653
2,0.403780157070916
2,1.20392137321986
2,0.76913029211064
2,0.809835387578545
2,1.05266289655141
2,1.06724340706693
2,0.600967559453952
2,0.925883666080379
2,0.830346276263507
2,0.846734108299033
2,0.7870269377228
2,1.29611251769079
2,0.380833436596008
2,0.976090002246233
2,0.94914327774633
2,0.754230295798979
2,0.507053023525407
2,0.741453525186724
2,0.482515943400731
2,0.882007800024158
2,0.930226248391672
2,0.715435573382096
2,1.22193487367587
2,1.09157773102055
2,0.648314270204716
2,0.559546838265735
2,0.781594135364498
2,1.07133258288514
2,0.958689551561026
2,0.906063211603229
2,0.824190501548788
2,0.84285452934324
2,0.941122227549706
2,0.895686418709697
2,0.946593870838818
2,1.05661271895567
2,0.948801635971912
2,0.587730560976331
2,1.12433789549906
2,0.742628677671856
2,0.93894006224852
2,1.03876549413948
2,0.597455907353415
2,0.974961337784507
2,1.05429800936462
2,0.866020402510214
2,0.783171365044651
2,0.951084591755672
2,0.644588943118885
2,0.892639591598251
2,0.905475356474238
2,1.17673949181373
2,0.989189877830735
2,0.551091669380933
2,1.15417858394424
2,0.615409536437739
2,0.795637546001552
2,1.10426670053753
2,0.929817429276869
2,1.07630713399565
2,0.677551379920331
2,1.0229452193433
2,0.71989278335841
2,0.952297498311871
2,1.07432322079568
2,0.649945807052178
2,0.881037465220625
2,0.517895197293954
2,0.876079859374032
2,0.909415391090847
2,0.746381786107423
2,0.986458953386865
2,0.741628056713226
2,0.933112388527053
2,0.813992860411748
2,1.04438749166791
2,1.06122021373825
2,0.7893847857596
2,0.781624435738687
2,0.870478362671153
2,0.742769683982176
2,1.05861283043404
2,1.01048607673651
2,0.669829346183207
2,0.9176902644797
2,0.559108281400924
2,0.823770976153981
2,0.539941163631638
2,0.645956521171479
2,0.603660582382389
2,1.03054240306976
2,0.99829830052736
2,1.126946182225
2,1.03367287645454
2,0.521978394552917
2,0.863095352013441
2,0.498737657928162
2,0.858574437401101
2,0.840887361531157
2,1.26342647457417
2,1.0287139310744
2,0.620235346906702
2,1.08398478428636
2,0.998879475702712
2,0.573461532842122
2,0.683420778962781
2,0.960019333492739
2,0.793401954721496
2,0.632018449209427
2,0.798642347728588
2,1.0153531173166
2,0.83920504089557
2,0.889411656154162
2,0.852281078701283
2,1.07800261018364
2,0.784571629487387
2,1.21727948599168
2,0.926268902600289
2,1.14441338353251
2,0.888730725102953
2,0.982510014826037
2,1.01680491223054
2,0.764186252796011
2,0.729084252109608
2,0.480748832194499
2,0.920039312146429
2,1.08312221027337
2,1.01711812574639
2,0.886725374158309
2,1.09315329706027
2,0.599146702086632
2,0.485271085027878
2,0.715274801417479
2,0.945197388816297
2,0.771845463357239
2,0.849012623350119
2,0.929189356601754
2,1.04235359234875
2,0.8189023669375
2,0.980830622228361
2,0.777996974070443
2,0.456058455271761
2,0.907440398001416
2,0.983139271769301
2,0.755556335427676
2,0.690569035174827
2,1.17971173907226
2,1.07732137409795
2,0.829367136573459
2,1.08131379319328
2,0.512388538822938
2,0.865180899263383
2,0.842130666459555
2,1.1583665676597
2,1.03079712656455
2,0.701062800436004
2,0.808784308779222
2,1.25917462741868
2,0.784519779968348
2,0.973459716230429
2,0.83883374200955
2,0.858132216764615
2,1.07779841856096
2,0.810768909445478
2,0.830789442854337
2,1.12930172287706
2,0.924149283174325
2,0.855388077130515
2,0.715232910989538
2,1.13670455232568
2,1.29215568334212
2,0.849604392693902
2,0.861817217477601
2,0.927665204384711
2,1.07163860816977
2,0.749395203675651
2,0.876838028750391
2,0.793564240858985
2,0.403638796084458
2,1.0099321062518
2,0.63246814105393
2,1.13270476593765
2,0.49125877213181
2,0.909521835784168
2,0.955109606761889
2,0.895618481732196
2,1.14238441063673
2,0.73918215008076
2,0.606151514744436
2,1.10573221211162
2,1.10378179925828
2,0.836666163871172
2,0.872291465861416
2,1.10201913676948
2,0.867808411757813
2,0.835081375100743
2,0.719471763465881
2,0.871412557553492
2,0.987245817336503
2,0.539245783605863
2,1.15953490298706
2,0.94473919005047
2,1.0506513259772
2,0.929197766560715
2,0.834652320162976
2,1.15220004516877
2,0.569845551361206
2,1.1651260136158
2,1.02242362302074
2,1.28841788306509
2,0.754580565721026
2,0.531650282249826
2,0.900011224713284
2,0.996094649668391
2,0.565195549886148
2,1.09715362547004
2,0.493793265722185
2,0.824663648872867
2,0.932456388597177
2,0.535741572041008
2,0.924382416668401
2,1.09352022468349
2,0.993319788461925
2,0.475143871315425
2,0.734172255185327
2,1.0617102682313
2,0.831262944898403
2,0.866378126323704
2,1.09246234777115
2,1.10072891052416
2,0.458820569030661
2,0.895995419106576
2,0.960336655737845
2,0.47332808180039
2,0.896555673754887
2,0.809934460278536
2,1.01077831936452
2,1.18192985848457
2,1.06716374945561
2,1.01358378958411
2,0.91657423812068
2,1.19151908188759
2,0.925154524004052
2,1.02094917905109
2,1.07345964651822
2,0.970101097151825
2,0.767735874690389
2,0.933955888438146
2,0.887766444546091
2,1.06131888265068
2,0.807689933714859
2,1.12576194103588
2,1.19402777217817
2,1.06109510790411
2,0.845980232909202
2,0.913038007659892
2,0.96677289053413
2,0.885612829194647
2,0.875974225321848
2,1.01046832547484
2,0.902280965425876
2,0.862057140153882
2,0.679253602860448
2,1.12240186276285
2,0.735995754945247
2,0.878888649309652
2,0.591525558318795
2,0.631552217351113
2,1.09618160529083
2,1.04133891114472
2,0.916991959084591
2,0.879194005611579
2,1.0419679303512
2,0.659263713852132
2,0.662763586503974
2,0.590116415577117
2,1.14811909459418
2,0.994722733090167
2,0.903848355914073
2,0.603524601076802
2,0.89693811660443
2,0.401374774424697
2,1.14956870597028
2,0.757720217954963
2,1.03592060145747
2,0.718380697603739
2,1.04969149589597
2,0.779762769780598
2,1.02197054993803
2,0.91004822280041
2,0.792856530184067
2,0.613168594039141
2,0.679739702573062
2,0.867119265216472
2,0.813982413164341
2,0.752245196409081
2,0.666153565510684
2,0.873485355787397
2,1.11251911052159
2,0.94088866128639
2,0.884846948369544
2,1.0114277959078
2,1.14123739760257
2,0.826186372298575
2,0.920778416154488
2,0.780441594903013
2,1.1078180460079
2,0.676556496458294
2,0.703781137534785
2,0.414930458405201
2,0.861555411876416
2,0.574280623872733
2,1.22072554915572
2,0.951496766412895
2,0.84016518076921
2,1.0613656342009
2,0.916011148996672
2,0.546016142729037
2,0.830371929233686
2,0.830021129711652
2,0.66429108791865
2,0.736233673228435
2,1.15575502989684
2,0.280318835195915
2,0.488238299410107
2,1.06790242476895
2,0.790377486783173
2,0.938890226440887
2,1.09368151510158
2,1.14997016931619
2,0.942428293962277
2,0.680237422477423
2,0.955356211991253
2,1.17141245101391
2,1.03666764265876
2,1.14557412844336
2,1.18816896424938
2,0.896681796313532
2,1.00489837733789
2,0.7704110251373
2,0.952607254665965
2,0.94829764891458
2,1.23185145677648
2,0.924367901965634
2,1.17459756373525
2,0.938994218228876
2,0.799531210573842
2,0.748942271233958
2,0.840224766276144
2,1.15596783010042
2,0.858108977829168
2,0.870222832629522
2,0.759959476895188
2,1.01693989543417
2,1.17096863812157
2,0.739714616229608
2,0.781138816947171
2,0.720356826840182
2,1.05265114541553
2,0.925545422128318
2,1.27034559043698
2,0.749147173562795
2,1.01343164780675
2,0.648032194153932
2,1.24189982608196
2,1.08756269524567
2,1.13413687699971
2,0.486370933438553
2,1.14554537951706
2,0.980994491820828
2,0.638576851947434
2,0.822802046135384
2,1.09201489306896
2,0.683543713114579
2,0.87541219288161
2,0.821895280542847
2,0.812117030989195
2,1.13323825488464
2,0.929485351147513
2,0.477275587702864
2,1.05787046796963
2,0.927847396022558
2,0.965374158582037
2,0.997124385207248
2,0.979574779915301
2,1.14591304313399
2,0.491040910215951
2,1.08891050483236
2,1.09764826530496
2,1.00753034421277
2,0.489610657009851
2,1.00000794920132
2,0.860156496305495
2,0.936433889218524
2,1.0968236261072
2,1.03159385415866
2,1.1561907168981
2,0.830402951576292
2,0.866939637114906
2,0.515443363030138
2,0.89594393893676
2,0.958156815078732
2,0.441656594306148
2,0.828025351323426
2,0.602528610921615
2,0.809793793925023
2,0.849963828124271
2,0.985239342858984
2,1.17430603350231
2,0.774622716041127
2,1.12607127874456
2,0.543096297957755
2,1.13533403424831
2,0.828141112695862
2,0.889572697512565
2,0.954662092123624
2,0.554077163975204
2,0.890204642614734
2,1.16429256203736
2,0.533681840818009
2,1.13323515337917
2,0.935168839534628
2,1.00000980712473
2,1.06534468543552
2,0.517757009762163
2,0.598272317421247
2,0.84666649319641
2,0.646498945378524
2,0.921376720340341
2,0.81061477270272
2,1.0663281430881
2,1.19827445297186
2,0.864342895266106
2,1.19033138066755
2,0.53747596952794
2,0.801572102916727
2,0.912975228699258
2,0.638411534914874
2,0.795628776414764
2,1.02605605014994
2,1.01226820322658
2,0.422645717924987
2,0.878999802511196
2,0.99835417996557
2,0.484107764510921
2,0.490606592067542
2,0.485250803292195
2,1.11695274622184
2,0.869449343844145
2,0.454979841882186
2,0.665157701534049
2,1.11846834614957
2,0.873350691301118
2,0.613194536927876
2,0.682335888167493
2,1.12365374624817
2,0.610762144506593
2,0.957588721544777
2,0.954489998773801
2,1.34118831091984
2,0.465276273680008
2,1.02569473616181
2,0.98005018840149
2,0.967279662159273
2,0.910805433050376
2,1.11659246258675
2,1.15188438108525
2,0.908925249510804
2,1.14314924066862
2,1.00446005315411
2,0.635608169174577
2,1.07435032741063
2,0.799241278868216
2,0.771836838380965
2,0.842325482258265
2,0.951626207538163
2,1.14675059700475
2,0.871977201226848
2,0.924058016652296
2,1.01569714066083
2,0.676694750963647
2,0.514730041402667
2,0.798537779512626
2,1.10431466623304
2,0.966265379737062
2,1.05347176110316
2,0.638474931796697
2,0.778980713703335
2,0.859136526571463
2,0.615978826742588
2,1.09298942888637
2,0.933736843770311
2,0.794245027801839
2,0.743918056551597
2,0.930079539567226
2,0.974529840442388
2,1.22350754415015
2,1.08770226145366
2,1.21977637388454
2,1.06137203554885
2,1.16399585937011
2,0.844373134677852
2,0.988729301850084
2,1.08706959848861
2,0.479626137501432
2,0.613540238618605
2,1.05578459342168
2,0.885434669357927
2,0.590416425436078
2,1.10762703488055
2,0.907864629854408
2,1.00228986096309
2,1.00866212184305
2,0.772351977484753
2,0.84987216977319
2,0.470937255380211
2,1.13939248654892
2,1.11490520901016
2,0.806556378924813
2,0.745942693618567
2,0.878631064742815
2,0.995249869594096
2,0.986997617547665
2,1.17049004242134
2,0.974148711272358
2,0.963923876155425
2,0.753433118745187
2,0.911490302401261
2,0.966583275735052
2,1.0899897682101
2,0.516010178805783
2,1.11960639660308
2,1.37126250365303
2,0.473252906025165
2,0.74358904327931
2,0.511583586947684
2,0.776085505844453
2,1.11725214747359
2,1.02673959068211
2,1.15762577649339
2,0.49857155790595
2,0.806375987716576
2,0.752433620794785
2,0.826902740371588
2,1.00407911263647
2,1.13530061646108
2,0.858860494319224
2,1.19448900945771
2,1.00195867105669
2,0.829514631970473
2,1.02445690346272
2,0.785396622412076
2,1.07192227654197
2,0.620633395680518
2,0.534651363828824
2,0.576117913921276
2,0.429955640822086
2,0.742880064474333
2,0.448862825992727
2,0.949601789690161
2,1.01748240666892
2,1.12775702065356
2,0.996076973812847
2,1.23578817433261
2,0.960591284688725
2,0.855198937489168
2,0.674835996157436
2,0.966316870330575
2,1.19481600098197
2,1.06049231123297
2,1.05072235092274
2,1.01982562154738
2,1.11928097242994
2,1.05388115335762
2,1.10139510055519
2,0.913861684159497
2,1.14242754207095
2,0.942951447039449
2,0.982050402959444
2,1.23956254306229
2,1.06602448480083
2,1.10645879499019
2,0.741848748920845
2,1.1526199395479
2,0.780962804838518
2,0.93110901401864
2,0.854074759127523
2,0.776731577993457
2,0.839500745649836
2,0.453032129307094
2,0.721147257744842
2,0.483667110509651
2,0.973331276787691
2,0.974533477164151
2,1.09088759326598
2,0.941938871086846
2,0.984258704241171
2,0.861949110286421
2,0.684777187874358
2,0.870947825415499
2,0.981791346789013
2,0.614611571535283
2,1.01308078860213
2,0.897976034731843
2,0.973504548237619
2,0.621182156728237
2,0.747138315618138
2,1.17828514256995
2,1.13081961995602
2,0.580350057348657
2,0.658216057162871
2,0.964758446426338
2,1.11076418468621
2,0.465994242058306
2,0.692738186294484
2,1.00018256954823
2,0.953616358630876
2,0.867414398883548
2,0.853432778928435
2,1.1138850497651
2,0.936177025320742
2,0.675507896791893
2,0.902899090485589
2,0.710942477960531
2,0.879318531741327
2,0.631419768737807
2,1.1593641000588
2,0.900972040113936
2,0.954382981974254
2,0.90309767416016
2,0.555667285188779
2,0.765633371616319
2,0.799621024274759
2,1.07433699196823
2,0.856396076387525
2,0.932614147277566
2,0.882905759423469
2,0.788620090591807
2,1.20892706892111
2,0.696929702259266
2,0.70912116959188
2,0.589275293370441
2,0.539638040940533
2,1.1570875540909
2,0.536864123353952
2,0.900626064928073
2,0.634063235012826
2,0.865680916161574
2,0.617231891155191
2,0.951813267598277
2,0.877891583737849
2,0.827898582896819
2,0.846983180729435
2,0.87233806196393
2,1.10712549118378
2,0.920512959391673
2,0.501640602359809
2,0.572481989587891
2,0.969268223649706
2,1.06450475177268
2,1.05529246198805
2,0.828747589102133
2,1.00845710239791
2,0.977994874936813
2,0.527350231009936
2,0.672801597206129
2,0.551800571921954
2,1.12062574026445
2,0.625749269720975
2,0.503723025869006
2,0.476216943605145
2,1.03748536983909
2,1.08363534780048
2,0.887866900943478
2,1.10085369379667
2,0.814818511664758
2,0.558133040636865
2,0.999434574082083
2,0.922439393305087
2,0.935131212489273
2,0.874350026443203
2,0.899838778296071
2,0.896520383620639
2,0.879781486012785
2,1.00170810431578
2,0.677827188758902
2,1.00365017764701
2,1.08440713774259
2,0.890592983991109
2,0.980929343469057
2,1.09210456273191
2,1.1318239935919
2,1.15474039297506
2,0.887782278386509
2,0.685161582872478
2,0.9586464874899
2,0.81489842370421
2,1.19034698120482
2,0.584391094778639
2,0.806064604845569
2,0.703133813225025
2,0.900017742957627
2,0.737346012425459
2,1.15759443641634
2,0.771477599197913
2,1.07460368845621
2,1.13695048461151
2,0.89167732823844
2,0.53832787935011
2,0.713187449123704
2,1.00422028105768
2,0.777672323999832
2,1.08562361341877
2,1.07787348551843
2,0.799939394329439
2,0.861481255318334
2,0.990639994404986
2,1.21647492629479
2,0.685771027370373
2,0.757965214388229
2,0.573949326324155
2,1.09686244428973
2,1.01891629874823
2,1.30201584153504
2,0.982939364819745
2,0.479671102835504
2,1.08702540618669
2,0.881140926490711
2,1.05587980460142
2,0.957919624795891
2,0.943806104781117
2,0.925135286748339
2,0.629912612650404
2,1.05820019061356
2,1.12342172920492
2,0.481093634708
2,1.00805395794249
2,1.12957262644864
2,0.79175194947308
2,0.905688965346874
2,1.06646141021887
2,1.10129324840394
2,0.968082891961904
2,0.977567845108023
2,0.994219223012763
2,0.703606894955773
2,1.00819222590416
2,1.02115398910167
2,1.14665137381699
2,1.18835807718909
2,1.00176619903204
2,0.836954279488967
2,0.938706787902473
2,0.504083998520326
2,1.17400262417566
2,1.0311852142124
2,0.975609002914598
2,0.862743579243941
2,0.945188631452619
2,0.805668949946988
2,0.806494995700227
2,0.429707134166917
2,1.0769512094756
2,0.562076510422641
2,0.55321727094033
2,1.0108170590457
2,0.622356215069761
2,0.702924063818518
2,1.05240485535943
2,0.938562556298027
2,0.858182873950927
2,0.748618065946875
2,0.898159194924102
2,1.12429952530143
2,0.636445955910576
2,0.744020881387883
2,0.648864501557047
2,0.992883496524111
2,1.19035498416889
2,1.14176502497107
2,0.606820190920239
2,1.04954209024074
2,0.81460755158196
2,1.16604055059736
2,0.535501002673249
2,0.531202182315483
2,0.978652645885479
2,1.14683667876867
2,0.782254727546502
2,1.08930406294107
2,0.884006243243992
2,1.00228167684172
2,0.928286993003224
2,0.88497452723699
2,0.967468694086321
2,1.19699668069678
2,0.874780995992418
2,0.843917650164145
2,0.816090896678821
2,1.07289492043713
2,1.14109378182893
2,1.03816550659165
2,0.939490163910629
2,0.864419842262786
2,1.00088243360128
2,1.1862092448823
2,1.08593221577539
2,0.919241141130932
2,1.04573964874845
2,1.08355093984445
2,1.08797264881829
2,1.14296847047109
2,0.640597284654934
2,0.743008399393303
2,0.92589038114935
2,0.97782145593501
2,1.05808968610872
2,0.679342242965186
2,0.896783731237254
2,1.0853914051135
2,0.960997521137035
2,0.602046588283587
2,1.1437259982911
2,1.16289996193349
2,1.1280029580789
2,1.04011433502469
2,0.95601176491592
2,0.475429390568242
2,0.753512306175272
2,1.046983948191
2,1.0744497119588
2,0.441772086748093
2,0.670042208616181
2,0.806614609126496
2,0.491319779081438
2,1.14474648453632
2,1.17250678032603
2,1.20318769543523
2,1.08644959502915
2,0.734551664560903
2,0.875169672230249
2,0.491058712032262
2,1.05699438195034
2,0.843396648706552
2,0.564191011770482
2,1.03793259683855
2,0.878876517274077
2,1.1149908369341
2,0.64482945374561
2,0.940781290524684
2,1.05863547139888
2,0.750499996132618
2,1.06843599112229
2,1.11244335336229
2,0.902404186730431
2,0.926906948816556
2,0.625543001493305
2,1.13523731249869
2,0.687728041756176
2,0.486156349574269
2,0.929316727936761
2,1.02096799732268
2,1.1472143118564
2,0.782369291318634
2,0.783028477461238
2,1.03945798553308
2,1.0459298179653
2,0.740458440085869
2,0.771611966453072
2,0.925134834408952
2,0.506819614870666
2,0.9637938464094
2,1.08495956417391
2,1.00606879249319
2,1.02668971981018
2,1.07033405096079
2,0.890641560998521
2,1.02620544555452
2,1.26593891553439
2,1.30224909874541
2,0.887177663141961
2,0.731820352434593
2,0.982735733976366
2,1.06774949952579
2,0.790940200576299
2,1.03494617144759
2,0.831477148986674
2,0.983390802355921
2,0.881441922565203
2,0.774262645998271
2,0.704698884055592
2,1.11380744038579
2,0.748854881633875
2,1.01607415560968
2,0.87035026028612
2,0.981738290048616
2,0.587188949668378
2,0.866095135662587
2,0.836375056652339
2,0.65413837717097
2,0.719603133467821
2,0.477231181825124
2,1.00030097961321
2,1.27437030733313
2,1.02061144196498
2,1.18200487030347
2,0.745832285200609
2,0.579647644041243
2,0.521569311223427
2,1.10862210893702
2,0.42244348718426
2,0.589901116717953
2,0.770515796054579
2,0.970735216663101
2,0.584072497504997
2,0.931423422608095
2,0.453407072962037
2,0.879712062269214
2,1.01929368483004
2,0.778327442470721
2,0.837769203917886
2,1.11084071039876
2,0.940744943091949
2,1.17151017102495
2,0.779729040426211
2,1.03111247886722
2,0.834252662151759
2,0.942948360667503
2,0.715586977928983
2,0.886908477727569
2,1.0383165110874
2,1.0652930399623
2,0.530590892055962
2,0.837512147096475
2,0.900156477513353
2,1.1364426869836
2,1.1338571367601
2,0.501580147629407
2,1.08467983433229
2,0.818150997294195
2,0.465292845534236
2,1.1125758741354
2,0.845769663711609
2,1.04006593465771
2,0.542532761525621
2,0.490179416982954
2,0.897187207534333
2,0.981907308524246
2,1.0077491068923
2,1.04169679572934
2,1.01495231834285
2,0.706352308860727
2,0.563029552474417
2,0.839152395746686
2,1.00638176160941
2,1.08505577753455
2,1.18120940048652
2,1.07210148168248
2,0.75043601496593
2,0.983427449070682
2,0.892383810800429
2,0.600137212081816
2,0.944546967113209
2,0.857357034949165
2,0.848971719390224
2,0.965653564173718
2,0.887516531370679
2,1.14772156739888
2,0.716850971765482
2,0.989629167360586
2,0.822761794377572
2,1.04187175690981
2,0.593740739248562
2,1.0796631277184
2,1.04611217362118
2,0.722281606354942
2,1.16010324251481
2,1.08207244018118
2,0.788379700387133
2,1.02617826302086
2,0.578404592127823
2,0.782727304604494
2,1.08965124845283
2,1.01262610640111
2,0.721858954418824
2,1.04497461450603
2,1.0316863824372
2,0.975872507088086
2,0.905438482732236
2,1.10892550692597
2,0.774115933798328
2,0.967006570017974
2,0.633367403816013
2,0.768432278838823
2,1.15157262249686
2,1.07524616444186
2,0.739919973179467
2,1.18492499328737
2,0.885934827865906
2,0.978659442936402
2,1.16074527007204
2,0.687798077111261
2,0.688939662525479
2,1.12741506158669
2,1.06538355433933
2,1.05039612248479
2,0.955675227549945
2,1.0261577265706
2,0.722542062523995
2,1.04837859031316
2,0.633929880981144
2,1.21027299553784
2,1.06577687632959
2,1.19143260295088
2,1.16291452793517
2,0.880406156900122
2,0.951420253846498
2,1.00328619520506
2,0.56863070165209
2,0.832050915122389
2,1.11050427324384
2,0.425771407768433
2,0.431424456584422
2,0.978857907405083
2,0.94646098175955
2,0.600292183090837
2,1.03572515052942
2,1.17311490129049
2,1.10206285349818
2,0.760310424883068
2,0.879787240698783
2,1.03567406285263
2,0.861334294353335
2,0.974702443329376
2,0.736554698770726
2,1.01764704447692
2,1.13066256203005
2,0.752504517918403
2,0.519132135720895
2,0.955222068882422
2,0.970087867232111
2,0.675650489431226
2,1.13019603588603
2,1.0556569156613
2,1.02627367438026
2,0.807029558607026
2,0.922561038222459
2,0.954918616837871
2,0.7914542770185
2,0.817035784252198
2,0.987776861981402
2,0.641241186674996
2,1.00755452696482
2,0.760094789306818
2,1.01624916468976
2,0.960926308972027
2,1.08839457107702
2,0.596903978683815
2,1.00594860383965
2,1.16997688761666
2,1.07094683718991
2,1.12724403127651
2,0.611157237055507
2,0.656677077904615
2,0.532149868827435
2,0.817318444962915
2,1.05794071921417
2,0.861191414006159
2,0.943197082981668
2,1.27169812451026
2,0.574135413337991
2,1.22009731072945
2,0.878941341862486
2,0.882188813996751
2,0.644338659189227
2,0.85885894868162
2,1.02654259422944
2,0.551671193525995
2,1.08298903476213
2,1.08580165122057
2,0.559865084543569
2,0.796247602364635
2,0.842532009361992
2,0.884830877935358
2,0.850611744643206
2,1.03627264048623
2,0.971997115227134
2,0.529558337291534
2,0.935725614767845
2,0.870802219808068
2,0.750171833377858
2,0.760745786780043
2,0.875252859587696
2,1.03523642116039
2,1.08376063314282
2,1.07321344540656
2,0.738691428069766
2,0.893259879374013
2,0.884721125575218
2,1.12264602704449
2,0.950801969651842
2,0.971782511131707
2,0.94195534949345
2,0.631524819202521
2,0.894503248325854
2,0.832423009028306
2,1.0762875892789
2,1.19389189208019
2,0.889706959985859
2,1.13688287598355
2,0.9417463838187
2,0.989626305866636
2,0.620477480621223
2,0.965191206014836
2,1.14631523136987
2,0.737651764683615
2,0.676991975862425
2,0.769271437593996
2,0.655487899411722
2,0.782589689909055
2,0.906173862557499
2,1.14862727614412
2,0.570861829812106
2,1.13707320734171
2,0.443591305076316
2,0.996581274310501
2,0.645319930383862
2,0.947569614696868
2,0.899042538712596
2,0.734863983389089
2,1.17150866602703
2,0.521953533499082
2,0.780064003317816
2,1.00701264524939
2,0.752222577282523
2,1.02510667499625
2,0.915842603488105
2,0.436983385262919
2,1.22082738362843
2,0.948174117743483
2,0.960420386528647
2,0.631923017869378
2,0.53072503706652
2,1.16419203066953
2,1.08070496373241
2,1.29410713265941
2,1.00571168378042
2,1.0776684633388
2,0.894666140238466
2,0.574017350075949
2,0.723051196146981
2,0.885906991285168
2,0.540274581018639
2,1.23743409845095
2,0.585886549097232
2,1.18641076042322
2,0.64948459565264
2,0.86333877357687
2,0.772811946577464
2,0.555726247506638
2,1.11347483490963
2,0.823960441374136
2,0.927512695002183
2,0.999936026304702
2,0.998451231600959
2,1.23252940406849
2,0.504770910603653
2,0.881174808342649
2,0.829054891609254
2,0.917318472321428
2,0.607754759835812
2,1.17537087453212
2,0.463844807901896
2,0.958185493123572
2,1.00827734270325
2,0.801912889275091
2,1.18896139974133
2,0.974334844998413
2,0.564017554113516
2,1.09698181154009
2,0.481249088844126
2,1.35749753931013
2,0.655142998080545
2,1.1963374104281
2,0.989067473459084
2,0.739141308523819
2,0.930276061552189
2,1.09592361327221
2,1.06140714388999
2,0.768132720092922
2,1.19623280785455
2,0.831942285832638
2,0.985736678444627
2,0.929506750374273
2,0.812512970484106
2,0.498673341508073
2,0.79359745196976
2,1.13049512210489
2,1.13180650745877
2,0.91530763706089
2,0.536900296736403
2,0.65185837030588
2,0.590402948372718
2,0.96919072386521
2,1.01698421959516
2,1.05284846452176
2,1.09379646196186
2,1.11789204885716
2,1.12912475611866
2,0.990877925322739
2,0.80710751601676
2,0.729739361883649
2,0.906343399201429
2,0.794163347692508
2,0.966194379008087
2,0.807584704265271
2,1.02352323461909
2,1.00200809003346
2,0.931316924811568
2,0.781771457774688
2,1.1352139027085
2,1.15276828470793
2,0.79149171777557
2,0.858055991520384
2,1.05649464171336
2,1.14104064288192
2,0.915297801762006
2,0.705524397105346
2,0.866040218881144
2,0.944584671931684
2,0.909542340925456
2,1.00400634307146
2,1.05483929958044
2,1.17678976649465
2,0.61307778313321
2,0.592153035173429
2,0.62679139345632
2,0.514935083591043
2,1.19207251664079
2,1.04351675294562
2,0.629655964745228
2,0.891786239620347
2,0.934263280788948
2,0.580892385318274
2,1.06594666019718
2,0.888238388902424
2,1.13847109095888
2,0.60149564430577
2,1.04967534395297
2,1.22494867622676
2,0.914072075858375
2,0.602005243484427
2,0.893234811817057
2,1.03442822365874
2,1.04742419484837
2,0.893447782919743
2,0.687313949016727
2,0.668099911773141
2,0.534939484648873
2,0.735726784309904
2,1.2406651512229
2,0.772192679524298
2,0.968771017341134
2,0.731256942548219
2,0.983987522839668
2,1.1277278663272
2,0.750469675771346
2,0.640188506223169
2,1.09033805446085
2,0.996564583752277
2,0.839339402674046
2,0.819941692697937
2,0.869198247574797
2,1.21288307192039
2,0.98134421463825
2,0.497282804293277
2,0.643088555863972
2,0.610978826570875
2,1.28984374294424
2,1.00932054187303
2,0.68011203536364
2,1.08016469993538
2,1.01559442985436
2,0.625520774925332
2,0.606844947856769
2,1.18701996244317
2,1.2072420033811
2,0.838090883454989
2,0.507104948326438
2,1.13905177387419
2,0.703618863244671
2,1.06987732431878
2,0.684850392656463
2,0.707416957441932
2,0.536406043953155
2,0.97771735841869
2,0.89616995024533
2,0.938789260286376
2,0.571490141464765
2,0.609649677408892
2,0.802218936394606
2,1.18114982680976
2,0.608167817476062
2,1.04474675584294
2,1.11960759550922
2,1.00048983128856
2,0.671419562224782
2,0.414263816327512
2,1.04529933741321
2,0.944304713199704
2,1.01442902250243
2,0.898873059637997
2,0.832332893213086
2,0.995561374308147
2,1.07198154189276
2,1.05571381129177
2,0.811528061239468
2,0.682408960810014
2,1.07576545163652
2,0.706394131045394
2,0.989751615640071
2,0.83732735884043
2,0.977841887814573
2,1.16811039716383
2,0.767768188496455
2,0.858376077674037
2,0.74932197710391
2,0.939204732814108
2,0.722236955994626
2,0.955314992738159
2,1.1445830567898
2,1.16142204516293
2,0.905751593157053
2,1.05304342257218
2,1.1578899387259
2,1.17131636121942
2,1.24776149180352
2,0.82450315620399
2,0.389863526664624
2,0.589391923340689
2,0.561783140379667
2,0.691599624102239
2,1.04983142665175
2,1.00749583330924
2,0.779236129820463
2,0.854361950611154
2,1.10672262468402
2,0.979712984885896
2,0.983192670083923
2,1.05813181367804
2,0.528345583447529
2,1.12987107348469
2,1.19279190781462
2,0.834721641547323
2,0.829281541277012
2,0.917188649734455
2,0.963006719924543
2,0.576551394793314
2,1.13744276107245
2,0.829032834970067
2,0.977752560732605
2,0.871057834234454
2,1.10723309425617
2,0.906606907318479
2,0.535598715126318
2,0.58318151551902
2,0.979648968032187
2,0.892707212612976
2,0.437627469357146
2,0.883964487645942
2,1.085859098522
2,0.809770988653806
2,0.56429202758175
2,0.875573762095757
2,0.859170435954017
2,0.979797405032834
2,0.822635711487318
2,0.84695393047655
2,0.930327942539486
2,0.858156809227988
2,0.829262280204881
2,0.97306963592106
2,0.881851405747879
2,0.795763521067812
2,1.05919729252464
2,0.833618796327753
2,0.815037974478771
2,1.04898910994865
2,1.00026384676531
2,0.843077703866186
2,0.786703674373592
2,0.873751686316548
2,1.0531105392553
2,0.327219600990522
2,1.11443534337892
2,0.907377395631051
2,0.969590199094791
2,1.08550641324219
2,1.0802148832873
2,0.834549399680898
2,0.59417618123401
2,0.866534215184312
2,1.1741105269157
2,0.966838489548465
2,0.808407110031043
2,0.888711129490893
2,0.733520426448993
2,1.10466941247118
2,1.00598251706414
2,0.766320522079008
2,0.918132108677746
2,0.78700755832009
2,1.17835818990596
2,0.520347058940428
2,0.912344928464801
2,0.730052504980997
2,0.970956903581178
2,1.06150547067223
2,1.07371994663658
2,0.873122415291171
2,0.82087013914548
2,1.09459176268967
2,0.997452244486392
2,0.999036593503213
2,0.514454808831902
2,0.899657861698991
2,1.08075628553783
2,0.916353414049774
2,1.31364013127941
2,1.08627988221118
2,0.990486169969857
2,1.04945916165552
2,0.679689030768068
2,0.527947951836112
2,1.05065205414817
2,0.477722272037579
2,0.866519297854502
2,1.06947141733898
2,0.663610725669869
2,0.97805536441185
2,1.06638894426123
2,0.885462882715905
2,0.868907096033243
2,0.600241389201976
2,0.852569022637287
2,0.924786952593822
2,0.737353080138769
2,0.932595415587016
2,0.972251442499877
2,0.917222372908802
2,1.20459569978912
2,1.00561778372546
2,0.451548433507836
2,1.3250671120535
2,0.784282239791784
2,0.645276933301268
2,1.05948801361006
2,0.892254341809311
2,1.0148133278315
2,1.04450434093711
2,0.989901335095358
2,0.580113793202327
2,0.924146013546746
2,1.10775532984087
2,0.607921244392662
2,0.926422280206931
2,1.06373603553125
2,0.812313078850102
2,0.636173957253115
2,1.13930303108821
2,1.12293245036322
2,1.07057298038358
2,1.00822909340641
2,1.05093219715296
2,0.739843120483631
2,0.998385820014413
2,0.552991746270952
2,0.86158780814956
2,0.997110625513338
2,1.08327161348287
2,0.851435928762132
2,0.687972608651967
2,0.754517368722168
2,0.851073425920928
2,0.792177736284494
2,0.907681383888984
2,0.776244925804183
2,0.706306561429824
2,0.95825273458573
2,1.09252849992631
2,0.593895608103599
2,1.22843560025381
2,0.596838988591535
2,0.543277743967053
2,0.753185309256393
2,1.04955796934846
2,0.92484822566783
2,0.694636438107207
2,0.517421228042604
2,1.20938651259423
2,1.02804049482479
2,1.0904884030492
2,1.05977003082028
2,0.558279597278609
2,0.82135483918011
2,0.787752441740641
2,0.975156323757259
2,0.989749945966733
2,0.580051777271712
2,1.20221485947164
2,1.20772618506242
2,0.87426797229798
2,1.1147789579006
2,0.82731099085268
2,1.14323735334963
2,0.566493738593082
2,0.952796443048984
2,1.04614365462651
2,0.899409376889136
2,1.04097940826051
2,1.1241159765241
2,0.924497441842576
2,0.728496841784989
2,1.07441461410435
2,1.14145542725028
2,0.822432778252475
2,0.581655520813384
2,0.995963650615672
2,1.00343821411412
2,1.09484537242436
2,1.12541887054005
2,0.947037801176833
2,0.950409562950101
2,1.28303349772081
2,1.01491744792173
2,0.950597067371372
2,0.945917447219096
2,1.05186887758301
2,0.885438442565844
2,1.11055342468502
2,0.968382232243592
2,0.852136867920437
2,1.03533881476877
2,0.971963356503735
2,1.09069235967196
2,1.15649087071229
2,0.972364543861378
2,1.14177325198977
2,1.11961257585858
2,1.02293938027041
2,1.05385011028587
2,0.938339854141631
2,1.00212219161659
2,0.608719090970072
2,0.864234081988731
2,0.933167699741402
2,0.827607497364004
2,1.281546989944
2,1.02322486726451
2,0.655025953881642
2,1.17513465194161
2,0.594045738974957
2,0.570085747470284
2,1.15102028209134
2,0.831548780887593
2,0.948185582723831
2,0.771259851064253
2,0.904898353243002
2,1.06458046193383
2,1.0745117193592
2,1.12997728872561
2,1.03509010948793
2,0.714033793678688
2,0.534534131891844
2,0.855813203572994
2,1.05769985874468
2,0.849115185053714
2,0.923095286559714
2,1.02594044839017
2,0.961210161276593
2,1.19284584881549
2,1.09354634214707
2,0.829831662244677
2,1.0002630744369
2,0.482070023484844
2,0.956162276559459
2,0.783131771611774
2,0.534161479620508
2,0.515732829326834
2,0.610410556749315
2,1.11453304000925
2,0.621852664058765
2,0.807049366663092
2,0.9658389155832
2,0.329012896153688
2,0.579196197500967
2,0.692663890540126
2,0.687990019761065
2,0.794624123547677
2,1.15454067276951
2,0.888956013507177
2,1.12717246736406
2,0.630943772614294
2,0.519928899250549
2,0.589943149065242
2,0.711245875893439
2,1.04664413985573
2,1.02781656232917
2,1.16396344368411
2,0.813402921412697
2,0.975366692190636
2,0.788060488973015
2,0.850740357658848
2,1.16126900781107
2,0.937597833755953
2,1.07402053370182
2,0.8668739108805
2,0.568364496372395
2,1.10683213453554
2,0.779413383491602
2,0.862041907437622
2,0.970184362252525
2,0.877064862258724
2,0.808687043765802
2,0.934559772434732
2,0.906481398378877
2,0.828927764857871
2,1.37400270861489
2,0.88787409828178
2,0.646160689199216
2,1.0796326400488
2,1.08203726825272
2,0.828303842525264
2,1.05918978080625
2,0.976917866489047
2,0.789151128280369
2,0.71859909212262
2,0.929199147208414
2,1.17985127035559
2,0.769060993386327
2,0.677527113470538
2,1.26542214532816
2,0.716901204341209
2,1.17688886808182
2,1.07325210596478
2,0.883197058704559
2,1.11978187675618
2,1.3093624095193
2,0.65868094857508
2,1.19977428006907
2,1.11088490419361
2,0.983187720302537
2,0.797901687336103
2,0.59350288070827
2,0.97267050204736
2,1.00308001320019
2,0.733723249137426
2,0.424019128799657
2,0.687837463084642
2,1.0686756400526
2,0.739243866128873
2,1.02888621479231
2,0.869053023395503
2,0.82987242708506
2,0.450722710156057
2,0.614870528929976
2,0.65204690696906
2,1.10606459506513
2,0.685310868647109
2,0.721576698702927
2,1.25782420876202
2,0.871767885830294
2,0.963658021755033
2,1.10632523463348
2,0.743326676944739
2,0.564384377453419
2,0.939195110707754
2,0.584003775305004
2,0.910673332857796
2,0.943186801268906
2,0.744343414982415
2,0.950433749214261
2,0.94378011828747
2,1.03207703100804
2,0.792251802383263
2,0.498538000138274
2,0.845768905996101
2,1.05811050354806
2,1.27990438269988
2,0.838876592810293
2,0.641159848743814
2,0.733335960557955
2,0.680927387227874
2,0.987681187442686
2,0.844850968673289
2,0.688465077247247
2,1.16938989802761
2,0.802343180710704
2,0.963766105650091
2,0.553257664836843
2,0.629731228597578
2,1.0829444645817
2,0.965264537554626
2,1.29209898579354
2,0.878519355983412
2,0.716740904417217
2,0.951483422483998
2,0.985424122660931
2,0.856747008672196
2,0.838532368836091
2,1.28895165095873
2,0.73771568509723
2,0.758204660500632
2,0.546936011156184
2,0.547086968623128
2,1.32654048532838
2,0.643706249512491
2,0.977367398046511
2,0.503127088344153
2,0.565352920265207
2,1.14531866062619
2,1.1083384537854
2,1.08922906012144
2,0.888413536934752
2,1.13625222497467
2,0.976623736773192
2,1.20024671158946
2,0.926855754283955
2,1.30625671233298
2,0.555140058883842
2,1.28024970823731
2,0.657575664289452
2,0.785325377741247
2,1.10172063771476
2,1.2056935715611
2,0.967181311968478
2,0.750956602232195
2,0.217489173266545
2,0.847423392595042
2,0.808524728664044
2,1.11708817569659
2,1.02797364562785
2,0.610854227960312
2,0.757512762032337
2,0.857895525976371
2,0.950104834227324
2,1.04352880607515
2,0.870210688878449
2,0.848172180474818
2,0.696683971202152
2,1.03936642655367
2,0.966962550624997
2,0.660254183430928
2,0.785554457370352
2,1.21333614829272
2,1.07585991591018
2,0.3911299261519
2,0.829086981664825
2,0.624564256806699
2,1.15027168718909
2,0.962030112135563
2,0.571149022925403
2,1.17765108085399
2,1.00737737284082
2,1.18791721513325
2,1.09896276349691
2,0.632641422666308
2,0.920048624542522
2,0.905790344164024
2,1.03525869406798
2,1.02215051540376
2,1.07372915206406
2,0.569793094426936
2,1.01399213086077
2,0.812211892002802
2,0.975887560116722
2,1.01507095079099
2,1.03574371568744
2,0.645472270626347
2,0.695792718889145
2,0.781318435066033
2,0.595836572660111
2,1.13428064055185
2,0.86042132707897
2,1.0101178818282
2,0.976449730384569
2,1.13317580472021
2,0.439000198273299
2,0.745950103856505
2,0.645950381968742
2,0.735481193394692
2,1.11495434655839
2,0.708484278804049
2,1.07354871377565
2,0.521935931951995
2,0.539702809859611
2,0.922162360606618
2,1.00317053273914
2,1.13231123508436
2,1.04488957176765
2,1.17308009815485
2,0.549702307049729
2,0.953584184826206
2,0.859274352426928
2,0.891151139653361
2,0.661811332037364
2,0.955532587380295
2,0.593515549079987
2,1.07123277229686
2,0.763476149356456
2,0.954190167518481
2,0.712952279190119
2,0.950179744497529
2,1.03736072768801
2,0.853694703646757
2,0.831220548309974
2,0.951051841571872
2,0.855568966925557
2,0.554981537365383
2,1.04292344137838
2,1.18553533879734
2,0.901840001248486
2,0.871199321370047
2,0.900249851294516
2,0.93319196506098
2,0.751509573983854
2,0.949600198875214
2,0.720602176020467
2,0.487025703202808
2,0.915771131747673
2,0.817932598936425
2,0.874395147737384
2,0.552610491118909
2,1.01978385238851
2,1.19198049322928
2,0.832629026900565
2,0.890128121107096
2,1.25461584316987
2,0.860373857486352
2,1.00721405251891
2,0.963186767817183
2,0.926050096657555
2,0.921216376591392
2,1.10419607308768
2,0.783995277754204
2,0.916842487357912
2,1.03029462989809
2,1.02517428223169
2,1.08892465379131
2,0.830160233049318
2,1.29789267288044
2,0.933166907549407
2,0.712900137854351
2,0.930066658989444
2,0.574276208058767
2,1.15652976890615
2,0.984630880091631
2,1.06011048275345
2,0.969225117524892
2,0.737680805267695
2,0.675073284406185
2,0.88140450116372
2,0.801546086963025
2,0.66502779446978
2,0.919125568512078
2,0.996337597792286
2,0.572528597094298
2,0.639278627696824
2,1.22843914463278
2,0.877280513172264
2,0.852285370856729
2,0.774663569125277
2,0.917877554940202
2,0.460596653667357
2,0.932132135736659
2,0.985425139687476
2,1.08637291513205
2,0.45286251055606
2,0.939721204186908
2,1.1061532711234
2,1.00018487213051
2,1.05582270982396
2,0.627790485355999
2,1.19927371478126
2,0.808644378914284
2,1.01444793523163
2,0.598031012840402
2,0.749812539556828
2,0.669262164303258
2,1.23829995026214
2,0.913056612689308
2,1.02215286150547
2,0.652673037432086
2,0.641456184951278
2,1.12229095438358
2,0.859690272828388
2,1.22751992625309
2,0.75964338297742
2,0.953173664343439
2,1.20984006547642
2,0.957311107967804
2,1.10047138280994
2,1.19667768322705
2,1.15767620857857
2,0.749231010395364
2,1.16258337779122
2,0.85620658687632
2,0.933913792184864
2,0.570795272251559
2,0.997299818663047
2,1.01568502588306
2,0.847168256192903
2,0.722696680517482
2,0.960615596203338
2,1.16877866359686
2,0.832686084007554
2,0.878498286190173
2,1.0444293073249
2,0.859733526592216
2,0.908507101874428
2,0.532504863244153
2,0.977564977176278
2,1.04787821109974
2,1.10273382009542
2,0.582802501857661
2,0.904365102569842
2,1.00122930823734
2,0.800002787776846
2,0.731795365070774
2,0.764937611020118
2,0.827551013709162
2,1.18526998539772
2,0.870817774499869
2,0.362702922054611
2,1.14277161785808
2,0.913563607174872
2,1.12645145178497
2,1.34121888582535
2,1.01629114774258
2,0.441716595160479
2,1.09675890654776
2,0.990038737363364
2,0.783714471273957
2,0.784389631233053
2,1.37683410466264
2,1.25538746394199
2,0.796762287845717
2,0.529401470421126
2,1.17965542715881
2,0.50664683645279
2,0.934058788536169
2,0.949355092572061
2,0.827785579358749
2,0.649612884975114
2,0.478812116864203
2,0.522270227675078
2,1.19307546306867
2,0.783686428348973
2,0.756317594492391
2,1.07876233474459
2,0.954254419615193
2,0.451504343938776
2,1.16084078004532
2,0.870458486092752
2,0.674937812998953
2,0.618122076831908
2,0.862475296628671
2,1.1396887954397
2,0.531716061052749
2,1.03214045955904
2,1.02992651884788
2,0.819997718699446
2,0.919974803781278
2,1.1229765154909
2,0.809269475605873
2,0.946012732620043
2,0.958322715365144
2,1.10629312158857
2,0.48092102222943
2,1.19044270228145
2,0.729273174695697
2,0.746298233283023
2,1.26776904193566
2,1.09956746237108
2,0.733202389847039
2,0.908874640883885
2,0.622523219183216
2,1.20094124225061
2,1.17501176205224
2,1.06526822204721
2,0.577877011095633
2,1.15100880860986
2,1.12283572750452
2,1.03467016348659
2,1.07690005170576
2,1.32772061659812
2,1.06674004885671
2,0.943312872293759
2,0.942357192215901
2,1.13933120087686
2,1.03389627200283
2,0.616725748503664
2,0.591187369923218
2,0.782488315985212
2,1.22034698772208
2,0.57217372962381
2,0.921505775180773
2,1.00769542929968
2,0.898766004719482
2,0.91731038563657
2,1.11321852491058
2,0.721105413080455
2,0.687367262211011
2,0.861077036254405
2,0.983402361944937
2,1.20104893499205
2,0.623440250002119
2,1.06118242783247
2,1.23147844236116
2,0.504018136872385
2,0.899807232073065
2,0.924653620651537
2,0.787054436243158
2,0.683990663383005
2,0.736644604903515
2,0.754288069352185
2,0.812422759292549
2,0.908335321833393
2,1.10219174066524
2,1.12819435318248
2,0.753967343033012
2,0.864131942290166
2,0.524353093606998
2,0.803728021119545
2,1.13656677766215
2,1.15225099548797
2,0.88518204295068
2,0.878984973914465
2,0.940228136731347
2,0.768533028931359
2,1.13969709792476
2,0.981643130563884
2,1.18638449725857
2,0.785203105543939
2,1.3152885529716
2,0.817243922993876
2,0.984679577574659
2,0.634961886594701
2,0.923478552341462
2,1.00957601054197
2,1.14101050874129
2,1.01458598483459
2,0.728593131554481
2,0.950997285653458
2,0.829706982746445
2,0.572174342691055
2,0.951386869847798
2,1.11677304644793
2,0.461356402441453
2,0.913477815768874
2,0.535963621024053
2,0.450885908767352
2,0.926333765349401
2,0.573952210234409
2,0.972044559834054
2,1.03538464459533
2,0.718168508236972
2,1.14093698665617
2,1.08534620041341
2,0.862288612595022
2,0.781369357336737
2,0.871076496019134
2,0.887369152213315
2,0.649626778962259
2,0.840795107940781
2,0.856406310327325
2,1.11783888348291
2,0.601134594786224
2,0.645512590633695
2,0.769561835767096
2,0.819484529609456
2,0.832078539953206
2,0.563147070852487
2,0.791208574895374
2,1.02850931949538
2,1.16438762801793
2,0.90069881421621
2,1.20000456564889
2,0.937830196409238
2,0.873269075487089
2,1.09639535212677
2,0.680305515339092
2,0.589708918174032
2,1.27289500863084
2,0.792702293054569
2,0.738864816223098
2,0.623606650396147
2,0.556635275443256
2,0.879621400418078
2,0.927590646566935
2,0.66006942521514
2,0.560722885515903
2,0.595482943376253
2,0.643264483408049
2,0.982621052379222
2,0.534888241819119
2,1.05893618206453
2,0.551296719552942
2,0.936743128359004
2,0.772885358459964
2,0.967270359802285
2,0.910896103962388
2,0.773165850011922
2,0.858602132546924
2,0.942188431987251
2,1.0080879524698
2,0.778819402917387
2,0.894281537472064
2,1.06166288610515
2,1.00881024489269
2,1.1537496468355
2,0.875502532409523
2,0.6932373719186
2,1.10528529606025
2,1.01076208744431
2,0.869959657737423
2,1.03314111025923
2,0.969097129923178
2,0.855124870301522
2,1.22115141870602
2,0.512519044699716
2,1.1194477214182
2,0.858287441539194
2,0.782973708580898
2,0.940145243208624
2,0.754834852468163
2,1.22812473960414
2,1.10251847467891
2,1.08346626435046
2,0.987660905192582
2,0.576216782933835
2,1.16716966236467
2,1.04870242720306
2,0.514243651614962
2,1.06955774444916
2,0.755806207859548
2,1.26607097968942
2,0.912358340967412
2,0.612199455198186
2,0.748220140805803
2,0.974212738938607
2,0.646470732209097
2,0.927752894204804
2,0.484554782237622
2,1.07145645986601
2,1.13010049568804
2,0.675594311331937
2,0.669840461973174
2,1.00438751249168
2,0.873266851005792
2,0.967361998498168
2,0.536070732910355
2,1.10753682971774
2,1.05349786823491
2,0.751959469702922
2,0.961419833152918
2,0.442096302008644
2,1.0147625764403
2,0.967986579747025
2,0.735072723523545
2,0.896296955796892
2,1.29223280295471
2,0.863352978494502
2,0.622291052062783
2,0.905942670417953
2,0.911506754243219
2,1.04449364402282
2,0.966452664924556
2,1.02614640048507
2,1.23141975747584
2,0.896833298210783
2,0.847523968097471
2,0.941148998733205
2,1.21898394026878
2,0.997660942998283
2,0.749249739290485
2,0.896243116254826
2,1.03433624005994
2,0.699015457262738
2,0.853769163683618
2,0.896102537255773
2,1.18450106502385
2,0.847176606365394
2,1.03760794972743
2,0.990324678296688
2,1.04880776498539
2,0.720621823820816
2,1.12718611485565
2,1.03250433479999
2,0.907983054675658
2,0.783098957063389
2,1.37642150706788
2,0.541377488061469
2,1.08039799193936
2,0.81458062228943
2,1.36931693638156
2,0.882694150997159
2,0.433185213509446
2,1.00618154540059
2,0.993094959509819
2,0.889086362101628
2,1.02466863815368
2,0.520644285831367
2,0.530787260017114
2,1.3724215496322
2,1.1204365172639
2,0.95802294765184
2,0.869989243597133
2,0.559888587524817
2,1.00056432168355
2,1.04223279146089
2,1.17295325364097
2,0.570989312727825
2,1.16588867978292
2,0.967147214572543
2,1.00723616707948
2,1.01771864142014
2,0.90026716788337
2,0.910684296951526
2,1.01728754912663
2,0.503827272133407
2,0.925732273252494
2,0.514552908172495
2,0.62318928721434
2,1.11511099563258
2,0.818424994371555
2,0.884655379853381
2,0.403306537680756
2,0.566916095589853
2,1.02982134128571
2,0.601481654937247
2,0.752854488663471
2,0.676292007375601
2,1.04628020514759
2,0.711261624716699
2,0.425049136253474
2,1.08295417417867
2,1.14663068883402
2,0.978367319172797
2,0.8078968155748
2,0.512346822043093
2,0.58146237233503
2,0.515812588160747
2,0.996749576173487
2,0.783311984174638
2,0.761128979056946
2,0.951073290728861
2,0.718144060861732
2,0.432886460602384
2,0.620230530502535
2,1.07496744425017
2,1.32468533051085
2,0.461810366658564
2,0.844715530190959
2,0.903255214214889
2,0.519951415857053
2,0.948228888680255
2,1.09756057883809
2,1.17133532554168
2,0.945465003953406
2,0.731056502643068
2,1.06497780779868
2,0.915501856222213
2,1.00958838559448
2,1.02308300953976
2,1.10554096717516
2,1.00720338168869
2,0.889304557372684
2,1.01122231988855
2,0.580594575403268
2,0.985394248317073
2,0.998485841502289
2,1.08653971550838
2,1.03977183404322
2,0.977040888261186
2,0.509200188237139
2,0.565880561942268
2,1.25259385707469
2,0.885921767652834
2,0.761122258027533
2,0.814660622250702
2,1.11903160066047
2,0.962773425130907
2,0.771363119939755
2,1.06495196502407
2,1.00636445048696
2,0.862606422086139
2,1.2129907131308
2,0.81308612151589
2,1.0714934332575
2,0.782499666538014
2,0.533279849203134
2,1.11247795054112
2,1.01441485332086
2,0.489891274688389
2,0.592777132660149
2,0.575813716596302
2,0.905621234969406
2,1.11833404704058
2,1.15091223924816
2,1.03361189461219
2,0.635219116918381
2,0.793176402144014
2,1.21227982797156
2,0.989023779643164
2,0.901994302713868
2,1.12406918255884
2,1.01235416920163
2,0.909654197461877
2,0.714246227874233
2,0.808275751174725
2,0.969488391670901
2,0.791843296476982
2,0.767072639421468
2,1.03967561601835
2,1.15755799794318
2,0.880609682488656
2,0.631030200487966
2,0.640747042821147
2,1.07180271295183
2,0.919190141684314
2,0.998733206526793
2,0.850436914654673
2,0.360355985096669
2,0.690431967350173
2,0.836712203259551
2,0.693334488710744
2,1.06236352392569
2,0.482746436672544
2,0.922088990394603
2,0.990274417341889
2,0.959049774247952
2,0.973324892477685
2,0.921962932145117
2,1.1814734221572
2,0.913107255577283
2,0.943620075572012
2,0.923179887834826
2,0.93958184658965
2,0.853523069089736
2,0.354206669577038
2,0.972347747363134
2,0.924241545370142
2,0.489974230184971
2,0.849192776818001
2,1.04718178825966
2,0.93097075646687
2,1.01571626700429
2,1.13298915935264
2,0.763717985014896
2,1.07203182175902
2,1.14863802460453
2,1.06874317829176
2,0.60702201463227
2,0.916303771055046
2,1.00701453588744
2,0.596163639008077
2,0.960987291151895
2,0.955719461826288
2,0.592607653547407
2,0.678819063589082
2,0.873811035795692
2,0.796597567031477
2,1.1293466118157
2,0.652840733016503
2,0.966673868464991
2,0.993259882477319
2,0.896304866611247
2,0.632243832323005
2,0.73535525433608
2,0.442104603998438
2,1.12632511824064
2,0.839000333972053
2,1.20984983620014
2,0.939988996487353
2,0.491963562544433
2,1.21901100257217
2,0.932576645272663
2,1.12212282401627
2,0.890314845049457
2,0.994202300551544
2,0.832053321718456
2,0.945113929696483
2,1.07641895963449
2,0.96324072357926
2,0.865290948394644
2,1.02745518169246
2,1.29073727430209
2,0.694957887820778
2,0.443100872532692
2,0.690789099288867
2,0.9661462100446
2,1.03828136174803
2,0.867080616956658
2,1.14527612775055
2,0.551936979801687
2,0.818022704731947
2,0.737740853076681
2,0.922033415608352
2,0.685816136168552
2,1.15541367783147
2,0.613014425565994
2,1.06454163107008
2,0.721378930404148
2,1.22319004090339
2,0.643003126794116
2,1.0861903367656
2,1.23372867188315
2,1.25170771103732
2,0.604128926969828
2,1.03818872945371
2,0.80930111537427
2,0.984983284684559
2,1.13548045192819
2,1.25035407597572
2,1.08054518696065
2,1.09472191962503
2,1.25914721290655
2,0.769573481313128
2,0.918329457012567
2,0.873885531834908
2,0.960358077381734
2,0.840598133463147
2,0.960216118463559
2,1.3698219239797
2,0.917255589903865
2,0.895317105628534
2,1.03644927403219
2,1.05268025082829
2,1.12392195056833
2,0.979872031403786
2,0.995856909230658
2,0.665886050278881
2,1.15034789756915
2,0.855127348259143
2,0.774448431723199
2,1.05608182288238
2,0.982631040672284
2,0.784980659331688
2,1.14636421326553
2,0.627210549273962
2,0.934609353974379
2,0.705430843582899
2,0.505731077810207
2,0.973225863711648
2,0.634246063011706
2,0.875279823586685
2,0.987552989165989
2,0.513729438877967
2,0.736030395031881
2,0.570773177893609
2,0.483883577586014
2,0.946289809527791
2,1.05013363492791
2,0.861002798282831
2,1.15316786844007
2,0.986074663081189
2,1.08477834386225
2,0.8473806641532
2,0.718677686972906
2,0.909363437717822
2,0.869539289269842
2,0.755783069557769
2,1.00125613211669
2,1.10304913089828
2,0.992799716579749
2,0.859236454195088
2,1.0440087011703
2,0.740986241584063
2,0.644939116385596
2,0.87906016300149
2,0.978342408894704
2,0.844249377539486
2,0.55265039944613
2,0.521283427691982
2,0.771151145421944
2,0.809951267712525
2,1.11719229079152
2,1.06532068273467
2,1.04465699965031
2,0.634582233691196
2,0.862920868942689
2,0.974359787289002
2,1.00647739956063
2,1.07290701089557
2,1.10189653365378
2,0.839259317655339
2,0.858989169563745
2,1.10633284619593
2,0.987215185067303
2,0.506877582121741
2,1.26869963641725
2,0.963220142392964
2,1.02514348060177
2,0.676922531222665
2,0.8652801400545
2,1.26613671738432
2,1.14991714382702
2,0.787063928361109
2,0.837800809272333
2,0.731876424911162
2,0.947782215679213
2,0.599296989041654
2,1.07868061840767
2,0.825831827870155
2,0.871635775454357
2,0.891124251448262
2,1.03944060421148
2,0.911663925194834
2,0.866437219987038
2,0.650185650343914
2,0.761338870010214
2,0.93597726878564
2,0.882874860481087
2,1.19702499694987
2,0.81758843528117
2,0.813437774748172
2,1.01112440049001
2,1.06289898144066
2,1.12425054863201
2,1.01120297976027
2,1.13950537436924
2,0.787361125019758
2,1.08654672415742
2,1.13562354969856
2,0.914637688896989
2,0.933640194652168
2,0.92984810053804
2,0.596197936620323
2,0.525610826814904
2,1.01327141504174
2,0.552497100400771
2,1.00369317053332
2,0.678109739493724
2,1.17183208150031
2,0.980087897256183
2,0.900602381143435
2,0.769428069971362
2,0.901718044808669
2,0.487939068159295
2,0.786471906909833
2,0.818372086195143
2,0.883810489260515
2,0.760947530943978
2,0.86730154977721
2,0.68699642054505
2,0.850079571395374
2,0.556212224829404
2,0.773516286892959
2,1.07108732542736
2,0.672261599062022
2,0.906507649372359
2,0.667386426337134
2,1.04922711295298
2,0.763440553798215
2,1.05348118596103
2,0.894989802848585
2,1.07509017532049
2,0.659017092568624
2,0.953248562401782
2,0.709943729631535
2,1.12177964993767
2,1.12776955870839
2,1.16579842317161
2,0.828804856186277
2,0.801717428788894
2,1.04603492996636
2,1.10838608109753
2,1.1082553213027
2,0.950682321345905
2,1.05996451523841
2,0.944001032534766
2,1.14374399212907
2,0.856975956073588
2,1.24117596124994
2,1.08238286826057
2,0.523665649991282
2,0.957132468375419
2,0.878079101365891
2,0.991555116468348
2,0.932155151936692
2,1.0117236839415
2,1.05459240745828
2,1.04707965956855
2,1.04266220951554
2,0.962503821315716
2,0.607813430488054
2,0.973971554070975
2,1.00924600123543
2,0.860068012633668
2,0.814523041202389
2,0.687829983586806
2,1.27900124065023
2,0.986684755558299
2,0.676974038871531
2,0.946980309576555
2,0.562239201114526
2,0.959559139786953
2,0.908626117133656
2,1.03042882467686
2,0.612374670855705
2,0.905140608789228
2,0.856534678608515
2,1.30844956481579
2,0.800148939806271
2,0.998366354093982
2,0.838117102857253
2,0.890055091284442
2,1.13932329840495
2,1.25134255677497
2,0.670482304797495
2,0.504783550981636
2,0.685477607130868
2,0.969435655188664
2,1.05755531857834
2,0.662995988009214
2,0.587282182381892
2,0.926762391942597
2,0.870886194437617
2,0.886509856542857
2,0.884153604945166
2,0.752003389494906
2,0.876494316854432
2,1.09419332157389
2,1.14357612555962
2,0.949018391979552
2,0.817793317023826
2,0.987432210022805
2,0.653386379597382
2,0.828401775301788
2,0.843778233511045
2,0.884149198710754
2,0.683867232852317
2,1.1217671117067
2,1.04936136810987
2,0.978761213887806
2,1.07687828809271
2,0.782877675598371
2,1.01867133845558
2,0.61786243249018
2,0.632182707203124
2,0.904111711763992
2,0.561718528538297
2,0.922253110386926
2,0.625905658808701
2,0.491049002099236
2,1.10044684219389
2,0.865377300956592
2,0.913057081372505
2,0.97810192080343
2,0.963693300310853
2,0.838022663826763
2,0.45280394175214
2,0.913179474957481
2,0.537638555400787
2,1.00504082329475
2,0.60316854672733
2,1.09270445385998
2,0.566017620432647
2,0.940479847886254
2,0.591037992551244
2,1.0095208449552
2,0.510187990073198
2,1.04243732973701
2,1.26595038413091
2,0.963641729274144
2,0.744156901926277
2,0.77512937289511
2,0.83663861105961
2,0.914061950345437
2,0.900578692876007
2,0.791111629355847
2,0.893432954706194
2,0.504531821988766
2,0.979477499513002
2,0.947572509083745
2,1.08623775096841
2,0.775543742945956
2,0.486068087051862
2,0.512704585283256
2,0.977461542071417
2,1.1071662128354
2,0.969661973331966
2,1.0959191138794
2,1.22279001526465
2,0.749654706226877
2,1.00313679550831
2,0.898099463438817
2,1.13905888890299
2,1.03085086415297
2,0.718304485811169
2,0.611049431884275
2,0.969321159963091
2,0.969514003330659
2,0.843547730252585
2,1.0090175002905
2,1.01466287910446
2,1.08726123018987
2,1.06838299125575
2,0.707407044176204
2,0.850309230598143
2,1.08068141617453
2,1.16454768447169
2,0.769685441895007
2,0.85327153285959
2,1.1504556403908
2,0.971651919550332
2,0.796456788885953
2,0.931424506872608
2,0.881137474658665
2,0.464879498353271
2,1.21613797339846
2,1.1576508998352
2,0.73042863123734
2,1.02127179282335
2,0.888512514824553
2,0.961511065628796
2,0.907573723719695
2,1.06019428052782
2,0.949532543803063
2,0.869945185643665
2,1.13954966088776
2,1.19287377878089
2,0.972214013137676
2,0.667733123602103
2,0.939077509987477
2,0.549661529862119
2,1.14018233875066
2,0.858717748136661
2,0.727873188083616
2,0.584688657641518
2,1.1089284482376
2,0.992727683246243
2,1.23763869003027
2,1.05811136948755
2,1.005486359279
2,0.924397774561461
2,1.01478644516406
2,0.540722106860343
2,0.99034514957699
2,1.0507109305445
2,1.24333005037385
2,1.10708748994782
2,0.956379091365036
2,1.04683991050818
2,0.676391998461171
2,1.13160360373391
2,0.974860845814673
2,0.903484372237665
2,0.693752380482268
2,0.792432627099229
2,1.22578048028151
2,0.953681121271939
2,0.966518107526478
2,1.00158280290852
2,0.89320741133785
2,0.904012085702239
2,1.30081261012586
2,1.02815951072157
2,1.20595431890925
2,1.14092683756814
2,1.25555641340899
2,0.786416773014995
2,0.879062540547022
2,1.06686962609678
2,1.11227921604491
2,0.580711026302149
2,1.02362709244617
2,0.437619555493769
2,1.11565069827432
2,1.13110734147118
2,0.809184324932421
2,1.12639331256585
2,0.428485803841486
2,0.947804219352684
2,1.15027454550805
2,1.11811783493494
2,1.13046493166058
2,0.669465162214849
2,0.84338578760947
2,0.924853061386317
2,0.985008409094783
2,0.959992914514005
2,1.03510744311788
2,0.932369432969312
2,0.973957902986147
2,0.922066302134222
2,0.447265221855031
2,0.72516820816722
2,0.59368232723828
2,0.638051407238637
2,0.625952447156333
2,1.23007876738736
2,0.753410869679489
2,1.04849082928427
2,0.960875880383936
2,0.904349563848145
2,1.12009593738462
2,1.02195156282477
2,1.00662583595775
2,1.06549224157568
2,1.06072025337314
2,0.789432859246865
2,0.832857233895823
2,1.13970317701929
2,1.06112458742762
2,1.04844642976445
2,1.20489618991832
2,1.30691396808096
2,0.8859046125628
2,0.877241757787305
2,1.04615071720782
2,0.820160427349039
2,0.579678353469347
2,0.993864489842892
2,1.16568493328655
2,0.555190913907436
2,0.535678052001192
2,0.633967330693769
2,0.865320139446696
2,0.952162413207672
2,0.837243333310819
2,0.703106600644892
2,0.974425217983407
2,1.03371826544251
2,0.883620108263404
2,0.634908484374589
2,1.03744145199871
2,0.730366617481857
2,0.766554490761235
2,0.929134721484548
2,1.02574769875623
2,0.782862069096812
2,1.40870610783528
2,0.683819337518629
2,0.836947738889788
2,0.656442012207341
2,0.98607917140595
2,0.914840613891267
2,0.993568913908165
2,1.11341551656389
2,0.845899299683402
2,1.18872078716809
2,0.879036434158973
2,0.955961256537953
2,0.920087939380858
2,1.14457847261261
2,0.737159655642035
2,0.917992115901539
2,1.00802228278763
2,0.869931109327105
2,1.25656017986826
2,0.811614589733944
2,1.09370398775781
2,1.03747856384586
2,0.683488033907844
2,0.857041116165535
2,1.07506653334757
2,1.04234161018406
2,0.905114237457254
2,1.06107885611516
2,0.53737689612662
2,0.560368082460648
2,0.981381938429236
2,0.901427332940807
2,1.10791741986522
2,0.938239824182625
2,0.71732365763219
2,0.894196101667036
2,1.07684816517343
2,1.02958100041744
2,0.629222433427109
2,0.617849479026626
2,1.02113689277179
2,1.26513873998517
2,1.00144335728488
2,0.945289089072563
2,1.06886602949645
2,1.00052967492319
2,0.861445312326925
2,0.693505039366026
2,0.891521174232778
2,0.694413105308698
2,0.75889835223399
2,0.922043292305286
2,1.00054750928641
2,1.1728145271308
2,0.530255263245118
2,1.09665291172519
2,1.01814088761304
2,1.10494938280986
2,0.868515367254563
2,0.78161299457184
2,0.527782856623499
2,0.82873869680061
2,1.05252583103692
2,0.558160893136428
2,0.567008681768631
2,1.01408300436178
2,1.03760747482394
2,0.893335346777301
2,0.91082592365139
2,1.0896946751895
2,1.09187428461449
2,0.611358458222927
2,0.975658368412792
2,0.975211862712577
2,0.975834833579467
2,0.716705483843652
2,1.06849388234177
2,1.09613721430598
2,0.314042963381517
2,0.877092345943944
2,0.985159774085299
2,0.563836728411923
2,1.13987276236528
2,0.570276488668104
2,0.921595629492994
2,1.0937877149285
2,1.03157354715734
2,0.96683565321071
2,0.540784799225798
2,0.936891821944031
2,1.34215334382033
2,0.660863664610646
2,0.669967593969661
2,0.524241713328332
2,0.888953951573242
2,0.849974921934428
2,1.1770428529036
2,0.456658859302884
2,0.715928785804713
2,0.850609060816554
2,0.980157281866666
2,0.937338518378157
2,0.735090552865135
2,1.09267285663471
2,1.02610428808181
2,1.0042918617717
2,1.23012246238624
2,0.922959848470346
2,1.21500023776424
2,0.447552499526404
2,1.11598046357282
2,0.828814922359488
2,0.76405744656721
2,1.06245751273243
2,0.837921848832133
2,0.879804725687008
2,1.17469900034448
2,0.985580222938811
2,0.754373493548057
2,0.870403614059811
2,0.86838794249562
2,1.1725084011265
2,1.05804259933186
2,1.02277383901504
2,0.527400165865907
2,1.01296068900525
2,1.25326613354721
2,1.29949144289281
2,0.412225224514374
2,0.931747461308241
2,0.750507798757466
2,0.729310066569053
2,0.959257713357068
2,0.970547021792561
2,0.814057022679605
2,1.00188435737053
2,0.515822384709213
2,0.847095382946207
2,0.653422889206376
2,0.99003920623514
2,0.408904619743067
2,0.857414152645194
2,0.491674980983352
2,0.436520639367368
2,0.835642506026652
2,1.24563430250355
2,0.831191899221396
2,0.460458943267534
2,0.747617777340347
2,0.638634119081853
2,0.669279309926441
2,0.622402227487134
2,0.980566587040944
2,1.07712150204003
2,1.04545370679708
2,0.909447292750526
2,0.933258775019029
2,0.682114719199544
2,0.94874409145588
2,0.890580915029355
2,0.561562057743668
2,0.997807444576028
2,0.498353193415851
2,0.680585589389659
2,1.15716648118957
2,0.686075433929125
2,0.837689536509666
2,1.1783721831021
2,0.716973956933954
2,0.909761927495365
2,1.15445369484891
2,0.987775029881523
2,0.874597597392984
2,0.906785146490754
2,0.926455160807228
2,0.950451906823536
2,1.17443349660315
2,1.18644197061804
2,0.776965663076597
2,1.10227397146218
2,1.00953956856526
2,0.897308178186952
2,1.11745047060718
2,0.721945531112863
2,1.03923491514126
2,1.12774277733887
2,1.07106239685445
2,1.01741575893614
2,0.818835922712099
2,1.12728783610733
2,0.796742591952771
2,1.19503894990977
2,0.906495681014584
2,0.526478559934682
2,0.986254629295607
2,1.00025766804645
2,0.908778580370295
2,0.923641348806973
2,0.581206789014322
2,0.885191681909378
2,0.415283591843568
2,0.963246553118052
2,0.85073213406427
2,0.994940322650062
2,1.04938318238961
2,1.25944783874572
2,0.524367651558603
2,0.818927408512735
2,1.06250874283353
2,0.850879703132725
2,1.21485235092135
2,0.83017809505586
2,0.687182656785878
2,1.26435997948094
2,0.643805530118301
2,0.821833814889468
2,0.981047115722256
2,1.06352006627982
2,0.849872231813312
2,1.13024193975332
2,1.20283076383827
2,0.999354276367478
2,0.723676224128195
2,0.673864956866558
2,1.09284261892664
2,1.07933067327014
2,0.993524500432592
2,0.768552211272513
2,0.79631666928414
2,0.940574056983964
2,0.320138480798516
2,0.537634185725816
2,0.699553769709613
2,0.818220205235039
2,0.916027069029807
2,0.883217938604586
2,0.84059610302767
2,1.06098559545958
2,1.098985721341
2,1.16780323651304
2,0.721048574776355
2,0.809167011865174
2,0.901751063773444
2,0.780700134224631
2,0.99008285785137
2,1.02806711006164
2,0.49075470033713
2,1.05181576533777
2,0.615683623022729
2,1.10090162736442
2,0.659745666104049
2,0.99193703220289
2,1.10065231266208
2,1.05228590746911
2,0.656706744138112
2,1.08959029160194
2,0.470223327140662
2,1.00686868717076
2,0.684268861290879
2,0.984180719941911
2,1.20840415757955
2,0.638140326548145
2,0.622603599787622
2,1.0618924982577
2,0.702553049035992
2,1.03824223141297
2,0.692361225320252
2,0.941005347056189
2,0.885059626629919
2,1.19933167060527
2,0.873954114851869
2,0.723654998413122
2,0.429792282501834
2,0.658313023063566
2,0.897327211120757
2,0.646570978809273
2,0.98684161247847
2,1.20418331230924
2,0.498016621069947
2,1.13932097465147
2,0.91049756780395
2,1.12046728412927
2,0.96965674098964
2,0.82452431964404
2,0.750189576366532
2,0.895574797119705
2,0.937547081642513
2,0.41994070496891
2,0.485900983125867
2,0.891435100953953
2,0.932465573775224
2,1.08972505834729
2,0.641428472577816
2,1.06382324806297
2,1.09652891876408
2,1.00618227878791
2,0.953621473423364
2,0.740879716906363
2,0.754372880053098
2,0.944235209254455
2,1.27009596795831
2,1.02909272659978
2,0.941176775883889
2,0.802408038871563
2,0.510057890635373
2,0.654227973578092
2,1.07472964971536
2,1.4412539526733
2,1.05242879382375
2,1.16186956565382
2,1.14788955059768
2,0.956429062601755
2,1.05363877802433
2,0.584423336197995
2,0.862166140108905
2,0.85571871829288
2,0.825185306741579
2,1.00673452366073
2,0.680368988428106
2,1.11724526176944
2,0.946873738837156
2,0.956196471848078
2,0.789829976100432
2,0.701659208144327
2,0.859282333346932
2,0.934650773865199
2,0.4766196811581
2,1.00634772511829
2,1.00144260201108
2,0.935728345532418
2,1.0638882596001
2,0.779047184289788
2,1.02304399607517
2,0.834467133059256
2,1.02135905550186
2,1.03745963800699
2,1.05331607925103
2,0.640696191879173
2,0.802059439447615
2,1.29247911453214
2,1.05286323753369
2,0.668747653068951
2,0.955558078697619
2,0.705421705637599
2,0.931262790795539
2,1.09470514599589
2,1.11433558421307
2,0.567894205168397
2,0.949237355003178
2,0.750259115609001
2,1.10417068028099
2,0.877972148214757
2,1.15489239910874
2,0.942663263692873
2,1.04728999926061
2,1.20384040677173
2,0.692165634599314
2,0.894520785119295
2,0.798765684586983
2,1.15471920711047
2,0.949980982870921
2,0.435588271183427
2,1.01971715410389
2,0.989973439152642
2,0.998507638711975
2,0.795747754217317
2,0.737232910933897
2,1.0285391015084
2,1.01449871149698
2,0.915685953710469
2,1.084282400147
2,0.99972071910688
2,0.84793695022147
2,1.12402637826152
2,0.598321558352213
2,0.523314893516606
2,0.87655816946433
2,1.13367731029653
2,0.984329222221843
2,1.06911926142327
2,0.873719603655761
2,0.54122243613244
2,0.834331309266139
2,0.753335608965878
2,0.560823672169192
2,0.674723518792091
2,0.441584804702531
2,0.798122283636525
2,1.01758827098078
2,1.16016752200527
2,0.887219954282279
2,0.611824600237076
2,0.54246519601522
2,0.873308985553396
2,1.06311964818772
2,0.828776673136009
2,0.891325799368515
2,0.993621505624967
2,0.976275847862075
2,0.444995020584919
2,1.20288673709194
2,1.01098123498371
2,0.873805429057453
2,0.9307949948332
2,1.01432175062045
2,1.07486016374001
2,0.96744266681021
2,0.82629531366036
2,0.98406651171036
2,0.566587022383461
2,1.04049822498632
2,0.979268455673555
2,0.968293120523497
2,0.76434403183987
2,0.907906558816371
2,1.06546135135827
2,0.577903393940107
2,0.992144049736618
2,0.995266155100799
2,1.19220109602909
2,0.966889451162579
2,0.905086877477937
2,0.667873251618504
2,0.962748479646553
2,1.05148428863251
2,0.984952965090532
2,1.02022824419609
2,0.480649983080547
2,0.983059963984457
2,0.699589301187639
2,0.533179753301178
2,0.932729555152558
2,0.865750276772906
2,0.527971913390702
2,1.22359821747609
2,0.827890487363923
2,1.175562645293
2,1.025483032153
2,0.939286863616615
2,0.964385073281097
2,0.821878753437863
2,0.755090524316248
2,1.07820072884241
2,0.845207291259992
2,0.942156536947486
2,0.473735244722567
2,1.04153916330584
2,0.601523506419344
2,0.619195619337862
2,0.86280368008461
2,0.939716509889159
2,1.08427589835356
2,0.984840936838491
2,0.481567073993581
2,0.968249346581042
2,1.06566619942044
2,0.790017347108351
2,0.73164656066386
2,0.998510298958749
2,0.865718771393267
2,1.02718070174435
2,0.815482278940267
2,1.27078742799392
2,0.773403837706327
2,1.13064537788954
2,1.21509421051385
2,1.09197416401335
2,0.692414007043967
2,1.06415198638356
2,1.03931852876823
2,0.909940975095068
2,0.952905639804158
2,1.15329795546645
2,1.02572816993667
2,0.956589984503609
2,0.770344791733393
2,1.10853758344368
2,0.972904570931865
2,0.93751036040146
2,1.1535224856563
2,0.458870590843696
2,0.785929881045962
2,0.652429492489785
2,0.927517892388958
2,0.861127828830927
2,0.83909086854922
2,0.869894941717764
2,0.555395259806391
2,1.03960017815176
2,0.919967950527035
2,1.22860246093893
2,0.987456643494197
2,1.07037435595729
2,0.991719800000844
2,1.0788499214342
2,0.548149871002776
2,0.841944318423048
2,1.08174746137421
2,1.14032075037528
2,1.30517146906601
2,0.506967740612685
2,1.01244438434168
2,0.935349655963035
2,0.600546216133578
2,0.674805919194344
2,0.628812331485433
2,0.789656230358382
2,0.945724621911243
2,0.955239170957962
2,0.92061197921023
2,0.953155500222521
2,0.930900149647376
2,0.926448726408845
2,0.674839666677861
2,0.841872945853506
2,0.830058411221948
2,0.776438845857662
2,0.842320900563728
2,0.956882676696875
2,0.997708804065763
2,1.17586147403983
2,0.991420282518837
2,0.822588397648043
2,1.10904208142546
2,0.981996233894765
2,1.01791328883383
2,1.32907130613117
2,0.975744852234568
2,1.2617695140162
2,1.07085890085237
2,1.2767668867078
2,1.04111260504062
2,0.966574202777674
2,0.574686775097554
2,1.04762115580637
2,1.0878050961861
2,1.00321326228591
2,0.710686326315128
2,1.0136371161258
2,0.959499870750964
2,0.513631435546306
2,0.464281198071904
2,1.05892314345638
2,1.12236078875403
2,0.974524093094991
2,0.995820044071874
2,0.887465550535067
2,1.10244824026047
2,0.965283854265465
2,0.651725514739793
2,1.00150956700717
2,1.02221666669956
2,1.05736145791732
2,0.543949977359376
2,0.682817135385439
2,0.794619486180743
2,1.12524199464429
2,0.908630483176336
2,0.582425687003172
2,1.12475348323129
2,1.03625986003771
2,1.14342293763376
2,0.946431405610815
2,0.967491468980289
2,0.491448558109174
2,0.993044430304783
2,0.499901137294853
2,0.451070723210397
2,0.749957923800234
2,1.15385869360464
2,0.96299694532742
2,0.951297065168796
2,1.17687200788073
2,1.00636487671015
2,0.906370275356192
2,0.824377507752298
2,0.927628696719626
2,0.792606968513884
2,1.17173695782125
2,1.13224193724249
2,0.913608480575431
2,0.910566986642092
2,0.732200410486039
2,1.1774045269013
2,0.599300476648195
2,0.870267565859032
2,1.23512572038176
2,0.536473831500003
2,1.02114067062135
2,1.06278954925336
2,0.996984177672102
2,0.677851245217095
2,1.09073961344566
2,0.907451176834481
2,1.24209442994647
2,0.886714000604545
2,1.07148396228226
2,0.599783502669404
2,1.17872898236549
2,1.11583251036547
2,1.09064235428578
2,0.906665743847559
2,1.20983046462556
2,1.05469961780005
2,0.605688418826704
2,0.967255271863527
2,1.15983142517165
2,0.963416780120299
2,1.19746699399807
2,0.523700340553866
2,1.07559974664439
2,1.34781536988843
2,1.05844866586074
2,0.977628830418394
2,0.597534557972186
2,0.634747850383798
2,1.01404917875354
2,1.01032317328013
2,0.943384231169887
2,1.14284176465161
2,0.779491436071598
2,0.937408337616491
2,1.01818568738529
2,1.11909977705312
2,1.21190131573088
2,0.687092434580702
2,1.04738907578863
2,1.09354921086167
2,0.879713267009258
2,1.01716840318723
2,1.13978406516426
2,0.926440403455815
2,0.783234600242108
2,0.818747196797873
2,0.691258715133083
2,1.00567333844998
2,0.575348826466761
2,1.0744957168756
2,0.572634615782452
2,0.92588092948912
2,1.02300810024595
2,0.390841073612507
2,1.02569929753004
2,0.609894112687159
2,0.930197129837357
2,0.815561337694995
2,1.13168827081547
2,0.860339326259029
2,0.820859043251867
2,0.886694853005578
2,0.91186648644024
2,0.567414515442047
2,0.844483710906038
2,1.01762506589336
2,0.528852421765723
2,0.929559675031718
2,0.913388988406649
2,1.13064116903093
2,0.938446224432631
2,0.824828966967454
2,1.00065548429873
2,0.630333443364888
2,1.0523348780706
2,1.18756272882997
2,1.00673209597613
2,1.12751470569737
2,0.934273782925795
2,0.910309415616507
2,1.16192316525843
2,1.14845517126833
2,1.00158533734828
2,1.10473631791998
2,0.888280393442646
2,1.04789403350308
2,0.940648552963007
2,0.991671313187801
2,0.896114984237473
2,0.978626206614827
2,0.562634634118668
2,0.949775142726017
2,0.970736056256673
2,0.885556530827912
2,1.12989395559824
2,1.19088424446954
2,1.00579353834872
2,0.949476339937444
2,1.04167438102923
2,1.03833214574214
2,1.0046110300384
2,0.823516614088962
2,0.874018242888052
2,0.607293587403331
2,1.14488207021572
2,0.563294858417141
2,0.567889270457054
2,0.784136283873969
2,1.03894829300644
2,1.05945664648618
2,0.857187901381285
2,1.17963952160642
2,0.900579135786901
2,0.583717680534291
2,1.03661008801225
2,0.960138307626378
2,0.644730940834465
2,1.00801410559206
2,0.908555528508956
2,0.834142535181373
2,0.843790039158322
2,0.85171371317503
2,0.977077022102956
2,1.0288048027294
2,0.928231477815368
2,0.934257061939238
2,1.12355058767611
2,1.06685584522647
2,1.15618436368957
2,1.43752873493227
2,1.15241201037657
2,0.947107208844013
2,1.05950553379714
2,1.02278640086813
2,0.640666844928276
2,0.974864661802226
2,1.11440772866082
2,0.854202229297381
2,0.657781688848925
2,0.762178016480193
2,0.599730366949476
2,0.763227439299655
2,0.907160947054672
2,1.12608130629698
2,0.749301737762229
2,0.569646254676052
2,1.21805565507512
2,1.13118575433975
2,0.789118671308065
2,0.74691500249708
2,0.853215035842077
2,0.846881161711607
2,0.579147080533812
2,1.04196847406385
2,0.925387859487589
2,0.972601618034517
2,0.846505305643986
2,0.441537698964358
2,0.897162384290047
2,0.95588850967516
2,0.573040028464307
2,1.14261121502102
2,0.871108042508146
2,0.68668151192209
2,0.736872348461095
2,0.898932615584596
2,1.04404332523667
2,0.75800088416802
2,1.11852889034939
2,1.1194951239943
2,0.973696688470613
2,0.829585626284369
2,0.850299341515889
2,0.859487173065808
2,1.0407747692233
2,0.712804056522383
2,1.11470723724354
2,0.90959711978723
2,0.833183196784036
2,0.624157942599024
2,1.26909575008579
2,0.633802776197381
2,0.453137617681053
2,0.812012940954405
2,1.02352041892487
2,0.80342868806841
2,0.908907491000645
2,0.964510770305338
2,1.09330400926911
2,0.96097065491647
2,1.14823538449851
2,1.04436854341013
2,0.982244591066135
2,0.532871946425382
2,0.649300564160702
2,1.12096967854149
2,1.22262098894242
2,0.730409030393526
2,1.04478409394274
2,1.17836468673576
2,0.655919036129239
2,0.97561098651338
2,0.655326321392902
2,0.892273606603432
2,0.664331639320592
2,1.13674899977064
2,1.00426162191853
2,1.11337841356572
2,0.705024766066362
2,0.761967068182915
2,0.928783317496234
2,0.842067890337343
2,0.897390318650975
2,0.953542191878289
2,0.809104445226987
2,0.906402735408027
2,1.06493398419828
2,1.03460637097899
2,1.00811487736812
2,1.04625733783025
2,1.22272910953446
2,0.895887545636249
2,0.944584050002894
2,0.952367760236516
2,0.847817625304941
2,0.671290335177585
2,0.805968761487235
2,0.554013564725613
2,1.12096044329824
2,0.832666573857377
2,0.410522907782203
2,1.10668070952263
2,0.595674956815452
2,1.02129099579693
2,0.566091112782135
2,0.937103267083969
2,1.25327542018289
2,0.831735913135244
2,1.03159286314381
2,1.05753652695463
2,0.76316921999988
2,0.902092869143048
2,1.03517359935812
2,1.05684906652878
2,0.953278263325957
2,1.12129880434997
2,1.11973667358958
2,1.03341046769574
2,1.01467842279336
2,0.914117205345693
2,0.889330396109808
2,1.00346937860443
2,0.973659241623622
2,0.686684353572708
2,0.482956090335786
2,0.913410108784742
2,0.572492939295194
2,1.07747477981121
2,0.591575516910527
2,0.855375135694666
2,1.11044066463035
2,0.752581318518038
2,0.879926883526082
2,1.19766984240666
2,0.421269165785453
2,0.917885536490459
2,0.83236330240987
2,0.828913513121492
2,0.791461697291442
2,0.89275896929696
2,1.32825158747709
2,0.446041209012316
2,0.382258968133434
2,0.952116768029027
2,0.892248128185022
2,0.791916069527663
2,0.764279141415003
2,0.967610026219547
2,1.10826563436237
2,0.840296714774631
2,0.834207558690108
2,0.746930136919716
2,1.06518162487081
2,0.70429047594927
2,0.772968446294779
2,0.816627717794862
2,0.979515319685506
2,1.0489428321524
2,0.952432380689401
2,0.698742014849239
2,0.509349421585349
2,0.894988798820128
2,0.65680953226191
2,1.0454333297295
2,0.847479396100474
2,0.896467695570718
2,0.967079232265306
2,0.715240088613501
2,1.00142755829857
2,1.14903868364897
2,1.21560103283463
2,0.51712539730917
2,1.01955035055227
2,1.07779865781805
2,0.768909918600799
2,1.29512311619083
2,0.764128364220509
2,0.976483087144235
2,1.02570842686521
2,1.23306296794536
2,1.23705201097593
2,1.03633962707728
2,1.24695682127551
2,1.19758309277277
2,0.845005599863303
2,0.739856367336972
2,1.13722863726002
2,0.99201282764345
2,0.733939308812187
2,0.650425123076647
2,0.669846378843648
2,0.914854378033955
2,0.847033006448991
2,0.964705936083487
2,1.02046039818667
2,1.01954337912657
2,1.0692925863983
2,1.0521588421294
2,1.23699025204321
2,0.433930104251353
2,0.904967723360314
2,0.658794218261185
2,0.661882916748829
2,0.647958296379003
2,1.26830307382356
2,0.796902139098832
2,0.657174737347749
2,1.01407965658483
2,0.968093212515156
2,0.812233332665785
2,0.598887527268288
2,0.753160461516822
2,1.32109457249489
2,0.918604440177956
2,1.03666711743548
2,1.13811581371238
2,0.774029463989025
2,1.40147415803324
2,0.752189914381891
2,0.992365282136949
2,0.545282393642252
2,0.659745061151482
2,1.15298939804472
2,1.12635979395023
2,1.08773269020213
2,0.575091773684336
2,0.584597922977607
2,1.18691293075692
2,0.553014652649278
2,1.30302848823383
2,0.716095904696135
2,1.06849954406052
2,1.13168809383376
2,0.967491799858425
2,1.12267961872048
2,0.923741008709278
2,0.51794383079637
2,0.403296125160508
2,0.695654624346919
2,1.2560105329238
2,1.04776078596872
2,1.20990143577979
2,1.16319407482544
2,0.783115052085377
2,1.43641152383923
2,1.17536302343852
2,0.397271368713205
2,0.923531989928796
2,0.862296729137702
2,1.32002087328237
2,0.938999843693405
2,0.760183302086523
2,0.827231569436907
2,1.03078689636975
2,1.13289534673212
2,0.984708956550405
2,0.869933244726137
2,0.863245737877726
2,1.09216920063715
2,0.735260841621209
2,0.882320565889553
2,0.93976227084641
2,0.970602267512683
2,0.809582820561287
2,0.853185428091656
2,0.900713833891496
2,1.20209715283639
2,1.03079593319576
2,0.838784776585531
2,0.641588348089886
2,0.886890764114489
2,0.684645775601495
2,1.08737416282131
2,0.980468763595202
2,0.862502687596119
2,0.854633328719214
2,0.98496408347921
2,0.743072759049556
2,0.773289877711606
2,0.496583946185221
2,1.11298775942564
2,1.13373945625544
2,0.678121001942545
2,0.824530837598826
2,0.76998902397919
2,0.625700823921559
2,0.70539958963167
2,1.13535121978356
2,1.04546921314121
2,1.04519763912742
2,0.924438852458964
2,0.954084230472394
2,0.818451873654589
2,0.942555029671081
2,0.870434601036635
2,1.05740429672675
2,1.00157405573251
2,0.982466626832681
2,1.18958205071018
2,0.942936933982048
3,0.985033379122995
3,1.1711577462306
3,1.20758794332337
3,0.718871869532463
3,1.19357360328734
3,1.09095586394473
3,0.989856124058213
3,1.15069098681741
3,1.03702008110211
3,1.17485901515438
3,1.1269281606168
3,0.580530151964764
3,1.09573159437818
3,0.963905473571513
3,1.17138514272991
3,1.10298759443087
3,1.15814767767603
3,1.2398716645294
3,1.24185970596593
3,0.858895711395993
3,1.06918175738492
3,1.29405332927153
3,0.881137111489595
3,0.76726832404865
3,0.932520871811862
3,1.0716770907249
3,1.03022007983952
3,1.19059399393466
3,0.836853131400609
3,0.944470305993194
3,1.06904290230018
3,1.25997072989691
3,1.08520688274516
3,1.11757266452235
3,0.953358882116394
3,1.08641976920009
3,1.18134339642273
3,0.60295688253806
3,1.00358138354266
3,0.973787304235683
3,1.08351307985003
3,1.24424366876723
3,1.23676197440448
3,1.16304964968833
3,0.949217920546205
3,1.17894014399891
3,0.891816858843805
3,1.12337441947533
3,1.25369578448757
3,1.41038210821028
3,1.20078713916409
3,1.08400988612526
3,0.783586555945809
3,1.07136179458679
3,1.3414973055291
3,1.07372549252536
3,1.00442627639669
3,1.01497118708137
3,1.13757192381387
3,1.30298673559926
3,0.820309295608418
3,0.891444601888734
3,1.36408678621917
3,1.04950950070336
3,1.20000580990635
3,1.04769414193149
3,0.941750326338405
3,1.16250218907494
3,1.02624754437597
3,1.12871489329563
3,0.998200954569573
3,0.994998328011072
3,0.959258979811779
3,1.07070051241781
3,0.980292785132708
3,1.04621973460777
3,1.11005820840017
3,0.816017456059548
3,1.24934216801209
3,0.754975067820375
3,0.956746080274622
3,1.00941209817977
3,0.92841190209312
3,1.03394509659342
3,1.10002641872242
3,1.27593672579544
3,1.04561425244269
3,1.08905174373626
3,1.08477339721298
3,1.06836439913651
3,0.86554159139622
3,1.20877144466485
3,1.00068529380968
3,1.21259537267213
3,1.04150567215204
3,1.02262763230072
3,1.13253968867515
3,1.10584492948521
3,0.856873255339355
3,1.00030146107666
3,1.06650544126143
3,0.557177137168772
3,0.869429139877668
3,0.988681854952926
3,1.09445521407486
3,1.19237815253909
3,1.15817597040241
3,1.05820234709593
3,1.13411588280705
3,1.13964263549507
3,1.24287439432778
3,0.953045124798645
3,1.06203359844713
3,1.27797429459744
3,0.975322366998519
3,0.979071540712538
3,1.01957580691937
3,0.863269086837826
3,0.919543566704618
3,0.892746758800379
3,0.930453810433146
3,1.08231019756926
3,0.851970921087992
3,1.18784099437438
3,1.19250258999612
3,0.953774988210228
3,0.846901924792173
3,1.15992472712303
3,1.0680077379445
3,1.00529904672255
3,0.710923823637979
3,0.647921066195879
3,0.956220249427931
3,0.970093019043819
3,1.194202248311
3,1.39113912668803
3,0.964165163786189
3,1.27478925409778
3,1.24805530798097
3,0.82138855607654
3,1.01154330951868
3,1.14184342618619
3,0.759428188630339
3,0.960213646099386
3,1.14552703502476
3,0.816253496154315
3,1.18019566623514
3,0.889406606796566
3,1.19701663526866
3,1.11484947869066
3,0.934322018445849
3,0.80006551067895
3,0.947384979559197
3,1.18056704118909
3,1.09494232999544
3,1.10514751540489
3,0.947903350744161
3,1.06173636063524
3,1.10875154453085
3,0.965410500829202
3,1.01597289959696
3,1.29746482392997
3,1.01328868204596
3,1.1269353858648
3,1.2503936731223
3,1.24936285268697
3,0.888115088721949
3,1.21525402467089
3,1.07188805157988
3,1.30360818856878
3,0.672137328054174
3,0.943362035700703
3,0.732937498658295
3,0.60264121312249
3,0.999326687397486
3,1.06887049112346
3,1.23850467506102
3,0.985033204941725
3,1.1570272673778
3,0.667622305479527
3,0.876505435271498
3,1.06584582367996
3,1.27945712996868
3,1.04767082199301
3,0.978787547756946
3,0.693897189473415
3,1.30563240113617
3,1.01960045083473
3,1.20500189339178
3,0.727039904435234
3,1.04715808976213
3,1.27596632854049
3,1.18694522472302
3,0.649803367432787
3,0.887216357944484
3,1.33933861298009
3,1.07385706756625
3,1.00498785129572
3,0.839011444439109
3,0.79580616101898
3,0.961159807121293
3,1.25278172687113
3,1.23704573571556
3,1.03990873607125
3,1.09882762448833
3,0.974395938012463
3,1.02809560809124
3,1.5
3,1.00962047927839
3,0.95021199954666
3,0.76853684699428
3,1.20925246555737
3,1.11884505113333
3,1.10077452474768
3,0.716550444351787
3,0.989986964840005
3,0.969288200185501
3,1.05603812696586
3,0.803172731529481
3,1.20883293019651
3,1.14478682951924
3,1.02584934952437
3,0.769265855685845
3,1.22181301167087
3,1.18044099161962
3,1.27024955268037
3,1.2283255593032
3,1.11920953338515
3,1.1406063849926
3,0.933605996747208
3,1.28211918700584
3,0.67196738077322
3,0.888820680860302
3,0.652270755662523
3,1.04872399649493
3,0.929896523611935
3,1.05172292874289
3,0.793428964293556
3,0.78287643557601
3,1.10807501852806
3,0.972765369300346
3,0.861617220432035
3,1.06600577192444
3,1.14265651114923
3,1.00831138973945
3,1.15134101508399
3,1.23351665682058
3,0.885849025598378
3,0.713657474519065
3,0.954652224090901
3,0.98925848246707
3,0.651314395805891
3,0.98891492141194
3,1.11094658774086
3,1.08269644868353
3,1.08392760096722
3,0.860492291519169
3,1.12261137436903
3,0.926146924121327
3,1.28076347904103
3,1.05238246091003
3,1.24973545252154
3,1.01638393815724
3,0.73079769778957
3,1.22955126525007
3,1.15742239477044
3,1.1231203465241
3,1.09292000964505
3,0.939625180955146
3,0.883950113787145
3,0.928803784178282
3,0.95191623284952
3,1.15420947276428
3,0.762894733904317
3,0.879909605292361
3,1.13208740952141
3,1.31954984509031
3,1.1901417184259
3,1.1137102681877
3,1.18291505945908
3,1.19175825988178
3,1.09920973285569
3,1.08525446420824
3,1.2166331116542
3,1.10847379826938
3,0.585438092188298
3,1.01171371760232
3,1.16381354680067
3,1.00558887290095
3,1.08092986196797
3,0.919554841907357
3,1.20956405690653
3,1.01558065967203
3,0.881831679504023
3,1.14066569015451
3,1.02806221499741
3,0.928962143602122
3,1.25956180316539
3,0.892742087929414
3,1.14759585011918
3,0.999250509876929
3,0.713835459063485
3,1.20886809144668
3,1.07473694000086
3,0.939342251283555
3,0.81633739244994
3,0.729832545714232
3,1.24246514763225
3,1.2486873857765
3,0.935383441165724
3,1.28792328701229
3,0.767492163601988
3,0.73296143552437
3,0.893121151366852
3,1.09493795664824
3,0.701904980986894
3,1.09717579008374
3,1.20350740546732
3,0.981722132473369
3,0.98186982961376
3,1.06357034104843
3,1.1868631293666
3,0.99373992969729
3,1.17375274422258
3,0.454362877924271
3,1.12207061060487
3,1.04209747361509
3,1.20553735033138
3,1.01741405061141
3,1.3675621463062
3,1.20910672358066
3,0.876082211254782
3,1.02316394486697
3,1.20552955823666
3,0.794993176866799
3,0.958640565019165
3,1.18687188597754
3,0.636749739991746
3,0.918510849674056
3,0.969750918300786
3,0.877643206584364
3,1.15870978672085
3,1.13633155702492
3,1.20340106878611
3,1.32122610542155
3,1.13529167398994
3,1.18609077915731
3,1.19143280007107
3,1.17917061788935
3,1.18872453153663
3,1.25917873477621
3,0.980624540551358
3,0.74662802822514
3,1.10266032302328
3,1.09240476068886
3,1.19021357802146
3,1.06019105079172
3,0.920843826327195
3,1.19730026838096
3,1.07089233135598
3,1.25256888666817
3,0.975456091484723
3,1.32545265017975
3,1.0023039318589
3,1.31902377993474
3,1.216329451518
3,0.810162241606713
3,1.16140130302067
3,1.29352422509565
3,1.04208016913934
3,1.06108835430389
3,0.686855542355383
3,1.14076994084037
3,0.864460512027756
3,0.729468709450882
3,1.06899932978028
3,1.0473788311733
3,1.16221100669739
3,1.27106656623644
3,1.00040770571885
3,1.1646832044531
3,0.829572716478166
3,1.24892595369627
3,0.861973614185011
3,0.605365895227578
3,1.11045686338482
3,0.908317909645111
3,1.01281472157254
3,1.04935924876325
3,1.32270592197593
3,1.10135388871136
3,1.16940977698493
3,0.98691073750847
3,0.788777313613503
3,0.899227632137939
3,0.889871835599669
3,1.0136636859174
3,1.09712820297138
3,1.10295626833347
3,0.877280384732001
3,0.946643817485734
3,0.868313444944907
3,0.86032234189446
3,0.971412804866299
3,0.725262974760112
3,1.1658103588381
3,0.736107299321209
3,1.30740093424529
3,1.16440026360113
3,1.00224938138359
3,1.03871971735026
3,1.10164738723913
3,0.452772079606269
3,0.973759166714736
3,1.11866412943832
3,1.30316068748601
3,1.14220667207621
3,0.870344505126104
3,0.745154686571338
3,1.14605271249483
3,1.04827847789043
3,0.956710030456737
3,1.10382881154075
3,1.00997380748235
3,1.10433515508761
3,0.707278064589962
3,1.04070707289611
3,1.18960513074346
3,1.05114950436645
3,1.0901615944659
3,1.13155871619472
3,0.99432159378587
3,1.07487534860045
3,0.757189137016499
3,1.20182534683892
3,0.428446857548586
3,1.06571422044173
3,1.05450697047858
3,1.13435397986064
3,1.09173823976254
3,0.773346252816148
3,1.17363458055951
3,0.957644820149837
3,0.938964959459866
3,1.17379244786542
3,1.13163098053762
3,0.799958477267457
3,0.717234528727723
3,0.514951931657829
3,0.874383479475568
3,0.996201016810805
3,0.918276000086876
3,0.741539523780203
3,0.714819166999057
3,1.02586841604862
3,1.26354529793935
3,0.962276476397395
3,1.14527388813978
3,1.062723854046
3,1.35112919581489
3,1.06850670074669
3,1.10711787203241
3,0.88687797109151
3,1.29455153114469
3,1.00208997526244
3,0.976965011617717
3,0.79919141803233
3,1.1483933540152
3,1.21841552805779
3,0.977253674692812
3,1.1180499600493
3,1.0409089811385
3,0.99691394910515
3,0.691949196562404
3,0.923930356605632
3,0.955160460266661
3,1.04399219814841
3,1.09501091329923
3,1.07821885086418
3,1.17969948131205
3,1.05321286154625
3,1.28764928346303
3,0.769157595750506
3,0.810886308570588
3,0.96560129526417
3,0.764693418995608
3,0.774217594024519
3,0.608254519280997
3,0.858210436426458
3,1.12924820347533
3,0.866421885800908
3,1.20314258291634
3,0.741439039380303
3,1.10559814134115
3,1.25011134573327
3,0.86987626125648
3,0.977729477368041
3,1.10836437154843
3,1.0668401809721
3,0.919489903638021
3,0.942382070694504
3,0.574188695136284
3,1.08046792726616
3,1.08221027525334
3,0.917568612110416
3,1.11601506956504
3,0.990195547098441
3,1.07999205739705
3,0.884918704160808
3,1.2321535309989
3,1.15095941740663
3,0.925771416830289
3,1.24448245445202
3,0.773385632381748
3,1.18598504383961
3,1.18090990570228
3,1.09184537674569
3,0.641954343473756
3,0.556544529629006
3,1.07536020109522
3,1.0258135554128
3,1.16017039783534
3,0.978942025525161
3,1.13163726550869
3,1.21861016613079
3,1.2536453307305
3,1.20804130116175
3,0.904239976425156
3,0.739799349418472
3,0.829956417329848
3,1.11855007559644
3,1.02982669990178
3,0.944887916988131
3,1.09506145045356
3,1.23888844336772
3,1.16669178624179
3,1.36678926128512
3,1.09727043988245
3,1.00870139156908
3,1.08145065478632
3,1.27159352604759
3,1.0827223823312
3,1.12336831646905
3,1.13724177307386
3,1.20522061865595
3,1.34262372701284
3,0.930181845134711
3,1.15448159227586
3,0.829109493937343
3,1.12732114072404
3,0.88769127658947
3,1.04472598946467
3,1.24394392820013
3,1.16879069435527
3,1.20968561768692
3,1.12378266486382
3,0.629930316566969
3,0.957020608553922
3,1.15677222913446
3,0.946403752841934
3,1.21024927578567
3,0.530348784228123
3,0.957000928808117
3,0.685672167999349
3,0.853454072654152
3,0.643907192073019
3,1.10146699301757
3,1.05406691700706
3,1.14912501477674
3,1.1320419378849
3,1.13989676694841
3,1.08959708526343
3,0.813746388174535
3,1.02029951454448
3,1.09952103362941
3,0.976742999411384
3,0.913652162573518
3,1.0179584076835
3,1.37389253176437
3,0.671124573904087
3,1.01183459582437
3,1.11918524955601
3,1.0366694827318
3,0.449606323201315
3,1.0842563936119
3,1.2369649710872
3,1.01112964906471
3,1.0379980808663
3,0.920784230460136
3,1.35326628943815
3,0.841685102780551
3,0.647561857916095
3,1.0920222928263
3,0.815347814515492
3,1.16717090685048
3,1.08626210640611
3,1.05810987028576
3,1.05074358112683
3,1.26096661288839
3,1.19100038600919
3,0.970834881760872
3,0.617595153057571
3,1.17445123113528
3,1.25162027900076
3,1.04669674724102
3,0.62003486061629
3,0.963144233158372
3,0.900449900836462
3,1.17630886675548
3,0.891503609847056
3,0.830301761013036
3,0.867609849604262
3,1.10233586701938
3,1.04408262120495
3,1.23981821565332
3,1.03477525294374
3,1.05328933119974
3,1.09678451106597
3,1.14978764541739
3,1.26973879114383
3,1.11508432374146
3,0.85094718954469
3,1.16171286438
3,0.997043895933713
3,0.583714077056644
3,1.14874083911573
3,0.811713262149765
3,0.993872648594161
3,0.946686547031399
3,0.862261568478703
3,1.01942457407263
3,1.23331668065985
3,0.748998994448207
3,1.21991642498747
3,0.68034032473434
3,1.00365543340268
3,1.06113161360107
3,1.17657541566666
3,1.14647981345374
3,1.19398163472896
3,1.19335111560304
3,1.41107624315248
3,0.739958794441291
3,1.08650952180416
3,1.28074250039518
3,0.739030303532635
3,1.17060823723322
3,1.39752742114671
3,1.08299918819251
3,1.19204674558415
3,1.09861992477482
3,0.767231805930364
3,1.00375379250703
3,0.989551432852612
3,0.958332219331192
3,0.961476293106032
3,1.09663939753328
3,0.712123590024541
3,1.07501373577413
3,1.09640467625505
3,0.823204361688717
3,0.774204289946415
3,0.88571787087692
3,1.09472531907634
3,1.11455657533244
3,1.13468540505576
3,1.13769587245722
3,0.984887677082136
3,1.15094578113085
3,1.11429462779888
3,1.25547828875633
3,1.01018034916423
3,1.1223280390346
3,1.24375237217523
3,1.33376815062409
3,1.10927179370832
3,1.11928881889059
3,1.26192097155762
3,1.1590016873034
3,1.09312091502863
3,1.130854599347
3,1.31097644232645
3,1.32582998561258
3,1.32380611563905
3,1.15381945842852
3,1.08473552061301
3,1.09337144512334
3,1.1629970711767
3,0.852256729697637
3,1.05760176117451
3,1.14648459941247
3,0.97747483584005
3,0.992705496592678
3,1.04055849663089
3,0.71308692510969
3,1.28123713323599
3,1.03389844537966
3,0.568763898754691
3,0.95598172105861
3,1.25131220977237
3,0.699905224723228
3,0.664846826987415
3,1.20647145654166
3,1.04441662807542
3,1.11724919647781
3,1.1828182664944
3,1.04765248134845
3,1.13457394592388
3,0.870064779643604
3,0.995860921887275
3,1.15161888738451
3,0.789315355269232
3,1.23932136694646
3,1.16479084636125
3,1.30061520369957
3,1.08856079385039
3,1.4460974837085
3,1.15989987052176
3,0.991880170961406
3,1.14017719674682
3,1.00149930698681
3,1.03288376959972
3,1.09926512612447
3,1.29876563360573
3,1.11098611881187
3,1.17735285534611
3,1.01064993040969
3,1.12301176220792
3,0.998393162866865
3,1.17751306813401
3,0.614571254415663
3,1.03056007307199
3,0.968203014658682
3,0.675255707409262
3,1.33966010531066
3,1.13467303646102
3,1.09233892029515
3,1.11456697007114
3,0.79148825577154
3,0.901706485022425
3,0.529412551237186
3,1.1607042995696
3,1.05355454130926
3,1.00942979597565
3,0.950459598282838
3,0.686725430107266
3,1.0073825776228
3,0.653206276117697
3,1.06770915836123
3,1.09561604615438
3,0.887402221606391
3,0.863167080904695
3,1.07014703698434
3,1.25261682848494
3,1.20851362286193
3,1.12139600795392
3,1.17124722702562
3,0.72394512370022
3,1.14227906349375
3,1.25981711252106
3,0.92088720774745
3,0.973915388164349
3,1.07932880240873
3,0.951281662849304
3,1.19629833391655
3,1.20247799319895
3,1.24298152334824
3,1.43897147244799
3,0.817613874286885
3,0.95201012619309
3,1.31304699804864
3,0.96031163161874
3,0.777064691049682
3,1.3376439197676
3,0.951390733728398
3,0.849015225399095
3,0.940228254054033
3,1.09527430323086
3,1.11517740927799
3,1.17026031442547
3,1.35189192668163
3,0.92899308046443
3,1.01071017438955
3,1.08472704925925
3,1.01321656238558
3,1.30279670594928
3,1.3014605747455
3,1.30774430167953
3,0.518756389096836
3,1.19670875791553
3,1.02787394035249
3,1.11367619764088
3,0.971729993319188
3,1.07206144544939
3,1.15680379998573
3,1.16676571730154
3,1.40406345577828
3,1.19806604080104
3,1.28868266395671
3,1.14937766889114
3,0.722635456474417
3,0.587792101238898
3,0.977281043471558
3,1.08384176133864
3,1.22446496957204
3,1.06450110827458
3,1.18826335335097
3,0.946712269307194
3,1.06044558775669
3,0.816709673392745
3,0.813584855697548
3,1.17719626559516
3,1.31226273644688
3,1.05970245715184
3,1.09342890433918
3,1.00868785105967
3,1.36411950003548
3,0.940285987214546
3,1.09847217506575
3,1.06465741723133
3,1.05728713618354
3,0.69533458727497
3,0.777692402779524
3,0.73059901701761
3,0.979592942240746
3,0.77759849309865
3,0.774261093830264
3,1.0501980723901
3,0.881132606589071
3,0.766676013939601
3,0.912529898076941
3,1.19297183859894
3,0.784732309782273
3,1.13678651514439
3,1.31639252672524
3,1.0081251339826
3,0.947692817895207
3,1.0391742556431
3,1.02583556313339
3,1.08714653439848
3,1.35025490336102
3,1.27620810629397
3,0.968223377066636
3,1.16175215243565
3,1.02130623327834
3,1.0893112033802
3,1.37824370765094
3,1.12474501562914
3,0.893533150426331
3,0.954003430098859
3,1.16178764703127
3,0.927088593340145
3,0.984486938583198
3,1.14891388224104
3,0.996139538988226
3,0.881141844405049
3,1.05327090761677
3,1.05056440522307
3,0.970139969727395
3,0.883189987583194
3,0.955391578748696
3,0.555324143383541
3,1.1849820532197
3,1.07158657672842
3,0.953723175283374
3,0.970187382418265
3,1.05665483655818
3,0.95638851082149
3,0.784021307366819
3,0.870315005182853
3,0.959654592252128
3,0.574620537014704
3,0.650001184651266
3,1.14294510833433
3,1.03746585917603
3,1.33825421495364
3,0.975776837116718
3,1.01667520873321
3,1.11319212486572
3,0.990417142586045
3,1.1028359400247
3,0.985476391857746
3,1.26187876091371
3,0.988268486416561
3,1.08488485095731
3,1.16470733090705
3,1.29168060615198
3,0.879855730259272
3,1.1037942219308
3,0.977274345980251
3,0.657575783141914
3,1.23653903239449
3,1.35872398280203
3,1.25318155714045
3,1.05763632534126
3,0.811351836545091
3,1.21082923689722
3,1.11673061306846
3,0.591366359596326
3,0.749402053806567
3,0.719479715455308
3,0.976964832717242
3,0.891024681687133
3,1.10733342808691
3,1.2956038547507
3,1.17111179433236
3,0.92604983648272
3,0.869981436549469
3,1.26622011224056
3,1.18235986212947
3,1.09554408953603
3,1.16621377211362
3,1.23261672163731
3,0.739240415958817
3,0.488907259750846
3,1.16007222647977
3,1.23171932673958
3,0.940366839497929
3,1.21138003083302
3,0.928728951877071
3,0.944072368837754
3,1.01984662006638
3,1.0435933418232
3,1.2379819121241
3,0.451928381880556
3,1.0094194293614
3,1.08639252179398
3,1.08951724133615
3,0.945794460379231
3,0.909650869255789
3,1.00251084000374
3,1.17220949407092
3,1.26749997257607
3,1.14068281537843
3,0.901146282209787
3,0.957910963819777
3,1.02108068379469
3,1.15905579503924
3,1.25680474938299
3,1.18660180273588
3,0.850622133643768
3,1.04545952953687
3,1.1252518598576
3,1.04192770537626
3,1.06813170452605
3,1.21200141863934
3,0.85532953275864
3,1.05614437893203
3,0.695157712618588
3,1.04452313247038
3,0.788225037794926
3,1.1334585793078
3,0.980162859889327
3,1.08903252716425
3,0.97874756600391
3,0.944793491622112
3,1.19429073885818
3,1.23838377541675
3,1.12763472008994
3,1.20964539066552
3,0.926645698398195
3,0.873066851210811
3,1.06286876471489
3,0.925987174807295
3,1.16522934587168
3,0.834695429533385
3,1.11826840107181
3,1.07028439762552
3,1.15482812220471
3,0.988626421784812
3,0.588254548021111
3,1.23280207763563
3,0.964526868992967
3,0.87490407730192
3,0.725606871326391
3,1.0076138535682
3,1.05478867641339
3,0.583488696687091
3,0.588047363516676
3,1.22170416724932
3,0.769252975741902
3,1.02214439588472
3,1.26074321848568
3,1.09209673691735
3,0.684049225526838
3,1.05558951137191
3,1.01281833221364
3,0.916362960570717
3,1.05260355312686
3,0.596278525285365
3,0.706795352541113
3,0.996819422958199
3,0.92189497648055
3,1.23548409255715
3,0.929772449104876
3,1.16782030518335
3,1.08016496638823
3,0.98455138545553
3,0.534096644870091
3,0.895818782830344
3,1.1417913906316
3,1.19615166685563
3,1.05205111126218
3,1.21284627163905
3,0.828126060849519
3,1.18261429219832
3,0.757981499714448
3,1.18832808487716
3,1.07233610812746
3,1.02681924752335
3,1.1538747930725
3,1.22245141674856
3,1.23591993055042
3,1.12051298113335
3,1.25458827221706
3,0.956894415040597
3,0.850139401935883
3,1.06969317368174
3,0.641255201115591
3,1.00202920803701
3,1.09639003079492
3,0.960462413542134
3,1.21741796483746
3,1.03506690356264
3,1.31345718365214
3,1.20088890631615
3,0.871398286468929
3,1.09700452751724
3,1.15524764387294
3,1.21725503291834
3,0.700396441507588
3,0.894324345025226
3,1.10344210633142
3,1.01651131573441
3,1.05336841773149
3,1.23635898891634
3,1.01058510490612
3,0.503904822569537
3,0.640282762526134
3,0.878729899052516
3,0.985039180808494
3,0.961983570556125
3,0.881919709821466
3,1.19670178469945
3,0.584004875125646
3,0.932525691991457
3,1.10963770202103
3,1.23103977650471
3,0.890532212752196
3,0.895561760210034
3,1.25067442345273
3,1.17648188932509
3,0.893403296505597
3,1.2782814458343
3,0.984378259239342
3,1.24097003306142
3,1.08069593803256
3,1.12020395033536
3,1.2220320854572
3,0.94493025919891
3,1.05899425694037
3,1.11925865224825
3,0.953754513705611
3,1.11553848089084
3,0.704975207488817
3,1.07872738011592
3,1.0269345401713
3,0.918051034140113
3,0.691822712395908
3,1.08489919283287
3,0.907155572196241
3,1.05216617614586
3,1.0753158718666
3,1.15408032699756
3,1.19450366210829
3,0.9600427237664
3,1.18188047954527
3,1.12016313264705
3,1.04702526051065
3,1.03925980964997
3,0.746446700213927
3,1.07978622395559
3,1.28037912278968
3,0.593493320816576
3,1.27054561893236
3,1.21595161565502
3,1.07725111082162
3,1.08394701487404
3,1.18844480291687
3,0.811292271095542
3,0.931177252469745
3,1.14252638151446
3,0.79302801983113
3,1.01061421983634
3,1.025611735786
3,0.828714041592442
3,1.09217345349723
3,1.14874426900426
3,1.02377295968519
3,1.1425761650452
3,1.27159314571836
3,1.07223050632062
3,1.05247865492122
3,1.17651810077802
3,0.945089945982636
3,1.00293247841068
3,1.06305955052859
3,0.659690518215988
3,1.184947256768
3,0.808334404667083
3,1.26930916642505
3,0.560676496798816
3,0.971495758874661
3,0.918810397659495
3,0.994990175158507
3,1.18369591847464
3,1.1132672875528
3,0.858163149769518
3,0.884598632603896
3,1.09192222913424
3,1.28904613543068
3,1.11182349132185
3,1.12830689924411
3,1.14378402493725
3,1.17698672362114
3,0.747166146034608
3,1.20437607398902
3,1.35130808626725
3,0.871622542119783
3,0.811160330708787
3,1.17700026718844
3,1.00010724965502
3,0.586557350810992
3,1.03558432526008
3,0.903164952113537
3,0.963490682490018
3,0.952206372223214
3,0.64643214237739
3,1.14911075336941
3,1.02316552526801
3,1.14951468403943
3,1.13995562647779
3,1.22962409059017
3,1.16829130418219
3,1.06811310109423
3,1.12287474866811
3,1.16109606991679
3,1.0884908243226
3,1.08120271813658
3,1.05292804340121
3,1.10952775107087
3,0.955707464339705
3,0.800416837023345
3,0.651577088630644
3,1.05064827832336
3,1.13635512538166
3,0.929235295202289
3,0.954563683078288
3,0.920365137007452
3,1.17937985633717
3,1.0587629947056
3,0.78909186313482
3,1.0238123771776
3,1.16456977399434
3,1.16714337649028
3,0.719196317663314
3,0.817291081285379
3,0.655644823438047
3,1.09425567096632
3,1.041907479285
3,0.763242807207936
3,0.498563438386679
3,0.927952274097419
3,1.27651333323817
3,1.09101780654634
3,0.993359747069854
3,1.14056519346625
3,1.35364576256059
3,1.0938976538205
3,0.992840734107106
3,1.07111190351556
3,1.26653271431251
3,1.15581225828346
3,1.07500551837777
3,1.11368084767211
3,1.02245830819671
3,1.10545081526333
3,1.11803748855846
3,0.919829946543946
3,1.22804155174073
3,1.25279128981631
3,0.982061715489141
3,0.849856131751646
3,0.882132658089125
3,1.29139068634707
3,0.952034748324435
3,0.934317573490961
3,0.948844364852226
3,1.07338579106854
3,0.814695777698902
3,0.984222232210286
3,0.927633615217674
3,0.770312558869621
3,1.27486301713609
3,1.31862295985606
3,0.985374705315429
3,1.12353701783443
3,1.33530569810231
3,0.926807139298998
3,1.24549216177894
3,0.74411887083299
3,0.993376246484812
3,0.916593812072637
3,1.03810686565677
3,0.683227067951844
3,0.544528508976226
3,1.2057821107544
3,1.14401377117443
3,1.19902563599913
3,1.05390304666667
3,0.936306517463298
3,1.13699712063032
3,1.14276938114217
3,1.06902429484857
3,1.0003154669752
3,0.736190400259447
3,0.942950518279943
3,1.10398267853654
3,0.625704292348316
3,1.13600314869451
3,1.14281542895632
3,1.104486300305
3,1.16368663690977
3,0.682800148719758
3,0.961992065835935
3,0.549659321286559
3,1.3148297213355
3,1.07747620250423
3,1.19683207647284
3,0.779891053091161
3,1.22551885126301
3,1.14162174945577
3,0.949283621417405
3,1.24310719286304
3,0.997998064380602
3,1.08540371743058
3,1.21110707928009
3,0.992008124300864
3,1.06076338055056
3,0.821015931211715
3,0.981703723600702
3,1.00965658977757
3,1.17701100645352
3,0.98798753353399
3,1.23152896520065
3,1.10008750048698
3,0.920527507780961
3,1.04248543424331
3,1.29385444829296
3,0.491949533392934
3,1.05920322597417
3,0.965957168712294
3,1.31097838322524
3,1.04656472527828
3,0.972239740468131
3,1.22396367847798
3,1.14091050839105
3,1.03300253422377
3,1.03384559026484
3,1.15927216679125
3,0.993457263283377
3,1.28019753007012
3,0.943136208053548
3,1.13630404538525
3,0.822994015950011
3,0.588774230853095
3,1.09266238467545
3,0.921365620285454
3,1.13187894510943
3,1.18351879373
3,1.2224946737034
3,0.819041591491987
3,0.640973916240912
3,0.949280210095997
3,1.07297381007337
3,1.0789049063386
3,0.909798383532102
3,0.860619821194773
3,1.09553568333148
3,1.19557192405318
3,0.95091599867921
3,0.894985597303114
3,1.10504278984561
3,0.565338092674609
3,0.684062001235126
3,1.05611617310595
3,0.86878455441656
3,1.162820152617
3,0.892703046634344
3,0.898590001695643
3,1.23603530740388
3,0.861561305174837
3,1.03385419664405
3,1.20005715793797
3,1.32941443730962
3,0.722880549819664
3,0.822982699504231
3,1.17143029335304
3,1.30395054292283
3,1.20898010066201
3,0.947296132148548
3,0.868297644768738
3,1.01214770057677
3,1.14279464706606
3,0.974953114070173
3,0.973933006498711
3,1.27776504757164
3,1.11431665797835
3,1.24179506796794
3,1.02036804166368
3,0.685989233621403
3,1.12611919768438
3,1.0480074484167
3,0.65212916500817
3,0.893737945278783
3,0.964826089363618
3,1.17832644231826
3,0.976328096540778
3,0.815917774127765
3,0.916822276177745
3,1.20674910664627
3,1.13184462639382
3,0.990916364211379
3,1.09061181491288
3,0.948652766124957
3,0.669678740564572
3,0.953693726767791
3,1.18901279749036
3,0.898893086907782
3,0.907063747926814
3,1.2157465774744
3,1.0599593444482
3,0.779709512927338
3,1.00288725085218
3,0.89014807879627
3,1.17172692036187
3,0.988150751381329
3,0.680038534890562
3,1.24983654934376
3,1.12197118174725
3,1.03090264330014
3,0.845189332129483
3,1.0857620279417
3,1.07080058097908
3,1.14361847511801
3,0.746083723596849
3,1.06492108681307
3,1.21704145515616
3,1.05688723041226
3,0.959784415950431
3,0.939617474162817
3,0.906750632000904
3,1.09028684766816
3,1.13580155057796
3,0.841981407283262
3,1.23956557372889
3,1.1308645206642
3,1.16911064031627
3,0.794273905463427
3,0.677382109485158
3,0.907640302144549
3,0.905576306957531
3,0.938196891551937
3,0.947384810423207
3,0.933112193018642
3,0.764907413355157
3,1.18637535443727
3,0.953083535683286
3,1.25884879571004
3,0.693324671052811
3,1.01928626255514
3,0.586804783656096
3,1.0744955655463
3,1.10809988329589
3,0.921316892106004
3,0.87276648971289
3,0.870469778859137
3,1.01986660902266
3,0.950705328401874
3,0.76978675580888
3,1.13677709020423
3,1.2258156426007
3,1.19043773624864
3,0.749958300642178
3,1.17109920255968
3,1.07348510212593
3,1.03249309040118
3,1.08661285573279
3,1.20725111649281
3,0.670385134356125
3,0.535040741796818
3,1.34546755966445
3,1.15686401904607
3,1.4197924776658
3,1.18691065974052
3,0.975727921725683
3,1.02514922492115
3,0.828350070253062
3,1.14748822844437
3,1.20897293706685
3,1.06051140121978
3,1.14639809890992
3,1.23939396086484
3,0.861013607739172
3,1.10144708203898
3,1.07778616705056
3,0.709864449443045
3,0.650877361309471
3,0.802461390303003
3,0.831651501326206
3,0.938543308124442
3,1.0970450341435
3,1.30950120230322
3,0.942014671793763
3,0.90318850408706
3,0.753433733522124
3,1.00926908107937
3,0.945944744495565
3,1.14382831112906
3,0.960898582883448
3,0.931908145325881
3,1.24777693240395
3,1.13417830717792
3,0.964251601735671
3,1.16752087094369
3,1.02513796777871
3,1.0409178089564
3,1.06322948443002
3,0.969744404284763
3,0.67176349226945
3,1.13901605779
3,0.929920511997807
3,0.734983358850946
3,1.2674157280212
3,1.02955812356724
3,0.842052524857646
3,0.96085215778206
3,0.943050968504094
3,1.13122705538764
3,1.0856751249075
3,1.00918583120791
3,1.13132261208966
3,1.06713879239356
3,1.08206569211477
3,1.20433235023276
3,1.05870866847511
3,1.13097665194294
3,0.62321026731577
3,1.03556195194873
3,0.768366588906599
3,0.994352174897916
3,1.00656753095841
3,1.07153280202328
3,0.888951330847349
3,1.10869133599116
3,0.839202219056828
3,0.616020452954558
3,1.0198106765625
3,0.97131378991511
3,0.948550256288652
3,0.945259632881946
3,0.89129765193787
3,1.23467450382231
3,1.21852199488144
3,0.982571428414307
3,1.11832310935909
3,1.19949734931184
3,0.869645606831859
3,1.03717551025418
3,1.13266904905618
3,1.13571006151443
3,0.964873601121415
3,1.10993551273244
3,1.21904311932468
3,1.02851832764567
3,0.875528815941883
3,1.07711729564635
3,0.688770721349574
3,0.677826020787326
3,1.20530638894602
3,1.19809243688096
3,1.17504510607541
3,1.08680495205934
3,1.38912081371143
3,1.16739440686999
3,1.11173283598661
3,1.17773330332239
3,0.935057849379873
3,0.647237492112173
3,1.07611634130953
3,0.643216188274884
3,0.963081633543876
3,1.17771577989504
3,1.11869800947564
3,0.439700088172314
3,1.09877972431672
3,1.03456954631854
3,1.00717138829879
3,0.832876650834719
3,0.575326353396596
3,1.12015261530386
3,1.07126542084875
3,0.734140041629102
3,1.2942403654597
3,0.911529274695093
3,0.706405237432315
3,0.662738269856687
3,0.896458492333228
3,1.14561985853548
3,1.2445482924837
3,1.18143401275724
3,0.968338235785662
3,1.05582945015167
3,1.10894942261152
3,1.19534587023196
3,1.20111844377412
3,1.16277284130104
3,0.673038374515695
3,0.606962745491666
3,0.975086468350513
3,1.16964403600245
3,1.07303999212195
3,0.867105584651974
3,1.22061803416541
3,1.09810110347064
3,0.95072136301608
3,0.834428546903772
3,1.09300787893822
3,0.827401119585977
3,0.741454344686925
3,1.09054204911622
3,1.034023742579
3,1.04009820155867
3,0.977794815312009
3,1.06404468771427
3,1.00850467006756
3,1.07730854575086
3,1.19823236004955
3,0.927340003035461
3,0.864263791021098
3,0.955744984000704
3,0.835277896644086
3,1.31876126789053
3,0.97128680621138
3,1.10983801090149
3,1.08230512108056
3,1.42710561401547
3,1.11138663504604
3,0.947831972900465
3,1.15550963055145
3,1.26826746544201
3,0.694165580549776
3,0.890329560792517
3,0.982128969394528
3,0.906768758452551
3,0.850219172060237
3,0.889968595437632
3,0.925167389867336
3,1.01098670778533
3,1.30285996559391
3,0.675847788042368
3,1.07806759114631
3,1.21193830667968
3,1.08577394280396
3,1.2027549813846
3,0.703760083012133
3,1.19958033895069
3,0.998346688361905
3,1.00337312442435
3,0.637465593740849
3,1.02150386724137
3,0.963317009331306
3,1.12709112253083
3,1.24744164792005
3,1.08923289457853
3,1.0337629642756
3,0.961627740045113
3,1.03293034212521
3,0.955520045822546
3,1.02735224975606
3,0.896678990675585
3,1.14989907454988
3,0.976254837374479
3,0.956737409574988
3,1.16141849955059
3,1.16247491423076
3,1.1103999857008
3,0.975502817022765
3,1.25260014824083
3,1.08380142802458
3,0.677483393486224
3,1.17600336490122
3,1.1770416308396
3,0.917535144358559
3,0.930367234333387
3,0.88886260534422
3,1.24980968931138
3,1.07356317636352
3,0.668379844486329
3,1.09231803125052
3,1.13043069496185
3,0.942170314627831
3,1.15746616359834
3,1.10071331161583
3,0.788934116182322
3,1.20218125566549
3,1.37040528592027
3,1.20282394350414
3,0.988473441195729
3,0.648165071226934
3,0.861203414376409
3,1.08310993286419
3,1.17054034459494
3,1.24316900140017
3,1.21679123124047
3,1.14375058015537
3,1.06144875785721
3,1.19061278241586
3,0.851387064477154
3,1.11325164796494
3,1.36783917671544
3,1.16080734949385
3,0.846846215984356
3,0.535122933492973
3,0.847700594998742
3,0.937065732758414
3,0.957282024228396
3,1.00183071215762
3,1.20301779601031
3,0.926153237086071
3,1.29047436821225
3,0.623139196309778
3,1.01509218235865
3,0.814841452145442
3,1.13709057642123
3,1.20404138671889
3,1.16057728683175
3,0.820572490594928
3,0.87862743967804
3,0.731560891957322
3,1.1637061482392
3,0.978162418368369
3,1.17648036681513
3,0.571576557546426
3,1.0296321387834
3,1.21030597134102
3,0.873024222799098
3,1.25426028328753
3,0.684723618781312
3,0.732180799244603
3,1.12434590446349
3,0.884378036952142
3,0.940364974532954
3,1.07352726738412
3,1.01505426918258
3,0.944906745185295
3,1.34618112512635
3,1.06107195119665
3,1.07754081185455
3,1.22798269178968
3,1.06777075463373
3,1.0231479718229
3,1.24184316936568
3,0.72307964562849
3,1.03668996683714
3,1.35212565548888
3,1.05565193588216
3,1.10034298892709
3,0.745715150845021
3,1.0999751710847
3,1.15187521709942
3,1.23382377204748
3,0.928183976786907
3,0.902998077341166
3,1.00446834878012
3,1.26042257597409
3,1.15731577115111
3,1.26170114155665
3,0.993658831322032
3,1.21185388511302
3,0.959442244122706
3,0.640276065400766
3,1.04320186983115
3,1.01064763239212
3,0.705962758534722
3,1.1522628611889
3,1.0366665998894
3,1.23652684977573
3,0.797600633459379
3,1.27023763351898
3,1.15452237360338
3,1.06048148313471
3,1.27200656228502
3,1.02804815750189
3,1.0908825029428
3,0.939850876391952
3,1.15330207994179
3,1.31416439886851
3,1.00612993254395
3,0.963262729734285
3,1.2136805443564
3,1.00088154457376
3,0.807523665721278
3,0.952233737162788
3,1.19545607492204
3,1.16161795812066
3,0.994087950048474
3,1.03197560920374
3,1.04093952809646
3,1.14847859696752
3,1.13246729833671
3,1.15217274558501
3,1.00187610126947
3,1.18705853059236
3,0.67469694681338
3,1.12529012739971
3,0.960195716001802
3,1.03152814345208
3,0.977293646749628
3,1.10045413772205
3,0.918547308979407
3,0.789112527337111
3,1.07633539916249
3,1.1037076875589
3,0.942746649672071
3,1.11040584884099
3,1.04563542267393
3,1.15410432273061
3,1.11603786967972
3,1.31324774387894
3,0.790939168923415
3,0.952984461012906
3,0.87611390458082
3,0.904091166819156
3,1.03744768050648
3,1.18360683566542
3,1.1777319295977
3,0.867674245477964
3,1.07814232215226
3,0.877525869385456
3,1.05386961657975
3,0.996060134027534
3,0.821482976520755
3,1.0415390166259
3,0.98196549076001
3,1.01777872976847
3,1.07419774829738
3,1.07021700543976
3,1.2214919101705
3,0.944715511584994
3,0.936056140612078
3,1.17405133063034
3,1.23603770480327
3,0.937547537391891
3,1.21355104877483
3,1.07457245336163
3,1.10600122976404
3,1.30112960266674
3,0.659499035126077
3,1.15061309001609
3,1.33168565982169
3,0.741476992597181
3,1.17552178863714
3,1.20653023726724
3,1.21670645759516
3,0.779324756114213
3,0.740572421302651
3,1.1410795592997
3,1.09832281559163
3,1.0373806336958
3,0.81947016465552
3,1.15864996902294
3,1.06268543602395
3,0.868236126065996
3,1.08827168441919
3,1.23700812368139
3,1.11134185785812
3,1.01977736984975
3,1.13400341998641
3,1.10062209808433
3,0.988950967693867
3,1.20948242660733
3,0.964779453266301
3,0.889431187869199
3,1.12472573446339
3,0.972807299030685
3,1.12131377897445
3,1.12608902264684
3,0.976530730202324
3,0.840692976488415
3,0.581098581566731
3,0.714182621574043
3,0.978389244858126
3,1.09830360897195
3,1.11817491505465
3,1.02493939432234
3,1.25997194420267
3,1.05185777360551
3,0.753416079129049
3,0.946537645746202
3,1.20290688042876
3,1.12616233705726
3,0.900652797045213
3,1.00747949353876
3,1.10185426295468
3,1.21101828869361
3,1.00369327174837
3,1.16539629489136
3,1.02163777408087
3,1.09359519237987
3,1.1316232903777
3,0.808651138767857
3,0.732412000130624
3,1.00737594515012
3,1.11739248868667
3,1.15292197995935
3,0.726308816791615
3,1.24520902242531
3,0.984476163589064
3,1.09272524372534
3,1.18390979880605
3,1.19169196467802
3,1.27174228036782
3,1.11310292524758
3,1.23088110069277
3,1.0824162041729
3,1.18191003815857
3,0.92031215074177
3,0.969879466117734
3,1.18024943725191
3,1.19006802444009
3,1.18246424616885
3,1.19979883831524
3,0.986147285107768
3,0.977152096883662
3,1.17042024387098
3,1.0592275130987
3,1.05629729221058
3,0.975487042074827
3,1.08083530105913
3,1.00538584039041
3,1.24681072757871
3,0.70426715041851
3,0.903916235512922
3,1.37945236224409
3,1.05141353037352
3,0.8752783606756
3,1.18227773670642
3,0.839187433803861
3,1.03694415723686
3,1.11686237483933
3,0.850114328475355
3,1.14813718598989
3,0.692192146355069
3,0.562001012355472
3,1.20158964409077
3,0.967502971825599
3,1.23941304401857
3,1.10427582282537
3,1.02921369853584
3,1.03369602439215
3,1.00565124028257
3,1.04273882061629
3,0.880463536180884
3,0.831947514093846
3,0.519196540767924
3,1.17436540042519
3,1.28673263238887
3,0.681399087608936
3,0.955137113570093
3,1.15405701326391
3,0.910528050658211
3,1.27195326421003
3,1.13629311550234
3,1.2215978511083
3,0.811295384383773
3,0.9568164045779
3,1.0593797216176
3,1.00100665623741
3,1.04898159700287
3,0.596685168592299
3,0.842262673851696
3,0.943370852106293
3,0.930919593497063
3,0.933370279017157
3,1.00469859635729
3,0.753501153261472
3,0.980255925896714
3,0.864430805433953
3,1.18047570018599
3,1.10821228996998
3,1.26330326627493
3,1.33616287406465
3,1.13510144514541
3,1.17101962409509
3,0.833381136030141
3,1.14320603520861
3,1.21444411534888
3,1.0558422825896
3,1.02592045774791
3,1.17715279830783
3,1.10694121096744
3,1.0448434235356
3,1.03080991808304
3,1.09838183305905
3,0.966236948350736
3,1.08700642307665
3,1.05446917231534
3,1.19306060363286
3,1.28457380182866
3,1.22976884860549
3,0.895112835479221
3,1.25892401297964
3,1.14236757504044
3,0.732408240601209
3,0.589470304115338
3,1.0564687050533
3,0.794591120477919
3,0.622006579028488
3,0.941649078011166
3,1.17529060946834
3,1.09728746350292
3,0.969389049683151
3,0.88388473820171
3,1.26276893257708
3,1.08740629047429
3,0.835048364866516
3,1.11875591298602
3,1.03274762682557
3,0.717945111422075
3,1.08895923065245
3,0.645150209766908
3,1.15399761686335
3,1.2504311534719
3,0.924546624144667
3,1.02897717411281
3,1.10207874095668
3,0.658127386237112
3,1.08247531108908
3,0.60464245506282
3,0.8773276129929
3,1.20405067547541
3,0.856348794758504
3,1.07096369020375
3,1.07753594263313
3,1.27594303874961
3,1.00474759118
3,1.08660788879881
3,0.972011671396315
3,1.32960471865914
3,0.649481908133355
3,1.18345592083284
3,1.13426133632249
3,1.21122546678784
3,0.94427064410928
3,1.31557519677323
3,0.706135140475373
3,1.07589964362214
3,1.20212287543095
3,1.00390472491399
3,1.14988563073073
3,0.923256242143046
3,1.17068631258312
3,1.23640792030335
3,1.05305714028755
3,0.938698263207864
3,0.803174321722285
3,1.13185384968211
3,1.08831185280545
3,1.37524694482627
3,1.01971763117581
3,0.826987433140302
3,1.23121126395778
3,1.16880322398846
3,1.10750759036962
3,0.942625114601287
3,1.01060437612346
3,1.16953722255474
3,0.780855189618709
3,1.25562428715156
3,1.04843247206315
3,0.842161305364722
3,0.979311275590871
3,0.82873585868668
3,0.923385516178378
3,0.944818760115622
3,0.97052466851874
3,1.07868651597873
3,1.15535593574043
3,1.08140577044324
3,1.23831090294912
3,1.34400995360067
3,1.14293675797808
3,0.824634499775383
3,1.31696007212057
3,1.01532296027583
3,0.660023304029306
3,1.08500109613308
3,1.17046115913456
3,1.10389483872489
3,0.909185657023177
3,1.15654425876287
3,0.987209039213517
3,1.04936734491689
3,1.1847141338909
3,0.896868754840297
3,1.04532301775583
3,0.60472177200652
3,1.10641413256289
3,0.94025764597203
3,1.19009521039428
3,1.20484430784681
3,1.20291516485038
3,1.11831321938494
3,0.935071451706426
3,1.12080827625759
3,1.03337353498022
3,1.02252235800672
3,1.12213921676693
3,1.01411841679658
3,0.891196670543401
3,1.15686250743464
3,0.997877726596963
3,0.750634207232653
3,1.1793416482695
3,1.17398951483435
3,1.08934434726853
3,1.1820272780818
3,0.558683942085811
3,1.13317007190696
3,1.18128973123449
3,1.34724476708039
3,1.18372068187396
3,1.00016256504684
3,1.07050589798609
3,1.25129427206984
3,1.31808998304339
3,1.12059804037747
3,0.885610000877704
3,1.00737191285556
3,1.1547298733856
3,1.16521021865799
3,1.01063889649615
3,0.98147269294442
3,1.2263200390018
3,1.15429877490626
3,0.819232854816802
3,1.12864422160827
3,0.733003483857128
3,1.20700775168924
3,1.09496738999831
3,0.611477323835986
3,1.01097400452844
3,1.32018469325955
3,0.970341127965163
3,1.07718321012684
3,0.95066307738939
3,0.842398974949512
3,0.910578992020892
3,1.03960008594958
3,0.864807560773338
3,1.05233830765707
3,1.11311758039257
3,0.906852749109623
3,1.21886086375474
3,1.20798980273744
3,1.07344591484737
3,1.06240915358364
3,0.967772663055534
3,0.987417888558407
3,0.76442025896924
3,0.661828715100401
3,1.03502303823425
3,1.12394423357185
3,1.00486388532873
3,0.877058677627506
3,0.680054366440185
3,1.09726193509799
3,1.0026645788849
3,0.93883758375776
3,0.958672448009102
3,0.803662204037704
3,1.33558753441221
3,1.1842740805701
3,1.12276290466701
3,1.26109992130555
3,1.26791126100072
3,1.20722742185809
3,1.08112419682085
3,1.11765922563183
3,1.12852964814341
3,1.15216240128008
3,1.05431795248128
3,1.06353199856155
3,1.1044790529006
3,0.994257683834089
3,1.21607789975356
3,1.01931990115427
3,0.918230257050604
3,1.29365251922291
3,1.25657793706368
3,1.25727419759602
3,0.80491662302814
3,1.20098339427288
3,1.17749377800105
3,0.771947658113431
3,0.978104321719353
3,1.06932388823508
3,0.751534147291327
3,1.10210112974333
3,0.91411512059553
3,1.0704344810212
3,1.31826595318643
3,1.06934803134242
3,1.10114517880455
3,1.34689728831058
3,0.982530015143084
3,0.989188659644852
3,0.639500443537185
3,1.18155016998439
3,0.904907364493355
3,1.04412124475169
3,1.0901574545645
3,1.19925631866725
3,0.929688744382938
3,0.860627057198742
3,1.03121752088235
3,0.904295367208235
3,0.996702736615692
3,0.832946107281246
3,0.910442275460573
3,1.33862728796375
3,1.02910296261161
3,1.07719824162018
3,1.2068848623651
3,0.80886500138786
3,1.07347935582048
3,1.16505261561841
3,1.07439253656303
3,1.17266888493237
3,1.00824177926511
3,0.9367695970029
3,0.862933271824775
3,1.07593842910471
3,0.839968579636808
3,0.979192482060112
3,1.18639622743343
3,1.07064587929256
3,0.944381520302996
3,0.652144362052557
3,1.07273281736166
3,1.32906532124644
3,1.06181895663583
3,1.19910196063408
3,0.567175410174264
3,1.1571843359157
3,0.967397578381225
3,1.00089116744452
3,1.12761431169401
3,1.02793594546607
3,1.19714029295349
3,0.926089586283223
3,0.967759242458482
3,0.990406236587733
3,1.09997495697855
3,1.07974839216184
3,1.27668034469993
3,0.750512472744169
3,1.04746909266095
3,0.992450398350259
3,0.994643332809086
3,0.973861537658493
3,1.26480716248015
3,0.577027369839618
3,1.10491536204025
3,0.852043324751315
3,0.647671029208837
3,1.20292951871956
3,0.86758014344703
3,1.28331788354583
3,0.950250657329683
3,1.04708696443928
3,0.708513443856581
3,0.784542602306002
3,0.954837123500909
3,1.35412405335039
3,0.914450753473856
3,1.07056538867199
3,1.22215267467328
3,0.704608565594048
3,1.14677372033107
3,1.2820708728838
3,1.14940536164515
3,1.2327262189942
3,1.12920376714421
3,0.992027414379058
3,0.878566083198962
3,1.06429236640051
3,1.06608032516359
3,1.31332070537331
3,0.97412165108029
3,0.949985937875028
3,1.24689481325388
3,0.703758478279086
3,0.861241676384133
3,0.624664448148603
3,0.811382834978713
3,1.18017185618051
3,1.16383788772527
3,0.932049814618282
3,1.02726442814023
3,1.20012215735013
3,0.52836531096603
3,1.20043525308176
3,0.865098622745646
3,1.0904252467279
3,0.980608604820783
3,1.20062797686411
3,0.783279701234479
3,1.05267439340052
3,1.21046457542429
3,1.00586150866794
3,1.14232723515664
3,0.916537860021533
3,1.23902899001584
3,1.06216725340711
3,0.805141540943757
3,1.26414462801759
3,0.772085224067387
3,0.991347676053629
3,1.16467622781465
3,1.19421965002011
3,0.937949108753304
3,1.29488576302938
3,1.23368425057397
3,0.94977587440853
3,1.27238712080729
3,1.1187392109563
3,0.770712568503026
3,1.20938981925734
3,1.16971909240823
3,1.12102965174257
3,1.0777727174019
3,0.895109188782773
3,0.850114426035699
3,1.15642648473039
3,1.09936858292329
3,0.895670319344856
3,0.62168967313678
3,1.18708496901095
3,0.656290132369802
3,1.08784178385302
3,1.09610870367939
3,1.25177686237414
3,1.0598697926508
3,0.893443612332401
3,1.19369793403249
3,0.979627811699405
3,1.1052182887129
3,1.07373861538602
3,1.16486776231364
3,0.67208704651172
3,1.04673830648768
3,1.13567756892354
3,0.700728407422073
3,1.00855711966977
3,0.772321296278633
3,0.824684753474415
3,1.15404789199665
3,1.17269222536632
3,1.06429190418156
3,0.976168574728141
3,1.00626303140279
3,1.0610217188807
3,0.846395193549925
3,0.873421749415611
3,0.973872282053705
3,1.07734678556345
3,1.18792008473118
3,1.03802821269334
3,0.5835492775114
3,1.04677320052132
3,0.971452107189683
3,1.16075876717001
3,0.769898278119794
3,1.09221196067298
3,1.14400851782787
3,0.901816338101049
3,0.618327662745357
3,1.16930654869136
3,0.685588903597639
3,1.24080905977528
3,1.10537053074407
3,1.02418340268959
3,0.972897871278086
3,1.11715779878266
3,1.04135795919124
3,0.890786240951837
3,1.11333098297399
3,0.883444437318404
3,1.16315887616651
3,1.11106574702887
3,0.98361540533227
3,1.07311314713467
3,1.07296080436348
3,0.814241278133967
3,1.20058189589939
3,1.12126779527821
3,0.629905102170115
3,0.940229503319886
3,1.25720748266779
3,0.791479708564622
3,1.14458109600303
3,1.1449496773445
3,1.11482759253
3,0.907005699502512
3,1.06692594361051
3,0.673004919812354
3,0.957616042201677
3,1.24079499626431
3,1.20330042722873
3,1.12223023033717
3,1.03523575630256
3,0.782051959625211
3,1.22062741059239
3,0.990298727234687
3,1.22983890616305
3,1.21786379427267
3,0.624242958246682
3,0.72055848158034
3,0.996093731863541
3,1.28281122511139
3,1.02010376511786
3,1.14728555562741
3,0.709137981684287
3,1.15484494497079
3,1.04340936135108
3,1.00638741846627
3,1.03811542647482
3,0.871249904802966
3,0.965055033720161
3,1.04573298984138
3,1.08636808747738
3,0.875263763138412
3,1.07088817336175
3,0.947400761307779
3,0.947220921857264
3,1.15364000437992
3,1.28265479829074
3,1.04835183702662
3,0.851334067116757
3,0.817527819448484
3,0.619345627949756
3,0.806674122630553
3,0.998490675856422
3,1.1028991861543
3,1.14208259393663
3,0.928521520108079
3,1.04721085270585
3,1.04311754050735
3,0.701181872224374
3,1.15062701356559
3,0.925331061868829
3,0.990698816758492
3,1.29991274000198
3,1.02296333173015
3,1.30466174453474
3,1.10518899634521
3,1.12018669869089
3,1.12289332264789
3,1.15102739714092
3,1.0693056385938
3,1.12717761068856
3,1.12121758481007
3,1.11823712629187
3,0.731141507567281
3,0.924723674856257
3,0.916265222069399
3,0.997442896955121
3,1.29535421155773
3,1.29288163520119
3,1.1285333553543
3,0.762400893301144
3,1.10554120246799
3,1.30354315139951
3,1.14188536145006
3,0.745685438996194
3,0.966377378943327
3,0.854166449350474
3,0.552827399596832
3,1.20874560083215
3,1.09104516701241
3,0.952792952560591
3,0.89490896800633
3,0.818452187037194
3,0.759418226420588
3,0.988513003717763
3,1.05185739393671
3,1.02036376528284
3,1.00208997783213
3,0.994847226030132
3,1.17242022860301
3,1.17660767573295
3,0.87029212737958
3,0.976315833756157
3,1.18923087152833
3,1.12388320420608
3,1.18489120338138
3,0.912160577747981
3,0.944467227045232
3,1.2775570645848
3,1.09580910300097
3,1.00900410277177
3,0.633132608277526
3,1.04824473046958
3,1.09620596321061
3,0.95442269435247
3,1.11303301181012
3,1.29056257516488
3,1.18745023474596
3,1.01126817935585
3,1.25042918446724
3,0.89423844468641
3,0.671819534844429
3,1.10613776019007
3,0.919335811470839
3,1.36549615094069
3,0.963403131746975
3,0.942878512324768
3,0.915584360421541
3,1.15449088177473
3,1.15252753746022
3,1.09168147170647
3,1.19207199610329
3,0.953905134927638
3,0.654499854912781
3,1.25097427589893
3,1.09687953427086
3,1.31230772688881
3,1.27816135092013
3,1.15511035746333
3,0.849851001135131
3,0.981340356282178
3,0.893290700145704
3,0.795520761183629
3,1.16959789634423
3,0.903952735004215
3,1.05424366476468
3,0.636632912922797
3,0.875317466294631
3,0.904453073018323
3,0.852843899032727
3,1.23196422831821
3,1.05388982383292
3,1.16446407603545
3,0.717803039897261
3,1.31165135910391
3,0.837414386591644
3,0.873854524691947
3,0.943725714965296
3,1.08683369098527
3,1.02898400413655
3,1.01379521472189
3,0.524608570714553
3,1.23547590311475
3,0.713435589638451
3,0.804801460966675
3,1.15636079063204
3,1.0885012114111
3,1.30768792324952
3,1.12474154896196
3,1.18714536985567
3,0.527288494872111
3,1.23308346051263
3,0.859569956935853
3,0.82302907872965
3,1.1233723417991
3,1.19467734723817
3,1.28888693648232
3,1.16261408451711
3,1.15196895933196
3,0.688696916600757
3,1.24611332552142
3,1.12468667467727
3,1.01000147080479
3,1.25271863813135
3,1.00031769043643
3,1.16613347786055
3,1.01846004801775
3,0.912628063853363
3,1.22022436832937
3,0.886793842441822
3,1.26070418317504
3,1.09621927460118
3,0.986440012540236
3,1.03597623004124
3,1.0972449365245
3,1.13082445408872
3,1.2565301897504
3,0.86999983770022
3,1.17626023554552
3,1.14017214886217
3,1.17368808508567
3,1.13052090438176
3,0.734416052710226
3,0.579478316211365
3,1.23967649951955
3,1.06748326437335
3,0.95846719903245
3,1.10827926930668
3,0.724591127645268
3,0.98660627914415
3,0.919465720477536
3,1.10063427981601
3,0.595514275329114
3,1.08574558572052
3,1.016267520521
3,1.07708734280946
3,0.943627216157209
3,1.19391489711452
3,1.01110818770509
3,1.00582764036354
3,0.995410467490879
3,1.12109791514037
3,1.00084498129482
3,1.32512173969299
3,0.518559290275588
3,0.869524829252166
3,0.934485131637358
3,1.25762408712461
3,1.09690869203998
3,0.909411827685075
3,1.22677279552303
3,1.11993032977305
3,1.14659013803782
3,1.09100357081127
3,0.981354576712275
3,0.554687957069105
3,1.17600856745323
3,0.734679490644149
3,1.13460954105616
3,1.08003873556115
3,1.19282832758161
3,0.886362517875624
3,1.07675026425717
3,1.22614873785043
3,0.928847486972726
3,1.05263258474748
3,1.17525701436206
3,0.806710422341454
3,1.03192558308256
3,1.22736373045158
3,1.02319287670905
3,0.973848341970382
3,1.1592049336369
3,1.12354023809901
3,1.2665784044351
3,0.945300456096856
3,0.709780675749151
3,1.03238978175709
3,0.648806952958853
3,1.19488526652534
3,1.2085105216093
3,0.954916896670148
3,1.04964515949141
3,0.596505812871974
3,1.15542091096662
3,1.04642976920954
3,1.14226043374069
3,1.0303306568988
3,1.05996058400434
3,0.574513009496506
3,1.01211524830233
3,1.18886755414914
3,0.667142451892751
3,0.811715023352296
3,1.21377726164947
3,1.10389724626387
3,0.793038030605114
3,1.25126724503583
3,0.763490114491343
3,1.07230328255698
3,0.854861697585008
3,0.795538671682706
3,1.19056199132813
3,1.22827478247064
3,1.04563083532267
3,1.19827054565998
3,1.05709433885697
3,1.10030251611511
3,1.05633526870639
3,0.750404520124615
3,1.05660293892239
3,1.14303125384672
3,1.11977805591088
3,1.15347437265098
3,1.21081015501129
3,0.938701206977506
3,1.05208397232168
3,0.553791080238163
3,1.05584710573726
3,0.904139976219496
3,1.10588033665735
3,0.953796518682217
3,1.44297409376966
3,1.142198449395
3,1.14319426700947
3,1.06717261739459
3,0.783689772876901
3,1.22057352477228
3,0.741819583863002
3,1.09810961142151
3,0.988713017996788
3,0.972297770056719
3,1.0214595015102
3,1.08021524190649
3,1.21403450895303
3,0.774882803968215
3,1.0679198173683
3,1.088416912972
3,1.16115038261923
3,1.2233391529147
3,1.08535221741724
3,1.15216888759178
3,1.00122239884786
3,0.998600098644927
3,0.951110816335804
3,1.01773417126042
3,1.08135611590313
3,0.895386947999924
3,1.12742418513711
3,1.12855630347318
3,1.22520699415525
3,0.549148790615241
3,0.846713347786229
3,1.21519635360052
3,1.15598189910604
3,1.23317120824402
3,1.19029142441095
3,1.08692846963116
3,1.12179328497667
3,0.800718836904002
3,0.892427703977703
3,1.28946583627538
3,0.998047287374878
3,1.26189825256277
3,1.01551010510486
3,0.834979586254055
3,1.13982966933274
3,0.856464073565322
3,1.06676547707249
3,1.02932342067164
3,1.13181949523928
3,0.898619171389888
3,1.17379474441065
3,0.845235494777814
3,1.00516085288664
3,1.25793233285043
3,0.692826992676913
3,0.987037518490624
3,1.2111338563041
3,1.12597478942444
3,1.06509686415253
3,1.06762523578515
3,0.987248846584549
3,1.26286115188467
3,1.1684814537241
3,0.916340313295718
3,1.18316741857465
3,0.903535792971858
3,1.0183776296582
3,0.993035192191484
3,0.923229426310198
3,1.09962605848758
3,1.14908676273942
3,0.826644163592677
3,0.93029107220287
3,1.11727860188818
3,1.08661188007668
3,0.724706694856243
3,1.22631984603802
3,0.880375399459098
3,0.940954562598106
3,1.00782298660421
3,1.26453065047572
3,1.01403920558167
3,0.660324089480764
3,1.18140368435108
3,1.37578606972798
3,1.12498378024965
3,1.1252193601428
3,1.08040953968288
3,0.754111845020554
3,0.999328623338825
3,1.25041292668833
3,1.27634689608381
3,0.914284314377018
3,1.05157561242083
3,0.807466403036442
3,1.00245937654352
3,0.943658773714932
3,0.904989486027986
3,1.08365744100341
3,0.901824019593874
3,1.16215512386638
3,1.04758571670353
3,1.19933310314438
3,1.16185260161466
3,0.836746870634478
3,0.86906002037156
3,1.14526931606524
3,1.0743843394808
3,0.984655584012272
3,1.20381467299489
3,1.0088299696317
3,0.656750547788533
3,0.782960858674115
3,1.13406865930916
3,0.940527093115684
3,1.37183794275631
3,1.05395376979669
3,1.21544269911651
3,1.05104558799594
3,0.547999999777914
3,1.06197163847276
3,0.656371914743255
3,1.15837723220186
3,0.851940368654076
3,1.19743705354506
3,1.05353616186749
3,0.839248921524908
3,1.17054762924027
3,0.838132537594117
3,1.26465800555272
3,0.849448676735785
3,0.892515358568628
3,1.05154573118801
3,1.21998351558014
3,1.19969628724699
3,1.22885395157127
3,1.24814100781024
3,1.08630409822175
3,1.09323589572223
3,1.23255801224072
3,1.11846779471448
3,1.15069584661288
3,0.561840339470747
3,1.31041758172585
3,0.839030605795536
3,1.11633435521158
3,1.09284930563344
3,1.14755884928625
3,1.06085437036417
3,1.02075125684702
3,1.30179543000361
3,1.17810509435866
3,1.19346561341114
3,1.10349829592639
3,0.959630612638803
3,1.22911921791657
3,0.995954973119359
3,0.904512747688168
3,1.02595433554184
3,1.07241014308682
3,0.764446010072562
3,0.912836638227629
3,1.13193935979152
3,1.24975383460308
3,0.677065254407161
3,0.87722321847705
3,1.2669978073048
3,0.680249430269613
3,0.926718411342073
3,1.25774989152026
3,1.08841278521061
3,0.863707702918048
3,1.13715971889722
3,1.26605258370821
3,1.17756597813507
3,1.064306269951
3,1.29212337078605
3,0.990651378248276
3,1.09400064548677
3,1.10902629097676
3,0.939139734013871
3,0.931969340088337
3,1.20327603682677
3,0.669613660082373
3,0.878625213375571
3,0.876951530120273
3,0.664473289990356
3,0.818905876313467
3,1.30473879544458
3,0.848609498795423
3,1.17393038841614
3,1.1837393894304
3,0.945855562521725
3,1.07566257536433
3,0.874816217874435
3,1.24274766705836
3,1.1598965396745
3,0.873717849419348
3,1.02873707211381
3,0.95726506357757
3,0.660898305028941
3,0.923598296663602
3,0.868116400893138
3,1.07941557796065
3,1.22203118534132
3,1.10229723501496
3,1.06705215568748
3,0.991536856681252
3,1.1232469131808
3,0.763487273801917
3,1.1398473046748
3,1.258940538491
3,1.11160650409156
3,0.844557027080549
3,1.02490761681814
3,0.965820642292062
3,0.626273663703438
3,1.25210553025161
3,1.06532775689782
3,1.07008102604284
3,0.899113979535096
3,1.01921011822234
3,0.897795827206348
3,0.66970757059576
3,0.852994648469217
3,1.14946545683105
3,0.877923792347547
3,0.882934789638986
3,0.831057894239337
3,0.952537392504406
3,0.925841587415918
3,0.575259472891602
3,1.16526633779134
3,0.936027016652929
3,0.974997978853723
3,0.848983108852378
3,1.00231307596781
3,0.970814318057499
3,1.21061799016808
3,1.14423628177886
3,1.01415344231103
3,1.01897451663083
3,1.10950927039847
3,1.07463166941254
3,1.23083510847317
3,0.811689722535641
3,1.04104424611945
3,1.19472229571693
3,0.993320144742123
3,1.01025253757578
3,0.841719463631406
3,0.985027136414756
3,1.20041980304418
3,1.00667763369741
3,1.25377611070417
3,1.14642418357896
3,0.895832314330257
3,1.27675738993285
3,0.759012818267229
3,0.85333337624441
3,1.14905021297892
3,0.905307915751119
3,1.03472168201735
3,1.03916332658041
3,0.510190370343925
3,1.14940757154727
3,1.23422183805143
3,0.94341323763644
3,0.617025813610547
3,0.684211573566298
3,1.0729251899212
3,0.93922682192481
3,1.19163052430003
3,1.19869175042387
3,1.23481390104125
3,1.0834790577333
3,0.934267405816887
3,0.91783659344879
3,0.844228119887864
3,1.11449350563562
3,1.21405476734969
3,0.969299656660059
3,0.546691709830173
3,1.17965451646629
3,1.24951468062927
3,1.09735113168405
3,1.28863398165506
3,1.29916250295193
3,1.02876135783705
3,0.659290697478333
3,0.813766289124346
3,0.965080671471019
3,1.08307457796039
3,1.07096919976026
3,0.788436397688958
3,0.976413662640114
3,0.946655918797836
3,1.16368148057355
3,0.783045014813229
3,1.03703848474921
3,0.944828732845158
3,1.04870249128524
3,1.21859842931761
3,1.3472731140225
3,1.06695834957625
3,0.752347676836309
3,1.00509894378768
3,1.06511255681108
3,1.15358427907864
3,1.27582225205251
3,1.06834533024472
3,1.17962241078372
3,1.22197897744682
3,0.764989554740874
3,1.03629049190811
3,0.992879097898318
3,1.09507279519772
3,1.0740447843998
3,0.943375762731467
3,0.875140553605761
3,1.20323227454285
3,0.796815714834714
3,1.27397136590991
3,1.12769483589653
3,0.988471008409093
3,0.496782059879088
3,1.14944640481747
3,1.05468031108143
3,0.712015413827061
3,0.70192562063221
3,0.970554620882207
3,1.03452416577267
3,0.912702676723587
3,1.06771157176821
3,1.0241296772242
3,0.815276480589421
3,1.10954997823154
3,0.874364371557216
3,1.09169407925492
3,0.978291914228092
3,1.2944886382919
3,1.07563811128939
3,0.962438747953213
3,1.0448634147402
3,1.09586451978592
3,1.14586502921101
3,1.26049343374265
3,1.27239102032441
3,1.02579425069012
3,0.911879729294615
3,0.638787365529404
3,1.08780616089817
3,0.647034581579311
3,1.04896849522372
3,0.694741253956977
3,1.21868464190326
3,0.942005152926471
3,0.98050909509819
3,0.609497405217658
3,1.00834292098981
3,1.22177191992553
3,1.14554898757284
3,1.09633628724219
3,1.04786293512051
3,0.972253808032167
3,0.751935816488433
3,0.797789401954801
3,1.12057378938772
3,1.10280305368069
3,0.868675854399616
3,1.17381381421707
3,0.899465495867229
3,1.17163392210614
3,1.02233134589343
3,0.748231143874543
3,1.1706054490165
3,0.606657670245031
3,0.690068033983485
3,0.893557806004271
3,1.2099532297623
3,1.01432618598159
3,0.928317231390453
3,1.09802070518733
3,1.28464780646661
3,1.12861950759182
3,0.970777003158654
3,1.17584706358234
3,0.972370284203106
3,1.26170808063778
3,1.2229929461746
3,1.10846132533511
3,0.679185163882013
3,1.03270295566302
3,1.14736740481915
3,0.772791239011175
3,1.11390895658471
3,1.18167093692455
3,0.87307059132666
3,0.789768375501215
3,0.933141036276523
3,1.26706736656256
3,1.23418187265713
3,1.02822857446885
3,0.824714715704995
3,1.10568056123286
3,1.05683577878888
3,1.09695982158503
3,1.09211057973289
3,1.17564200626629
3,1.33039910011003
3,1.24487728520131
3,1.3347184853471
3,0.90045667332451
3,0.530254374661363
3,1.13524704806948
3,1.16295723035441
3,0.87436126959777
3,0.691232295423628
3,1.08578331492636
3,1.04569491202592
3,0.684785399681034
3,1.1654868095239
3,1.16626611354669
3,1.0907614801504
3,0.934527127630461
3,1.15828147720085
3,0.991938508120264
3,0.912857560587598
3,1.13878986472976
3,1.24807126531889
3,0.784598252240318
3,1.19280484394128
3,0.703504776886263
3,1.25754987959549
3,1.17777197355741
3,0.848806566047988
3,0.860339857948732
3,0.787961441698812
3,0.992200624001523
3,1.11255166583699
3,1.28570187271897
3,1.23705634764808
3,1.1195953862798
3,1.03493640021374
3,1.11390284368888
3,1.02372012449202
3,1.04623416987211
3,1.15620400988634
3,0.883907111101623
3,1.02092949250326
3,1.08690123882327
3,1.08052577910312
3,1.44609815417232
3,0.988891506424273
3,1.1061831402081
3,0.565369440792707
3,1.06252245747514
3,1.10330761389585
3,1.12612520074811
3,1.03992999688892
3,0.76071901295132
3,0.611552619733777
3,1.09770639337368
3,1.08490907130415
3,1.00308914134416
3,0.754654253132299
3,1.00329414963377
3,1.02738789994277
3,1.30782651130874
3,1.07988649775503
3,0.869672158484323
3,1.08799317798211
3,1.02603728618857
3,0.662639564892328
3,1.4507744304676
3,1.29445961038376
3,0.836069200956616
3,0.638907541034705
3,1.28953583128016
3,0.604652213550745
3,0.974071383150465
3,0.93736097088858
3,0.985276445935408
3,0.976265933440558
3,1.16085462430148
3,1.209284822943
3,1.23664497972043
3,1.11661093165194
3,1.21217410446574
3,1.09657278702491
3,1.03169143798303
3,1.14972655060513
3,1.08495859851758
3,1.13999287388764
3,1.10123818003038
3,1.04758918337952
3,0.786285712397852
3,1.02172976361843
3,1.21137353879022
3,1.02154823617093
3,1.16129973145341
3,0.9701738183798
3,1.13655634872278
3,0.889290656337056
3,1.04902117753344
3,0.871318788153382
3,0.950327523689052
3,1.18749634776643
3,1.16803018365912
3,0.948967722938805
3,0.947343532960034
3,1.19940962870583
3,0.724610686432959
3,1.03092184527407
3,1.08759042565849
3,1.18893273926789
3,1.12777740089937
3,1.25251210851116
3,1.03394399879703
3,0.859438542916993
3,1.16134158819341
3,1.19910266710238
3,1.0047676723611
3,1.24618267397281
3,1.07851951105603
3,0.655904075037652
3,1.02140589511846
3,1.22205227310563
3,0.874892444486733
3,0.837425600634281
3,0.929154973687598
3,1.05306734608867
3,1.16735341407094
3,1.18008033879712
3,1.03339778323316
3,1.02339192019932
3,1.17590770571139
3,0.866032281681354
3,1.14547516680007
3,1.17269536391307
3,1.00683821270833
3,0.886275732530469
3,0.960179804886743
3,0.606778808974138
3,0.962987936017316
3,1.12358007656368
3,1.09552077727319
3,1.09624278356983
3,1.1074153223774
3,1.07478923539379
3,1.28996520560336
3,0.87224817532552
3,1.23512855978697
3,1.01640396098133
3,1.08467791275498
3,1.23482042502025
3,0.83224381534629
3,0.805135257346078
3,1.19924761338001
3,1.12009378423689
3,0.999678508605044
3,1.0617826748459
3,1.23511017408339
3,0.849948762457324
3,1.0704196686845
3,0.691981630368421
3,0.97584242269145
3,1.07337051863925
3,0.793976189877707
3,1.16089819074049
3,1.13095360103248
3,1.04136649502662
3,0.541464257525313
3,1.10506799864531
3,1.11914587530877
3,1.08420661742202
3,1.08159196323585
3,0.895229917656069
3,0.970980626680918
3,0.994661977867223
3,1.08686592714719
3,1.13304832066108
3,0.78950278524529
3,1.12072137467568
3,1.12839531047266
3,0.986116825695483
3,0.995598081401058
3,1.0522836092837
3,1.316333312348
3,1.15556855990765
3,0.929404691407388
3,1.23515647360201
3,0.936720727779263
3,1.07444357444586
3,0.995206499407247
3,0.941655747280149
3,0.924706712881036
3,0.800186675903981
3,1.1045013257856
3,0.885820084179306
3,1.23728280243252
3,0.727348822075127
3,1.03311245763932
3,0.865350450709469
3,0.776684754116818
3,1.10591370923599
3,1.13509099221151
3,1.09425189202743
3,1.1587175445405
3,0.725323360044132
3,0.778314571930433
3,0.978729695753473
3,1.11772595345953
3,0.507152340247787
3,1.272485976062
3,0.901094755405666
3,1.08353787109449
3,1.08582333179866
3,0.717797594229021
3,1.01898291838875
3,1.19955907977314
3,0.903050721593195
3,1.19730534200983
3,1.17873376144223
3,1.19240257696166
3,1.17203336974744
3,1.06691529485714
3,1.05548129410844
3,1.10748949460435
3,0.891415633312327
3,1.18299382438221
3,0.972487227869966
3,1.08287120980394
3,1.26330963481666
3,1.13502257748238
3,1.24026028285457
3,0.911938026013076
3,0.513867923104534
3,1.14223524441569
3,0.818152860943554
3,1.03399896236911
3,0.750371346228687
3,0.956991947635355
3,0.940738758663291
3,1.08825277998597
3,1.20009931942449
3,0.970831447925416
3,0.55406075144353
3,1.03767912590697
3,0.782234642177743
3,1.0500340552517
3,0.921648895031536
3,0.927183900231475
3,0.806814855888981
3,1.11626080708224
3,0.911657694670077
3,1.11002521047549
3,1.20670746095373
3,1.1255729916221
3,1.08649264229322
3,0.999222241195867
3,0.884861651689605
3,0.906637380776731
3,1.03461577051781
3,1.10911049671243
3,0.913170648488632
3,0.831778447848703
3,1.20729473488801
3,1.22119576728165
3,1.04462693807142
3,0.513826148481322
3,1.15032552963349
3,1.12442515029511
3,0.98870741571739
3,0.857051994176263
3,1.2729187237575
3,0.57643993595314
3,0.902975798912778
3,0.975155987162638
3,1.14112662398201
3,0.772130942276384
3,0.934025823304159
3,1.02046014926528
3,1.28192009152509
3,0.787646174005935
3,0.98329059119389
3,1.10930964067471
3,1.04707361181103
3,1.05406145047962
3,1.04262262636605
3,1.28506818674417
3,1.13912009169836
3,1.09014659139295
3,0.938081428488757
3,1.05233355257365
3,1.15588567127362
3,0.915248280969018
3,1.01335787617679
3,0.969057396666066
3,0.982433704425395
3,0.994934007674692
3,0.84855667417164
3,0.844679044546963
3,1.02439112359804
3,0.984799468479938
3,0.992962820735689
3,0.963280784733926
3,0.87394781628083
3,1.16252667005764
3,1.08683956996742
3,0.833258399566199
3,0.977818530916587
3,1.18471289308965
3,1.07124356456776
3,1.04959369810756
3,0.879007669417272
3,0.907720448826595
3,1.17668606943599
3,0.550385041228807
3,1.24866121060508
3,1.15424297327057
3,0.866153172681007
3,1.24185647014568
3,1.08448233270596
3,0.97358824249025
3,1.12268868223723
3,1.16110185855969
3,1.16484377724759
3,1.02724806053787
3,1.09939044377971
3,1.08369058418509
3,0.569974142194397
3,0.737312461701001
3,1.12965391089277
3,1.00836655529754
3,0.794887916145557
3,1.03729906409315
3,1.05689191720848
3,1.19893243105605
3,1.21480973018728
3,0.998486976552499
3,1.00794884408529
3,1.07221771146711
3,1.05829774734828
3,0.766265358540338
3,0.990903679140861
3,0.99676765105137
3,0.714113028796621
3,0.673915911289999
3,1.21662775842047
3,1.03918561110228
3,0.997899417905226
3,1.15209748848936
3,1.13711474577913
3,0.927835326460133
3,0.939874678954986
3,1.10031352793356
3,1.11855042072695
3,0.656239555063533
3,1.11388610798691
3,1.23500506499717
3,0.97365888388564
3,1.10086333725583
3,1.14788758671595
3,1.13222752952186
3,0.899954027718535
3,1.03211494630849
3,1.18949992964099
3,1.08557998312612
3,1.04076044490065
3,1.21124869771882
3,1.01648343790204
3,1.14218366449569
3,1.11749302542279
3,0.97960301449118
3,0.990346908837653
3,0.81596086209206
3,1.21177943303311
3,1.01359868212518
3,0.934897364569288
3,1.0951414180513
3,1.20673382425812
3,0.851682369874327
3,1.01306089790684
3,0.979274460679314
3,1.26018279626151
3,1.10747189658678
3,0.86622114155468
3,1.09230427449827
3,0.998963276266551
3,1.08087710520437
3,1.07584159324416
3,1.04477048723376
3,1.08206050096021
3,1.17990567400852
3,1.07370318701015
3,1.01369640764388
3,1.06872327060418
3,1.25468520895024
3,0.795998244811083
3,1.15649720668134
3,0.772066170528008
3,0.873522608958835
3,0.754739575281949
3,1.02409973735841
3,1.12986176385098
3,1.17155521516145
3,1.1841181990041
3,0.874883611465754
3,0.668233657686215
3,0.988531356402144
3,1.24515494395862
3,0.868820166176779
3,0.866410141501764
3,0.928852835717823
3,1.20866214714585
3,1.23169280551338
3,0.912703025085899
3,1.20457937891041
3,1.15036828680063
3,1.19211428651893
3,1.20227548583304
3,1.08205763777019
3,1.26050734722756
3,0.763109905911149
3,1.12883578838169
3,1.21775343091512
3,1.00186575158207
3,0.895619273939396
3,1.00482243636512
3,1.05497812869718
3,1.21155941716849
3,1.07292486523138
3,1.18460205916311
3,1.25490189761784
3,1.06076294751858
3,1.15663124377204
3,1.13912143951224
3,1.23651611167863
3,0.950151955879294
3,1.17602452782154
3,1.17521177669739
3,0.826426493498565
3,1.03084444107473
3,1.21529594796954
3,0.889122251567958
3,1.10496811033907
3,1.12449757466484
3,0.663504421461239
3,1.11961765563989
3,1.03778963344366
3,0.652223389108723
3,1.17074515291706
3,0.979196648128204
3,0.736841352049694
3,1.21870081572864
3,0.890721351487456
3,0.972886913224806
3,0.540043491001647
3,1.27930844708267
3,0.817579361515769
3,1.0275278729078
3,0.754674096180684
3,0.567551140836997
3,1.03155829803738
3,1.22600535505604
3,0.986986009374772
3,0.919815887119028
3,0.925557636850087
3,0.747554841969074
3,1.2361855290871
3,1.28667394619657
3,1.03311286767479
3,1.05687812009772
3,1.22404237585506
3,0.611544526155683
3,1.13978731200927
3,1.00842784646241
3,1.16682208648409
3,1.03107339249306
3,0.995516986795633
3,1.09697170539787
3,0.967178208339866
3,0.90227552760046
3,1.01849299285343
3,1.16537748310046
3,0.740439877622751
3,1.10508700903112
3,1.00998945495395
3,0.872677101927985
3,0.902487199391339
3,1.00825901509072
3,1.19642130108535
3,1.01295822723078
3,0.910409420172429
3,1.16773653069327
3,0.914235843085806
3,0.80177896555235
3,0.884659615059351
3,1.07483867900425
3,0.80560594328502
3,1.09280066178613
3,1.2582235958695
3,1.08270793201855
3,0.953109291245039
3,0.901363872891219
3,1.11764858545552
3,0.943658723778894
3,1.16633286932338
3,1.08550809791476
3,1.15523981981931
3,1.26015376746755
3,0.758973963925827
3,1.03872980852753
3,1.30026876750978
3,1.12659405285568
3,0.722821925513367
3,0.757094643821459
3,0.900482285632994
3,1.13837014754074
3,1.0068840870146
3,0.878677659406381
3,0.882689880603221
3,0.989588484718892
3,1.01687770230193
3,1.02997511331407
3,1.31651150334669
3,0.660684117317478
3,1.1472635253423
3,1.21731849373718
3,1.18291012394268
3,0.746074394277034
3,1.06078532477071
3,0.886902837628639
3,1.18980421898257
3,1.14033757703749
3,0.633104334346574
3,1.0645339214787
3,1.1049701153004
3,0.587518607148052
3,1.1482258541616
3,1.06607449732183
3,0.687220548835845
3,0.75808812599164
3,0.80618771775723
3,1.205722639012
3,0.882554315577537
3,0.991551294187758
3,1.04746867434707
3,1.039633304842
3,0.665472224035033
3,1.1093687736464
3,1.0266527332189
3,1.0754161326627
3,0.977355748659109
3,0.945734610000926
3,1.16247144239848
3,0.565881823380863
3,1.23612010551471
3,1.45771032295675
3,1.05039362844698
3,1.17075066756143
3,1.09604179405227
3,0.937214683855854
3,1.35407831154055
3,0.618133848124569
3,0.788256096877616
3,0.726554861182696
3,1.01891792659966
3,0.805102399529876
3,0.863806174515134
3,0.958957702651893
3,1.03450082687132
3,1.04335282360275
3,1.06930559205157
3,1.19528802306986
3,1.20494880338098
3,1.13268880177463
3,1.12497133335837
3,1.21494810827559
3,1.12405093199219
3,0.862566503629931
3,0.683557819934384
3,1.11585446083727
3,1.14151841457198
3,1.03674467328094
3,1.24349512854705
3,0.962085741110166
3,1.13227796882834
3,1.10087652369231
3,1.00313877744298
3,1.07206103792598
3,0.60256480726073
3,1.01753739458751
3,1.29704987217841
3,1.06305947669337
3,1.21452741489667
3,1.021234162415
3,0.692732130136414
3,1.19240452801802
3,0.972730030818576
3,0.97282505361944
3,0.902284149148474
3,1.06496361047632
3,1.11119100495712
3,0.922929810279203
3,0.943850028638871
3,0.588268842260627
3,1.10284877026123
3,0.843530586191664
3,1.18768399207381
3,1.13440254696132
3,1.17781057287248
3,1.14578126852441
3,0.990842289748951
3,0.985257663028535
3,1.29877035553959
3,0.994011239415874
3,1.20067998834821
3,0.897821039995948
3,0.966624193280266
3,1.0483868565007
3,1.1302985981719
3,0.979909987139006
3,1.20016429727039
3,0.914841999216341
3,0.707484426863831
3,0.915008123721006
3,1.22725058170438
3,1.05204471073131
3,0.681285807364469
3,1.06989165516525
3,1.04341652623076
3,0.67022438589268
3,1.40030957210702
3,1.09355840975647
3,0.879094016565246
3,0.954552391576024
3,0.999922813208978
3,0.851778100695034
3,0.857828432773332
3,1.20918395832345
3,0.888742002049121
3,1.0934423012957
3,0.693914322154356
3,1.22870576174576
3,0.833262715948072
3,0.812611284291167
3,1.22450180951025
3,1.15867728369706
3,1.15168692119867
3,1.09320462430037
3,1.06064928322982
3,0.9571762710258
3,0.992506741596915
3,1.09744311958751
3,1.22363909993488
3,0.744738337542206
3,1.00234985274541
3,1.14233937039789
3,1.11235683060959
3,1.21229437487926
3,0.667110050153376
3,1.1294353168379
3,0.629888470565363
3,0.998816811784241
3,1.06465084873948
3,1.0241469706946
3,1.04301303572007
3,1.03950156097843
3,1.07613678202241
3,1.15171288697873
3,0.989445905121487
3,1.04053397252899
3,1.08178275964075
3,1.09736431004095
3,1.08365819105556
3,0.691760806529887
3,0.933144239298183
3,1.23357102080377
3,0.937606152915707
3,1.00114739735993
3,0.877118832009254
3,0.66828176102477
3,1.07795203112416
3,1.20324049777467
3,0.821194233448077
3,1.14833787197537
3,1.06077216855927
3,1.17986509981059
3,1.18356462115748
3,0.893014765010318
3,1.2900648582529
3,1.10851891480227
3,0.60510950181119
3,0.802646079374504
3,1.13687927003854
3,1.39851492534983
3,1.28343984068228
3,1.15630305353988
3,1.26792330595926
3,1.1411694571055
3,0.746786948921095
3,1.27523778065635
3,0.827133030851431
3,0.904013164899627
3,0.504922135571025
3,0.736961476549144
3,1.20284563372383
3,0.827470776189726
3,0.905418326730074
3,1.0011002864964
3,1.17987743452241
3,1.07591328716602
3,1.12051095228831
3,1.05975982623261
3,1.08755596034628
3,1.10059041438345
3,0.970785844689253
3,1.1159001917337
3,1.13219587837047
3,1.06115773100823
3,0.674777183518098
3,1.19538481869741
3,1.07202570987426
3,1.28704295431259
3,1.03538503399541
3,1.2369526585144
3,1.08416609181602
3,1.17701807319731
3,0.91079179674273
3,1.27427909820993
3,1.18870574769914
3,1.14905572780223
3,0.921990606492061
3,0.933823427156617
3,1.06332452982552
3,1.04518764150491
3,1.21709758978767
3,1.20400658026248
3,1.03772583675994
3,1.13062669879124
3,1.07429850232007
3,1.0299754017029
3,0.921998065056898
3,1.09620485609372
3,0.86077304538784
3,0.993340781254881
3,1.07177143507655
3,0.965547281329165
3,1.178039423796
3,1.0680761488989
3,1.1225298346723
3,0.884183007569628
3,0.658197212748902
3,1.03641631089421
3,0.87248718164426
3,1.17759786486367
3,0.821100437062987
3,1.13380381372555
3,0.981317081064261
3,0.849330379872391
3,1.05606788772605
3,0.873039571818596
3,1.1061087843371
3,1.08611350104041
3,1.09699272393033
3,0.878503026301067
3,1.05795301410645
3,0.944358334219153
3,1.17584593382057
3,1.04839566723282
3,1.04040943745391
3,0.890774164714342
3,1.00783137166905
3,1.21295267982203
3,1.24871057326354
3,0.661023826072394
3,1.13918485646471
3,1.21800134377392
3,0.678932856174898
3,0.990882129476674
3,0.960453955412006
3,0.617113372832229
3,0.989196396358672
3,1.21501867482612
3,0.867255577233856
3,0.984911696086453
3,0.56447849880065
3,0.905843115100908
3,0.885670036352812
3,1.14877534345885
3,1.14955414242219
3,0.743756579929087
3,0.866378551001
3,0.496471528197772
3,0.978840122417353
3,1.20413674480651
3,0.995134075984907
3,1.08618855380791
3,1.29130764386189
3,1.07547966611739
3,1.14741377748195
3,1.04503261732855
3,0.980892170232891
3,0.6527748453251
3,1.15072569736241
3,1.26923763953816
3,1.31131337305753
3,1.1836017116071
3,0.960117566401797
3,1.07233678867323
3,0.661461583964275
3,1.14817316466057
3,1.16917480625737
3,0.793323326687525
3,1.23278947694389
3,0.997221116628465
3,0.708984409762764
3,1.32025509694524
3,1.0354433788473
3,0.910332113239282
3,0.833393302681515
3,1.16238358218598
3,1.10558348000942
3,1.11129776046754
3,1.18720204091015
3,0.975829214392143
3,1.05906708775729
3,1.11656307470402
3,0.934051910388022
3,1.1664333051763
3,0.893500912148803
3,1.02125299389786
3,0.679956426208115
3,0.897419820564049
3,1.1837037557677
3,1.14476207211245
3,1.07065453899668
3,1.08085688560429
3,1.01086472638306
3,1.21391524417033
3,1.18431966156844
3,0.869861805024146
3,1.00628795660582
3,0.838860848039516
3,1.18074287541562
3,0.84508806054139
3,1.03378384172198
3,1.17554549944545
3,1.23376777485739
3,1.35719782778996
3,0.970486644088457
3,1.20535885347951
3,1.09788744609133
3,0.923114700355593
3,0.892369992654823
3,0.925909919542178
3,1.08375453580623
3,1.07963487649545
3,0.560699355718419
3,1.13228040478775
3,0.913647468448324
3,1.01362852199741
3,0.95748276097809
3,1.11399500765712
3,0.653338575708311
3,1.08463311989309
3,0.636078647112794
3,1.14647939565414
3,0.783000980705548
3,0.989112041941033
3,0.964106974274681
3,0.971599045816796
3,0.663334260206672
3,0.975661871320823
3,1.03891830620604
3,0.882116967731518
3,1.03410378291151
3,1.10324806125282
3,0.905920233851795
3,0.960571142690601
3,1.09969780411294
3,0.913301984170064
3,1.09250125767858
3,1.21830997665937
3,1.35119963345762
3,0.905545540530645
3,1.23227668764403
3,1.02807412354787
3,1.10209885667763
3,1.10550272304366
3,1.06214240696456
3,1.13473578625611
3,1.0285114208602
3,0.770917305817513
3,0.657797041028071
3,0.834959030369755
3,1.19092098715613
3,1.18423682089201
3,1.13288137303288
3,1.22088188403421
3,1.2432143776113
3,1.15911195676797
3,0.961534286162583
3,1.25980785096032
3,1.20922954949
3,1.24006726916837
3,1.31625467261542
3,1.08183776824456
3,0.581852132001626
3,0.922726677570123
3,0.759056429269139
3,1.05178578382364
3,1.06716386664767
3,0.957449489236891
3,0.594673108616684
3,0.999934570920359
3,1.00908724823176
3,0.973606062559433
3,0.868254940849297
3,0.58150150158504
3,1.24299989271436
3,0.855814921822759
3,1.06577342220702
3,1.18307721271987
3,0.724809453081169
3,1.20252802851538
3,0.763524889521407
3,1.05411832106179
3,1.16070037107285
3,1.21294426415505
3,1.01949284139164
3,0.975377011630094
3,1.14832516225565
3,1.16917224647229
3,0.898530543221421
3,1.11336772792474
3,1.05530907820852
3,1.16269258313467
3,1.26747812094149
3,0.965538850241504
3,1.43625736899555
3,0.870769904173801
3,0.780933520282027
3,1.08567601352334
3,1.22824370106508
3,1.0691025075362
3,1.0748755339335
3,1.23090297544438
3,1.33221609042779
3,0.884009677516664
3,1.15229929879051
3,1.00245018042901
3,0.888024223506001
3,0.813844337756441
3,1.29768436213998
3,0.97824260332783
3,0.980034410077208
3,0.737604213204415
3,0.899462507390935
3,1.19075081114018
3,0.97734890198775
3,0.958511515977799
3,0.810814597993725
3,0.965129952662108
3,1.26966951272223
3,0.835464895995643
3,0.91109717329902
3,1.10386019544928
3,1.09363996131128
3,0.595923494901962
3,1.13190100425068
3,0.983640156527419
3,0.625038888449852
3,1.32212814397759
3,1.1237670475902
3,0.975365943398223
3,1.13268276069301
3,1.00919289916857
3,1.10810467282562
3,0.852854121711774
3,0.960403060703356
3,0.684426324332399
3,1.1824821529107
3,0.940466757136561
3,1.17733590864014
3,1.17666538967245
3,1.06214764597269
3,0.97766274378748
3,0.540272365093584
3,0.973107527482371
3,1.17137107745108
3,0.460117056119912
3,0.731601724813514
3,0.566927746749544
3,1.3089188824862
3,0.984126690014655
3,0.637831331245085
3,0.949788591915786
3,1.26724764391179
3,0.92841473068945
3,1.09849576449827
3,1.05709245669972
3,1.14335506932258
3,1.02593700123799
3,1.14136559409281
3,1.07114392927406
3,0.664718117092279
3,1.19920600410664
3,1.00471194599527
3,1.24691443716005
3,1.06019204776511
3,0.626525575187698
3,0.828403555380739
3,0.612375893114386
3,1.28089187135947
3,1.08202893713379
3,1.19753705064011
3,0.752928777845163
3,0.68717764437617
3,1.0665308285367
3,1.24486345912008
3,0.752409906543829
3,1.3850692290154
3,1.22677870915891
3,1.18986201091231
3,1.30769205475761
3,0.87433237068337
3,1.27287834135646
3,0.93198201650109
3,1.17684798914667
3,0.649234223508787
3,1.14849497159688
3,1.23199692188726
3,1.19055437672818
3,0.848455127278414
3,0.585649763605435
3,1.00673990885904
3,0.801701467803227
3,0.834697529075077
3,1.03573003448393
3,1.20129988930139
3,1.2042446206047
3,1.27304345448896
3,1.17763552947665
3,1.17486636388623
3,0.845541800960915
3,0.935496218258537
3,1.27981822573387
3,1.23331953193237
3,1.02258705112074
3,1.17588776718987
3,1.0884772762108
3,1.14834016804857
3,1.15862416981911
3,1.09780454760211
3,0.783480800296048
3,1.11615072650079
3,0.983597206860188
3,0.78466534319115
3,1.13655196783845
3,1.03061252502544
3,0.697672776295239
3,1.10081181097767
3,0.886711813929606
3,1.22430812316856
3,0.714525080191377
3,0.994016869937727
3,0.782772490589669
3,1.0290105340889
3,1.3712067130226
3,1.21757581708176
3,0.726417729100924
3,1.17243364131675
3,1.10277283946036
3,0.996214768994822
3,1.03456923951492
3,0.874667813710013
3,1.00994903301511
3,0.964555020128196
3,0.946063029835888
3,1.10582422797083
3,1.09410986201968
3,1.13629005486682
3,1.20647408099279
3,1.08410013362093
3,1.106205131347
3,1.05913579742258
3,1.08791807015824
3,1.20549969487293
3,1.16176556922384
3,0.784896039473341
3,1.01871276917502
3,1.10725450112995
3,0.992013169751023
3,0.906261401636102
3,1.19009985359864
3,1.2390351162688
3,0.925274225972476
3,1.06129027192208
3,1.05561986808159
3,1.08466328900859
3,1.12090247839144
3,0.850460868618834
3,1.02955192707702
3,0.397772838658719
3,1.21891835402027
3,1.12705938344494
3,1.10879237137896
3,1.07124742251483
3,1.08789469267684
3,1.08175241366724
3,0.783709782291456
3,0.842515216540625
3,1.22487578797271
3,1.06966275737584
3,0.687273981903951
3,1.07772172340395
3,0.862330309961721
3,1.19173899216743
3,1.07927183608319
3,1.09412269992519
3,0.888068384953079
3,0.513617592814946
3,1.1837507207943
3,1.19687159948934
3,0.997143198695011
3,0.746744925846084
3,0.8950088212644
3,1.0585040194635
3,0.932404900285289
3,1.18076528240002
3,1.05659023689293
3,1.12252028016974
3,1.06870852927336
3,1.14284193354395
3,1.28910770341354
3,1.1520802516856
3,1.00996021918639
3,1.08070632689393
3,1.28085529951758
3,1.2323311998109
3,1.14533096429521
3,1.06130873873836
3,0.99582348980601
3,0.937445579489147
3,1.06957958692494
3,1.22700775832031
3,1.11306431503713
3,1.02980309999353
3,0.856936846154937
3,1.15581253604368
3,0.916200081111711
3,0.905971936532832
3,0.542063497986551
3,1.09816515896976
3,1.08978441572765
3,1.17961106630592
3,1.31420714273723
3,0.951838691916904
3,0.923741092841749
3,1.12876326084841
3,1.45467547869225
3,1.23064016287111
3,1.22328598567341
3,0.587567104858509
3,0.970875659362065
3,1.16756812400226
3,0.80375105467603
3,1.19471698660254
3,1.25341223757813
3,1.05913223125211
3,1.01342860564341
3,1.19320024339028
3,1.00305663912567
3,0.903971432976282
3,1.14696663419083
3,1.11911237036878
3,0.949851261124179
3,1.04197554504006
3,1.13727575074384
3,0.993189454104207
3,0.717625350935138
3,1.03433947820398
3,0.929687676189392
3,0.920655050332178
3,1.01685328099217
3,0.938256678643619
3,1.18707491479935
3,0.819101880357373
3,0.930410381662203
3,1.09605359544219
3,0.603220651817727
3,1.07831687961995
3,1.02456629839112
3,1.3910084674664
3,1.14076292392897
3,0.860934391966465
3,1.12184420512667
3,1.32906806849768
3,1.13234791749151
3,1.00378244283336
3,1.02658786965087
3,1.0036053212468
3,0.931880887798446
3,0.983237233871729
3,1.21554426148327
3,1.12898252404376
3,1.20234961588991
3,1.05988767699217
3,1.34833630869876
3,1.07350102549671
3,1.08047297325146
3,1.27068797674749
3,1.06235315514059
3,1.17264036732331
3,0.998079485305802
3,1.26943540588238
3,1.21940442991295
3,0.983637235658171
3,0.78915523380203
3,0.899434298078883
3,1.24109266006231
3,0.950956343659797
3,1.17834614741904
3,0.963492404351174
3,0.632426208852999
3,1.15618308485749
3,0.980682408881341
3,1.00296157254067
3,1.12012174338847
3,0.980546260730733
3,0.658087844025558
3,1.0324420224961
3,1.10898568023184
3,0.654103123671079
3,1.15624598359323
3,1.18689265734688
3,1.13078435578833
3,1.0984286847841
3,0.92220874435037
3,1.19084364462042
3,1.10475473131862
3,1.00255274146034
3,1.13283473442972
3,1.05823385047655
3,1.03364843515594
3,1.18696957229226
3,1.01062386334437
3,1.26413915476365
3,1.18838822816427
3,1.05493992735859
3,0.745792636128125
3,0.533821316356064
3,1.03508667282141
3,1.06307175033625
3,0.978094320753121
3,0.802995783296979
3,0.672414851813178
3,1.19893706087947
3,0.982122140951024
3,0.894726052810711
3,1.1547825338297
3,1.00287624391998
3,0.858801878313266
3,1.19919147516531
3,1.00291038786694
3,1.00561857991108
3,0.747934138569233
3,1.02912631056928
3,1.14915142932403
3,1.08049917602843
3,1.16887439051165
3,0.885304115432209
3,1.19452327389841
3,1.21828548452874
3,0.959884503528963
3,1.26345555399458
3,1.0298837544906
3,0.93908822810527
3,1.19115736135395
3,1.21858524357019
3,0.91678156849319
3,0.55768856386605
3,0.695891444691625
3,1.13508084409892
3,0.882043279317966
3,1.08732149854077
3,0.735469195363839
3,1.13457097577246
3,1.07343305887873
3,0.811455951364575
3,1.24456360095304
3,0.999304971019099
3,0.850900090914426
3,0.99458685101181
3,1.19919242479556
3,1.08968081018372
3,1.01012786361298
3,0.953334712349082
3,0.922546501928693
3,1.03737097903593
3,0.82909438971427
3,1.19132446027086
3,0.816083606898773
3,1.15878637218275
3,0.72003481495696
3,0.943959232014389
3,0.954273158040174
3,1.12427583694528
3,0.754074603276133
3,0.703614039824641
3,0.960322924288129
3,1.2902882624811
3,0.826556227749788
3,1.13967671540778
3,0.684007717508496
3,1.01913190473725
3,1.10024988632132
3,1.07301116367029
3,1.11306285066101
3,1.21903072483191
3,0.971443119916164
3,1.08321204633545
3,1.22467766644641
3,0.671384138089422
3,1.15470181590347
3,1.24183694514314
3,0.650025677824852
3,0.9458273772757
3,0.995120579155214
3,1.22946822666539
3,0.999400952560104
3,0.88834284251956
3,0.891796733646873
3,0.775089422928081
3,1.15410108472913
3,1.09397841751806
3,1.24507257459082
3,0.880271613723188
3,1.10533990646349
3,0.897439945158117
3,1.11875192893141
3,1.17737191592118
3,1.05250838536425
3,0.987276936718095
3,1.14931448866614
3,0.940558349974691
3,0.794446369042695
3,1.09735319798997
3,0.602748150378342
3,1.22611591297957
3,1.21972855209343
3,1.1314650387958
3,1.21025942157252
3,0.776461874885394
3,0.910077785456306
3,1.05032330199246
3,1.03269759550015
3,1.5
3,1.1316217556677
3,1.09809578829177
3,1.27930525800482
3,1.27596922126541
3,1.10749475345315
3,1.07326701136897
3,1.05122825466552
3,1.04577337086864
3,1.08687346122721
3,0.884171100580566
3,0.674538236340327
3,0.980672975709408
3,0.497963247781445
3,1.06237308816058
3,0.960375541343641
3,0.701975266894765
3,1.06913997203215
3,0.599268314782188
3,0.870206054010896
3,1.22142886361481
3,0.747202965342808
3,0.560882346445315
3,0.906754999585113
3,0.860840269466738
3,1.15934476935059
3,0.788049247634065
3,1.17124985668464
3,0.917296378616205
3,1.06913579274767
3,0.953940688920348
3,1.11606418879193
3,1.19355467214919
3,1.11882334695203
3,1.02179023991252
3,1.12054526579637
3,1.02848667406158
3,0.916529648725095
3,1.19900206306593
3,0.960618677757303
3,0.905665237066484
3,1.30221308711328
3,1.03257731245099
3,1.00642650155488
3,1.08856471095396
3,1.21168746390255
3,0.944653916122479
3,0.902465184804376
3,0.824772379266294
3,1.07706771439394
3,0.824552749054014
3,0.949543790947353
3,1.05994231198662
3,0.893141996843908
3,1.10837933689651
3,1.14097062702329
3,1.27498982057277
3,1.12240543390518
3,1.03209838221497
3,1.00485257493943
3,1.26537989718319
3,1.01896363982501
3,1.21763365495534
3,1.04023596785369
3,1.20658220816261
3,1.19898764353014
3,0.926478760353171
3,1.28649216645017
3,1.0528930210741
3,0.761538620068522
3,1.02928218540753
3,0.732696164416797
3,1.26642598208644
3,1.08233626648126
3,1.08089332847153
3,1.1384035187645
3,1.21678603382073
3,0.788151100348489
3,1.14079469445542
3,1.10778892388428
3,1.14364191690722
3,1.35166817746513
3,1.06993526810397
3,1.10967724140293
3,1.17488390498905
3,1.08729264422776
3,1.19968109415208
3,1.32272761575041
3,1.03442792790945
3,0.918542221542139
3,0.920559375491718
3,1.05797560935672
3,1.30881932358514
3,1.21879590288716
3,1.41826671381269
3,1.06433684331241
3,1.19779379432597
3,1.33004233853548
3,1.03207817351246
3,1.01346924163256
3,1.28111320622571
3,0.937393926556528
3,1.17832110830734
3,1.13004991727075
3,1.0094190895723
3,1.09428168831777
3,1.16638627953757
3,0.971229034956513
3,0.720912252431196
3,0.361802705573711
3,1.17238032529775
3,1.04751155569357
3,1.01758278036364
3,1.10999833250905
3,1.18462005940575
3,1.10202474261691
3,1.00162188662989
3,1.16883435926112
3,1.15804552181914
3,0.945908125819636
3,1.06076522838138
3,0.983184807153117
3,0.958020009680021
3,0.869391859802295
3,1.16644924481814
3,1.20753456670913
3,1.1450218051628
3,1.01003735574203
3,1.24237850456772
3,1.0239563816702
3,1.07859180180906
3,0.942344316799116
3,1.31653757652248
3,1.11224153582726
3,1.03853507432612
3,1.10351130644188
3,1.00298804060071
3,1.01943439807183
3,0.525394255697006
3,1.2508084952114
3,1.05804210638887
3,1.31150454957523
3,1.03679835441737
3,1.10132729831332
3,1.22876554441534
3,1.10002235848706
3,1.02233131803131
3,1.169468786251
3,1.2705756786373
3,0.789793965959415
3,0.851104185135475
3,1.03910696089701
3,1.02640275760867
3,1.28111164309138
3,1.17517573755056
3,0.966977315930209
3,0.660900965213524
3,0.898009742322409
3,1.03158528949804
3,1.20064894310576
3,1.09170692074524
3,1.1914020727996
3,0.892730354948923
3,1.20697754533842
3,1.10169772247788
3,0.890161235305932
3,1.27839819819289
3,1.03467336005769
3,1.02451117575288
3,1.04690736628236
3,0.634570959009837
3,0.905308295963631
3,1.11462543033087
3,0.701462971071919
3,0.951749368434671
3,1.12444878680819
3,1.19459173734915
3,1.29822662433095
3,1.16538107164264
3,0.634331217200059
3,1.17543405968902
3,1.0327321131424
3,1.07928377654598
3,1.06907734449938
3,1.06315530542788
3,1.01169025587184
3,1.17478468278109
3,0.704787526008331
3,1.09190408876735
3,0.795584353556146
3,1.10709392428584
3,0.875249204527183
3,0.955335939659075
3,0.907399668142945
3,0.937538976867986
3,0.93844932989852
3,1.30012018767652
3,1.12907840843161
3,1.00438904852129
3,1.16559183905452
3,1.15918044405387
3,1.15500466238385
3,0.943137301519478
3,1.11877685649668
3,1.12187812081061
3,0.662983127621134
3,1.10414577872439
3,1.08989901761748
3,0.611972253093898
3,1.2553926348879
3,1.00682342894974
3,1.19491734762441
3,0.690770742948727
3,1.07006388008936
3,0.953378411055354
3,1.17718526674724
3,0.933696292846253
3,0.955848863199918
3,0.976927086049346
3,1.15551440713791
3,0.814760535847699
3,1.13559552484532
3,1.28790171400827
3,1.22710671622866
3,0.876282040314489
3,1.17718256819379
3,0.995459493136609
3,1.37574744024805
3,1.08046034049215
3,1.17092582422275
3,1.30001226852151
3,1.12150796344327
3,0.908135185636912
3,1.13818166189696
3,1.07147655530273
3,1.37599887213792
3,1.12748390031217
3,1.14105165965352
3,1.16903934647149
3,1.17662146425551
3,0.644217472675288
3,0.990314933706106
3,1.16677864732761
3,0.597119894668324
3,0.982478236445729
3,0.823735773844199
3,0.900193940599712
3,0.768296092856073
3,0.906353403428717
3,1.01669530677839
3,0.973656287797127
3,1.01544944881517
3,0.841248817877895
3,1.16106820522904
3,1.0700125898394
3,1.01302752775675
3,1.33157808973751
3,0.957840339229086
3,0.789113395851339
3,0.964461929659527
3,0.893819244672826
3,0.816687353240102
3,0.896070372325989
3,0.787114274238114
3,1.08670162990493
3,1.1778479394836
3,0.740098703022249
3,1.07048276765784
3,0.959773323471238
3,1.2280400062924
3,1.28369843625239
3,1.08995404815061
3,1.08125349718108
3,1.23816220794477
3,0.882937740476581
3,0.858105618795455
3,0.943086256485053
3,1.00477010027257
3,1.03928673962985
3,1.09214923920002
3,0.767537678669294
3,1.20730676075788
3,1.00177403932112
3,1.01567621148565
3,1.07435936741507
3,1.0588659404747
3,0.859481758683962
3,1.01805010861289
3,0.809714722638299
3,0.858277528921993
3,1.23501593587859
3,1.12486321510582
3,0.988058642130425
3,0.88537558841457
3,1.32395488696265
3,0.989917991514827
3,1.39049985259605
3,1.2091911723916
3,1.18729915018296
3,1.33459177155827
3,1.28501518990599
3,0.914751627623221
3,1.23285733013543
3,0.823348004467413
3,0.825096876807807
3,1.0545414143042
3,1.24270929190771
3,0.723815011389305
3,0.715740968841385
3,1.13457241903885
3,1.01680684800008
3,1.01567946518395
3,0.990327662588187
3,1.05806516528012
3,1.00488814149797
3,1.12615666508061
3,0.900103368287907
3,0.668704384766593
3,0.791007351510716
3,0.725330091727872
3,0.77776135668839
3,0.927147622736435
3,1.28592896055163
3,1.08024184188071
3,1.18323712881105
3,0.898955581656917
3,1.32144949357319
3,0.886645459004303
3,0.955365282394978
3,1.25459260133542
3,0.932539755273264
3,1.10790493371371
3,0.883699370940197
3,0.824302191602239
3,0.672945785415049
3,0.963760141622736
3,0.698487076462839
3,0.888207650050103
3,1.06831647689205
3,1.07801740892088
3,0.9450449966519
3,0.769046685934901
3,0.787552636977595
3,0.913211322260212
3,0.652165791321615
3,1.06254508639189
3,1.24056440437533
3,1.05868351126769
3,1.13034034116435
3,1.16808585159624
3,0.981068293116024
3,0.791926641607863
3,1.21433863051738
3,1.40875660062949
3,1.20921226706229
3,1.22528054234496
3,1.09687787953263
3,0.566515441677646
3,1.090058414551
3,0.877867526557916
3,0.837925076204728
3,0.989999816945811
3,1.17561904082389
3,1.17796816286629
3,1.17868417677109
3,1.0321653184984
3,1.02320670794992
3,1.04967528277455
3,1.20212266004437
3,1.19122450139946
3,0.852951053396936
3,1.17841557360716
3,1.14528523144831
3,0.981511729474377
3,0.972696995422494
3,1.21447235494425
3,1.21018157433317
3,0.972401892139029
3,1.23888312838223
3,1.23213409076668
3,1.15470472129591
3,0.839610830557382
3,0.928352196768439
3,1.05007003658776
3,0.815844770275664
3,1.07720716488991
3,1.15049978219587
3,1.08692209374365
3,1.13106089740281
3,0.983960852470994
3,1.11245123775015
3,1.22212501393726
3,1.06874565305877
3,1.2712851622037
3,1.17759353113914
3,1.14094809916636
3,1.09716495963523
3,1.17791705354407
3,1.14798930881198
3,1.22972810925217
3,0.971297082745648
3,1.10085285201055
3,0.843512131591815
3,1.26954238034688
3,0.883778182100689
3,0.907625633408867
3,1.31687549159541
3,1.19010036351935
3,0.955274654505877
3,0.960551993600954
3,0.781159400369248
3,0.89558760997724
3,1.05183550713188
3,1.2445587854144
3,0.901591119102633
3,1.37463626694891
3,1.14137081049864
3,0.826740360889327
3,1.29106417472957
3,1.27837435933875
3,0.99867390223161
3,0.99711679689582
3,1.20990376009474
3,0.618586779973777
3,1.02428980870675
3,1.15879763159041
3,1.13218312268771
3,0.508126543910791
3,1.18113831876973
3,0.72783110768536
3,1.09392086084067
3,0.869856454278701
3,1.08796622348738
3,1.1705877236379
3,0.957732172909772
3,1.07720648052742
3,1.27195237980885
3,0.847523763079338
3,1.09710071195221
3,1.16243585221137
3,1.08980245965712
3,0.961051028615394
3,1.00712563885208
3,0.961308861216855
3,0.791099050683624
3,1.06684311029814
3,1.13836766029362
3,0.870060212611694
3,1.01594261319537
3,0.519352787000924
3,1.08746206429116
3,1.28034671993032
3,0.719628329176939
3,0.895476874676909
3,1.18894106726527
3,0.845118268150314
3,1.10997758482757
3,1.21885285294551
3,1.34063278707718
3,1.04983864536279
3,1.12207149336554
3,0.99026806853107
3,1.31852550928831
3,1.01894838115776
3,1.10136468728131
3,0.771884831151511
3,1.18215806568676
3,1.01536034219524
3,1.08720172564851
3,0.78914289781328
3,1.14207389580192
3,1.02898996016198
3,1.1914096930237
3,0.775575391494908
3,1.09295189899887
3,1.08803562970716
3,0.97962871934273
3,1.09499047164877
3,0.811471090050988
3,0.33397773928605
3,1.12879381274449
3,1.0983953890597
3,1.06029197352135
3,0.998632271657935
3,1.14302025882808
3,1.10385905968915
3,1.09976605642018
3,1.18202197848943
3,1.0150438126577
3,1.01341337149392
3,1.1457117707046
3,1.19334449085523
3,1.08625990839595
3,1.21979135920514
3,1.17462230719226
3,0.930094203987465
3,1.17723516162978
3,1.14255245563317
3,0.99779341739655
3,1.10136827440438
3,1.20863927685165
3,1.03795953974267
3,1.15552256445453
3,0.911459493258026
3,1.00084652252601
3,1.07621593312588
3,0.619478160210616
3,0.897328697669765
3,0.970440952050774
3,1.11943456268024
3,0.786723303338523
3,0.977471900264816
3,1.05588159648131
3,0.767824062114689
3,1.13257745274479
3,1.10553398914783
3,1.13551048119458
3,0.999173935141867
3,0.9326781788193
3,0.911857434887224
3,0.933184878661719
3,0.926611193670574
3,0.957453574727643
3,1.24770219676104
3,1.11615205110636
3,1.14390318368519
3,1.14676715922991
3,1.08333877377664
3,0.801424613884085
3,1.28434899800372
3,1.00666326948395
3,0.841493442682404
3,0.810712212743414
3,1.00157021173756
3,0.952833552551176
3,1.5
3,1.24473365197932
3,1.21681429650495
3,0.761662210433698
3,0.831210478811087
3,1.10779310438518
3,1.30516475195628
3,0.999641248373619
3,1.09555995951086
3,1.01431406160998
3,1.04168130992192
3,1.15328690364096
3,1.2396435788706
3,0.933873593033093
3,0.928210310540663
3,0.711999609506587
3,1.27664169913954
3,0.711068281832333
3,0.99820805940764
3,1.22911612980003
3,1.18225049762206
3,1.14015903819422
3,0.941851300439637
3,1.23292690682846
3,1.15683788694799
3,0.818004265273063
3,1.09393444089558
3,1.00115257904457
3,0.927783911834609
3,1.28717676526836
3,1.11903294797016
3,1.13885721124702
3,1.12218577969107
3,0.832783008410753
3,1.18875682864318
3,0.715626255290518
3,1.324806785854
3,1.04332478585256
3,1.12562762599515
3,1.00383366508629
3,0.963156461651284
3,0.992817003594756
3,0.830528260986772
3,0.911740762548556
3,1.11361958045656
3,1.28729100551612
3,0.923206311974787
3,1.1213294798225
3,1.16496936895952
3,1.1224300387965
3,0.950937508330698
3,1.20652971564222
3,1.18195899872956
3,1.19719765520603
3,1.04104212960174
3,1.09253592439834
3,0.924962336895303
3,0.848917135620918
3,1.23052711222193
3,1.01101820035367
3,0.961714531867264
3,0.803881769366562
3,0.707216535914186
3,1.11758853826206
3,0.837277686357691
3,1.08473853226823
3,0.86636904304679
3,0.774078157147526
3,1.01015522960842
3,1.21381727641434
3,1.11097992332958
3,1.1625418846674
3,1.08527055657662
3,1.05361215299024
3,0.47567064897352
3,1.03627545451027
3,0.768827673591473
3,1.24025950249968
3,0.333036631449026
3,1.04208859008855
3,0.842623282821373
3,1.08191166000227
3,1.10371911123497
3,1.04015304821936
3,1.16858608931389
3,1.28285494640282
3,1.39839315411587
3,0.920038187763122
3,1.06267625286778
3,1.123223408236
3,0.920733893932196
3,1.0577292805838
3,1.04398594118573
3,0.891667001812358
3,0.70670084856927
3,0.900650693476357
3,1.25224654941213
3,1.01044292571798
3,0.957068041493858
3,0.976369641567638
3,1.21892575167119
3,0.811875040427613
3,1.23176457594878
3,1.09627921375217
3,0.870173896721193
3,0.856881770765015
3,1.23200967625005
3,1.24698771373213
3,0.953571082725186
3,1.06745468807617
3,1.10671524346612
3,1.0462605125789
3,1.1795848650535
3,1.1633748463783
3,0.766544338432051
3,0.862199794403637
3,1.06720393858082
3,1.0938794998376
3,1.22426669744262
3,1.21407270060274
3,1.06469478649242
3,1.1845128511645
3,0.944672243653275
3,1.14156391460496
3,1.02696871450841
3,0.979500720335154
3,0.736962487419126
3,1.15132332443929
3,1.17627494108791
3,0.900765718215219
3,1.06243188386304
3,1.26149790978343
3,1.2735769900866
3,1.02590621409536
3,1.34118759067828
3,0.876370591261751
3,0.544363341419583
3,1.01498439795206
3,1.17480218429948
3,1.20584089609587
3,1.10702427504284
3,1.06602686175714
3,0.991350047665575
3,0.957040385670404
3,0.852538026894925
3,0.932339674469344
3,0.909654437767912
3,1.11723900766041
3,0.801873931935425
3,0.856601523818091
3,1.20954580815821
3,1.21936582283589
3,1.13468434107269
3,0.946184817608172
3,1.11770974425798
3,1.03597478275026
3,0.974984507540125
3,0.694150185027932
3,1.20475324848138
3,0.849205612251827
3,1.00251920465404
3,1.04946627837283
3,1.4104974555961
3,0.996077164036171
3,1.12566948627463
3,1.03846154225388
3,1.29579545154833
3,0.659073592833059
3,0.835418800910024
3,0.749245891671795
3,0.953735749732737
3,1.05615941094658
3,0.993512096203586
3,1.25542600267015
3,1.06023053953885
3,0.715426881456817
3,1.19070223600139
3,1.05809417668347
3,0.978392520374758
3,1.05402490960822
3,1.15607464279085
3,0.764799867474365
3,1.18517190896608
3,0.858848169645089
3,1.17706202834311
3,1.00595088205486
3,0.772450658634803
3,0.917467623187936
3,1.03039002765234
3,0.891706256693751
3,1.03782957663351
3,0.923229711738844
3,1.05521153640395
3,1.03011980021713
3,0.726698807786237
3,0.729743217153715
3,1.00065357504814
3,1.11563155534789
3,0.691415867445324
3,1.225823059443
3,1.2502350611292
3,1.01259049777808
3,1.22145142127177
3,1.08105640690435
3,1.21445756496492
3,1.06630467294806
3,1.10012598096641
3,1.21656809111027
3,0.461963315630104
3,1.15861642882345
3,1.05310394246182
3,0.971105209626662
3,1.0587192749887
3,1.11304259135861
3,0.965563564203503
3,0.989262100864233
3,1.27950183924154
3,1.19394549240855
3,1.16342207411887
3,0.994522357284684
3,0.837407293448031
3,0.916880970401509
3,1.1026833668001
3,1.21650865938634
3,0.860719667751485
3,0.954521594919534
3,1.1044283983928
3,1.02023586588818
3,1.13981158123942
3,1.26073641011303
3,1.18506786488263
3,1.13106628277043
3,1.12019135529209
3,0.659200283466434
3,1.02140469916574
3,1.13991048069092
3,0.647503548267766
3,1.27213028459688
3,0.989429368991429
3,0.965210678019031
3,1.12536945874297
3,0.975120258644912
3,1.17353541216763
3,1.00137105341273
3,1.00761780209258
3,1.1052986937438
3,1.11950599516486
3,1.11039417857106
3,0.600106237899046
3,1.1082638063947
3,1.13668247077827
3,1.17812152988809
3,1.15519926488606
3,0.91107707065315
3,0.873952239140109
3,1.02490527656284
3,0.983919186597165
3,1.09046349279426
3,1.03303795766136
3,0.595687808791525
3,1.0037014081842
3,0.969913970464815
3,1.01501062416253
3,1.35066610475349
3,1.15221153905642
3,0.854885835979012
3,0.592107568995869
3,0.810957208319933
3,0.992894530020673
3,1.12008255882365
3,1.31457643102697
3,0.709530464534877
3,0.948187260249228
3,1.25415162550649
3,1.01411148036785
3,1.1202212793289
3,1.22345618914184
3,1.10465764086495
3,0.973343253028684
3,1.16360937240918
3,1.18903602763854
3,1.04817926325639
3,0.739339900711263
3,0.8895117907554
3,0.873249398532805
3,0.975502242466294
3,1.10134799112869
3,0.962071667184283
3,0.678625115364439
3,1.26016087150821
3,1.00295170376828
3,0.926201774882637
3,1.07378479084491
3,1.21304510666193
3,1.18556796138895
3,1.04146559501186
3,1.1933248231022
3,0.88150006868847
3,1.28403109568354
3,0.621500596461391
3,1.201997224263
3,0.981764837379095
3,0.937155046238488
3,0.865483881719206
3,1.32839451797868
3,1.19657522954805
3,0.888561438881166
3,0.994389700623511
3,1.05083344203333
3,0.968652013964411
3,0.890107639970301
3,1.24072254519633
3,0.833386841495747
3,0.9317082585288
3,1.13462595210722
3,0.97203594490787
3,1.15300250768076
3,1.28447660304869
3,0.906582456766644
3,1.00900420818373
3,0.735589810444363
3,1.05727038204741
3,1.17236864530392
3,1.25141770004625
3,0.992232838189599
3,1.00411147058535
3,0.964638824372853
3,1.01016708300424
3,0.976833238341839
3,1.13202404411701
3,1.32035314125915
3,0.843803589959028
3,1.11246113993379
3,1.11751323275561
3,1.33218808491226
3,1.01506981228977
3,0.997469857149684
3,0.977369354296782
3,1.04782782234751
3,0.932974869318061
3,0.909124104105343
3,0.700056867052089
3,0.681936933765821
3,1.11087402248939
3,0.977260274841717
3,0.756892189707148
3,1.18002042451407
3,1.10433122132224
3,1.05076617295602
3,0.75745549738278
3,0.709653464128777
3,1.09610639291626
3,0.799877234167471
3,1.07397087175398
3,1.30501723156466
3,1.2010903914556
3,1.29182963349116
3,1.28528245939235
3,0.778158363615277
3,1.11789945230064
3,0.906853778642785
3,1.01230502871537
3,0.645759164926138
3,1.25649147702949
3,1.29418536050768
3,0.703386008750499
3,1.09356469214394
3,0.93345301573623
3,1.10011781280779
3,0.948204343847156
3,1.07853605310429
3,1.08205802003252
3,0.990884560518824
3,1.14528662192561
3,1.00404253667618
3,1.16731985028229
3,0.910474704977563
3,1.18322677085057
3,0.952021008515118
3,0.994089668076043
3,1.06419052585583
3,0.769687391462722
3,1.01846967082935
3,0.629567858580894
3,1.14285023761204
3,1.14339176934981
3,1.13101115191986
3,1.18109114481133
3,1.08206796843288
3,1.18337879611364
3,0.928013614428559
3,0.784938871285853
3,1.0292594097442
3,0.775821132794987
3,1.05081421478796
3,0.815371552687013
3,1.2600570786228
3,1.1903392966022
3,1.12832438049467
3,1.05584919129773
3,1.08232900801565
3,0.918046848306225
3,1.28803096294147
3,1.29556491904089
3,1.13573596831945
3,1.1304965316389
3,0.955828036772654
3,0.998161719703668
3,1.11404860754451
3,0.954200743535529
3,0.936678729499779
3,0.87131949757378
3,1.07821440745308
3,0.89683240629784
3,1.30263889239274
3,1.08585122642863
3,1.00080516445517
3,1.01170190528617
3,1.10786373827221
3,0.978960219826507
3,0.998605201895257
3,0.606007819908363
3,0.988823599976703
3,0.757946526607707
3,1.14926594481997
3,1.02004585262841
3,1.08865176510186
3,0.825548835059408
3,1.02053106524549
3,1.10084954822409
3,1.22108298923752
3,1.19465758116432
3,1.23551441484312
3,0.628900871867727
3,0.984791867584875
3,0.886854431154548
3,0.926920377426016
3,0.784089506941445
3,1.31643858692717
3,1.05633417221046
3,1.12883894742121
3,1.27866624267742
3,1.150884364983
3,1.08013019617599
3,0.657259704850549
3,1.15870511891076
3,1.09776061054701
3,1.09887706836864
3,1.22257810973219
3,0.986601366069091
3,0.667463559795331
3,0.943945661897384
3,0.974940686756197
3,0.928486098927158
3,1.05982838798466
3,1.00717649486185
3,1.04426713029869
3,1.2946369379455
3,0.555650395240377
3,0.715129447578497
3,1.16729796774737
3,1.29157485884686
3,0.787444033854942
3,0.755878091374377
3,1.14091308067879
3,0.962396070045797
3,0.985043394931431
3,1.14437123492987
3,1.18297328472224
3,1.0551737786011
3,1.23311802916104
3,1.14599772406465
3,0.66993303249302
3,1.19914831553355
3,1.14949167478012
3,1.07891962638381
3,0.940109702691921
3,1.11916976816637
3,1.1047766628569
3,1.19067584610619
3,1.10841462917569
3,0.838440799686862
3,0.985322718790746
3,1.29708438752981
3,0.952855320338536
3,0.736124657444082
3,0.905753786580487
3,1.16168139624859
3,1.04270512593575
3,0.698758020899611
3,1.11607503946324
3,0.961441719718158
3,1.14461240008662
3,1.00266003566564
3,1.04855422920063
3,1.18106480765558
3,0.878497584640472
3,1.24551315073739
3,1.20134991410154
3,1.20185089844311
3,1.11523135689703
3,0.808539825496366
3,0.946500198978929
3,1.12439493096878
3,0.888515428704431
3,1.26857679721951
3,1.17122927178601
3,1.20426252392328
3,0.609627989462387
3,0.923868815962449
3,1.14259474365857
3,0.945747855447778
3,1.19146977774333
3,1.20074207720495
3,1.15875785183867
3,1.15885433791437
3,1.11782582185446
3,1.01994401250248
3,1.06533088510851
3,0.846159929186768
3,1.00730953183354
3,0.827010549589309
3,1.08137137373063
3,0.932540732882443
3,1.20982164366088
3,0.93569788217947
3,1.114596619635
3,0.646092535452382
3,1.01807099065228
3,1.1569953876015
3,1.00706635834963
3,0.86745707390947
3,1.17136146567346
3,1.13939097656424
3,0.946674237855934
3,1.11664854199799
3,1.24846980763273
3,1.08772675682629
3,0.837420638120839
3,1.33730670993998
3,1.24620812266258
3,1.04682190126989
3,1.34847959226189
3,1.12553311438484
3,1.1105637532466
3,1.03498329956598
3,0.861581215238464
3,0.698700255898932
3,0.954700720813442
3,0.73591090993119
3,0.931207279913163
3,0.864515654395419
3,1.00399812998075
3,1.06487402786312
3,0.885549627125465
3,1.1051256924222
3,0.53761539866546
3,1.39062544671367
3,0.615777478357154
3,0.878831067610877
3,0.731191425429719
3,0.974443165987118
3,0.718357421493582
3,1.20628131162741
3,0.640415443115461
3,1.12029662617154
3,0.968019791842322
3,0.972829030931991
3,0.757110773057854
3,1.17487088606936
3,1.05208879209744
3,0.640612305849166
3,0.880674621713146
3,0.881577921777911
3,0.888941380074313
3,1.16825917345212
3,1.1918731910549
3,1.29641206223049
3,1.06900889192982
3,0.913524138436184
3,0.994561851709218
3,1.08126628368264
3,1.27003337081503
3,0.942606461389848
3,1.04865521434799
3,1.07352070109736
3,0.944064069487643
3,1.1622472572908
3,1.29210045327626
3,1.06280891585717
3,0.655845112127071
3,1.19745760728182
3,0.711926040665152
3,0.893630248509129
3,0.599658189029833
3,1.04663525810113
3,0.641313267241971
3,0.893726614116962
3,1.10333730944355
3,1.03740878561072
3,1.16067566786944
3,1.05591585144039
3,0.86198364094945
3,1.16201571425254
3,1.02795698808285
3,0.988352145634946
3,1.08754920542617
3,1.02928110265918
3,0.767065561250637
3,1.01652821880752
3,1.25514067162643
3,1.17034842056993
3,0.938722248756075
3,0.848109782451783
3,0.988680058823904
3,1.18242529226552
3,1.20491710591462
3,1.18932364287338
3,1.25525521458405
3,1.35448446353846
3,0.879922008860521
3,0.981001645065261
3,0.634060119422829
3,0.954437561505057
3,1.23284377513411
3,1.35005314330499
3,1.00638757861642
3,1.11345087878895
3,0.874657795167904
3,0.717482938502179
3,1.1767402675891
3,1.11260814557087
3,1.14350449141999
3,1.11148477402046
3,1.32839330713062
3,1.14940167029276
3,1.04158994477861
3,0.811259815196158
3,1.11212490784392
3,1.03401297967364
3,0.981540511794538
3,0.917818346945633
3,1.00529303136986
3,0.768002399194393
3,1.05161588269343
3,0.81794701467532
3,1.03157745920339
3,0.774659827337445
3,1.23031484217123
3,0.643842340787879
3,0.932130821359116
3,0.914072407727884
3,1.12276056451566
3,1.1602377559819
3,1.2401713711269
3,1.18719573907207
3,1.12953654816356
3,1.10308870880946
3,1.17379557944981
3,1.18365290593496
3,1.02362072420918
3,1.16037999837018
3,1.02675987791577
3,1.06409583809665
3,0.976709820448591
3,0.727942088042042
3,0.876792181592795
3,1.13147315800641
3,0.787239266289646
3,1.12547667179135
3,0.77077105687074
3,0.977967847450547
3,0.878375274833627
3,1.05699811522429
3,0.992602915350474
3,1.11793112255894
3,0.895815257854861
3,0.953928659771399
3,0.934958072286952
3,1.22569501269204
3,0.592900869405064
3,0.781735885373277
3,0.816004685643339
3,1.11040726554876
3,1.00181161047693
3,0.996151592468506
3,0.864464571887712
3,0.999029871141073
3,1.09557311467018
3,1.16769476256084
3,1.19497213126652
3,1.14367286827273
3,0.853196892655303
3,1.20784813520413
3,0.988310015649791
3,1.19862159817289
3,0.651242805699457
3,0.860422630562766
3,0.911999285714381
3,1.12818237553037
3,0.960005271376067
3,1.06334532432243
3,0.886602975666393
3,1.25413142282442
3,1.15179622085848
3,1.23780844722717
3,1.21065896453361
3,0.967591891959521
3,1.10086728300146
3,0.747097327989005
3,0.649900730220938
3,0.863036623150086
3,1.21061253321575
3,1.13912550907259
3,1.15218278615194
3,1.05638706181696
3,1.25380987611295
3,0.992184768886606
3,1.30901544344816
3,1.22438562009627
3,1.22500418859355
3,0.99040811178519
3,0.987964212688802
3,1.0475080456064
3,0.957098897211141
3,0.950258223354705
3,0.807095528754586
3,1.00269618208423
3,1.15709242442012
3,1.26667699725243
3,1.02247074641102
3,0.730241769601422
3,1.07112826691525
3,1.09230831109988
3,0.896364157694213
3,1.12069705704976
3,0.923663903825061
3,0.714582252677375
3,0.808610772593991
3,0.709610310668068
3,0.902252674014304
3,1.07858975930695
3,0.632620979157882
3,1.2031064440268
3,1.18800117667355
3,1.20446208925431
3,1.23098136273837
3,1.27973318196666
3,0.988818092743827
3,1.1163709600385
3,0.777102220183218
3,1.20432677982883
3,1.17410790413211
3,1.07505002504945
3,1.12272600213337
3,0.665179005556121
3,1.06337115696271
3,1.13415603889524
3,1.45456825929566
3,0.505994694538998
3,1.25747130392006
3,1.08252590683313
3,1.05468047740888
3,0.596722919713575
3,0.897371025861042
3,1.27432466623459
3,1.13647475815499
3,0.808014082857863
3,0.908548285803653
3,1.12674050241514
3,1.19047803690245
3,0.901228693674138
3,1.01084444239703
3,0.874946195215956
3,0.713859226485298
3,0.817192683420215
3,1.1044505089562
3,0.989458251199084
3,0.914022030431907
3,1.22386842852598
3,1.21020058710216
3,1.3657495697027
3,1.10069572399524
3,0.99027882394367
3,0.745677441508512
3,1.34140344820231
3,0.710482106390454
3,0.825521460234716
3,0.861384684554759
3,1.23973387610228
3,1.28347577890886
3,0.921473085641568
3,0.665048205489563
3,0.909995833840156
3,0.865353348075377
3,1.12646754780956
3,1.14952768014692
3,1.2048726368586
3,1.10509382649825
3,1.11870783943232
3,1.0030117934553
3,1.14464911183093
3,1.13444751047234
3,1.15512729496333
3,1.05812685966595
3,1.06924388483637
3,1.13611138984287
3,1.13752072291803
3,0.77955446690261
3,0.996122139033928
3,1.00580096537444
3,0.625405743726934
3,1.18404675950062
3,1.02128947696545
3,1.26536883632227
3,0.900728252703451
3,0.732248873143214
3,1.08323009775809
3,1.13629476849186
3,0.970756339906958
3,0.964745731507097
3,0.905472102930405
3,1.06958978556669
3,0.651690348096748
3,0.604439998017993
3,0.703596235134284
3,0.82760470005858
3,1.22156393867301
3,0.993802169159489
3,1.16867937521472
3,1.12129939110675
3,1.08909369162555
3,1.1798464063653
3,0.997232671336103
3,1.0030192453957
3,0.799854728417637
3,0.588632477060518
3,0.70592247143362
3,0.948887832075095
3,1.1933577631215
3,1.10662576351674
3,1.18488526964115
3,1.20342162127706
3,0.872902658269438
3,1.1180841294872
3,1.07372365785359
3,1.1671823377451
3,1.02864046661341
3,1.20860909204901
3,1.1049714985184
3,0.928489575332592
3,1.07887240044613
3,1.12432005952898
3,1.0332402609554
3,0.626271874754839
3,1.18314042650697
3,1.33455289550164
3,0.667420929285286
3,1.09524530364394
3,1.0452295298971
3,0.923799460299618
3,1.1333450994533
3,1.10421236624339
3,0.525608350160003
3,1.36036001336475
3,0.93559559626426
3,0.638814839815059
3,1.02203238531944
3,1.20150549714713
3,0.952965337395411
3,1.05982196933176
3,0.83017675723795
3,1.10290084601127
3,1.13142627858129
3,1.21273578980386
3,0.971547705126637
3,1.21657617436634
3,1.18647762104846
3,0.91711768152345
3,1.11028602209031
3,0.935366525193254
3,1.12130466129645
3,0.968996553519143
3,1.24703370343611
3,0.997140844832356
3,1.17388014425478
3,0.929633769689206
3,1.14341443130992
3,1.21256149811737
3,1.1894572026273
3,1.30966680913982
3,1.32067514143143
3,0.432852307849126
3,1.13943475594739
3,1.28532346064546
3,0.963385262067178
3,1.02350982802133
3,0.857639109130515
3,0.918485410650599
3,1.04952625387006
3,1.06624172476246
3,1.19473285118083
3,1.05511743231595
3,1.08900976056481
3,1.10298040968058
3,1.10953788498746
3,0.866816245584537
3,1.06270837086934
3,1.18432561724133
3,1.04892619367295
3,1.05355885638605
3,1.15825563591653
3,0.657629065311868
3,1.11247213727238
3,0.605179539496514
3,0.985656778983043
3,1.24733013674729
3,1.04131077939428
3,0.75682315424449
3,0.999851808579978
3,0.950704184634622
3,1.09045536544066
3,0.982287432888729
3,1.18799606679344
3,1.20693210701583
3,1.03620277496705
3,1.19279980236585
3,1.22597006282023
3,1.15343898384844
3,0.750110712529637
3,0.766524192003527
3,0.965960066256935
3,1.12849921294747
3,1.14324048714404
3,1.03662326970619
3,0.857817646238891
3,0.679266965279268
3,1.0292716727414
3,1.29020839473372
3,1.02527424938154
3,0.862818873566456
3,1.05966329316511
3,0.907731352460014
3,1.00058420058763
3,1.2709287315133
3,1.00437660415109
3,0.860399470668225
3,1.23388567896897
3,0.643696446880368
3,0.718117954729142
3,1.22084583702051
3,0.687326136976017
3,1.07606848355216
3,0.795757135491429
3,0.941508289271693
3,1.13005398378083
3,1.27784028591549
3,1.21265023545824
3,1.1468047338168
3,0.8498819292748
3,0.98039267511545
3,1.24088170074771
3,1.10501355049053
3,0.966981750474977
3,1.09957827027697
3,1.03919484553193
3,1.20932765847255
3,1.09625763480795
3,0.736396510850712
3,0.492020591859378
3,1.20056270836865
3,0.977043674148005
3,1.10248119715251
3,1.18628259429468
3,1.12570318748405
3,1.04840849556752
3,0.833366655236717
3,1.17463456386851
3,1.14555223356156
3,0.821128745171008
3,0.948935237514623
3,1.07784967360389
3,0.833648419450701
3,1.06526947344653
3,1.11010559450024
3,1.18201859541219
3,1.12970689378439
3,1.07607033193005
3,0.704352071264724
3,1.02199552072312
3,0.73691346015025
3,1.01145403938434
3,0.559732709636941
3,1.05517812494532
3,1.17722587992558
3,1.07178157960588
3,0.988242416637599
3,1.2244567902094
3,1.04585078083892
3,1.25131060705847
3,1.01968912630034
3,1.17899953767455
3,0.978606142997749
3,1.03007768271306
3,1.10684328345118
3,1.1066887329861
3,1.17963018463463
3,0.908311735428488
3,1.31603706402303
3,1.0437537777365
3,1.33199689846199
3,1.05255962783547
3,1.00056952124054
3,1.15721422549889
3,1.48052226480395
3,0.943849918775227
3,1.12325722224122
3,0.928025315828108
3,1.06969400631273
3,1.11780247393284
3,1.09407371883311
3,1.14139997354586
3,1.10574269057641
3,1.27592869777563
3,0.990670623268011
3,0.813174915151629
3,0.741235690717328
3,1.02117029221973
3,1.14319554090325
3,1.17870909000754
3,0.854601337219706
3,0.59214021177934
3,1.03549557139133
3,0.977217715434187
3,1.27360016153998
3,0.986223478656804
3,1.12832852774539
3,1.2012880484221
3,1.24116872715714
3,1.33950603755573
3,1.39758628846434
3,1.23454551444318
3,0.992552031987941
3,1.15683181722683
3,1.15660557171391
3,1.05719705349169
3,1.16086362079545
3,1.06295219436197
3,0.97003280242281
3,1.11639740411446
3,1.1415111838387
3,0.948781420934332
3,1.03231361082535
3,1.03924107569068
3,1.23851849299037
3,1.20546343529304
3,1.25975498167713
3,1.04926214166892
3,1.10449834268297
3,0.959641141549731
3,1.11158455827278
3,1.08134319255348
3,1.12181746776456
3,1.13236264491902
3,0.985837394879761
3,1.0266439555112
3,1.00823148209476
3,0.839413779102612
3,0.847585571726525
3,0.408975396033055
3,0.750090628371389
3,1.27763339190622
3,1.3242472701892
3,0.984994451658416
3,0.775174893789527
3,0.873244170848828
3,1.06090005430532
3,1.08383568485118
3,1.2195743158859
3,0.931471536101667
3,0.952475492735087
3,1.18167376984798
3,1.06238962547594
3,0.834647201067616
3,0.891276125349471
3,0.713900996199851
3,0.936967549889974
3,1.04157894917254
3,0.97482544343254
3,0.938622054146019
3,1.05631396685725
3,0.843353565219209
3,1.01251018186518
3,1.012076570161
3,1.23859194926331
3,1.15397166120688
3,0.45707060040849
3,1.22645443133914
3,0.913132968818663
3,1.15537166513609
3,0.975148474105489
3,1.2144634960044
3,0.645420814763304
3,0.973370739587141
3,0.407436826196399
3,1.09727787339736
3,0.805276334385485
3,1.30008035604106
3,1.04213951843173
3,1.15554541023829
3,0.806899037278117
3,1.2057992340246
3,0.938419360960977
3,0.592682881201898
3,1.07684274645838
3,1.0723099073612
3,1.09006438334698
3,0.905692979473349
3,1.07072140497863
3,0.709155184216364
3,1.13877441675102
3,1.0253363964299
3,0.934309040970053
3,1.10807249126015
3,1.32673918119866
3,0.89048498802999
3,1.22614995587495
3,0.427060741229918
3,0.983511600055853
3,0.948970583837393
3,0.717030030395373
3,0.851161782907128
3,0.74236741296836
3,0.856596383619536
3,0.961567949618266
3,1.13288065763182
3,1.06607192595369
3,0.981546078293281
3,1.02153950883665
3,0.980478877577271
3,1.12887730761636
3,1.17578994260319
3,1.25165424487661
3,1.06763442643554
3,0.999662908916994
3,0.454156800951523
3,0.708740058365788
3,0.687438599179469
3,0.995972123152516
3,1.2663629570021
3,1.17698599839227
3,1.32343256530072
3,0.70011303062607
3,0.929248305642576
3,1.24230812139769
3,1.1484493159878
3,0.858674615797542
3,1.2036652549616
3,1.03206960618594
3,0.890745700472386
3,1.09234211883272
3,1.05385465895334
3,1.23940501760049
3,0.983230293520014
3,1.23667900233268
3,1.05710782323255
3,0.956306605505935
3,1.23159651109564
3,0.948440632323634
3,1.12834683315098
3,0.86824373264002
3,1.05888070682955
3,1.2054368853312
3,1.06804661464991
3,1.10571733714521
3,1.12591033922609
3,1.16381371853224
3,0.636548114290217
3,1.09535691183538
3,0.627178733099782
3,0.950078604719615
3,1.15132788867257
3,0.873693452052081
3,1.11079419804854
3,1.18266457823407
3,1.09556610815383
3,0.990366581273192
3,0.696739202478975
3,1.0234855867757
3,1.03250734217027
3,1.14450721237792
3,0.750251748113804
3,0.865011783886354
3,0.629435245927244
3,1.0530480486631
3,0.907351609236536
3,1.13873555068573
3,1.02346838844484
3,1.02570464039465
3,0.986785801862883
3,1.11942519385969
3,0.98007552987083
3,1.06839313051013
3,0.904169163613329
3,1.14478380166415
3,1.20316729342122
3,1.27756286733229
3,0.921459716709788
3,1.06767292043254
3,1.06762958825213
3,0.667855246315699
3,1.14336202189273
3,0.949641228086801
3,0.825020629761216
3,1.03898096364439
3,0.929528071771319
3,0.835829488363315
3,0.775437038544463
3,0.947730438891343
3,0.883054088944406
3,1.10488589543274
3,1.06755225510367
3,0.961739713855502
3,1.26928046653066
3,1.03047307727509
3,0.717015297046495
3,1.14058510624211
3,0.670852511033255
3,1.01686299715443
3,1.47611232869139
3,1.05786843091145
3,1.09378654095818
3,0.829544253413782
3,0.9999623239119
3,1.16982487667132
3,0.941618873756771
3,0.631203072939605
3,0.638279117860032
3,0.816495172056474
3,1.0153006698422
3,1.13369859270954
3,0.974474839652628
3,1.33309561383145
3,0.634037316557712
3,1.01566988641536
3,0.764139485521126
3,0.799993042601736
3,1.2026111512395
3,1.08370172984949
3,1.15529753106407
3,1.20394042851978
3,0.913420795456376
3,0.935317092894202
3,1.28354507558491
3,0.947224926806075
3,0.946483947504608
3,1.07004566204756
3,1.0293533887188
3,1.05277786932583
3,0.771721971036848
3,1.1121679122769
3,1.01160640507566
3,1.23414174305572
3,0.679877746888431
3,1.26876212442069
3,0.733689887725123
3,0.698437670897413
3,1.07069480252287
3,1.07138945621537
3,1.11960118744708
3,1.18318818312123
3,1.00056320659989
3,1.02037786191084
3,1.02370723214103
3,0.971666671200984
3,1.05598745653235
3,1.05965225548268
3,1.05393483820936
3,1.09410882054505
3,0.69598675807894
3,1.01724855854972
3,0.817045337902272
3,0.956389001563832
3,0.994353654384716
3,1.2058583972782
3,1.07861504295221
3,0.61507300961064
3,1.10362696899892
3,1.10789642850791
3,1.0326201624609
3,1.16277258223569
3,1.1234614894196
3,0.945382582311621
3,0.838436650786851
3,0.912503018221514
3,1.09028338837755
3,1.16248946860654
3,1.11868391110181
3,0.783230950418686
3,0.727324014315357
3,0.964611310032315
3,1.02830276396503
3,1.27400993620775
3,0.803680854515892
3,0.984600564298419
3,1.1076919162878
3,1.26699830690522
3,1.14871677402646
3,1.43549843392312
3,0.99835526371392
3,0.729606625305865
3,1.09216388944534
3,1.11710423741736
3,0.974986652938718
3,1.0087642476676
3,1.09203366150852
3,1.19001076721436
3,1.07918682499706
3,1.26313247297529
3,1.17812334952649
3,0.982757138597465
3,0.781136286609933
3,0.959512424861239
3,0.881996872459771
3,1.16913114551244
3,1.21187041845198
3,0.637276628082447
3,0.676184185926668
3,1.25157731038056
3,1.04919149623808
3,1.19245289765224
3,1.04694166439895
3,1.14430900689021
3,0.838354571685799
3,0.990171799201227
3,1.15592766817788
3,1.04055505886824
3,1.03775535901187
3,1.2097140747769
3,1.14549928044881
3,1.15260082957197
3,1.2576851959148
3,0.950165087066445
3,1.05482518894947
3,1.23595029308166
3,1.11446480066678
3,1.11847376930912
3,1.10761183526155
3,1.09186138331267
3,0.827144272020113
3,1.04713453330136
3,1.26562292070021
3,1.21162035729477
3,1.10367215522306
3,1.19781161114683
3,1.18100090941593
3,0.887901868020979
3,0.979479851081074
3,0.936054566043036
3,1.37382653886898
3,0.890652711475754
3,1.14388024278482
3,1.26948221459335
3,0.497979104937801
3,0.91520508934931
3,1.06735545052959
3,0.960496696409904
3,0.882325615918925
3,1.00994712633051
3,1.0178150195973
3,0.91596704976962
3,1.11178364445304
3,1.15398854501377
3,0.952272354126647
3,0.933663544824113
3,1.00410968118247
3,1.30817938532386
3,1.07598919046074
3,1.13142420833813
3,1.21083536157116
3,1.34418622010504
3,1.24953913587769
3,1.03623090024772
3,0.895449776311451
3,1.12339828486248
3,0.920148362645555
3,1.24093710684176
3,1.00064046723259
3,1.24177366512049
3,1.00824077156476
3,0.953713823795498
3,0.855358270967862
3,1.01567389560707
3,0.979565079592662
3,1.05203993213426
3,0.944666193801947
3,0.736001664182369
3,0.645646551049328
3,0.699554956566609
3,0.485875810828686
3,0.972914658392616
3,1.37299735297362
3,0.875603806365037
3,1.00291338222057
3,0.941567901418069
3,1.13201511250365
3,0.833323432957098
3,0.66805572420215
3,0.939300983320332
3,0.722331735408101
3,0.936665276215229
3,0.980854457431322
3,1.18391192307588
3,1.01827082081588
3,1.15337094959167
3,0.800455957805432
3,1.35830306596891
3,1.10822164963742
3,1.08979403487845
3,0.980322221537837
3,0.504323043713682
3,1.06783853406388
3,0.807974240586669
3,1.13595022712067
3,0.836213296844739
3,1.01938786115239
3,1.2159481648015
3,0.877292075977458
3,0.989954548765663
3,0.69373969386049
3,0.67579553172889
3,1.18599239741323
3,1.19044839951081
3,0.753691400044002
3,0.993960907950281
3,1.02413212584598
3,0.965471960403071
3,1.21308541102723
3,1.07209511070529
3,0.832411570893369
3,0.994336427823489
3,1.14790767475819
3,1.20495813965222
3,1.15703255589048
3,1.25106009314339
3,1.09425223206095
3,1.21758893561049
3,1.12145711767959
3,1.32659520336266
3,1.2207439451654
3,1.21377201302475
3,1.31176058046357
3,0.863411077725183
3,1.25370077717463
3,0.887128196280831
3,0.765975288909874
3,0.991845602696572
3,0.793638740865157
3,0.716786115653757
3,1.03929199539595
3,1.05488234207064
3,1.07676152654477
3,0.886297761365545
3,1.0282734783165
3,1.05009114195067
3,1.19885729044383
3,1.00163846610291
3,1.14015641068697
3,0.854530556410391
3,0.824755343122838
3,0.897095575581937
3,0.999070619977037
3,1.21022507531187
3,1.15130658957517
3,1.14596408304899
3,1.09299944492131
3,1.16289893098001
3,0.648866295892199
3,1.05392202409419
3,1.03441307501877
3,0.892928095478406
3,0.924214930944158
3,0.689524495412116
3,0.981111928359909
3,0.960820830479599
3,1.29008199473164
3,1.07539094661611
3,0.671772339802634
3,0.937960841465266
3,0.971619850165752
3,1.21722316771785
3,1.10555376813494
3,1.0417179541
3,0.93605371360326
3,1.0162968689735
3,0.96988491030449
3,0.691419012790978
3,1.12752505775607
3,0.6282491134551
3,1.10128256172634
3,1.04777471984612
3,1.03701008270014
3,1.04079872889169
3,1.15607970904831
3,1.10393980503285
3,0.90326925093077
3,1.10370741987476
3,0.907391943621354
3,0.933960903701162
3,1.27143453595984
3,0.608888326012376
3,1.10478070820595
3,1.14267830617986
3,0.880891740079172
3,1.33887357126523
3,0.885979617940863
3,0.991406394820735
3,1.15946434051442
3,1.30261070568653
3,1.15948428510088
3,0.926404735589554
3,1.07299288814683
3,1.07552214137421
3,0.820984338116785
3,0.814847237657469
3,1.22001101449153
3,0.990550123467579
3,1.09102739986007
3,1.01387262965525
3,1.28683558646013
3,1.20061225627764
3,1.18944221990528
3,0.978351224897578
3,1.1725014478961
3,1.08672529652655
3,1.06115422638955
3,0.605268830687196
3,0.591745588758417
3,0.903360446298258
3,1.19817818509783
3,1.32292657529836
3,1.14188806225279
3,1.07779131599991
3,1.03754337375267
3,1.05204349950106
3,1.26110501759654
3,1.24480412819396
3,1.00450248553412
3,0.81453034270815
3,1.25415068504612
3,0.736177954867113
3,1.05930409161585
3,0.806351188470488
3,1.19138800265147
3,1.22983556183592
3,0.939548395977872
3,1.13148812200167
3,0.778369605005427
3,1.02690686104282
3,0.958859337001964
3,0.997288775896895
3,0.785436522544635
3,0.738688670408761
3,1.07677721947925
3,0.941583306904094
3,1.12554081207643
3,0.845490904335941
3,1.30027677674504
3,0.807926231288713
3,1.12919313067934
3,1.24569976963959
3,1.02962306572317
3,0.934375690070664
3,1.08242461882952
3,0.72565285207454
3,1.29228228784141
3,0.850752507819774
3,0.918639772555382
3,1.01126012333381
3,1.0266811505467
3,1.09928473940025
3,1.24342481677242
3,0.988138056381359
3,0.789835279512093
3,1.05110360038369
3,1.30830200830042
3,1.22163115187381
3,0.818023697246845
3,1.17936964418928
3,1.05387790185958
3,1.18460653187223
3,0.854321200850839
3,1.19072889199841
3,1.02026325405465
3,1.02489544822756
3,1.0804997242993
3,1.01136625566652
3,0.927713657340713
3,1.02758551883497
3,1.08608581092171
3,1.09153207871374
3,0.875609280422815
3,0.87518601820015
3,1.18650733436052
3,0.742167301290956
3,1.23708310618228
3,0.908161031750987
3,1.16411125831569
3,1.24654526353607
3,1.36214501946424
3,1.07620964750845
3,0.533733044883211
3,1.08181986430421
3,1.08622339801007
3,0.796279315135292
3,0.969669489902072
3,1.21286073733408
3,1.02627683821045
3,0.986395200684261
3,1.16575412269261
3,1.37408531618931
3,1.30813749228351
3,0.699406062339639
3,1.01115258550159
3,0.914418061360565
3,1.20791298512443
3,0.878188702745552
3,1.03808967226446
3,1.19117291087746
3,1.24969241049467
3,0.733869666842197
3,1.18154055190036
3,1.02426098289692
3,1.19750107559268
3,1.08597996134423
3,0.971895403237025
3,1.15351516967146
3,1.13010907493161
3,1.18920204705118
3,1.11967636757417
3,1.11630605356453
3,1.14973159104934
3,1.13786827084714
3,0.685161824195097
3,0.816337773869253
3,1.13793086665994
3,1.22649301013683
3,0.940861560890985
3,1.15622402504115
3,1.26757615329309
3,1.00926292280542
3,0.924420827854538
3,0.996318545595807
3,0.92085223727088
3,1.16759996779339
3,1.0011896511427
3,1.34423765307278
3,0.980312903417615
3,1.09691762380495
3,0.567750890277754
3,1.16708219583445
3,1.09969734156267
3,0.458629253908703
3,0.606845079151013
3,1.09900671619855
3,1.00224585440373
3,1.15524137203789
3,0.898878720282265
3,1.1695225717512
3,1.07082901970584
3,1.06441022454055
3,0.678760723295731
3,1.0446156882959
3,0.985947561480469
3,0.762965224197257
3,1.10003082607289
3,1.20150806403605
3,1.01529701481775
3,1.02532534970275
3,0.895022847899415
3,0.62581962059892
3,1.05335941768938
3,1.09287436271581
3,1.04658227270299
3,0.849026228436723
3,0.578643857300279
3,0.88068387680026
3,0.644801980393865
3,1.11623721465921
3,0.789906218947761
3,0.94468510867801
3,1.3335868176256
3,1.31881676279803
3,1.37078721301797
3,0.939518507866474
3,1.08606904769487
3,1.08468348843425
3,1.19130344180162
3,0.746760124124751
3,1.21560300666698
3,0.923047153177339
3,1.13366513703345
3,1.09083088510658
3,1.22647273633927
3,1.17873240899632
3,0.971959418425223
3,0.93186677648421
3,0.579475104939716
3,1.07470618414637
3,1.18112265333294
3,1.06128033096668
3,1.02289515332826
3,1.01779188784608
3,0.740854244268309
3,1.09514711749666
3,1.03276226717781
3,1.09264204786993
3,1.07148911503872
3,1.13132236521495
3,1.27257394149747
3,1.00313417652838
3,0.939054251101592
3,1.25185646753554
3,0.788847547605559
3,1.00921918295552
3,1.08509067627846
3,0.872506022768128
3,0.934674493459455
3,0.963830061048941
3,1.0560753901649
3,1.2135513675992
3,0.882060471610129
3,1.1357086177858
3,0.580981384014896
3,0.654869939750233
3,0.982670733323372
3,1.13293589171349
3,1.06649886755896
3,1.0708812993279
3,0.819361470585048
3,0.877859540310959
3,1.03102019042968
3,1.12333162983621
3,0.831784890874101
3,0.97512737256753
3,0.897194107563231
3,1.07699827560725
3,0.651202413451804
3,1.09296368109179
3,1.26518634897789
3,0.950763669574264
3,1.05408056565804
3,1.23090197234685
3,1.31893937274919
3,0.59470373729195
3,1.12705645761263
3,0.56592237364214
3,1.12500241295923
3,0.889431250853562
3,1.02804029035589
3,0.814529281608321
3,1.10504063541934
3,0.943852473170391
3,1.23041878588961
3,1.05545524811651
3,1.23472368345647
3,0.926043423798431
3,0.96808721490439
3,1.01016151582927
3,1.05622276741109
3,0.970292478488288
3,1.40964377295489
3,1.09563067533866
3,0.798263756774439
3,0.730288070745175
3,0.986262053800535
3,1.13300953201555
3,1.2156710693024
3,1.1752470951164
3,1.00061751757182
3,1.27509308981393
3,0.760266890472542
3,1.00441614793014
3,1.24010567112433
3,1.14405523717978
3,1.15376696252301
3,1.07724880788585
3,0.996526275721775
3,1.13495073872187
3,1.07713498350546
3,0.709461208278101
3,0.78583916841608
3,1.19170860012754
3,1.03863185455522
3,0.975665600146454
3,1.14825697097238
3,1.18476622080569
3,1.25301442135858
3,1.11657391648947
3,0.627629436102781
3,1.04143990720016
3,1.07864168788809
3,1.15050299440263
3,1.18211033185165
3,0.746780137823075
3,0.972608231239173
3,1.11916303603951
3,1.2330016477673
3,0.870093645512182
3,1.09989534122804
3,1.12904696236897
3,1.11612859874723
3,1.19230333304314
3,0.515015730783792
3,1.10021631661447
3,0.953252212421582
3,0.85493352277768
3,0.901002582297131
3,1.10541741739831
3,1.15473888752124
3,1.27034835086434
3,0.872927545026101
3,0.623541220234815
3,1.18048533891783
3,0.673921918601031
3,1.24827420596914
3,0.959220104777408
3,1.110033001722
3,1.1690316698129
3,1.07158127059445
3,0.995832535051521
3,0.954991034949104
3,0.937767473379451
3,0.794475125151994
3,0.912579377057179
3,0.85436195842737
3,0.747074504345464
3,1.22740496565106
3,0.967415811533213
3,0.628148420975886
3,0.765823280453036
3,1.02506958053194
3,1.03509480957777
3,0.747523150195266
3,1.24718871280718
3,0.847451797980916
3,0.683369401452591
3,1.11766999960809
3,1.13085516271322
3,1.31155367909525
3,1.08951615611273
3,1.18468994806855
3,0.88178826868995
3,1.00421524080634
3,1.02354429547945
3,1.15158351812971
3,1.03153858325944
3,0.916653073717787
3,1.01790493536653
3,0.452946020541736
3,1.03762524666118
3,0.873022041392303
3,0.773803939975859
3,0.909037661003504
3,1.08213534142142
3,1.23409583713912
3,1.15477182488071
3,1.19040275670185
3,0.791710235835535
3,1.2413441364619
3,1.09423141029705
3,0.842278543211328
3,1.05094744023503
3,0.842644190566857
3,0.851690535379642
3,1.15970655741233
3,1.23519771186288
3,0.994949001837217
3,0.768971450719552
3,0.986382618496494
3,0.946344178417348
3,1.19349914156397
3,0.892635266194847
3,0.564417933672784
3,1.07249737933429
3,0.891567325298934
3,0.85161455514962
3,0.822860813318234
3,1.29894701665951
3,1.08532970834471
3,1.11564819534039
3,0.983155510406393
3,1.2477975802524
3,1.22650753352653
3,0.646310885408602
3,1.101662993794
3,1.08303428291422
3,1.18131111132346
3,1.14011307271828
3,0.97277079637194
3,0.835942316112472
3,1.16945211152824
3,1.05285577344058
3,1.13728804063714
3,0.976395551425476
3,1.02352513012892
3,1.15248800057119
3,1.05631705880875
3,0.915568240548837
3,1.12326929399907
3,1.14288308191041
3,1.18981818594035
3,1.12201579494664
3,0.837077550795963
3,1.33385503547001
3,1.36651861259335
3,1.24208097742305
3,0.926199404726314
3,0.901485896701534
3,1.16735022721454
3,1.10728953220315
3,0.89827557617424
3,0.924244906788876
3,0.96374334823151
3,1.10860735594564
3,1.01446834692154
3,0.783000809123833
3,1.11668641710285
3,0.98961978336518
3,0.967605509128862
3,0.689642666324212
3,1.17612224464769
3,1.10606199131184
3,0.842772722682375
3,1.35618397786808
3,0.938376829419231
3,1.22518365126464
3,1.07015467432866
3,1.258433947915
3,0.877996203760925
3,1.20718670109298
3,0.729730823612342
3,1.14310246856831
3,0.895176176539771
3,1.01134884626599
3,1.0449664369677
3,1.03943789304524
3,0.697386190565148
3,1.28709082049857
3,1.06311256406207
3,1.2747229756332
3,0.736129179411239
3,1.01294173560761
3,0.910265104311884
3,0.877720800867825
3,1.24382168238473
3,1.02812882465732
3,0.663245697550399
3,0.559144650141679
3,0.990602477033224
3,0.812799317776449
3,1.07055203673357
3,0.739647607501621
3,0.974515955852153
3,1.21114812205186
3,1.12502606178493
3,0.84812177344673
3,0.950315829043486
3,0.804134239956649
3,1.07261763889902
3,1.08592820214724
3,1.06329953945107
3,1.2046732453957
3,1.29107505020118
3,1.31326816868349
3,1.27669167738501
3,1.3270731359421
3,1.02618681644971
3,0.73564869377329
3,1.22302259015313
3,0.681380328460135
3,0.73911849662124
3,1.2227579602937
3,1.04852088902206
3,1.03822597631871
3,0.718901455496721
3,1.1107864429913
3,1.11710920272871
3,1.03803366852733
3,1.16161072844962
3,1.12940430391707
3,1.03106417082497
3,1.2022792622493
3,0.928668709702774
3,1.35621752229462
3,1.03029168923265
3,1.08577497986129
3,0.915148527820857
3,0.414054699242815
3,0.845443888024924
3,0.95269713992518
3,0.820192670226566
3,0.991776772768237
3,0.932594623523784
3,0.540690190257504
3,0.920905867778927
3,1.1767239128629
3,0.891954949908452
3,1.07125986776095
3,1.18244327208999
3,0.932608809282799
3,0.869633946669724
3,0.735536394514638
3,0.844118691930153
3,1.19021575738729
3,1.12601499269076
3,0.984920411614394
3,1.30945528574185
3,1.12964878056014
3,1.14164339465264
3,1.14644237270625
3,1.17582772538817
3,1.10438741138829
3,0.738421363874221
3,1.04501357600982
3,1.12660579163522
3,0.876498715702728
3,1.26635195286157
3,1.13191618809641
3,0.838791532685856
3,1.23483918623361
3,1.12659869643356
3,1.14348520700852
3,1.1262395486539
3,1.06222472642098
3,1.14764690257791
3,0.983565522343535
3,1.00059542102009
3,1.14065119662323
3,0.966714568510607
3,0.800591301419061
3,1.30328455291286
3,1.17265474118059
3,1.03053883626774
3,0.97801093502907
3,1.22425903011462
3,1.31203427958663
3,0.682784523356348
3,1.11748639028072
3,0.917828149913869
3,1.01274106318476
3,0.813960120263951
3,1.15665052300929
3,0.575761359446368
3,1.1709721414914
3,1.05907887024472
3,0.881749057489752
3,1.34134281817642
3,1.16182743674425
3,1.19032346812509
3,1.09938100165234
3,0.928931876301224
3,1.24416054381509
3,0.858955254869859
3,0.944477908207238
3,1.03758893511921
3,1.00057651270831
3,1.00013708225186
3,1.07732958184641
3,0.93630033075602
3,1.05956436971355
3,1.11400355076337
3,1.05444349066264
3,0.975021444239595
3,1.20433883121385
3,0.545074366438858
3,0.668517872579314
3,0.624782788505038
3,0.977078270960653
3,1.13719272809768
3,1.13632361739644
3,1.02732541638454
3,1.1773601151848
3,1.08800212207899
3,1.43607302751211
3,1.0193130485811
3,1.09907404074966
3,0.96083324911424
3,0.928946181175844
3,1.09997056455003
3,1.26019388705468
3,0.963809455438937
3,0.712054706421971
3,0.86501128642671
3,1.14522839512435
3,0.913415365694409
3,1.20395220943589
3,0.844350333997424
3,0.616547892125668
3,1.14488972980547
3,1.35428156695241
3,0.999084199576092
3,1.17792375940205
3,1.27018756795861
3,1.01913862520822
3,1.21880767304585
3,1.14094583362721
3,1.06435926409891
3,1.22378594846648
3,1.11474017162973
3,0.96591873076945
3,1.14996195916614
3,1.01731153958594
3,0.617669865303518
3,1.01030572958784
3,1.10874351892099
3,0.87355232657746
3,1.00236634245959
3,1.06156154745905
3,1.13717545875058
3,1.03389635526774
3,0.701294545001268
3,0.910496423853652
3,1.30496303461386
3,0.974949661742184
3,1.18028570483333
3,0.681693327458833
3,1.10295617724026
3,1.07818455152459
3,0.917993671178675
3,1.05403412031784
3,1.15834740848698
3,1.0243202650868
3,1.07814273332881
3,1.034422482137
3,0.786533907980808
3,0.917560420513187
3,1.10467017116264
3,0.86024250295877
3,1.26720614304185
3,1.32825865773845
3,1.15166739884781
3,1.19247859569051
3,1.08653863629978
3,1.13516744047785
3,1.01601641373758
3,1.05294263256584
3,1.16208426271337
3,0.989056242494936
3,1.19162262611443
3,0.688549526289509
3,1.05044583250805
3,0.820539947816093
3,0.89474189636142
3,0.893995607936703
3,0.834314283096937
3,1.16925506239203
3,1.06603939859429
3,1.13399177909535
3,1.23836192221766
3,1.08173597870249
3,0.978048255289759
3,1.09729526189706
3,1.08954326975448
3,0.989463673771819
3,1.20750948355653
3,1.16551014276761
3,1.16147783180135
3,0.978182558913328
3,1.02137277175579
3,1.17495502436188
3,0.936005559717228
3,0.918862092307645
3,1.13146581675278
3,1.01836978992286
3,0.955759283233144
3,1.05576190371223
3,0.927433225873665
3,0.861176133372043
3,0.99325165260542
3,1.30048878627428
3,0.695114292103924
3,1.01009324326506
3,1.04767635703693
3,1.01343658940457
3,1.01578687655835
3,1.26150080708058
3,0.860173478411836
3,0.971014819438072
3,1.28179885707238
3,1.08733831636536
3,1.31321753221394
3,1.26593486059132
3,0.750597379042858
3,1.1649356347914
3,1.17186727720212
3,1.11817828474007
3,1.14941586815342
3,0.937800403123102
3,1.07730699217543
3,0.916313625896064
3,1.15281057978215
3,0.581604712835619
3,0.892812292962445
3,0.757529442266439
3,0.996401556277999
3,0.902827033132395
3,1.02690650033031
3,1.12104431854195
3,1.00774285905498
3,1.0076139750139
3,1.01590177273308
3,1.15756917405622
3,1.02945779246541
3,1.32638312072824
3,1.09879316541729
3,0.925512453389653
3,1.0183734502428
3,0.957127669369831
3,0.957723790618041
3,0.908801139280777
3,0.985277899848856
3,0.937383284320564
3,1.08823015490469
3,1.1623531092131
3,1.08769814408235
3,1.29318957919539
3,1.18221479941857
3,1.01196089851451
3,1.0888277732341
3,0.882274976342757
3,0.855493592213434
3,1.05685101283138
3,1.03991513386333
3,0.900467082404065
3,1.05799315996827
3,1.07234966669748
3,1.32621150001652
3,0.951152361647637
3,1.00839554269999
3,0.973762900290053
3,1.16751097476911
3,0.691482991849364
3,0.871870050810892
3,0.577712307135182
3,1.05202553037466
3,0.844935854965354
3,0.568537309228161
3,1.10131813754657
3,1.35802224787132
3,0.742218144566286
3,1.11109432949228
3,0.826914647943574
3,1.189657784001
3,1.37440109709267
3,1.1933140423187
3,1.20093522285699
3,1.00965630320864
3,1.03918418608128
3,0.952672705614154
3,0.773530869717788
3,1.29802804770207
3,1.18152045039465
3,0.815434595627406
3,1.06339094407732
3,1.11524681671151
3,1.06701032352811
3,0.942759464222852
3,1.16455436268365
3,0.910239955113305
3,1.14026492533246
3,0.796309834853707
3,1.1610327670403
3,0.614645983771251
3,1.14494253588836
3,1.13771028989926
3,1.20077439921962
3,0.99498705374412
3,1.20500437065481
3,1.13924793070154
3,1.09750129399326
3,1.20406738305761
3,0.900688437818404
3,1.06523273768023
3,1.18295649708916
3,0.678072774056673
3,1.1165137389232
3,0.84123036325322
3,1.2408868005477
3,1.07387556199213
3,0.718317135981868
3,0.718179567011248
3,1.02200991942622
3,1.05789918617066
3,0.953597465063362
3,0.718398418802601
3,1.06449537381284
3,0.774987261976805
3,1.16746954688052
3,1.02868230368203
3,1.09079462435959
3,1.04224918065979
3,1.11007340052434
3,0.590278822946541
3,1.02820487599641
3,1.19646660056614
3,0.975379069867444
3,0.944856335042561
3,1.09943732189944
3,0.889368253956142
3,0.955359450348898
3,1.06109093364008
3,0.971214912173103
3,1.07545772182349
3,1.25176073229931
3,1.06118900181642
3,0.869574828580967
3,0.668549357267288
3,1.30083800340446
3,0.976431515231279
3,1.08198085182775
3,0.757892176128803
3,0.990823515433503
3,1.13650200083036
3,0.930388346175902
3,1.07259758563348
3,0.757262330306701
3,0.50982280070844
3,0.913327247495497
3,1.29607768926375
3,0.984977358708812
3,1.02918552919838
3,1.11998315341288
3,0.721219752923758
3,1.14629103297416
3,1.09756881123459
3,1.35190983760569
3,1.04351357987248
3,0.825800583350071
3,1.09424625757091
3,1.22174548527932
3,1.11473778535666
3,1.04576599312375
3,1.17301004458457
3,0.965074910341998
3,0.955853547657909
3,1.06383030274221
3,1.10203762863121
3,1.05582928455802
3,0.973313777151313
3,1.27231536356069
3,1.08407279269395
3,1.05076483722566
3,1.04124811906465
3,0.761537653725391
3,1.06508806402684
3,1.20120349838054
3,0.971474223686953
3,1.12715272401734
3,1.12301821490903
3,0.653657997406036
3,0.826429475240059
3,0.671138537959178
3,0.629484805897223
3,1.05879533896493
3,1.20217253156305
3,1.18222777209067
3,0.790533979255442
3,1.21742560523187
3,1.25564792002729
3,1.15024866379843
3,0.886861495879458
3,1.19361239767778
3,1.12965687641335
3,0.979412229363
3,0.616124951496263
3,1.19993685651546
3,1.13620524214243
3,1.09758836196814
3,1.05052817382722
3,1.07455346415195
3,1.17814457328248
3,0.965993168252894
3,1.03063280661672
3,1.08232520884083
3,0.655838885766858
3,1.24806948223893
3,0.715610605311124
3,1.23023180641272
3,1.22138929813734
3,1.15663905453514
3,0.78544907032969
3,0.583316558061446
3,1.05404314599205
3,1.132608010357
3,1.0119096670211
3,1.14258153553277
3,1.05030084657006
3,1.27862477901186
3,0.949633767420371
3,1.16502715102579
3,1.23402673779986
3,1.13456937902882
3,0.896798838678832
3,1.11603935127321
3,0.833258125458858
3,1.00028330858546
3,0.794993296412205
3,1.03147393295568
3,1.02989433458694
3,1.2289329895594
3,1.16780486137458
3,1.00786996606149
3,0.969746668763992
3,1.22940626764988
3,1.16443706045724
3,0.944230115257743
3,1.24655335777429
3,1.27005192205212
3,1.15984272137575
3,0.953864020919446
3,0.983508280831643
3,0.700326442946829
3,1.1863729295423
3,0.837509983868427
3,1.05850680081188
3,0.875691846426969
3,0.687757791160682
3,1.08592920354337
3,1.08723169461084
3,0.7925762720422
3,1.11699969858851
3,1.00177915110986
3,1.11822377710613
3,0.842153370165786
3,1.05958080153974
3,1.14454911580877
3,0.803569235427855
3,0.889819460576935
3,1.08270447141491
3,1.16188216098861
3,1.29707711658659
3,0.804047949764761
3,1.16051295659717
3,0.961880347102548
3,0.715366415866776
3,1.1805691711484
3,1.11043598345049
3,0.770192568958418
3,1.10828371772153
3,1.27108989844821
3,0.627531811144664
3,1.25057224284386
3,0.96295723522257
3,1.11095475327473
3,0.842851561980593
3,1.00163309784197
3,1.02245434092514
3,0.676938440417409
3,0.824500952727396
3,1.15916861422258
3,0.489957803027286
3,0.881573157007163
3,1.02120211639848
3,1.25857531505795
3,1.11337037233988
3,1.24354928689884
3,0.74002825797797
3,0.996374361805643
3,1.2097270100571
3,0.874248658614112
3,1.23121828714024
3,1.04451794448203
3,1.2223764621935
3,0.932748228806912
3,1.11557447961756
3,0.661929326645148
3,1.12306252632334
3,1.16917122963815
3,0.908775363375007
3,1.21177881658104
3,0.735444087507362
3,1.15474625796917
3,1.21236134517773
3,1.0773257953745
3,1.144833583745
3,1.23135760425433
3,0.928844954534841
3,0.887693670163616
3,1.14202816754477
3,1.09289447515541
3,0.83271316905291
3,1.21617052260905
3,0.923167119775767
3,1.05981403055431
3,0.732673562554758
3,1.16048672368333
3,1.27337111921659
3,1.16854051239523
3,1.11656817626394
3,0.872141995702742
3,1.0461770738618
3,1.0726513045849
3,1.33623226189507
3,1.00193063739031
3,1.0737271073401
3,1.16360427072637
3,1.16543160856532
3,1.05746009109343
3,0.737729954968448
3,0.805603413485906
3,0.822535098818153
3,1.25109336094033
3,1.34852786560195
3,1.13842651302275
3,1.03872991713668
3,0.68009481369075
3,0.982149404227885
3,1.13678622655937
3,1.2474468791799
3,1.00170947501691
3,0.811017675361897
3,1.07484542546903
3,1.0540098677499
3,1.18055870742681
3,0.80411048244132
3,1.17169675805506
3,1.26628450897101
3,0.954496441878139
3,1.01813851053307
3,1.31801535258289
3,1.02005667317598
3,0.996866802163074
3,0.734950920308221
3,1.07856273556777
3,0.523329837544412
3,0.888349644545359
3,0.630041171167354
3,1.096285455
3,1.0134060087779
3,0.702766368194819
3,0.878541846112144
3,0.771726651859722
3,1.02535049377936
3,1.17074122600481
3,1.07161187044209
3,0.690329536638855
3,0.9835049564813
3,1.0547330901247
3,0.75070036486314
3,0.926673884371296
3,1.12964798281899
3,0.89035270610514
3,0.968985566591817
3,0.943638257990333
3,1.16354255689672
3,1.2144319274676
3,0.938333918768794
3,0.936376780443236
3,1.08456251319624
3,1.12368763342471
3,1.12204205929804
3,0.722642335251173
3,1.14554111047444
3,1.39156706849168
3,0.83884139644584
3,1.21753569490883
3,1.05409481377809
3,0.720449075349245
3,0.961086238090316
3,0.705565925623191
3,1.07825774875117
3,1.22377669716717
3,0.804507899464557
3,1.1867085821244
3,1.13986761456434
3,1.19939839822336
3,1.24193550935482
3,0.645288317575397
3,1.026942153371
3,1.17057459176189
3,1.08855130954925
3,1.01160544709799
3,0.821347430878001
3,1.09842118078228
3,0.958524498361797
3,1.2976484811092
3,0.657814110424488
3,1.22602759913337
3,0.771718111312429
3,0.993343300819904
3,1.08347374876388
3,1.01981417239587
3,1.01949064219942
3,1.29944526914408
3,1.00901754499077
3,1.12842628447573
3,1.0796561191902
3,1.03251905338138
3,1.03378609152357
3,1.14190921337523
3,1.04633459882647
3,1.11634646572902
3,1.18925195012589
3,0.773883010410201
3,1.08552469937479
3,0.672403046332862
3,1.1171716835965
3,0.655771453431185
3,1.02144436707055
3,1.18738009590894
3,1.14797651411525
3,0.725394707136606
3,0.984901918121048
3,0.856626282648205
3,1.24581891920475
3,0.738708815076795
3,1.0374028969018
3,1.07469357463452
3,1.0200649784935
3,1.17380302830849
3,1.00263818017278
3,1.20977076311509
3,0.971519512949327
3,0.825717761770856
3,0.940580241029543
3,0.99070763039239
3,0.860423064157705
3,1.21628375856098
3,1.04393385513535
3,0.994094254529099
3,0.444399677524663
3,0.879350142255125
3,0.928067085074195
3,1.15647824522841
3,1.14856923021003
3,0.987201150574463
3,1.24926716556636
3,1.12728456095983
3,0.852944789379807
3,0.856188159025249
3,0.758232191711145
3,0.993649957192469
3,1.08930656200032
3,1.0212883245405
3,1.1935242029606
3,1.19560398118784
3,1.07280431875352
3,0.994856464629734
3,1.09446461698441
3,0.736100107725102
3,0.751177603972361
3,1.42136213076616
3,1.08928159431792
3,1.18104945668031
3,1.02305837772043
3,1.24817697128574
3,1.09121963559874
3,0.728912723507888
3,1.08363135396549
3,0.720097072265717
3,1.21468664904647
3,1.20996835591264
3,0.953288588125903
3,0.697105965030479
3,1.09285157676869
3,1.10401598154436
3,0.79703182833118
3,1.00571116715284
3,1.09957686813367
3,0.707351762280033
3,1.00620000709023
3,1.01660121627644
3,0.942423222265646
3,0.71977122345458
3,0.624952755700954
3,1.20560679643054
3,1.26815967001087
3,1.04004655477968
3,0.899413342944772
3,0.83368324243054
3,1.13156257089963
3,1.24736059790417
3,1.21812213643755
3,1.14573861641196
3,1.23456838617952
3,1.15293443121132
3,1.19361186273408
3,1.20726884433394
3,1.15766394396844
3,0.969496059721172
3,0.939596683448128
3,1.11197128108897
3,0.768010889784849
3,1.33223581898179
3,1.14638976862812
3,1.03438244470928
3,0.534495569174873
3,1.06480071786109
3,1.10594809405962
3,1.07942458342323
3,0.639007414095337
3,0.566211920193759
3,1.1821663930298
3,0.992702637425236
3,1.02471179590275
3,1.17790261753901
3,0.677409431636835
3,0.970894192828699
3,1.07214078318663
3,1.03306325337878
3,1.0641762423979
3,1.07894044385801
3,0.906215977776908
3,1.00552543019573
3,0.947884459944578
3,1.2252046917598
3,0.694276157162179
3,0.705651478482211
3,0.881301636278455
3,1.16133222519033
3,0.922451307285654
3,1.16378774683093
3,1.00651148793415
3,1.00375866692804
3,1.1276700293676
3,0.848508965537181
3,1.14059943128812
3,1.07741222054085
3,1.18763536217481
3,0.940885776479487
3,0.909052344682516
3,0.650113468513791
3,0.924429912924133
3,0.879714315475219
3,0.757135599605876
3,1.04309825224384
3,1.14046070093732
3,1.08647474926954
3,0.857594525369209
3,0.919528599403798
3,0.934705456591072
3,1.11575266830645
3,0.845712193344281
3,1.06318315737906
3,0.961283335431402
3,0.977743995587417
3,1.05413418317679
3,0.985523212368869
3,1.00680199714752
3,0.897263149098638
3,1.08757602190588
3,1.28687157056924
3,1.27582988252083
3,1.13358637025113
3,1.30568464074426
3,1.00912112836786
3,0.830714316233878
3,0.589415302967739
3,1.26240847767123
3,1.1418587396171
3,1.00854460564467
3,1.0322198812692
3,1.03485252486507
3,1.05414367198528
3,1.0698007377087
3,1.12427148427145
3,1.10193892515161
3,0.801407924115449
3,0.877583825066157
3,0.693695079718151
3,1.27531025890751
3,0.69378951602466
3,1.11975357660379
3,0.979800474487339
3,1.10982047439901
3,1.26529313461865
3,1.05097085788662
3,0.867407425271894
3,1.21249393995674
3,1.38756087945135
3,1.02758384677118
3,1.00544083473403
3,0.858920387569015
3,0.883856156258708
3,0.984448592291277
3,1.14987207605428
3,1.03044395330404
3,1.15365469986599
3,0.773399727773004
3,0.764512947057807
3,0.67678142580785
3,1.15867018238602
3,1.06952017404903
3,1.16135173208124
3,0.610530607982223
3,0.888705507731733
3,1.0183471692273
3,1.00056639533922
3,1.37303873664898
3,0.915442686451696
3,1.34168008919495
3,1.02278516588762
3,0.675815383135934
3,1.20067152606856
3,1.21062659472391
3,1.03031320730519
3,1.07108255922669
3,1.2091262898059
3,1.15710941733376
3,0.740442273214476
3,1.16939787558966
3,0.6984720031834
3,1.10207708552639
3,1.03827826541364
3,1.2171497107692
3,1.08748274284832
3,1.09617814134993
3,1.21905434679704
3,1.04771227241956
3,1.09212362801919
3,1.15959923324601
3,1.1194498042572
3,0.945675483583828
3,1.0514728847298
3,0.976113284017606
3,0.996684517652016
3,1.2009154715604
3,0.998300058939915
3,1.16907676763712
3,1.09528901699785
3,0.630900774347779
3,0.727471650799213
3,0.776616087511989
3,0.673067232826186
3,1.18945483751048
3,1.06872900969289
3,1.14319066846168
3,1.17821717200552
3,0.942649585707116
3,1.14997931570822
3,0.839853340461538
3,1.19580145568489
3,1.20238651279446
3,1.2614922692541
3,1.03756026463894
3,0.968449989659636
3,1.08900437206036
3,1.21654080300446
3,1.02142338145143
3,1.01207440338558
3,0.96159491053204
3,0.98191872648728
3,1.17165575023998
3,1.07420506730761
3,1.13570515912517
3,1.03854117656996
3,1.24977230619649
3,1.26564181018643
3,1.09086724323796
3,0.982512334824712
3,1.10094296076285
3,1.28948537988067
3,0.990231225711274
3,1.1189827243135
3,0.944161759892336
3,1.1648989053666
3,0.942658419512868
3,1.03302797473539
3,1.16493304621911
3,1.07272002335126
3,0.857163596254696
3,1.22687440279527
3,1.08007019696018
3,1.02710968837901
3,1.19699836884389
3,1.11715762499362
3,0.948067987272861
3,0.967397861086744
3,1.05689910324989
3,0.719068626533506
3,1.19564758430711
3,1.26254792486628
3,1.18591436165975
3,1.31693129358789
3,1.17322713763921
3,1.14725865264072
3,1.07934439629422
3,1.04698476670429
3,1.05977899088634
3,0.87161646857538
3,1.17383405927003
3,0.94724818715849
3,0.970865001416099
3,0.985798642930761
3,0.998584432475436
3,0.907816482686687
3,1.01608208660707
3,0.708958946362825
3,1.11506235848294
3,1.20487267351385
3,1.0606287780192
3,1.17645178443864
3,0.979640339728311
3,1.32432511080202
3,1.01118374324224
3,0.764808361809158
3,1.07659187662935
3,0.994623523406879
3,0.719511821935977
3,1.20945526694447
3,0.989543660102783
3,0.951590080596801
3,0.512832968292734
3,0.964299220982228
3,1.27762060317846
3,1.2236892858394
3,1.07915869171361
3,0.956724598673113
3,0.762606092477948
3,1.03647166938821
3,0.905749843748457
3,1.0881253850427
3,1.19543179813665
3,0.949173860129007
3,0.784167469505613
3,1.02691677207418
3,1.10362087867603
3,0.851987516759389
3,1.16378016102349
3,0.707198891286602
3,0.975496201196257
3,0.647760971030686
3,0.93072981694663
3,1.42293796945766
3,0.96025817462403
3,0.903340014626982
3,1.01261706997859
3,0.79469903540822
3,1.20253633960171
3,1.17782430125898
3,0.967448033338194
3,1.21655486964242
3,1.22650626235386
3,1.0020526476055
3,1.13771809634576
3,1.22099117083072
3,1.03876697964494
3,0.903380117847302
3,1.13580894986565
3,0.849659213943446
3,1.0450161839911
3,1.09840299795445
3,0.621583202426221
3,1.1892026489309
3,1.20756637207174
3,0.876792003976722
3,1.27957545897111
3,1.1230316762969
3,0.860353345032884
3,1.04657795910567
3,1.03584936345544
3,1.19917648815244
3,1.0631304940835
3,1.14452397993435
3,1.02125823132549
3,1.19377516205749
3,1.21528477973585
3,1.19018816341162
3,0.90542205236381
3,1.13128538630769
3,1.00387431682946
3,1.19382477111986
3,1.09903376650567
3,1.1927271158742
3,0.843252785523687
3,1.10017810673304
3,0.822329567061126
3,1.1044582887286
3,0.961736316289472
3,1.07777595535075
3,0.929447338201829
3,0.78046184716726
3,0.79885711501278
3,1.2243863976683
3,0.857524419013189
3,0.798656550228377
3,1.02028575257779
3,1.03947116676254
3,1.0852254527054
3,0.702272724872259
3,1.28979505561073
3,1.38133455524553
3,1.1301926099371
3,1.07489331882977
3,1.0069752743341
3,1.08214543806638
3,1.23795710465531
3,0.902298814692031
3,0.71888649666516
3,1.08302565108259
3,1.21375592674326
3,1.00647084684954
3,1.03796464116683
3,1.08533378428585
3,1.10911824297926
3,1.25299227374056
3,1.19136569402048
3,1.00042664374094
3,0.959946663901425
3,0.73215161454565
3,0.638480274802105
3,1.14580964429565
3,1.33565952566856
3,1.14871691007785
3,1.13515165069892
3,1.33819482698767
3,1.11068844800703
3,0.824685902049457
3,1.01357520080967
3,1.14576535281385
3,1.05455016174054
3,0.923680492944196
3,0.909493431422534
3,1.06002697983655
3,1.27742356503261
3,1.13401027983593
3,1.13606646288631
3,0.870297716904626
3,0.599533129080448
3,1.03589910552177
3,0.978597455957213
3,1.0224632859307
3,0.98271110164821
3,0.985185623371638
3,1.02201377068271
3,0.978694236506784
3,0.4996309733826
3,1.27935896982966
3,0.871901016408931
3,1.02579683066148
3,0.80665957699572
3,1.06737532360938
3,0.889420689744724
3,0.954694860755708
3,0.693650890499638
3,1.09696689035595
3,0.675002859051224
3,0.662763498269691
3,0.95894514901411
3,0.947264795113379
3,1.19591976778261
3,1.00009015222677
3,1.10925115048719
3,0.746625677294978
3,1.04151808254041
3,1.10262657522706
3,0.751216223847305
3,1.05338895830199
3,1.0480938527071
3,0.768527332159959
3,0.516894600114829
3,1.14920532859301
3,1.20449298074271
3,0.917814817573787
3,0.876298885061282
3,1.07944617977842
3,1.07653653249454
3,0.998662634293854
3,1.21507538485283
3,0.886886027127247
3,0.918393280793085
3,1.17265789137298
3,0.987343253288035
3,1.24349234266709
3,1.04562406824549
3,0.843526966165737
3,1.47781536759816
3,0.933394859724887
3,0.890626513233602
3,0.991228318497029
3,1.15682273897007
3,1.19428505171783
3,1.13428210658782
3,0.914786574222753
3,1.06113369964735
3,0.87476425658315
3,0.94962982847707
3,1.07375550639034
3,0.97482062550334
3,1.1456736790612
3,1.24124462658404
3,1.01391859582588
3,0.978300653805816
3,0.933536263973328
3,1.22847505897347
3,1.00123273458639
3,1.08366520215485
3,0.939060123326471
3,0.711313238333562
3,0.975223317938471
3,1.08545614372148
3,0.953259148765098
3,1.17427190329644
3,1.12074354882841
3,1.11744495831456
3,1.17938044005802
3,0.956638758304447
3,1.01695555171235
3,0.89610728613478
3,1.01336763886636
3,0.987171544334115
3,0.891865206526463
3,0.936415540265585
3,0.961866699467742
3,0.656312640585559
3,1.07844016244439
3,1.13958062130726
3,1.03735608162541
3,0.996322954712233
3,1.2056758082192
3,1.16457118864467
3,0.872191263122625
3,0.961159860776931
3,0.797940183443564
3,1.33588573534561
3,1.10344542951763
3,1.22706660667941
3,0.861847490317005
3,1.06268256071714
3,1.0694990604935
3,1.07089853717252
3,1.31427970306409
3,0.762638612389684
3,0.860844978832289
3,1.17192469505832
3,1.23679015424244
3,1.06286761005145
3,0.749612549199496
3,1.08747708331267
3,1.0756241991793
3,1.12140830435217
3,1.05231309244964
3,1.141866322029
3,1.09545019457134
3,0.958474220409924
3,1.34532438716017
3,0.667796465165111
3,0.889363184561121
3,1.00907704803643
3,0.873694983917304
3,0.933267041579277
3,0.991892640098449
3,1.02992477810037
3,1.40928200467006
3,1.01037851514904
3,1.03935239818408
3,1.0069124477953
3,0.773235807169189
3,1.13139919654344
3,1.01504907344246
3,1.11307361301508
3,0.860465143347658
3,1.09096386504748
3,1.0683164297086
3,1.11210722457751
3,0.809858513108732
3,0.568966379076518
3,0.886235613806917
3,1.04133588135381
3,0.828782731250983
3,1.14950325804982
3,0.875656170417184
3,1.06153811335839
3,1.25455408848333
3,1.14177569423607
3,1.12753870542332
3,0.901417436436842
3,1.1672246450687
3,1.06731733341587
3,1.29642724269178
3,0.671973770994775
3,0.620606695262085
3,1.06735972796722
3,1.18213210030347
3,1.02394271019345
3,0.978669763379469
3,1.0292580694881
3,1.0483056160542
3,1.2807045023602
3,1.0768063448277
3,1.25876319563574
3,1.06343775312338
3,1.10130881874502
3,1.04338006254452
3,1.10330449920112
3,1.10565922850702
3,0.923759424057096
3,0.940415774837032
3,1.17819101805786
3,1.01396488052414
3,0.679379259076369
3,0.709211631516106
3,1.04079645599707
3,1.03336418471622
3,0.850548710832831
3,1.05630979945935
3,1.18613945059315
3,0.914636314044326
3,0.78282052661945
3,1.21619472291965
4,1.24971257295289
4,1.48016952489384
4,1.1485944296271
4,1.09449087564085
4,1.06027666730461
4,1.01227839061717
4,1.1078017709381
4,1.31440624280468
4,0.92301123348791
4,1.2072164709304
4,0.986617291396829
4,0.964694559719551
4,1.27270554477147
4,1.38751251617878
4,1.06084241407758
4,1.11442406033872
4,1.12953380401899
4,1.18260301829277
4,0.940052731763244
4,0.831931994655999
4,0.971868191830863
4,0.993722519347781
4,0.981522071137434
4,1.27503625972414
4,1.30875919789839
4,1.15393138796081
4,1.10360113859849
4,0.854301488339736
4,1.2560026383408
4,1.34461302947865
4,0.60680910930581
4,1.07304176263843
4,1.04985006980327
4,1.19618128820072
4,1.21479138236113
4,1.17694909204249
4,0.982467283716339
4,0.765554109964883
4,0.903693732951483
4,1.07828972893418
4,1.10157005152245
4,1.2636356702584
4,1.06286176671956
4,0.673917795928524
4,1.01958158941353
4,1.19273924240673
4,1.34669254549647
4,1.15444280971892
4,0.699807337383589
4,1.2532792497025
4,1.1919904710536
4,1.115512366187
4,1.0838405355612
4,0.91679163390807
4,1.35822723705991
4,1.1963738357177
4,1.11063301595862
4,0.865459989644192
4,1.1458957766012
4,0.834326145629825
4,0.809449284038574
4,1.09602848570778
4,0.841995084914419
4,1.12604476102767
4,1.29583731266819
4,1.27894103831482
4,0.996728803028706
4,1.05780153354821
4,1.24380901488145
4,1.18851297511272
4,0.754115407376436
4,1.31843298822121
4,0.886880878509409
4,0.925827482363419
4,0.956794212542007
4,1.22450843548665
4,1.2642973380831
4,0.821413539137681
4,1.39328173636122
4,0.802897946205201
4,0.75925864770279
4,1.15485570746512
4,1.2487444078791
4,0.548110998180668
4,1.14214188326933
4,1.10635380176825
4,1.42041822365582
4,1.06141855357295
4,0.842723926942425
4,1.15012947751792
4,1.26694298023591
4,1.03449769438994
4,0.89292124389339
4,1.26492470075425
4,1.23146702089131
4,0.913458789844494
4,1.16913265463288
4,1.13816858918065
4,1.0147427332285
4,1.13880287290733
4,0.8456421434343
4,1.18995123700256
4,0.781472284706274
4,1.0170213363353
4,1.20037743317343
4,0.837575140795584
4,1.09047948430105
4,0.998138337262102
4,1.25788644404392
4,1.00506070929039
4,1.18952253710566
4,1.04901767251683
4,1.15729717961541
4,1.23326443406478
4,1.23823074931262
4,1.16709851826778
4,1.11359360060348
4,1.01069183324327
4,1.10182643703633
4,1.04062658796242
4,1.15581014324393
4,1.32171272272633
4,1.12151147063856
4,1.1518488275015
4,0.765879536549339
4,1.02297599137853
4,1.13125280317871
4,0.832515866822156
4,1.27345325519665
4,1.0855577070122
4,1.29890471243479
4,1.18083243640608
4,0.968173597220673
4,1.24987831345361
4,1.026006017458
4,1.15988996993215
4,1.38821385668543
4,0.99194230192403
4,1.01966140554106
4,1.20086485490338
4,1.21857014886768
4,1.09843977489789
4,0.741361842310066
4,1.15882439557441
4,1.29055634354312
4,1.23152295304035
4,1.33714795246253
4,1.22930897824215
4,1.04806763306703
4,1.12530156973266
4,0.954497646780739
4,1.21737809015638
4,1.45189913998746
4,1.16221441163349
4,0.871738760272249
4,1.27139668426337
4,0.980582425708139
4,1.35750272014304
4,0.804061233481247
4,1.38046397550443
4,0.910687776775869
4,1.16990913512097
4,1.19401213745191
4,0.923028909575778
4,1.14644846485186
4,0.923828623635194
4,1.22778360861503
4,1.14199358900777
4,0.966488427176322
4,0.772642561334327
4,1.08393687583075
4,1.07305601858142
4,1.28754821752125
4,1.33267022331725
4,1.07866309295338
4,0.553963245771105
4,0.920165447399907
4,1.35109118768684
4,1.15744384330991
4,1.16852941205116
4,0.973594443016369
4,1.05818889556396
4,1.17136409362204
4,1.05450291066585
4,1.15570055436394
4,0.974621288010466
4,1.25349097740241
4,1.08066789614203
4,0.862171587835529
4,1.16900455011972
4,0.960142432833314
4,1.45396999629899
4,0.974558108286028
4,1.00560087040752
4,1.11404078593531
4,1.12011078648734
4,1.11171508644373
4,0.536094210322117
4,1.15204728031577
4,1.2634956116073
4,1.24606117751446
4,0.837901067769493
4,1.15539233909735
4,1.29122617855029
4,1.01196871603646
4,0.663407883798057
4,1.37354924829364
4,0.985837925828515
4,1.1088791975233
4,1.3507777873331
4,1.20722894077962
4,0.749774942891337
4,0.924835029778433
4,1.32006619100245
4,1.30911497583176
4,1.14586568138811
4,0.894256515582444
4,1.5
4,1.22120134471255
4,1.11765188385767
4,1.02079440147051
4,0.726123785458902
4,1.26277043749971
4,1.10553231461516
4,0.970942851100252
4,1.16588880776348
4,0.999061084079274
4,1.22594572160087
4,0.937673610689447
4,0.755774955401469
4,0.977247661764859
4,0.898020093660403
4,0.943078081484724
4,1.29947470308415
4,1.07636095450712
4,1.2658335769461
4,1.14922774781789
4,0.8703900230356
4,1.333293829231
4,1.18389424729409
4,1.20278429222208
4,0.606927020978647
4,1.25510748580897
4,1.2007335228388
4,1.40213972121277
4,1.01686015034574
4,0.847426412719952
4,1.15833182702216
4,1.17866259708821
4,1.23205690501425
4,1.37863266138109
4,0.946735121066492
4,1.07785442343953
4,1.01106394887785
4,0.864796490743598
4,1.03414768330347
4,1.37700729795728
4,0.907455966601185
4,1.37184637860862
4,1.1099367738927
4,0.850937502567202
4,1.1288572448826
4,1.19439758391785
4,1.40617654694051
4,1.19894712245301
4,1.14678374687784
4,1.21806033316577
4,1.04641379436059
4,1.03888772145772
4,1.33320284140931
4,1.09190769629494
4,1.16620838478479
4,1.0186435149057
4,1.20408748572644
4,0.993677031375059
4,1.19350026181098
4,0.840403728655116
4,1.44361286437129
4,1.1910720035146
4,0.803584874392477
4,0.8225340957335
4,1.17087570982385
4,1.13754679535338
4,1.19824871761751
4,1.06289684052745
4,1.03516144630908
4,1.1852848610498
4,1.10733617077892
4,1.25817065892963
4,1.32715518071678
4,0.876679899737031
4,1.43094096409915
4,1.00887801570268
4,0.925762551894677
4,1.03623408295967
4,1.31098134335824
4,1.20107466304227
4,1.17741000821941
4,1.11727778790045
4,1.05637338402324
4,0.366532999982018
4,1.21489212022128
4,1.20904528001203
4,1.22700572300313
4,0.912475212922169
4,0.880969687370477
4,1.05606377779897
4,1.22830561913567
4,1.18869238587884
4,1.20236863426752
4,1.20201881233931
4,0.698037483726763
4,0.919430160305238
4,1.35032517388597
4,1.05300719421798
4,1.11464987938821
4,1.24509742284273
4,1.25662363217038
4,1.34428851642167
4,1.24757806799104
4,1.12668225026142
4,1.13822340423908
4,1.33003267412159
4,1.12973337895777
4,0.914659882413774
4,1.20825889051569
4,0.664556094551586
4,1.10413079775956
4,1.12252958121908
4,1.04718959821134
4,0.445784279398871
4,1.06988584174804
4,1.34686895121813
4,1.3594662445128
4,0.996236434240797
4,1.05159831883869
4,1.20200974551903
4,1.0248773245925
4,1.19002562452413
4,1.2310521583292
4,0.588058252205385
4,1.0103844564024
4,0.950207337775327
4,0.926629165703557
4,0.77633444766084
4,1.11468405449836
4,1.07083549807062
4,0.74338239362926
4,1.00099397574975
4,0.900946914727836
4,1.00949477212066
4,1.40724517453581
4,1.07044085005751
4,1.06950967442154
4,1.27595531810183
4,1.05308093367258
4,1.31088207808909
4,0.750262417961299
4,1.02953162070629
4,0.794900722363274
4,1.19228637570901
4,1.07141349178776
4,0.612533706624541
4,1.08358100549011
4,1.14345215072175
4,1.20945433127219
4,1.12869724247939
4,1.1532679119604
4,1.00731316191043
4,1.00621185779745
4,1.28926940441509
4,1.30960270309751
4,1.15227215382627
4,1.03542429906299
4,0.56037380622551
4,0.692049759313141
4,1.06336632739292
4,1.22665914059297
4,1.18541615575684
4,0.988590750112508
4,1.0585933293466
4,0.329124124599957
4,1.16908822461616
4,1.08113980335786
4,1.15022626789137
4,1.25622926554458
4,1.05524008294477
4,1.16146449098767
4,1.21785339443881
4,0.937270650737685
4,0.666398731244684
4,1.1576814953498
4,1.25905678223523
4,0.917988160142124
4,1.25273438379835
4,1.02967559736474
4,0.91709244606118
4,1.23606603421248
4,0.932882217782057
4,1.24685782441074
4,1.34573656375982
4,1.19205992981853
4,1.1647339362337
4,1.24626981481192
4,0.919734069747966
4,1.22018028396968
4,1.15853639868849
4,1.24214706130946
4,1.42037601203456
4,1.01143812519858
4,0.451634948391843
4,0.829075403011226
4,1.19685243979734
4,1.23516478705287
4,1.20503155096589
4,1.17543411852301
4,0.740338815402573
4,1.08507699128488
4,1.35725902866886
4,0.82273893051594
4,1.2441817162569
4,0.715308928491135
4,1.07273451040906
4,1.10615875877402
4,1.17611727994332
4,0.836653800158882
4,1.41082747459503
4,1.23279314062593
4,1.11143481168505
4,1.34038032322395
4,1.03312070456377
4,1.10147971665179
4,1.29123867095716
4,1.07216867020196
4,1.35102655939898
4,1.08528626149748
4,0.95881671754575
4,1.18704754058014
4,1.19536348910711
4,1.38590349636657
4,0.739872788396949
4,1.3046060333619
4,1.25341293993317
4,1.00688897236947
4,1.03961699608698
4,1.30860205254155
4,1.12356206996287
4,0.814407903544093
4,1.28278770843696
4,1.1955421851473
4,1.31305480312936
4,0.981198671646315
4,0.928966438389935
4,0.987008559338014
4,1.15304890157595
4,1.14925833508397
4,0.929832715422597
4,1.2052623491279
4,1.10868899266413
4,1.16953434147427
4,1.20335872038279
4,1.22742319428862
4,1.17122509341337
4,0.876630651738242
4,1.34552557048134
4,1.29513665729114
4,1.10032154043458
4,1.16692312709658
4,1.03880764668103
4,0.947783577062542
4,1.16205135677267
4,1.22162212753321
4,1.2423361770833
4,0.696856208885239
4,1.21380348156335
4,0.944483683492538
4,1.22618089509398
4,1.03308235152095
4,1.26011011477821
4,1.22993497785109
4,0.47901080052273
4,1.20636916071216
4,1.04751201778661
4,1.25303483675249
4,1.00276526798383
4,0.941131454710671
4,0.863690189581504
4,1.05721163661768
4,1.07065156864493
4,1.35499299958628
4,1.04582154224422
4,1.31409966317889
4,1.13572108167436
4,1.3186197134588
4,1.0092413617956
4,1.2165301220836
4,0.818421312171522
4,1.1733955324479
4,0.732374733834484
4,0.905360669158755
4,1.19163990842168
4,0.835433467415726
4,1.4284723406131
4,1.18591553229075
4,1.07389909958601
4,1.35560257689579
4,0.990667003230913
4,0.796151480143808
4,0.995300036527227
4,1.34089263814006
4,0.596200547288241
4,1.19189985812083
4,1.21544513071703
4,1.12553947459934
4,1.2927865767701
4,1.26867655759097
4,1.34323804314159
4,1.14474910814803
4,0.952203214555854
4,1.15269510555194
4,1.4115770982982
4,1.09993185334321
4,0.884574223025729
4,1.39325677872856
4,1.29697504900005
4,1.27501257126452
4,0.993150644371102
4,0.822487447282872
4,0.812866492889616
4,1.06203888352059
4,1.06094867218172
4,0.697963948928394
4,1.05774772652252
4,1.5
4,1.33094959040228
4,0.985638476966163
4,1.23967698313188
4,1.11884850360504
4,1.28096311237812
4,0.958388492412542
4,0.936336885047738
4,1.14653860146361
4,1.31135412575832
4,1.05750927686937
4,1.27674297100542
4,1.32155878823602
4,1.14976450484863
4,1.12755262288268
4,1.21706267537078
4,1.27497119712908
4,0.885270403973547
4,0.941496567955341
4,1.37903266467217
4,1.04798896867043
4,1.33223644097353
4,1.19161101753035
4,1.08913459423992
4,1.19519571909068
4,0.964403721822119
4,1.28545642362453
4,0.7168405437071
4,1.16504492080909
4,0.90817290834865
4,1.05666682436232
4,0.629766281580353
4,1.0233536541064
4,1.23341390934794
4,1.25335177980126
4,1.30224594134402
4,1.30385676695071
4,1.44463072094742
4,0.727866390107109
4,1.17958438700093
4,1.06087484717636
4,1.3299818330304
4,1.11484620593298
4,0.975065691036036
4,1.15083015315062
4,1.37421971274624
4,1.36442825520414
4,1.29009724565827
4,1.03398031508753
4,1.31065206520927
4,1.00571761912099
4,0.69854628707599
4,1.28901903460923
4,1.12483447541194
4,1.06366292933833
4,1.15069186830925
4,0.960415182727287
4,1.5
4,0.965041585822778
4,1.05620375158376
4,0.978138758125436
4,1.09313171847821
4,1.18336454142372
4,1.32540595083291
4,1.30312230771228
4,1.16229972541102
4,1.24090072324169
4,0.591017282240759
4,0.994096776716124
4,0.979526160148916
4,1.17705233909419
4,1.12133551150029
4,1.06750658014226
4,1.09445677686308
4,1.13505279776095
4,0.842852884056012
4,1.00579866452315
4,1.17812633045645
4,1.17489239564826
4,1.00566078955224
4,0.855556457937839
4,1.10915423584528
4,1.33414668052817
4,1.13678851647211
4,0.901137241755614
4,0.975246595161359
4,1.02179639030891
4,1.1922100066181
4,1.03603850938347
4,1.34226444556508
4,1.14494697828602
4,1.20537060343119
4,0.784636273260386
4,1.0432157082678
4,0.92473979857098
4,0.793664887706859
4,1.14891008289441
4,1.07411996022458
4,0.77792930510743
4,1.23465709322192
4,1.14856743315141
4,1.20203441525928
4,1.24028352277784
4,1.13423078343015
4,0.935844475086452
4,1.06458360208582
4,1.1234060166059
4,1.22405611878
4,0.981832453963579
4,1.26825088697993
4,0.736854749718163
4,1.12912512970688
4,1.44008136915272
4,0.677856439855744
4,1.13394398950232
4,1.34540465425128
4,1.06360775025468
4,1.03720917651728
4,0.948313518729774
4,1.14061206669666
4,1.40009807297343
4,1.19598877923413
4,0.973235837365552
4,1.26367183727449
4,1.09984374987116
4,1.02055087493033
4,0.525637639266297
4,1.12658006554853
4,1.11458730528709
4,1.22586641078226
4,1.18762659646399
4,0.938897528221169
4,1.30588220035372
4,1.30100186222
4,0.884728721834487
4,1.00338134456443
4,1.13565280828087
4,1.14009234687197
4,0.759164829221528
4,0.986010717037574
4,1.25132759100757
4,1.01968360292103
4,0.828834645171644
4,0.994778162387392
4,1.12862796065571
4,1.22222322151572
4,1.07626650239338
4,0.959143793238755
4,1.23466705316019
4,1.19624012721488
4,1.19531279207327
4,0.74341170040561
4,1.03470377746266
4,1.12758196908759
4,1.05185499008017
4,0.975822332804031
4,1.02485155966324
4,1.14561722860041
4,0.756091865528639
4,1.28959328231102
4,1.12393872135098
4,1.27059842607514
4,1.04991639344272
4,1.32583026806172
4,1.17198261344232
4,1.13731548938278
4,1.38884097310401
4,1.14588993975921
4,1.09095298497173
4,1.00349371902918
4,1.09051263861221
4,0.984260964871729
4,0.935109748775814
4,0.968171774192678
4,0.719762644784698
4,0.635234567849905
4,1.02806909081359
4,1.29682492599827
4,1.34396145531857
4,1.06446152710274
4,1.10356766858611
4,1.13561348222371
4,0.992195117503804
4,0.765952870972608
4,1.07345859524296
4,1.20347114876117
4,1.1200279258826
4,0.972644931600515
4,0.82893413297178
4,1.24192138584659
4,1.29705367968204
4,1.14723824442219
4,1.25614422441683
4,1.15618324097946
4,1.21467839035676
4,0.996003974817675
4,1.3257746840915
4,0.902047586572959
4,1.09723929607811
4,1.29421770910799
4,1.1739488507013
4,1.38772813662381
4,1.18222480067062
4,0.934833344000873
4,1.37794490714235
4,0.865763605436107
4,0.838676354758695
4,0.946800988774857
4,0.67376698411864
4,1.18588129675325
4,1.09934466456938
4,1.37408584574085
4,0.746349166536432
4,0.955455189962608
4,1.01841452056178
4,1.06579751104528
4,1.0314304293386
4,1.05021743279148
4,1.06243067041226
4,1.20863751223954
4,1.29047927227506
4,1.3006863857233
4,1.02214921011061
4,1.120756369234
4,1.31952150535496
4,0.959107545225713
4,0.788623208423716
4,1.23093874048598
4,1.25761060590354
4,1.03501601752047
4,1.19627085842489
4,1.01103148767571
4,1.24211702590241
4,0.994674175736533
4,1.34553195853582
4,1.31190679717089
4,0.8198422841618
4,0.687850291781496
4,1.13551030592686
4,1.13510561605553
4,1.19635660767502
4,1.03092679283069
4,1.08688702722334
4,0.949788291420493
4,0.998502757071545
4,1.03475680122278
4,1.35345816558576
4,0.89899174278071
4,0.749869422519489
4,1.05606873833107
4,0.305562894287472
4,1.23050810880772
4,1.19455615162852
4,1.08281132690073
4,0.659078093440166
4,1.07990674104512
4,1.02907169138413
4,1.25801657574922
4,1.1730897836258
4,0.916534856704989
4,1.02668501883703
4,1.39645016170678
4,1.18463192939797
4,1.04506056205807
4,1.0622894926999
4,1.29451717665385
4,1.13377663846395
4,0.725665137584214
4,1.34013027806292
4,1.06291170673139
4,1.06413239937884
4,1.23596603093602
4,1.13054857154085
4,1.49616595537626
4,0.885447253941194
4,0.967423300719418
4,1.23649124787765
4,1.17266845284168
4,0.66794491902309
4,1.33963470200153
4,1.12492222084124
4,1.10829803843622
4,0.999742371968594
4,1.17492022005514
4,0.956497021106181
4,1.23664806717386
4,1.27594335892154
4,1.26288612792843
4,1.17430584993137
4,1.10072662384714
4,1.26790789858478
4,1.25837404591724
4,0.742528866570464
4,0.789641325853141
4,1.04469476124763
4,1.10333423708631
4,0.984312242178399
4,1.08373296034326
4,1.05332155599196
4,1.26449866429954
4,1.26572688471396
4,1.26793679440177
4,1.23239680528868
4,0.918218901941855
4,1.07997039414718
4,1.02468815287645
4,1.06094489227173
4,0.957161974315698
4,1.07067574099489
4,1.14361150905633
4,1.25078936559963
4,1.26956646049061
4,1.04212832503952
4,0.810293261838872
4,1.25356868853064
4,1.02103090149578
4,1.05968790198377
4,1.30271033597268
4,0.965331884102365
4,0.763821613578123
4,0.667556803598311
4,1.14106443105889
4,0.99234459882791
4,1.29728275292115
4,1.17142531013189
4,1.02455304878218
4,1.00513397347702
4,1.06760017029592
4,1.24985836485397
4,1.26524126439182
4,1.15125392848916
4,1.11641613664203
4,1.22750761355647
4,0.927672031936258
4,1.1761121409096
4,1.14073136080588
4,1.02416482229594
4,1.21033303444128
4,0.968939488410013
4,1.04482966801452
4,0.992566670406308
4,0.654571198543922
4,0.997716614931771
4,1.15521776456901
4,1.30972639472035
4,1.27084379239881
4,0.90011063134093
4,1.16025158406065
4,1.20549022413048
4,1.27796585097345
4,1.14296025330339
4,1.22272187768995
4,0.988341122599177
4,1.30119580292933
4,1.08749956447625
4,1.07887776699806
4,1.29301147699064
4,0.921652733637348
4,1.21134303861779
4,1.0219395229752
4,0.853021664936877
4,0.685893185710647
4,1.11585613591815
4,0.980661827401993
4,0.537790305009034
4,1.27575096417704
4,0.891458084266347
4,1.04392711790853
4,1.14881000391302
4,1.29547604815309
4,0.751954657884824
4,1.21808066735433
4,1.23317019663156
4,0.969676415635686
4,1.04394447123382
4,1.14491377885608
4,1.05106151202252
4,1.08863674264971
4,1.29441105535458
4,1.01654916217197
4,1.05504782570524
4,0.713227885470964
4,0.953099360086239
4,1.10408511604117
4,1.07326048555077
4,1.19454337202701
4,0.996583844495689
4,1.13942553466592
4,1.12444167175641
4,1.04553446952123
4,1.03273656391851
4,1.36646486866255
4,0.778326895335994
4,1.23391111578222
4,1.17926143845095
4,1.30723726133077
4,1.1677912014703
4,0.808412376953079
4,0.960405872393566
4,1.10429507227057
4,1.14649692113664
4,1.17984162676597
4,1.09579813004886
4,1.13819725591452
4,1.05621257598276
4,1.29470365964862
4,1.12396049274171
4,0.760311026967102
4,1.01090632741241
4,1.11944511129863
4,1.24771199163193
4,1.14141214285738
4,1.30037110362588
4,1.32948454921884
4,1.03428361649519
4,1.18224120891961
4,1.38392969102162
4,0.893819187893043
4,1.07132146082773
4,1.16402359445795
4,1.29074476832694
4,1.37195376138296
4,1.06271419502534
4,1.193413824858
4,1.12411192111531
4,1.35485550378587
4,1.18469422559606
4,1.18468978958565
4,1.12870674418393
4,1.02164196613815
4,0.741814038315176
4,0.92156044341585
4,1.02644109347859
4,0.686114608780859
4,1.22035092659838
4,1.15694265715372
4,1.21358097325246
4,1.21100148143526
4,1.15319117005336
4,0.89666312190038
4,0.616495496726476
4,0.650851545271799
4,1.22683943867556
4,1.25696075518268
4,0.785307123152565
4,0.93407259655164
4,1.08805374509182
4,1.05622877258471
4,1.15532750581233
4,1.10103241114979
4,1.20487407289801
4,0.796703296531673
4,1.40731868789282
4,0.762034503756879
4,1.24932898408693
4,1.1808141189314
4,1.19335367469463
4,1.17160858787466
4,1.05157528455766
4,1.39571873271819
4,1.14183810629218
4,1.09329570149161
4,1.15720022667174
4,1.06489128899815
4,1.10436768812964
4,1.07623499994359
4,1.03447759520059
4,1.12427527040757
4,1.14303817685161
4,1.08134746804309
4,1.11679160168064
4,1.21226592283843
4,1.05238188415124
4,1.07160818587458
4,0.614911162696399
4,1.13399454412608
4,0.895193059878053
4,1.07814428082566
4,1.26250594818155
4,1.1195751535225
4,1.12052583309732
4,1.21760769070095
4,0.882960203953744
4,1.0048327848318
4,0.817925730875381
4,1.16751654866091
4,0.789758158911538
4,1.31459755964134
4,0.984816365148873
4,1.01877746566601
4,1.12251772472415
4,1.10954708861197
4,1.13792651511084
4,1.03760054670737
4,1.22694726856046
4,1.04270895871388
4,0.627880754753709
4,1.27425562447302
4,1.17066964863959
4,1.17868526678887
4,1.23534358125567
4,1.11524803165556
4,0.695451679284946
4,0.831939814319885
4,1.08491300982163
4,1.15932826077404
4,1.28204439674642
4,1.18477052325737
4,0.933370614420007
4,1.06881142689252
4,1.07173994116817
4,1.26903303819336
4,0.855938220912176
4,0.798481794842305
4,1.34368640092891
4,1.33692264968161
4,1.04757644918261
4,1.35943532129781
4,0.989024480555306
4,1.37003598065727
4,0.814042079287335
4,1.08890109991556
4,1.18049506583764
4,1.08736918740913
4,1.13580780750539
4,1.22688862082845
4,1.04971564184893
4,1.26344274624238
4,1.23854487651926
4,1.09598883296647
4,1.00701231556784
4,1.02059043704385
4,1.32122978908752
4,1.22157286755616
4,1.10539884312596
4,1.13167997422966
4,1.19493776886819
4,1.05562252285632
4,1.05846730473664
4,1.22327093098304
4,0.684953068480164
4,0.891450504234581
4,1.05349237468754
4,1.19566486039661
4,1.21701526089987
4,1.05993691650308
4,0.928914815912333
4,1.30651584026269
4,1.12189993033495
4,1.17944753684795
4,1.08319674156106
4,1.28030597608802
4,1.04619542063906
4,1.37224744387332
4,1.06970035202402
4,1.11293494992084
4,1.17046826092382
4,1.12928134777813
4,0.790148641507082
4,1.09925777784645
4,1.00500898847659
4,1.11566551747281
4,1.01146732803088
4,1.04525421588207
4,1.01620835835306
4,1.02074562142903
4,0.905990753828475
4,1.20230648285543
4,1.30791420415934
4,0.619218275004545
4,1.13157288253694
4,1.14473129327066
4,1.10264480108796
4,1.03543460768628
4,1.03088842723228
4,1.12413156081415
4,1.00279413284081
4,0.950281486228782
4,1.34159209394285
4,0.661804181406188
4,1.30264513983303
4,0.823934469462736
4,1.18902948692628
4,1.1447957460274
4,0.698574486822628
4,0.720068702762699
4,0.623054387968292
4,0.93889040713802
4,1.18762269450789
4,0.945136398075189
4,1.15495886077135
4,1.05256709993685
4,0.825138341394162
4,1.23759089333245
4,1.04284427481095
4,1.24841410102586
4,1.02859519883311
4,1.1274573189579
4,1.07007226354063
4,1.03408690478015
4,1.01801777963098
4,0.939820002709012
4,0.836709197249109
4,1.05253646238307
4,1.05018133873779
4,0.991128446839459
4,1.23848846354119
4,1.0993780467444
4,0.738500350039094
4,0.980520559672674
4,0.69826446767106
4,1.11771437819719
4,1.14519618999063
4,0.999449143802703
4,1.0356657721594
4,0.862291467745883
4,1.22114034505977
4,1.01477831443576
4,1.1133536484047
4,0.95161172475157
4,1.02714932709825
4,1.3218651801795
4,1.17119349259114
4,1.00680399512857
4,0.906301616516229
4,1.30167440774769
4,0.560832907685923
4,1.08832010538263
4,1.06849334169272
4,1.05517775621914
4,0.986457168808287
4,0.705688701162915
4,1.30042836105566
4,0.971487007487241
4,0.884020088129596
4,1.15348501586874
4,1.00925797087349
4,1.17383961329664
4,0.711836471312521
4,1.20333927601639
4,1.26033713410161
4,1.21550896596229
4,1.23837319090119
4,1.16650271825371
4,1.11681093080509
4,1.28831369190333
4,0.828972146019594
4,1.07809695747217
4,0.770493797396852
4,1.30991020440289
4,0.78369979046373
4,0.983809193534242
4,1.20659625703847
4,0.877902220524884
4,0.878109599769706
4,1.28439526529036
4,1.0465916122075
4,1.23561302067367
4,0.8589011283476
4,0.911689706402061
4,1.01242956980999
4,1.04355431438511
4,1.09956068037473
4,1.00783851137338
4,1.0293060130579
4,0.996170878912136
4,1.06228157672748
4,1.21113808006628
4,0.703005942781925
4,1.21973606594864
4,1.20040597634512
4,1.3574465303467
4,1.05301960091524
4,1.00141559068942
4,1.06601803633003
4,1.15976261282599
4,1.10212601327469
4,1.25942493541345
4,0.952896389703519
4,1.06930122837437
4,1.03482262200016
4,0.962333075256813
4,0.806877453872041
4,1.12160716863568
4,1.20844157800298
4,1.04357571457337
4,1.13802707666653
4,1.32314347189218
4,1.03351082477986
4,1.1138738266246
4,1.18097791081753
4,1.06325583244413
4,1.32907104043956
4,1.41444810822109
4,1.38039185111408
4,0.959309114692765
4,1.18646890767882
4,0.92988610861455
4,1.16795238032297
4,1.25449518218589
4,0.855703798928488
4,1.15032316904917
4,1.08916616201964
4,0.926949324340366
4,0.917336211031734
4,1.25417160965195
4,1.08377882064441
4,1.23765520491236
4,0.608001641641756
4,1.00248701250494
4,0.970015595545158
4,1.20077795919015
4,1.04083347760123
4,0.783975694186496
4,1.12492114065619
4,1.21679270972068
4,1.33553749837055
4,1.0790180131922
4,1.23409452111988
4,1.17467058269636
4,0.786674855119117
4,0.941623723508976
4,0.972068171291307
4,1.18427514512056
4,1.16536599207408
4,1.05975837325318
4,0.914701056045005
4,1.22147384099959
4,0.972890160847478
4,1.34780841162147
4,1.17709537377751
4,1.05802663335543
4,0.817437312277903
4,1.30978654037573
4,1.25689140379103
4,1.02204304398505
4,1.0687884886383
4,1.21624742293552
4,1.16932248199634
4,1.18481114871469
4,0.877257543853913
4,1.11830237907717
4,0.830296622939874
4,0.727437464823482
4,1.23342452855977
4,1.17118022780058
4,1.23357695471342
4,0.968295035235399
4,1.12226731855438
4,1.41395797979546
4,1.06469158838996
4,1.08754129756644
4,1.07826988578843
4,0.768640698910969
4,0.963100745394273
4,1.08381374863596
4,1.25424923058371
4,1.21101031826583
4,1.29218960013777
4,1.35643505962186
4,1.17319817101984
4,1.04958755285324
4,1.28901925421694
4,0.795229096803109
4,1.17469113108121
4,1.27941844241552
4,1.04074838533927
4,1.0901816353825
4,1.24704059411098
4,1.13337339751262
4,1.13274626620547
4,0.917095577428428
4,0.963559953704392
4,1.15916307229972
4,0.970300039880831
4,1.32303851923649
4,1.1840040342176
4,1.15345467031924
4,1.313506202437
4,1.23959491608312
4,1.16845193159708
4,0.876094530571855
4,1.39456673960118
4,1.14248351017443
4,1.28381621607071
4,1.12872651626897
4,1.15739742803123
4,1.1372811816658
4,0.95760581753777
4,1.09386381364756
4,1.4387181027944
4,1.16705615363296
4,1.30398120874075
4,0.90879750852393
4,1.12222712479515
4,1.05688879494729
4,0.870589508960429
4,1.21310473307967
4,1.15012111285426
4,1.09710396477881
4,1.13166565286419
4,1.2357494820732
4,1.09741679276016
4,0.649728166357944
4,1.28535971192557
4,1.13533556750912
4,1.08780783053446
4,1.25239092114171
4,1.10282511602353
4,1.00822750036241
4,1.23685664108396
4,0.816202378204159
4,1.16971447165537
4,0.491871486085461
4,0.891803695753426
4,1.16099496027663
4,1.06778449023127
4,1.05414207422839
4,1.3166448379176
4,1.06877076987522
4,0.542532910307849
4,0.582467862082625
4,0.915183329516621
4,1.17500167105746
4,1.11132183580049
4,1.40699303291057
4,1.03137785258729
4,1.32022802722909
4,0.766491312375905
4,1.1477595043484
4,1.17336985371378
4,1.15422313020283
4,0.865713720570239
4,1.33884165255673
4,1.08705028779621
4,0.469980207763953
4,1.1817326238479
4,1.19453619825094
4,1.09919309705676
4,0.966032467948335
4,1.01439686293713
4,1.08837902137448
4,1.26579202720917
4,1.09606660355827
4,1.15127760878043
4,0.882557259012679
4,1.13487327092671
4,1.11236480128909
4,0.943824531653479
4,1.14401637857154
4,0.826727326635132
4,1.23060534741092
4,1.10231278462724
4,1.00495634086248
4,0.98109148493703
4,1.11203283331811
4,0.754610712884273
4,1.27156305059306
4,1.2670861599586
4,1.46642319387821
4,1.25405915723672
4,1.21394246831358
4,0.983476765680224
4,1.2173510627328
4,1.14931939637202
4,0.83918450741237
4,1.0181726755559
4,1.0727713622357
4,1.13892172427979
4,1.10808573990606
4,1.06608996243091
4,1.2551958498418
4,1.26691517428815
4,1.20967146059295
4,1.13296913861658
4,1.24259151269929
4,0.587706801402057
4,1.3084166439266
4,1.21650775442525
4,1.16616856430329
4,1.04543056521859
4,0.693250602510542
4,1.49581972660334
4,0.978480006242547
4,1.18823156766696
4,0.826219537493068
4,1.11670667610473
4,0.878721825249731
4,1.09647656432414
4,1.23179279423006
4,1.17179875856216
4,0.913932592462732
4,0.636627540643864
4,1.0817063317366
4,1.28528958484179
4,1.07215775431492
4,0.785177484283296
4,1.17654731849785
4,1.16389749284833
4,1.110696887388
4,1.1312867573989
4,1.26840700057418
4,1.13914105500392
4,1.06341426656435
4,0.92086596407033
4,1.0301551732094
4,1.31848337877497
4,0.714113270934078
4,1.25985398155225
4,1.4247373019127
4,1.18187735889054
4,1.1799673796244
4,1.09465142125878
4,1.33485181626614
4,1.30053512191131
4,0.857394087074034
4,1.19473297896965
4,1.16494444544508
4,0.525177650016714
4,1.15968888070657
4,0.722781203771808
4,1.20022055691603
4,0.887283568192107
4,1.37587382631572
4,1.10438448544309
4,0.696734498138804
4,1.12666917352319
4,1.14185647329966
4,1.17428204204199
4,1.19317978144647
4,1.32464321565809
4,1.32755167696152
4,1.02989104453448
4,1.12794017460902
4,1.25257099506721
4,1.18038626618989
4,1.28672924722417
4,1.20276744731005
4,1.15866845465399
4,1.04553856104767
4,0.991140529328181
4,1.03086733676896
4,1.07160476134025
4,1.17720725334889
4,1.10009577042056
4,0.762580413626984
4,1.37530589166564
4,1.06584281515572
4,1.20384215863614
4,1.05107873205859
4,1.0911538168957
4,1.04367896938387
4,1.17197695603689
4,0.970533553774518
4,1.23521706857632
4,0.857200569990848
4,1.26382202472016
4,0.909014064172781
4,1.24790155248034
4,1.366353109791
4,1.10761036214236
4,0.807147683036232
4,0.992814441529335
4,0.956234823325351
4,1.13888819492609
4,1.081637603288
4,0.853761956355546
4,1.11783688244022
4,1.2793290104964
4,1.07488510295078
4,1.23453531007845
4,1.35177855520826
4,1.33087832982941
4,1.10101247004512
4,1.11896662077695
4,1.01574413692075
4,1.14986150828333
4,1.07615782174954
4,0.639367117432693
4,1.30095914364898
4,1.00747273008037
4,1.40310679879031
4,1.24498053129984
4,1.17876075790884
4,1.18974127195547
4,1.17146834561942
4,1.08307169402415
4,0.966592808939035
4,1.35244981973272
4,1.03879494890484
4,0.93780154017204
4,1.34551347652576
4,1.14488321617953
4,0.760183893796504
4,0.931437633562511
4,1.42036683111696
4,1.30300919513922
4,1.09017515767187
4,1.00428107686878
4,0.8926073203332
4,1.04470737860727
4,1.18599886415046
4,1.16208186364635
4,1.05658682222914
4,0.992224757214096
4,1.32757000643214
4,1.08265537087311
4,1.27122664461397
4,1.27126037792136
4,1.05838225221165
4,1.07868064546693
4,1.11561380339007
4,0.97092731926475
4,1.04421130815674
4,1.42543135163608
4,1.0195284229718
4,1.24300729773286
4,1.01500998564606
4,1.18181294939134
4,1.24902066875831
4,1.01164293104834
4,1.12012508662625
4,1.33698085551183
4,0.906786104449086
4,0.88607424578333
4,1.12689231993632
4,1.46414758727539
4,0.642099820626129
4,1.25837812120386
4,1.18776434293872
4,1.08321638888383
4,1.03430305291078
4,1.22001114750336
4,1.1798773828918
4,1.15675340320036
4,1.19056191585
4,1.1390187226153
4,0.78320704777558
4,0.748281349748586
4,1.13345335333485
4,1.02051568476981
4,1.30837858682004
4,0.677861144509684
4,1.17745371041126
4,1.11757216385049
4,0.895096940976895
4,0.701083116757098
4,1.0834260628395
4,0.857662086794384
4,0.957006612615767
4,1.27391098351285
4,0.711228942666912
4,1.18406139465969
4,1.20727684810695
4,1.06932992758968
4,1.14222948111975
4,0.937221208952409
4,1.08085712731895
4,1.21081609707967
4,1.20455585007617
4,0.732145975848464
4,0.681059599113309
4,1.29611699520576
4,1.20843383603467
4,1.29348645340576
4,1.0985163624746
4,1.00935273975665
4,1.13849413116403
4,1.28822953771313
4,1.25173006445488
4,1.18739572313035
4,1.0863816594359
4,1.1176646616855
4,1.07570794017972
4,1.08465096794861
4,0.734738112411274
4,1.26706153269778
4,1.02904455167584
4,1.14527339923566
4,0.854713065099602
4,1.10803580976874
4,0.717382605501161
4,0.986239415798744
4,1.41526658932328
4,1.12335007695083
4,1.10086664164853
4,1.10428131483708
4,1.09935650062273
4,1.23378607693802
4,1.07595781466878
4,1.14840883494697
4,1.08703672264393
4,1.00828056984959
4,1.17085931699819
4,1.2925209406745
4,1.08898102283239
4,0.592037226180026
4,0.949188224888448
4,0.988370786449868
4,1.22486193793319
4,0.934718207615607
4,0.780238527132211
4,1.29078572562594
4,1.29209099696197
4,0.967865186416505
4,1.05668090698052
4,1.42763784721248
4,1.0990384481665
4,1.27074054257566
4,1.31109556217169
4,0.814701894111478
4,0.962089563182326
4,1.24412351402839
4,0.714758322635665
4,1.02036117761763
4,0.814826320062699
4,1.18879639443007
4,1.27186234472745
4,0.618267829018701
4,1.3756021783538
4,1.07626757637842
4,1.10781832933265
4,0.744415119513116
4,0.968921257924131
4,0.691414809023124
4,1.26144283775979
4,0.783929526213517
4,1.09440056812763
4,0.996586693510946
4,1.12922547612014
4,1.11205229594072
4,1.06472995895108
4,1.22213708915326
4,1.29008782318565
4,1.3613748715699
4,1.03339196246964
4,1.3624572781823
4,1.06897632054814
4,0.973837351759019
4,1.3862420718664
4,1.2078682273461
4,0.904215700282309
4,1.33240769885378
4,1.10983929821111
4,1.15005092294995
4,1.01545946081068
4,1.06163397559356
4,1.24132810259991
4,1.06891456753451
4,1.09200174927624
4,1.05525928534966
4,1.32190669768467
4,0.934521495336485
4,0.967430357542882
4,1.00400133767335
4,1.25869301306769
4,1.16044428010551
4,1.16519953791756
4,1.17672576134525
4,1.16955317183867
4,1.36886594446718
4,1.13109305090599
4,0.813563967058529
4,0.863782702626448
4,1.1476146213865
4,1.22986121116051
4,1.06369781967807
4,1.06828067858007
4,1.23291325302486
4,1.1317473737373
4,1.33013902347305
4,1.04186324153791
4,1.5
4,0.761302751011018
4,0.991940559796514
4,1.2816066690764
4,0.895193211146716
4,0.968652014996773
4,1.00237695645473
4,1.32135326272893
4,1.14802561743031
4,0.910722275345831
4,1.26363546571096
4,1.2128971567048
4,1.19175114456058
4,1.26575036691397
4,1.27952341576404
4,1.04662289750018
4,0.967930106541862
4,0.957045005158958
4,1.20545568766557
4,1.10006044179121
4,0.922641232364747
4,1.22176965026139
4,1.37446621582191
4,1.3968411120209
4,1.18583441817953
4,1.18832366431162
4,1.41313111865783
4,1.24531310238926
4,1.23555171196154
4,1.03303013389175
4,1.16757988008862
4,0.722352416247162
4,1.06996596420807
4,1.07941551406777
4,1.1118233024788
4,1.3714147086095
4,0.830327509377324
4,1.01615900478256
4,1.05169570444684
4,0.976175714236012
4,1.34773825690632
4,0.815550008488433
4,1.18649723780746
4,1.21232801997746
4,1.06309834513949
4,1.42528736381048
4,1.30658624458589
4,1.32587092439236
4,1.183435094052
4,1.11846472515785
4,1.05201493658822
4,1.00510412230224
4,1.38433954153169
4,0.930731676549716
4,1.26355172191252
4,1.14488144142173
4,1.07189472100319
4,1.23043578943415
4,0.952331061378186
4,1.03124633124143
4,1.23158026273743
4,1.29412646739794
4,1.09245253517386
4,1.07030792678025
4,1.28888655778475
4,1.16463775576205
4,1.23720920543002
4,1.08886771022704
4,0.979316638800545
4,1.08979162344778
4,1.14099774306798
4,1.12812988322768
4,1.27055174089602
4,1.08109136880693
4,1.27466970738616
4,1.30068401844764
4,1.03208765311853
4,1.15946877156488
4,1.13714561144025
4,1.15486977963627
4,1.24714760382075
4,1.26604879281205
4,1.13496183779811
4,1.25732345349835
4,1.31507098466482
4,0.957558642153325
4,1.01805475434524
4,0.706516431045449
4,1.10493463865809
4,1.21249553720831
4,1.28924939263828
4,1.08696601524736
4,1.22133078179494
4,1.20775465318756
4,1.17247690421648
4,1.05073945485865
4,1.00393584366647
4,0.747790716376035
4,1.16598157257891
4,1.15065745498813
4,1.46599767850693
4,1.13199732836381
4,1.27119269132372
4,1.37900032712392
4,1.20492146464997
4,1.28934899718762
4,1.03908827146747
4,1.20539883436608
4,1.07884411545713
4,1.15887661790969
4,1.15118338690215
4,0.71414516368161
4,1.02303274384428
4,0.975150705864019
4,1.26595051269076
4,1.18143144035677
4,1.01430864129285
4,0.794901108822796
4,1.22244348462409
4,0.917645259545988
4,0.869568153615469
4,0.924495509493022
4,1.31103825670856
4,1.24262537258762
4,1.26549162965351
4,1.13909562559065
4,1.18910029199126
4,1.29885328622992
4,1.20785166582322
4,1.20489289496583
4,1.00169326983103
4,1.22003355191639
4,1.13630084891344
4,1.11000033111333
4,1.20391932795439
4,1.07536405416597
4,0.990293570814078
4,1.16409734855705
4,1.3041385960728
4,1.08934616943693
4,1.22164983478002
4,1.04887410761329
4,0.845182377519819
4,1.25189874948635
4,1.01977908406997
4,1.16843866261344
4,0.873763504793694
4,1.14616935697091
4,1.27240917257976
4,1.04873753684745
4,1.1377294344641
4,0.972578812859267
4,1.19286099824574
4,1.07701497258744
4,1.38358273545833
4,0.978484857656428
4,1.26178827483982
4,1.02810100132193
4,1.23985963125547
4,1.19375143107295
4,1.12074171167291
4,1.12502208391894
4,1.02198179904259
4,1.22982741198677
4,1.11635493673966
4,0.998541920081967
4,1.04516960634848
4,0.977412154461951
4,1.32564892383957
4,1.10210104723687
4,1.09643389788088
4,1.06369067969739
4,1.02723990231042
4,1.22971219248124
4,1.29906050488509
4,1.00733941736918
4,0.977620707434307
4,0.86379896343993
4,1.0347761428571
4,1.39741153044011
4,1.29420798739723
4,1.13686682920447
4,1.14555267175206
4,0.97642981787588
4,0.701542887884973
4,0.811869413971619
4,1.29963872419735
4,1.21828157006767
4,1.02644727575292
4,1.1465106391206
4,0.929958262525358
4,0.609203959576144
4,1.11709951695837
4,1.11269134877106
4,1.19280476988064
4,1.14070187739703
4,1.11127813361108
4,1.31379489064176
4,1.23785326176192
4,1.0131752856792
4,1.22188747657391
4,1.17854845279517
4,1.03691968405707
4,1.25576898134184
4,1.10520162654012
4,1.08602783516266
4,0.988285813351819
4,1.11542365775072
4,1.1028903208516
4,1.37489552083803
4,0.940642213414258
4,0.963114992029231
4,1.29009793882613
4,1.18995130422088
4,1.07887496175669
4,1.0008112417035
4,1.37429443132173
4,1.2151793181155
4,0.883403207068354
4,1.25739877790024
4,1.10694584049579
4,1.32239866235988
4,0.875609370265204
4,0.913172221508105
4,1.3130412757959
4,1.07399860622567
4,1.21429263930003
4,1.13624487241915
4,1.15240902301277
4,0.996649785493968
4,1.330178878637
4,0.777304272889449
4,1.11415160226044
4,1.06860196482212
4,1.04884266760937
4,0.953253538706259
4,1.13201867052128
4,0.820172217935881
4,1.21807769836029
4,1.12074220904948
4,1.17826788064821
4,1.04216597951048
4,1.14073862921417
4,1.25308297474477
4,1.33073193028724
4,1.11222093970978
4,1.31968162936139
4,1.01890508968926
4,1.08211105939963
4,0.714925961117808
4,0.984980435141927
4,1.0766617720997
4,0.74541674861744
4,1.12503022906993
4,1.24948836336516
4,1.1354681008322
4,1.16067646611559
4,1.19105442831378
4,1.26989051440035
4,1.05186193230447
4,0.734598609503237
4,1.24807968450048
4,1.0057949708958
4,1.17159992821945
4,1.24667834436053
4,1.13334577016639
4,1.15603966204259
4,0.829214940258928
4,0.756633905453818
4,1.1012863600055
4,0.915041902823033
4,1.12478532890681
4,0.942475643677894
4,0.88116574270208
4,1.1865227866265
4,1.16337013381385
4,0.773262594800074
4,1.18575581653763
4,1.22619710635605
4,0.902756339699189
4,1.00889893272893
4,1.10830833557031
4,1.28417502249588
4,1.03033304120171
4,1.24425057791598
4,0.874126424556615
4,1.26894915497571
4,1.18813875408737
4,1.05119049032683
4,0.684424382044009
4,1.25098614676985
4,1.25419359028999
4,1.08898045761726
4,1.04149865148068
4,1.12194997751095
4,0.986904092965515
4,1.03293336312402
4,1.16035107483761
4,1.22807058524857
4,0.483107172419784
4,1.03308629022226
4,1.24831504205473
4,1.15318651626094
4,1.11408506610232
4,1.22744058725346
4,1.02618929475085
4,1.0742336235422
4,1.01899477859878
4,1.10160163422215
4,0.944130961693123
4,0.991632578565357
4,1.24387103416011
4,1.02321388791275
4,1.28389140665957
4,1.10434162770991
4,1.30801137998667
4,1.06171725111289
4,0.84645361219731
4,1.07447697785677
4,1.02171407384651
4,1.11528789972099
4,1.12160623297136
4,1.1358821948167
4,1.14268832937902
4,1.08009296003047
4,1.02111625323191
4,1.32890905850648
4,1.3436577095685
4,1.23640396680766
4,1.20162136688611
4,1.20154252754161
4,1.17690022360636
4,1.10717790815157
4,0.811334884398368
4,1.09518971150103
4,1.06952946379435
4,1.32539683372648
4,1.13865534499429
4,0.775675540178578
4,0.899922893437084
4,0.977239103272415
4,0.885095604062174
4,1.30605126423892
4,1.27674598531233
4,0.70624525165935
4,0.714053195591411
4,1.03287144876828
4,1.2270877350197
4,0.953901608988016
4,1.04195573284985
4,1.31977098234254
4,1.1777776183739
4,1.13419031683781
4,1.24695711794856
4,0.958684252658123
4,1.16680686938713
4,1.31571680788073
4,0.877381747560835
4,1.12834629210783
4,1.16129856570487
4,1.03539124245988
4,1.35896702521164
4,1.05763689712976
4,1.31399189893251
4,1.29347111253902
4,1.1938277914489
4,1.11056519259453
4,1.2411431269839
4,1.20046456712644
4,1.32955160889876
4,0.854645759333009
4,1.17991481735034
4,0.924856858299857
4,1.31608991593387
4,1.15430796032837
4,0.885005272119608
4,0.90737123992212
4,1.0919820774647
4,1.28422675023647
4,1.03954677123304
4,1.04344884731355
4,0.773310335578272
4,0.993395222665679
4,1.32037121931924
4,1.17191480312976
4,0.884748140593679
4,1.12407009328023
4,1.08805274246092
4,1.16268609013786
4,1.29630067601949
4,0.882775295524284
4,1.15475278584643
4,1.17726259181801
4,1.01653266219853
4,0.838906593726395
4,1.28328232691118
4,1.11904296483282
4,0.871640205276568
4,1.22748686279862
4,1.29718667129861
4,0.735142517850234
4,1.15252359333473
4,0.938000821908564
4,1.03240732866256
4,1.06067592074215
4,0.72791814115121
4,1.09918640390345
4,1.12462381868038
4,1.19328379751576
4,1.19274976666306
4,1.14972602100207
4,1.17751996180322
4,1.31062064446656
4,1.28438632578196
4,1.23166413479203
4,1.25498587650556
4,1.24829452247636
4,0.51328196746197
4,1.10443181290888
4,1.26108505062534
4,1.21243874291709
4,1.08065151722
4,0.893743093699846
4,1.16472968961335
4,0.919053025573353
4,1.13194809252269
4,0.961139934844612
4,0.873544233708447
4,0.899784743663325
4,1.27515364515596
4,0.741264384697084
4,0.856866518734316
4,1.05782420851967
4,1.30332326613411
4,1.08133909660883
4,1.13960372517397
4,1.10920158511953
4,1.23576951329681
4,1.17703517568787
4,1.21468525237589
4,1.41645426525323
4,0.809421720678451
4,1.3058892405788
4,0.932775371264617
4,1.02835358428512
4,1.08550257572538
4,1.08366071732172
4,1.280248017405
4,0.935147063587581
4,0.866653734487923
4,1.00074640010354
4,1.2198931385684
4,1.24293798805638
4,0.824956764158863
4,1.00822225577407
4,0.983265017067773
4,1.34351085452621
4,1.0300960495115
4,1.26026247587476
4,1.11214278567132
4,1.04973142334021
4,1.30171696618208
4,1.26012778982818
4,0.615932411894751
4,1.43063838202783
4,1.27070826421966
4,0.842450236363175
4,1.2331017277413
4,1.01919712249711
4,0.810462087688814
4,1.16368033040867
4,1.03125580398305
4,1.03913506372211
4,1.00232743605572
4,1.42549664789261
4,1.12263167853406
4,1.1343251545314
4,1.30659318143995
4,0.847002510042575
4,0.811342674693526
4,1.09332345833676
4,1.07724407030114
4,1.04018646656584
4,1.0343056054596
4,1.48341960714951
4,1.21217083258882
4,0.649051615100399
4,1.10846178331513
4,1.02351172138233
4,1.15552250573006
4,1.20512634842416
4,1.08474477055965
4,0.904195840331814
4,1.18965535795302
4,1.231699151534
4,1.20263697511395
4,0.985260260330613
4,1.10642308482246
4,1.12511130390783
4,1.18404330010999
4,1.18490762689812
4,1.13756208757688
4,1.07315190635143
4,1.25689288267641
4,1.24640254808516
4,0.600857689167661
4,1.23244942418347
4,1.10078741160762
4,1.00127476532143
4,0.722404458301551
4,1.16753776165695
4,1.18375440338967
4,1.1803457270182
4,1.15546797086948
4,1.13349872783318
4,1.39465454296135
4,0.95593335405514
4,1.09502822777864
4,1.0192032116071
4,0.783411931455466
4,0.846063428123161
4,0.768652716897737
4,1.2644327293734
4,1.04390779733299
4,1.10941209212458
4,1.19242273774903
4,0.996882387344358
4,1.20502892117162
4,0.722661526322691
4,0.729832806728133
4,1.18724278770536
4,0.785896287680599
4,1.15055052270166
4,0.948132799882568
4,1.01704946987815
4,0.8778303922745
4,0.962633936448609
4,0.773794411151589
4,1.08959336363291
4,1.05232336071929
4,1.2715719889268
4,0.709319622667586
4,1.21770729629953
4,0.565845137520734
4,0.820728417780243
4,0.879051865502619
4,1.21642876020232
4,1.34809140591694
4,0.933933564173819
4,1.07907737431562
4,1.01022667299566
4,1.06988830582715
4,0.806978395686682
4,1.33811643138986
4,1.5
4,1.01795683390834
4,1.06490614793027
4,0.484819782304428
4,1.06266204832195
4,1.10766196410809
4,0.920798213824288
4,1.12849019646888
4,1.03748030772963
4,1.35071071747623
4,0.775375713374893
4,0.999825228408929
4,0.867732500334725
4,1.41298768504542
4,0.764490992069986
4,0.875210670988328
4,1.22640030438454
4,1.08480125198695
4,1.33046171898693
4,0.815627349551369
4,1.23417945678487
4,0.628684925242163
4,1.32054956099234
4,1.01410424797153
4,1.11436294220352
4,0.992384470113433
4,1.09147914370667
4,1.15964816518743
4,1.016139744875
4,1.22189184846889
4,1.16540780230358
4,1.12712257850027
4,1.07228947663929
4,1.31762443163445
4,1.03804764117645
4,1.3458926155822
4,1.08929864236472
4,1.09225284273821
4,0.938851319791116
4,0.971835989073522
4,1.00314767812241
4,1.19434276626367
4,0.795597832494017
4,1.41648837144986
4,1.19372921624272
4,1.06722753607581
4,1.21016385287095
4,0.758903783986831
4,1.17244675657174
4,1.18827896928527
4,1.07520886218559
4,1.2449088178193
4,1.1197483689383
4,1.0281371591075
4,0.930873642254209
4,1.09373367587809
4,1.07813776436714
4,1.22572524504124
4,1.23809036408369
4,0.905768044402089
4,0.670147179179142
4,1.35629602075524
4,1.02785980712466
4,0.856543936422165
4,1.176149027623
4,0.736165562395525
4,1.12430134439309
4,1.23311584710713
4,1.10332309106773
4,0.920468069713655
4,0.919927015378172
4,1.35313293440973
4,1.24631890943388
4,1.12828572463516
4,1.08039002152942
4,1.24907857190393
4,1.03414052805844
4,0.778075701322615
4,1.05304138512458
4,1.20922061352152
4,0.896089943683393
4,1.0379094869944
4,1.12446966425154
4,1.25882568831349
4,1.13503719090092
4,1.15045428534435
4,0.875815792890867
4,1.12512031233342
4,1.11675017383084
4,1.24879292488687
4,1.30555080523914
4,1.15734801151799
4,1.2483908712147
4,0.892433067220584
4,0.929155089623645
4,0.957179224926838
4,0.782699943500926
4,1.12240329015676
4,1.36149849622609
4,1.01654368825205
4,1.16288743691166
4,1.32368930030273
4,1.18213492887497
4,0.700580912924276
4,1.00375663751135
4,1.31736223546184
4,1.19416582555013
4,0.551375970993767
4,0.947323924254653
4,1.17919099941211
4,1.2029695418595
4,0.869960143713745
4,1.37901744888428
4,1.13679538474525
4,1.12948185501901
4,1.00059002342469
4,1.12996913443317
4,1.23178178692782
4,1.11321190151529
4,1.17990059317715
4,0.813073866806441
4,1.07605078850159
4,1.02804279603929
4,1.12450727698907
4,0.94733881984848
4,1.19533447233196
4,0.989931536169158
4,1.12289742412725
4,0.785830058266098
4,1.04053555109129
4,1.15871233964633
4,0.766276006796884
4,1.15268662621167
4,1.32256767784067
4,1.32589884713547
4,1.21321948119011
4,0.949690382088907
4,1.06697154144464
4,1.06959196796365
4,1.06870602669595
4,0.867818985557497
4,0.977916769259491
4,1.2152382169153
4,1.22966793566003
4,1.29921372860549
4,1.2745201078896
4,1.16921897781682
4,1.09640922544829
4,1.14420141932882
4,1.32337829914069
4,0.958452631043826
4,1.04657726004596
4,1.03211371405536
4,0.854035305393346
4,0.83898070921151
4,1.39032914337942
4,1.10093620148011
4,1.03014702372084
4,1.17046722907607
4,0.97913713125422
4,1.03480915266258
4,0.868205420375829
4,1.11977862488381
4,0.956152621181074
4,0.871383176743765
4,0.866852954550844
4,0.591142516738
4,0.827197706559651
4,1.26490913117488
4,1.06010534473913
4,1.22951253939098
4,0.963149470356541
4,1.0765722526902
4,1.28227940633285
4,1.03380723860602
4,1.38004230451968
4,0.951256740364636
4,1.30027236332898
4,1.10490425816017
4,0.869702419554635
4,1.20586519310405
4,1.06939413003163
4,1.18619393158659
4,1.29969501632232
4,1.01490565188656
4,1.06570676690036
4,1.25683111094572
4,1.18344929779651
4,0.873449438502893
4,1.10174295225921
4,0.974899404560019
4,1.06619772917194
4,1.06306832256578
4,1.17945747409467
4,1.06457812724056
4,1.4323016976961
4,1.34670725975231
4,0.975802070085893
4,1.30301708735763
4,1.21770283163277
4,1.05032485453138
4,1.10249797006085
4,0.940073646576947
4,1.25537757417731
4,1.18736996124062
4,1.16103029822169
4,1.23226591260107
4,1.13418190271041
4,1.20520592542799
4,0.936538665551857
4,0.988302637998572
4,1.24702579223287
4,1.11735399324983
4,0.625786141337049
4,1.09603570946869
4,1.15532215508772
4,1.23828650318011
4,1.29840497877824
4,1.14731513379235
4,1.27347038692733
4,1.06612704225784
4,1.19726647358608
4,1.25776757097795
4,1.18780526523472
4,1.06008603497379
4,0.894833256304072
4,1.05098307795772
4,0.693267737177355
4,1.11204094505573
4,1.20569400877861
4,0.848258632159501
4,1.34637540550706
4,0.903485981458368
4,1.28013538920063
4,1.26528718541875
4,1.09678051369073
4,1.10495894061041
4,1.15658079323046
4,1.13093221700675
4,1.23019125799038
4,1.34040885226251
4,0.921007582866725
4,1.20700644835688
4,1.19243708173295
4,1.19963747682369
4,1.25885519578111
4,0.94552263525071
4,1.01937685913638
4,1.18814533166707
4,1.12939725615279
4,0.917504936118699
4,0.951072198498453
4,0.8316818077522
4,0.948924741295655
4,1.06994469476017
4,1.06465057546977
4,1.13532424376922
4,1.25806666201921
4,1.14533368571378
4,1.26316119880634
4,1.0752487268002
4,1.06778086697233
4,0.720763204446131
4,1.24843810748719
4,1.10650918196742
4,0.92885127397525
4,0.830708081983361
4,0.833329304915128
4,1.16340390349159
4,0.968194019929007
4,0.852961823211674
4,1.22248780894065
4,1.1247702321595
4,1.01902816665771
4,1.24115751609524
4,1.1472094244398
4,1.21401785547728
4,0.970970699248078
4,1.37207108465467
4,1.22877572960388
4,1.18598465859385
4,1.0517760171068
4,1.19797218429722
4,1.00858412940404
4,1.04643015936113
4,1.23394008032631
4,1.20569625705043
4,1.15613594767903
4,0.994478726533505
4,1.25359385472398
4,1.31401045305298
4,1.15089946363596
4,1.00094846432576
4,1.2533931882462
4,0.865863944213129
4,1.11978191904329
4,1.0265347787623
4,0.764334684267831
4,1.2591025715988
4,1.04623271669875
4,0.631933557769977
4,1.27925180697209
4,0.850329113505432
4,1.22514342025372
4,1.07119305072891
4,1.37859336400735
4,1.01711970972964
4,0.9883344118327
4,0.731020631127022
4,1.19572056840792
4,1.00072856708324
4,1.15571451711894
4,1.15230672480819
4,1.17028258651224
4,0.96751421286689
4,1.04659946083638
4,1.33811126561835
4,1.22151437979873
4,1.41474198531487
4,0.90486288014636
4,0.487294178223781
4,0.936749297593367
4,1.10856365999126
4,0.975212856541215
4,1.04550381921021
4,1.15662261841626
4,1.22763020181815
4,0.973561401196534
4,0.879585649156778
4,1.14323743508767
4,1.10967709822257
4,1.1433486745354
4,1.03027137868882
4,1.18498473485391
4,1.3782471748558
4,1.27550998456552
4,1.15506544625669
4,1.35165763645821
4,0.93727593203895
4,1.28742969142715
4,1.30717449761279
4,0.716250746250382
4,1.11564970637965
4,1.17800744980942
4,1.18717199480166
4,0.887251878147
4,1.25527107150382
4,1.19935593723257
4,1.03403507115508
4,0.881871942964492
4,1.09684785116634
4,1.1330362883515
4,1.23816001074542
4,1.10407003221784
4,0.941945853809395
4,1.09500369900767
4,1.35458957486344
4,1.2025166536065
4,1.06322612186955
4,0.881952286938583
4,1.19745097142331
4,0.962653972215233
4,1.18467559919432
4,1.06103457153111
4,1.27974897192465
4,1.14817871269041
4,1.04399714478384
4,0.980223360034857
4,1.41814902226668
4,1.29199273426431
4,1.28978675830402
4,1.22781707726643
4,1.19982502565034
4,1.22294725250311
4,1.22618820202157
4,1.0949848703803
4,0.738526739998102
4,0.989743296516256
4,0.981814386957428
4,1.24945532619886
4,0.725433544852614
4,0.894050326665428
4,1.07728127222535
4,0.918588012715792
4,0.856041539448699
4,1.11881592083164
4,0.610497064956972
4,1.19236608475647
4,1.10281102626264
4,1.20716867830879
4,1.19371191509668
4,1.10412219394072
4,0.919192491692435
4,1.24109653267315
4,1.16051114382085
4,1.16293725485177
4,1.19410940202845
4,1.46583398185831
4,1.32115917960278
4,1.28734111197453
4,0.989915999840511
4,1.02380318787823
4,0.916363153989713
4,1.13711767448136
4,1.19236146821984
4,1.15296692315873
4,0.669049871948311
4,1.23914919127414
4,1.20764584560354
4,1.23057181310562
4,1.02398051134909
4,1.19564136847502
4,0.804698217991604
4,1.09696627245315
4,1.06968932678655
4,1.21709278694702
4,1.02141708035215
4,1.23599037983411
4,1.20751338825766
4,1.19918084124908
4,0.693197365717322
4,1.15726869788306
4,0.921189708442507
4,0.869190548492287
4,0.918591552985791
4,1.24390179862123
4,1.11869726775394
4,1.21565429310993
4,1.05143015672151
4,1.10664320360572
4,1.0538199003653
4,1.29209825285464
4,1.29155321982373
4,0.671335076962631
4,0.897324670126966
4,1.17841548326823
4,1.18445251768807
4,1.30849692038976
4,1.17943239466744
4,1.26178918894359
4,1.08840313326412
4,1.06423301550747
4,1.19422392195776
4,1.10106537245396
4,1.16933716325799
4,0.856442618569145
4,1.23285655996156
4,0.776976595653566
4,1.18692686697252
4,0.560696394853
4,1.06135582324645
4,0.663707861159435
4,1.32984658407988
4,1.00546232134844
4,1.16195694639023
4,1.11643332474955
4,1.12288913538724
4,1.168312330113
4,1.09104980854296
4,1.08563642853158
4,0.950460325633113
4,1.15025647384719
4,1.18019710978346
4,1.21446532338645
4,1.27662727156521
4,1.04749101599304
4,1.26833560938349
4,1.22523901003203
4,1.10540724095555
4,1.09729768080812
4,0.951474578049158
4,1.06183234620387
4,1.00473547006157
4,0.880305639742099
4,1.15816117734685
4,1.20372813007247
4,0.855101622917019
4,0.976695372458394
4,1.0725323989408
4,1.2436801166511
4,0.965367353487702
4,0.782007627693787
4,1.04223849306419
4,1.06123498267874
4,1.06482465952067
4,1.28246313269148
4,1.18933472500629
4,1.17523138826113
4,1.05498370796348
4,1.21517596677408
4,1.22432380391952
4,1.31831891342379
4,1.29967593403919
4,1.24331855821047
4,1.11525474890846
4,1.05421994893297
4,1.33242174109553
4,0.96487835426398
4,0.975360785724693
4,0.963415859631999
4,0.970053931394832
4,0.836437112683518
4,1.27640172286367
4,1.08540569653643
4,1.18268234921754
4,0.83377025201592
4,1.01184455555761
4,1.34275222941972
4,1.14918830820387
4,0.973327732488993
4,1.02739097733191
4,0.848207156387375
4,1.17517098859935
4,1.15236527393403
4,1.25952647068564
4,1.14263013476991
4,1.24097263908176
4,0.872387690099107
4,1.22979626897136
4,0.929808929821542
4,1.31655347797413
4,1.26931823551201
4,0.844899588366321
4,1.37196407082861
4,1.13661687381681
4,1.14967007852113
4,1.23346787015757
4,1.15104911520716
4,1.27957086200562
4,1.0947428109096
4,1.18303165821115
4,1.08985931090314
4,0.78335352656173
4,1.08094538922533
4,0.60146496193165
4,1.36503314386362
4,1.0420759522037
4,1.11631552848903
4,1.18107910601968
4,1.0341318761004
4,0.615154972700471
4,0.792234413397067
4,1.24809067694322
4,1.27678941454626
4,1.00975993444168
4,1.20265426370192
4,0.97636787337814
4,0.926187870574558
4,1.20700418009879
4,0.70377756097086
4,0.921367971793307
4,1.27630807292282
4,1.14324432996567
4,1.10235448767574
4,1.03832996975693
4,1.09950853542297
4,1.11556859317739
4,0.703216656682085
4,1.14329416896009
4,1.28058149418248
4,1.07554101623961
4,1.09226184447403
4,1.14917793790567
4,1.23339624650543
4,1.2101736274476
4,0.869541815967287
4,0.746861488526809
4,1.35554152314399
4,1.13076081772925
4,0.928205140945855
4,1.0137401083202
4,1.28337295646664
4,1.24868942896095
4,1.19775219820484
4,0.989966825067551
4,1.15526649278703
4,1.14493908149843
4,0.807586554876173
4,1.19225948206079
4,0.791383249426507
4,1.29599107049991
4,0.589122891876836
4,1.03105023004606
4,1.00250267884255
4,1.10018023198087
4,1.03648517159281
4,0.997751921000012
4,1.17668155971182
4,1.13929834546835
4,1.2636381178979
4,1.0695319835246
4,1.17483071037385
4,1.00369377708381
4,1.05442737755979
4,1.31834797338574
4,1.0824353597144
4,1.04002221503727
4,1.16631054522997
4,1.26584636630756
4,1.37351090622109
4,1.14383261633359
4,1.09159930112955
4,1.18642307372932
4,1.01262514968563
4,0.838970267336538
4,1.09795718235666
4,1.14408602217114
4,1.26344860552908
4,1.04542230325501
4,0.973929956447928
4,1.22516585612396
4,1.11201440696938
4,1.06431643311318
4,1.12785431887565
4,1.22961069281613
4,1.12304378794873
4,1.08079548540501
4,1.17674466046629
4,0.690154463791737
4,1.17060160743185
4,0.887210481549163
4,0.854092617537787
4,1.15267624217646
4,1.24922400138142
4,1.19964878927074
4,0.807692673061637
4,0.704508794869366
4,1.21264826435982
4,1.15931163980493
4,1.01281330715389
4,1.26442441666825
4,1.23840853777936
4,0.861431071705903
4,1.22954622925904
4,1.01249981111995
4,1.23622969871322
4,0.657201545676468
4,1.2775383237769
4,1.24801496354679
4,1.3236815229671
4,0.879104306284519
4,0.778274153609342
4,1.25406316654914
4,1.04227529081947
4,0.646448995018786
4,1.20587958261655
4,1.36671245077571
4,1.14743516044975
4,0.956667866371437
4,1.18780739878014
4,0.956763856806381
4,1.20072094425033
4,1.21902511404957
4,1.34122547928542
4,1.0995146349274
4,1.09964552136801
4,1.02993379681173
4,1.19676133726948
4,1.38022436462345
4,1.10308443297108
4,0.638442480999117
4,0.828123905724217
4,0.840931029853081
4,0.876220578448752
4,1.30754971178154
4,1.10703699787598
4,1.11404850757743
4,1.26484235600589
4,1.17265828880454
4,0.960794127707791
4,1.26957632678797
4,0.958607987839247
4,1.12262950290146
4,1.31628206359978
4,0.740908531705106
4,1.22017540878311
4,1.34594877802489
4,1.16750706296926
4,1.4579619770732
4,0.95117223232232
4,1.10320277464429
4,1.09306917632158
4,1.0849894920151
4,1.25327753011868
4,1.28651014857557
4,0.898883117034906
4,1.18376479692827
4,1.41215741615114
4,1.19625912759221
4,0.925052701616158
4,1.08756234653182
4,1.12777015106737
4,1.0690177179329
4,1.30058358431615
4,0.939233384192945
4,1.36187178598363
4,0.996358612204487
4,1.02234401472121
4,1.01421032853143
4,1.11703576429591
4,1.21428649239499
4,1.2778713350759
4,1.04274509962823
4,1.28153646263228
4,1.04546715156796
4,1.26743113988292
4,1.24225884743066
4,1.22661628744668
4,0.996869858473803
4,0.88340415681729
4,0.955803204374849
4,1.33745123795147
4,1.34852272660732
4,0.727040137668499
4,1.06833664145602
4,0.913637033724756
4,1.04229426143608
4,0.789926944361773
4,1.33702675514404
4,1.23325507582917
4,1.3291525697307
4,0.980349307263313
4,1.40244241035621
4,1.04166921276319
4,1.37732959062011
4,1.07432640955481
4,1.35603584650479
4,1.20328800549779
4,1.18742539917745
4,1.01820387266523
4,0.857190642844174
4,1.23200753822727
4,1.26249242074567
4,1.10970193939993
4,0.998950891912471
4,1.33380341676256
4,1.23714702876607
4,1.13415428278583
4,0.669155005994395
4,0.908976647745917
4,1.24311025777869
4,0.825309681230407
4,0.994085919263286
4,1.09284927197265
4,1.25176395149985
4,1.23506291602594
4,0.788778152244993
4,1.36582309546419
4,1.32277347619435
4,0.89101795286528
4,0.808681692327925
4,1.00055704840336
4,1.03766437035497
4,1.164497950723
4,1.06413205324183
4,1.08463005731483
4,0.661716501643918
4,1.1343550625568
4,1.03960942230636
4,1.22047190264388
4,1.04917060542287
4,0.741597853827542
4,1.22018455743641
4,1.21472025130706
4,1.25535727175913
4,1.00317450775099
4,1.28069296527609
4,1.22848929622773
4,1.34029176873503
4,1.01911493195802
4,1.29616588149862
4,1.22738325915149
4,0.58364988688414
4,1.28139165732939
4,1.10703362429219
4,1.27525128196523
4,1.13022125362016
4,1.16453405607505
4,1.18534958163098
4,1.38882428630216
4,1.01687416050214
4,1.1730151489487
4,0.912991642955674
4,1.29146015758217
4,1.18486439476487
4,0.966682188242161
4,0.678364716965978
4,0.843101276126237
4,1.11062545154278
4,1.1806821183494
4,1.20614746970125
4,0.620066715482698
4,0.787620523580553
4,0.968940514055937
4,1.11678642209355
4,1.00443222571972
4,0.963260368728742
4,1.22236734566566
4,1.11076711789544
4,1.35884678986852
4,1.00445090555299
4,1.22086295625368
4,1.15656334021915
4,1.12451593391514
4,1.14626553664884
4,1.1184536451287
4,1.14460961351067
4,1.1067053444654
4,1.13484211611853
4,1.42008233111721
4,1.35977796798031
4,0.835222416774015
4,0.533309375100824
4,0.871118011644482
4,0.967831320533851
4,1.19395914303577
4,0.967337362627409
4,1.0282046975027
4,1.02535264159486
4,0.91045688221426
4,1.23422905487092
4,1.24494136622491
4,1.10772866942325
4,0.952406586244925
4,1.21326474298825
4,1.0967557993445
4,1.31682679312941
4,1.27804331699276
4,0.873990355276892
4,1.14169813985212
4,0.836843503329363
4,1.38208262733094
4,1.09851851759359
4,0.989343313268688
4,0.511523756991436
4,0.909286925919564
4,1.05856526789633
4,0.838151414361558
4,1.15963111792133
4,1.19945218837049
4,0.966558610105302
4,1.14914452975034
4,0.887853508119535
4,1.14063710756294
4,1.23665941358977
4,0.969365398100248
4,0.924110015514897
4,0.957365362799246
4,1.20854859149692
4,0.941518072171747
4,0.747476459480411
4,1.16225272530324
4,0.833912478958713
4,1.05328721494076
4,1.16154081259575
4,1.04471688878612
4,1.0024431690802
4,0.804392941692592
4,1.07186144919971
4,1.11183981357731
4,1.0961467142982
4,1.08588142377942
4,0.989287316801828
4,1.05760875819499
4,1.19530026574067
4,1.14479301859506
4,0.92304728951316
4,1.13468049197738
4,0.713424544243349
4,0.83159526895658
4,1.1540405076531
4,1.10421395690379
4,1.22003586826334
4,1.20882059950414
4,1.24752421728183
4,1.13461761759578
4,1.32810257116679
4,1.05519254782152
4,1.01502811154369
4,0.92014689290349
4,1.33604820460181
4,1.007101971465
4,1.0894472855954
4,1.20120744304425
4,1.06842300677253
4,0.996745380005637
4,1.27465700247068
4,1.10423349285435
4,1.03689213749557
4,1.13414999460118
4,0.951820243599652
4,1.16337383383906
4,1.19774962777806
4,1.02522041786019
4,0.861250762865767
4,1.14102243299017
4,1.15718049066278
4,1.23810327870837
4,1.28513738045248
4,1.35326749110682
4,0.896511835218743
4,1.167295682364
4,0.746544381630251
4,1.2260170924689
4,1.02626810435295
4,0.956542695140708
4,1.07162014778285
4,1.00790888696226
4,1.48480419672361
4,1.4241274475292
4,0.943269467639582
4,0.957015436347178
4,1.00775260761929
4,0.844663300172771
4,1.26251185646389
4,1.18813237064932
4,1.23116806660202
4,0.822527840843449
4,1.30505125521473
4,1.06371072017149
4,1.11784218180544
4,0.874559029896113
4,0.762263677158265
4,1.21219542214008
4,1.09854951492057
4,1.16863995315228
4,1.08521896091834
4,0.814538770885912
4,1.24653008299083
4,1.07433918671833
4,1.01799559041941
4,1.20518643392583
4,1.02113009286384
4,1.36953618726251
4,0.461068613352098
4,0.746943152670099
4,1.12473277695393
4,1.36648720135137
4,0.688369417049413
4,1.3149331630668
4,1.29148085196439
4,1.26503234848146
4,1.34650466314129
4,1.15409472968331
4,1.11017908937048
4,1.27894284586701
4,1.24649492280003
4,1.19183010406793
4,1.10272859782867
4,1.33892324554925
4,1.10666889511199
4,1.31034884107803
4,1.28978590095275
4,1.25809598448239
4,1.25482813298478
4,1.23298120142972
4,0.903223182456586
4,1.04481566495451
4,1.3456548135773
4,1.05008394999391
4,1.00672446046291
4,1.28522779951492
4,1.081718289268
4,1.01221851474634
4,0.927362774275502
4,1.31376074273831
4,1.2560820198848
4,1.14400793446351
4,1.07213324238144
4,1.35209302403416
4,0.812772940309878
4,1.18180813458969
4,0.975186929771393
4,1.20920141838078
4,1.15721883376355
4,1.18187888763173
4,1.08409706293448
4,1.19732461550543
4,1.07445008139567
4,1.03146127729816
4,0.620046619565919
4,1.25679614575636
4,1.27417476130671
4,1.00494778264913
4,1.16736546250015
4,1.16597152350254
4,1.43288321241021
4,1.04178833071291
4,1.18145859607
4,0.953698510766176
4,1.22343657789312
4,1.07765420908769
4,1.15231528624065
4,0.796060682219591
4,0.973537231076096
4,1.14686987562554
4,0.781221254764009
4,0.687641786809962
4,1.24526626347302
4,0.992918896159213
4,1.24383643568389
4,1.07072842406698
4,1.41998550767607
4,1.20620855132446
4,1.08789016803557
4,0.619733012281553
4,0.960200424098329
4,0.766543712976838
4,0.997370583231765
4,1.23067351345271
4,0.878117793613697
4,1.04884867236714
4,1.38157984125121
4,1.06542136413203
4,1.20388689755258
4,1.27770863809241
4,1.21296315827328
4,1.07415262154995
4,1.31299899965253
4,1.20981097110983
4,1.02965361619201
4,1.09789721655387
4,1.07580707368019
4,1.23407660054299
4,1.07422992945572
4,1.18018447234914
4,1.18613390317228
4,1.05822039517292
4,1.06535356832488
4,1.14897094865822
4,0.928172192848008
4,1.08936979567197
4,1.20129577256885
4,1.07958933693202
4,0.938224013671878
4,1.20195515488149
4,0.911002939985883
4,1.25061273825572
4,1.23490507252628
4,0.607615363556822
4,1.24226372062965
4,0.996698310470934
4,1.27693108653501
4,1.40951749918998
4,1.11543858071801
4,1.41459782637602
4,1.02056189366731
4,1.10041521091221
4,1.201681954712
4,1.23611394716624
4,0.809208376685005
4,0.775773289213919
4,1.04402052581962
4,0.993716033089682
4,1.23784805111402
4,0.96872821688082
4,1.2852215206043
4,0.861567829836803
4,1.32100490199073
4,0.961208005652053
4,1.16363595990162
4,1.2695399926863
4,1.21571327776932
4,1.0690129939026
4,0.90162853042447
4,1.15596904160401
4,1.07574935411587
4,0.87120751388869
4,1.25773796395067
4,1.18815972882883
4,1.11690071198987
4,0.995572814097042
4,1.28176105437401
4,0.699428690384588
4,1.15122921215723
4,0.966563259191602
4,1.26233246540748
4,1.30592500195319
4,1.07294615245046
4,0.806421412711255
4,1.08174178293318
4,1.05620855612451
4,1.06875536112452
4,1.06751525662099
4,1.26210529449551
4,1.3817238269572
4,0.923183017584587
4,0.865931349276108
4,1.28228591846044
4,1.11718776446667
4,1.03384397982006
4,1.10696740351545
4,1.07643132700369
4,1.37731317904944
4,0.992243997142715
4,0.882155616002397
4,1.29999769001755
4,0.830544021848003
4,1.13142433026733
4,1.23677921938578
4,1.3445384106336
4,0.952303528985223
4,1.15790339343794
4,1.10166634388185
4,0.833572146127317
4,1.04633371711262
4,1.17102271224441
4,1.34463933085301
4,1.12859384345652
4,1.06835587925142
4,1.31625883302353
4,0.602394782188774
4,1.06491518445893
4,1.05300060635633
4,0.980975149289599
4,1.19020736131417
4,1.31399738610492
4,1.40745443265027
4,0.90359237716722
4,0.585535152946342
4,0.89545625222733
4,1.1697675232238
4,1.31661979634339
4,1.11435958720594
4,1.2172136185958
4,0.924852300592447
4,1.34903791481285
4,0.990659179330073
4,0.82929641392317
4,1.18536621623688
4,1.10984092540539
4,1.06057177775843
4,1.157655617044
4,1.23802985311891
4,0.969434301728607
4,0.752658663836856
4,0.99837514515352
4,1.05664246013635
4,0.634145788853726
4,1.21025486072393
4,0.543442066418664
4,1.06409940278846
4,1.3597202055946
4,1.03622330485618
4,0.885900165309931
4,0.991320725046575
4,1.06615637493593
4,1.02192099134961
4,1.16621033347028
4,0.65792229097442
4,1.03903461622901
4,0.918048716229288
4,1.16471380485315
4,0.683424446452237
4,1.24193530918888
4,1.23114058334672
4,0.717885611050144
4,1.07394584455485
4,1.09251427454432
4,0.958167716422526
4,1.12388835090092
4,1.12157813989527
4,0.996704595952479
4,0.917907427947221
4,1.15081403575127
4,1.07919212979052
4,1.24857914015595
4,1.18281699727629
4,1.03848569182475
4,0.699298629777397
4,1.23841595839231
4,0.834248448279216
4,1.1397518749423
4,0.74996874035924
4,1.16017658532861
4,1.0935086367592
4,1.17731505266621
4,1.1037387184176
4,1.32279205575537
4,1.00617637667854
4,0.981348973624141
4,1.37664161292968
4,1.03719165798993
4,1.27441125810781
4,1.31661691904202
4,1.13673867443247
4,1.06698150931225
4,1.09059247815455
4,1.05007717597532
4,1.23025291636076
4,0.973233921446166
4,0.924284382580645
4,1.22233221397459
4,1.06163312360279
4,0.734688960827818
4,1.1869590289111
4,1.10163067993522
4,1.10210015044315
4,1.09696912468159
4,1.02366453966292
4,1.0289050284656
4,1.20840690482105
4,1.02242169592022
4,1.03347793842736
4,0.649313397872672
4,1.18143399429378
4,1.21632080049319
4,1.14537587775854
4,1.17889324835482
4,1.10723866112692
4,1.11711735516168
4,1.04607874510554
4,1.17864944884729
4,0.976303757555887
4,1.11157363123409
4,0.934509936495574
4,1.18356072071525
4,1.07776686492454
4,1.19446424385798
4,0.933565580525723
4,1.25845909555249
4,0.965777462808173
4,0.930874024520729
4,0.964782392509784
4,1.25998828037516
4,1.22411942805898
4,0.923243182895945
4,1.26047042592547
4,1.22488424866835
4,0.759232300777498
4,1.08088170784058
4,1.1808680679456
4,1.31440156815273
4,1.27173759989998
4,0.887682563820302
4,1.29521565273932
4,0.737938208571822
4,1.14921742928856
4,0.935865166190181
4,0.97762625931298
4,1.21347522550124
4,0.942461128813963
4,1.06579506706825
4,0.638073442266863
4,1.17071898325801
4,1.04100711975542
4,1.14375673804269
4,1.33622224737182
4,1.08325544330141
4,1.01559150917475
4,1.07707227433268
4,0.867451786754943
4,0.829949924003574
4,1.43250700696022
4,1.1673584613281
4,0.609459466560885
4,1.0285030537719
4,1.16652152587149
4,1.15881789128211
4,1.32071062222998
4,0.909860405370371
4,1.23673400561939
4,1.20100183896729
4,0.833198512670503
4,1.19603555565631
4,1.30474374762987
4,1.28566292137221
4,1.14113160324202
4,1.11626369202005
4,0.99231287467922
4,0.786152108564853
4,1.17141710579863
4,1.28212903143686
4,1.22418283275511
4,1.14764537232969
4,1.03974424021071
4,1.16102646305098
4,0.923883406295347
4,0.667888323336743
4,1.27478801027409
4,0.872041280086304
4,1.0256461813084
4,0.916869234356189
4,1.20014885066314
4,1.13702628178027
4,0.820406227178597
4,0.785919793063587
4,0.865413256794097
4,1.18681054660309
4,0.896158794142521
4,1.1126322821846
4,1.31435894504327
4,1.24289108047439
4,1.06774982151115
4,0.778093764838519
4,1.23459732358732
4,1.38115720822519
4,0.672629249204503
4,1.06146438963754
4,1.28516244546755
4,0.82725995085869
4,1.31502590547683
4,1.26058193409748
4,0.677185253644562
4,1.26511695272824
4,1.27729816175258
4,1.38429455123153
4,0.786473510787142
4,0.672605168907061
4,1.05166780019333
4,0.935667745818124
4,1.01539763907645
4,1.30486815344184
4,1.11403812479428
4,0.970412701527069
4,0.927757223005759
4,1.00137247628361
4,1.12584161368597
4,0.749028340671876
4,1.07753060270785
4,0.842243411417151
4,1.22691768780288
4,0.66830387903879
4,1.08489026576648
4,1.28901032804635
4,0.76543557136012
4,0.342852351779665
4,1.22976039808458
4,0.767212325136692
4,1.00411126588246
4,0.751305048878218
4,1.12445670245267
4,1.32856670894821
4,0.898786313584217
4,1.18411860182869
4,1.37621215882875
4,1.0279084565824
4,1.32224954588431
4,1.17064509436176
4,1.10614373335865
4,0.966101251808388
4,1.24332521538613
4,0.687996464113941
4,1.04591636113621
4,1.01670224462547
4,0.755260051365194
4,0.956651130992681
4,1.16237721507307
4,1.29697277134433
4,1.14381248997216
4,1.29241445807221
4,1.22274091274946
4,1.07317584689955
4,1.17471833439397
4,1.25807458922847
4,1.31464583833073
4,1.14592725426656
4,1.01618898428126
4,1.19961197470104
4,1.0402749242529
4,1.07227591371523
4,0.960061763147334
4,0.608767469910166
4,0.972155892662612
4,1.2808022056291
4,1.32536286455305
4,1.01794914495137
4,1.15285766949775
4,0.922104961203472
4,1.35985262952963
4,1.04771558718868
4,1.09807002395849
4,1.22646426656667
4,1.06736837767623
4,1.1142917107902
4,1.25424009481072
4,1.00056145590222
4,1.05586678469471
4,1.09188967261386
4,1.01766493606839
4,1.14029991836261
4,1.14768445344469
4,0.683085970554085
4,1.26436821177166
4,1.00899489285717
4,1.27250831694668
4,1.2221813898709
4,1.46825004284829
4,1.03352011420773
4,0.9593888800628
4,1.23240622054127
4,1.27375304005043
4,1.22098054630855
4,1.17982729492712
4,1.25529027690705
4,0.842109978631001
4,1.30222368997412
4,1.13420226968549
4,1.00996875011566
4,1.0562530302011
4,1.075562679947
4,1.19064019980609
4,1.1058133633113
4,1.04104490298567
4,1.04459139978555
4,1.12007405829193
4,1.25895307339792
4,1.29071320996246
4,1.28446921559653
4,1.39998732095287
4,1.2393842468235
4,1.3242655233898
4,1.17060452362339
4,0.996558692278838
4,0.950196174306148
4,1.22291733443311
4,1.34260851504865
4,1.21252326517525
4,0.712791971967499
4,0.781618348470503
4,0.98313110369281
4,0.849446893848343
4,1.23727464879586
4,1.21944399542178
4,0.841933383592277
4,1.11904578053072
4,1.01518261759394
4,1.14870731471443
4,1.15713425793124
4,0.886684017711247
4,1.10105695852933
4,1.24618395426192
4,0.874511213546143
4,1.36879496663265
4,1.27569976628063
4,0.668071726992204
4,1.16438266047591
4,1.16624602773387
4,1.12256402675176
4,1.11667841942866
4,1.26438622545727
4,0.854985873439961
4,0.657690716644922
4,1.17253556253092
4,1.28870378062049
4,1.09263928692962
4,1.30755249892685
4,1.00162573586564
4,1.09924592905504
4,1.24164547191652
4,0.956558079977758
4,1.20057416153754
4,0.916485774854775
4,1.17494270120228
4,1.17964831990069
4,0.973625702439028
4,0.992296105230582
4,0.980933306193311
4,0.780506729545847
4,0.807865752722291
4,1.16457221181232
4,1.21460927842831
4,1.18509803281236
4,0.551504699993622
4,1.14917917589003
4,0.973397296519669
4,0.838778032709877
4,0.972340050912306
4,1.14555759132943
4,0.985354849452348
4,1.18214416572287
4,1.12862136442323
4,0.999604135293755
4,0.910910795806342
4,1.12949366580806
4,1.20723713187116
4,1.33671063170844
4,0.963137916381345
4,1.10498232871411
4,1.04003742646015
4,1.26676354647941
4,0.898195346582247
4,0.838706703923183
4,1.09549119238647
4,0.838944616629778
4,1.08480756771283
4,0.875987779128648
4,1.25954940495182
4,1.26088475237606
4,1.31909853808469
4,1.3782175301514
4,1.29232337768045
4,1.19946519871681
4,1.15231551590662
4,1.10844236643122
4,1.09494154805817
4,0.885004709237718
4,0.729835130677972
4,0.698260999188801
4,1.20363561568639
4,1.06734409688
4,1.05752770806854
4,1.08435309102226
4,1.02819643498942
4,1.16903649919469
4,1.29099401134127
4,1.34749623603242
4,1.16289843509934
4,1.37782029947692
4,1.23432588206655
4,1.32085080704728
4,1.29195029718627
4,0.869143341046554
4,1.10185820334107
4,0.935622710517845
4,0.96689032332639
4,1.34012878761585
4,1.3439272576102
4,1.07275568773359
4,0.862158907983979
4,0.772223485451215
4,0.97782601424704
4,1.16175826359817
4,0.979507108606246
4,1.28942631364866
4,1.0236788163756
4,1.16573093329846
4,1.045590811067
4,1.08592527729393
4,1.12961635693487
4,0.983557163525602
4,1.00944569888179
4,0.992972922329165
4,1.11050593533776
4,0.999092878473649
4,1.09560206888498
4,1.22486402504275
4,1.27375001517348
4,1.24863969219558
4,1.00019284805644
4,1.2568760702392
4,1.2219765197056
4,1.3648581393935
4,1.07417665252894
4,1.23272513047701
4,1.22307418290073
4,0.751973166201115
4,1.20442497499778
4,1.25006391540147
4,1.15653637089374
4,1.18488875833701
4,1.17117852278199
4,0.924214876034688
4,1.26641274534939
4,1.13565926239917
4,1.13683601987749
4,1.14545508094612
4,0.754499432467898
4,1.25092511329746
4,1.26418934932274
4,1.16040790128074
4,1.07690613701694
4,1.20338099797241
4,1.13806073655265
4,1.17925167822281
4,1.10551931926195
4,1.0616236531905
4,1.18299526806696
4,1.23803063786269
4,1.14575928794358
4,1.17325628438966
4,0.937034246643443
4,1.2536016138309
4,1.20009100913535
4,1.11361808634365
4,1.1086566684577
4,1.12305299817597
4,1.01596859589801
4,1.28774357445644
4,1.17416504630551
4,1.17684666580835
4,0.8914902964269
4,0.788046642138722
4,0.729438370513099
4,0.788781986528325
4,1.30938005025131
4,0.867949430275881
4,0.844724649699575
4,0.727038214261316
4,0.833729881801568
4,0.986862162276983
4,1.04057454719061
4,1.0115560103999
4,1.0414444434256
4,1.05265696404574
4,0.905904122007376
4,1.09010667897783
4,1.21467942466897
4,0.936337874108486
4,0.393318867919886
4,1.18850266847958
4,1.19033287975507
4,1.09154410096824
4,1.27182541479099
4,1.03704693584677
4,1.13553888634747
4,1.31095340143578
4,1.21768326916321
4,0.926781549985871
4,0.385995691121554
4,0.761142578566865
4,0.908687221508188
4,1.04797431401583
4,1.17032773325526
4,1.10324821172903
4,0.943685227272831
4,1.15953620361635
4,0.816635912395173
4,0.73484061616138
4,0.97734690916238
4,0.795366303446776
4,0.947086385466646
4,1.1364201797635
4,1.11691224350585
4,0.944166146641704
4,0.95531801956158
4,1.12875051526436
4,1.19444500486491
4,1.14922626122344
4,1.26295085408517
4,1.14084998135744
4,1.16515516684882
4,1.18454261359419
4,1.09010369499039
4,1.18015348868921
4,1.10836543333355
4,1.28768401485627
4,1.3326393333699
4,1.05427077721895
4,1.33443596759778
4,1.32632017020791
4,1.05825634796675
4,1.03506128407027
4,1.09021232000516
4,0.998656894691569
4,0.980825308806444
4,0.980540715720341
4,0.902683438674331
4,1.0949392085066
4,1.08900175864139
4,1.20593223560171
4,0.902413856268076
4,1.29027497040285
4,0.951710283263661
4,1.15600772322624
4,1.32133238332856
4,0.818212420553004
4,1.07458770234011
4,1.07987064168179
4,1.04765607456206
4,1.11430943370446
4,0.451793387620072
4,1.03300904235776
4,1.18722256637764
4,1.31724516046187
4,1.08066050670641
4,0.973212103632442
4,1.35907123021191
4,1.28526427824072
4,1.08367135633544
4,1.3134734711567
4,0.88517379666546
4,1.24385198217607
4,1.16051009082827
4,1.24293025621909
4,1.24315858310808
4,1.0018589151481
4,1.03545579648136
4,1.34101484005612
4,1.18977820950472
4,1.02105723716086
4,1.19651091129734
4,1.18664669920646
4,1.04065459045385
4,1.3206140983533
4,0.960621394528803
4,0.809713327732432
4,0.884846054545318
4,1.11479270754516
4,1.07418779463474
4,1.44423987236958
4,1.2287500034364
4,1.17484666525676
4,1.32310879994906
4,0.845651078703358
4,1.08838136331551
4,1.16264858028757
4,0.903476855299149
4,1.19770666623577
4,1.1817039025089
4,1.20992889513944
4,1.10658118866398
4,1.19459181152749
4,1.22062586773459
4,1.20060393685242
4,0.912620725822558
4,1.19059647600803
4,1.01887551807293
4,1.2958145294195
4,0.924794496865662
4,1.10165628227279
4,1.31582952870792
4,1.18109360360423
4,0.84100624129075
4,1.02727560242109
4,0.965727792056699
4,1.23116066240467
4,1.36196206199485
4,1.27163877198273
4,1.1779697616503
4,1.1402376340988
4,1.23120261538407
4,1.17033610476589
4,1.5
4,0.650113012073037
4,1.21096215145153
4,1.22734038543413
4,1.42413923653905
4,1.16862808932903
4,1.36982474962757
4,0.88514326739656
4,0.912785116431936
4,1.18669417701741
4,1.01195538741165
4,0.996374620212259
4,1.34327600516719
4,1.25135968016882
4,1.13427215216622
4,0.952562536587272
4,1.22515704243749
4,1.15352590703931
4,1.17758802187469
4,1.12359994811721
4,1.24299253212753
4,1.06706662249097
4,1.19546382865888
4,1.10384999294505
4,0.83798813778052
4,1.15802401571658
4,1.17786198785879
4,1.17771834939532
4,1.06975100292956
4,0.983955011774989
4,0.992297235088099
4,1.11831703427094
4,1.21447362956998
4,1.23548630309748
4,1.15814436882486
4,1.04366133789934
4,1.1770769601613
4,1.11747153821056
4,1.06638986782211
4,1.35183250793797
4,0.952211461865304
4,0.765959875678786
4,1.11397712557602
4,1.31804331769225
4,0.810257771380127
4,0.997733247921048
4,1.17631390815258
4,1.02594174641469
4,1.21840389330999
4,1.17808639678269
4,1.25550077291428
4,1.45120653554299
4,1.18271762571206
4,0.968818780889367
4,0.70356561705996
4,1.22025165704773
4,1.10884786300177
4,0.974346021224187
4,1.13165361801458
4,0.992316439532466
4,1.03208377070432
4,1.26816695123042
4,1.2055506914187
4,1.0943535125364
4,1.09502135291408
4,1.11806459751308
4,1.1629684350321
4,0.937510231367954
4,0.599702822916438
4,1.15333608100305
4,0.876400767548868
4,1.24262365554309
4,1.24439180746285
4,1.27732951859762
4,1.1512850861857
4,1.21743900663795
4,0.916170549952866
4,1.0768346409632
4,1.01227141568837
4,1.13899195848002
4,0.911150980154948
4,1.13594984053531
4,1.37498418950325
4,0.955337958207234
4,1.14119290716864
4,1.28646803654845
4,1.20526672745258
4,1.30612444392144
4,1.4477751902714
4,0.982215545724451
4,0.917137489961562
4,0.693131473675883
4,1.30649282933815
4,1.06840084176489
4,1.26520695438435
4,1.1934306135473
4,1.31911565628123
4,1.05914257278658
4,1.24128983108944
4,0.869255467968883
4,0.81180195971369
4,1.0448125688375
4,1.1030742949069
4,0.952270643426004
4,0.657053272713496
4,0.975176332234264
4,1.20414722439094
4,1.11247896605688
4,1.19294005591619
4,1.34561688131877
4,1.22023740965135
4,1.04935599719932
4,1.36307320963169
4,1.17372265433506
4,0.685292324170852
4,0.952556682975919
4,1.29554302900292
4,1.09606006377363
4,1.06299963374109
4,1.37224534666228
4,1.09422404373835
4,0.894104762557799
4,1.09223924831188
4,1.05546038307447
4,0.984890768563897
4,0.752090273161057
4,1.5
4,1.5
4,1.13742083946727
4,1.18366633057504
4,0.764537319470051
4,1.3319043522132
4,0.985207673805213
4,1.04857236137255
4,1.23594688002205
4,0.906724069114106
4,1.26192317159915
4,1.16666245977528
4,1.24467341538863
4,1.17513476523084
4,0.956053714895718
4,1.16075142833745
4,1.27958441294906
4,0.86639238472454
4,1.04084991815654
4,0.653340557612953
4,0.582909386610421
4,1.09566830292607
4,0.863322888329705
4,1.02976052853508
4,0.782838177774257
4,0.823957805735729
4,1.05689161105587
4,1.07136206212292
4,1.09437815570708
4,1.14077945697564
4,1.04909294833405
4,1.22468345778366
4,1.13539196943043
4,0.724413076697826
4,0.619384422611358
4,0.841408109309946
4,1.02926827637166
4,0.95144967582038
4,1.12017474407326
4,1.23048772338188
4,1.13365153603182
4,0.92412992588381
4,0.577945877438464
4,1.13304350391003
4,1.19884994496932
4,1.29853962117697
4,0.941329124982078
4,0.554442793246344
4,1.25511383490587
4,1.07959882487737
4,0.9846120460388
4,1.08463208760406
4,1.15752453819742
4,1.27512461409562
4,0.688880655449871
4,1.12445154336773
4,1.08232857213326
4,1.01897725758988
4,1.13851066153378
4,1.14435237866951
4,1.26547454830722
4,1.18989640510503
4,1.29478028254597
4,1.27635690370862
4,0.648569517876977
4,0.742840369817102
4,1.10603136415348
4,0.619909456701174
4,1.13868452471732
4,1.09230287102639
4,1.09957678626219
4,1.06196766534438
4,1.12936291946898
4,1.14757605521452
4,0.904923271965257
4,1.28072656371726
4,1.18585854598475
4,1.23955622828258
4,1.18575245112795
4,1.09661577581605
4,1.43628605809797
4,1.06087835103303
4,1.15940457280572
4,1.18350693569647
4,0.668663259232181
4,1.23574677074686
4,1.19481671799755
4,1.09477029229628
4,1.07779643885856
4,1.13933970065359
4,1.22062609819946
4,1.24908019004576
4,0.921086795496103
4,1.19359590610663
4,0.957509688383196
4,0.973453367507679
4,1.0074356863572
4,0.67267874269705
4,1.32686808311107
4,1.03564419036662
4,1.26973776958549
4,1.08312954844168
4,1.20755802603087
4,1.18079451364634
4,1.03450452296764
4,1.13809277480284
4,1.26926459064159
4,1.02132418157436
4,1.2558153848455
4,1.18711926398117
4,1.14833540270399
4,1.03839780850595
4,1.17029584179469
4,1.05102972841307
4,1.12897592045703
4,0.968921258465824
4,1.19613210310233
4,1.15351171646169
4,1.04096174144584
4,1.17398367341044
4,1.13554799631255
4,1.13916928652066
4,0.852576785925383
4,0.725248987051756
4,0.76087585806004
4,1.05589644185285
4,1.23039785518234
4,1.16154275350653
4,0.890868241633394
4,0.811353885069899
4,1.13243515067197
4,1.11880155659817
4,0.816394158100195
4,1.09691798456471
4,1.20968762655336
4,1.26755622486845
4,0.903952352560758
4,0.321460234989478
4,0.986142661510737
4,1.14190870399976
4,1.18028501803898
4,1.37416036360889
4,1.10552500832573
4,1.15453568796262
4,0.716649072639804
4,1.14714746215324
4,1.02819091735701
4,1.08931261895749
4,1.28202894172878
4,1.16393055816568
4,1.02034608567176
4,0.919011029363734
4,1.01865766257882
4,1.04885721182127
4,1.19895116420554
4,0.612623446659467
4,1.22237544915895
4,1.06600360304694
4,0.9747891659793
4,0.990078853428432
4,1.07064178858061
4,0.742403336209312
4,1.21236263483147
4,1.18248474661456
4,1.1044268396867
4,0.991378953358689
4,1.29620585632919
4,1.3094916147016
4,0.831813837543389
4,1.18438452483296
4,1.17973997105265
4,1.15413873900463
4,1.32349172003027
4,0.908901179793763
4,1.09182664207582
4,1.41411268396513
4,0.993830532715118
4,1.05216167701598
4,1.13045539306229
4,1.20140291840536
4,1.26201334934917
4,0.991713631044842
4,1.22483596468798
4,1.18026628394434
4,0.525885528799908
4,0.956161637854633
4,1.29609208806604
4,1.07100599749408
4,1.23945935575832
4,1.18701105351108
4,1.13526252488052
4,1.3592440717129
4,0.728320029102624
4,1.19793558245763
4,1.17309459753734
4,1.09856915674036
4,0.987253243536326
4,0.922608064659704
4,1.15116464204504
4,0.67041043447424
4,1.17561365495085
4,1.18263701460336
4,0.971359353306568
4,1.5
4,0.685994180361342
4,1.04312477939478
4,1.17884893971929
4,0.862475012707475
4,1.38639962275195
4,1.23861632383183
4,0.998282535141539
4,1.06521287967426
4,1.15606968551662
4,1.14210632195447
4,1.3790410029739
4,1.10867318357239
4,1.32969495061602
4,1.18016949249831
4,0.746588725251452
4,1.229664462695
4,1.16693726448896
4,1.03199935902841
4,0.616160332501263
4,1.04604573233112
4,0.776027041538047
4,1.33569739597455
4,1.05425030190259
4,1.20034255994918
4,1.27681816128366
4,1.07320204804659
4,0.876476695202773
4,0.99812363394779
4,0.710234156812748
4,0.556941237433957
4,0.943127273946189
4,1.3181980713699
4,1.2772836161338
4,1.22060255902462
4,1.04470092904888
4,1.18041037537596
4,1.07382882934703
4,1.04478854676322
4,0.900529559763983
4,0.808488613377375
4,0.935397332943695
4,0.813238331318563
4,0.93546740783611
4,0.708732674148746
4,1.24693391429964
4,1.21660603068056
4,1.29604010405285
4,1.17700043552148
4,0.833769649557992
4,1.27773201723084
4,1.02748268202969
4,1.18184984317567
4,0.661471130382753
4,0.927532114363488
4,1.30811123589325
4,1.24062157749332
4,0.705831009137758
4,1.14988336956589
4,1.30605449215154
4,1.12698173763047
4,1.1865973604754
4,0.765293859863865
4,1.1346898968124
4,0.882792839897524
4,1.24030777919417
4,1.03850366669077
4,1.18359335794368
4,1.3649861347568
4,1.06089213594311
4,1.16271121128773
4,1.07918339217234
4,1.07516749173002
4,1.14072842962071
4,1.26729208295618
4,1.05695913011154
4,1.24544379660993
4,1.36700898004994
4,0.756639530711653
4,0.749700472134895
4,1.3123653633651
4,1.10964781862824
4,0.668960144507009
4,1.00207208013449
4,1.27849557671092
4,1.25518594818997
4,1.12169577726874
4,1.10068007750309
4,1.28137505846652
4,1.05445883859879
4,1.13678732851742
4,1.12261818105481
4,0.907924236252507
4,1.29862646040798
4,1.04462596687131
4,1.27774175166773
4,1.20474415201991
4,1.04799515595258
4,1.21414448458566
4,1.02997893972352
4,1.19801602500419
4,1.01449173079241
4,1.05332777851667
4,0.819283047348743
4,1.16538144936805
4,1.21968965198984
4,0.803395623298711
4,1.27304696215582
4,1.28138301131866
4,0.998391055301211
4,1.00451237410968
4,1.17715142697969
4,1.07842459587198
4,1.17482505362387
4,1.04914882063944
4,1.28898188752617
4,1.05858909085719
4,0.917150225063524
4,0.974847214140241
4,1.10444083598347
4,1.05868833425622
4,1.03951009237031
4,0.788107722400923
4,1.13765879219241
4,1.02180474482641
4,0.49634172055679
4,1.2258529054612
4,1.0557887337247
4,1.26669235562895
4,1.20899433446143
4,1.20115493278509
4,1.17676719873482
4,1.04718998797781
4,1.09828148022016
4,1.16943464810311
4,1.15968069654904
4,0.958838251241626
4,0.735298450488719
4,1.19320188634911
4,0.721960729411662
4,0.59935594044605
4,1.23372673690585
4,1.11459558840868
4,1.0751459058837
4,1.12908814235867
4,1.12625796011981
4,1.13580923311326
4,1.39813119332851
4,1.35959556281836
4,1.0652874758687
4,1.28472103941465
4,1.30438600876273
4,0.831759988782069
4,1.26153556397301
4,1.42127545256239
4,1.17341733320879
4,1.13818243963465
4,1.00456837078668
4,1.17524908049498
4,1.20531781242332
4,1.12833545406667
4,0.953292251879527
4,1.25548221513509
4,1.16551284145928
4,0.911750263430887
4,1.19064677795171
4,1.0510269745193
4,1.18723450667288
4,1.18730446465366
4,1.40384972712304
4,0.860465864723713
4,1.22323576978911
4,1.3181997271287
4,0.856885668997422
4,1.15520826119772
4,1.05273188615029
4,1.3432088267519
4,1.03747843531117
4,1.06862881646267
4,1.24805008997111
4,0.92833491555181
4,1.1450827153229
4,0.808711819975588
4,1.10768969551005
4,1.11756337550759
4,1.19293734165106
4,0.936536761243433
4,0.958937197261016
4,1.05086611908726
4,0.913376186690824
4,1.36531415177059
4,0.816437647830951
4,1.0555832745492
4,0.962632199751513
4,0.626942690530713
4,1.16997109521312
4,0.935306433865653
4,1.29178899621443
4,1.16224949130672
4,1.04851099185336
4,1.25413940589827
4,1.12446493303374
4,1.17890491635295
4,1.19952506133076
4,0.74910812309398
4,0.990211275308707
4,1.17274533909868
4,1.03701684383296
4,1.01658239165303
4,1.22368880688619
4,1.17073426188787
4,1.11703475923271
4,0.648926674412551
4,0.876300789205034
4,0.560302830722084
4,1.27193560233852
4,1.27629411763445
4,1.13328700436756
4,1.5
4,1.17079260983401
4,0.927821557089897
4,1.03453096816707
4,1.09052190088663
4,1.31759725680062
4,1.19422282359896
4,1.19516146355092
4,1.14131289811788
4,1.22777743542344
4,0.94784207907468
4,1.06538589973126
4,1.00426463636119
4,1.30194597779061
4,1.22524850385973
4,1.32444867766263
4,0.820912045412393
4,0.939843223540934
4,1.0493364961003
4,1.06006698114485
4,1.19551586479509
4,1.00148657327266
4,1.18349020523383
4,1.33158935450265
4,1.24634540009904
4,0.898465560583088
4,1.23265957042728
4,1.42376188717186
4,1.20150062170573
4,1.1837286289357
4,1.14049354864712
4,1.08604213877911
4,1.25506218541898
4,1.2998423058062
4,1.11830706325564
4,1.00911736925896
4,1.14006820480664
4,1.32520848739098
4,1.01003141794172
4,1.34629503646879
4,1.3519383436598
4,0.846170202128013
4,1.17547350073664
4,1.25087219773177
4,1.19770384141698
4,1.27316787605736
4,1.37842355275014
4,0.971818850146328
4,1.31330166542787
4,1.18242371869477
4,0.9697859487239
4,1.10868706329092
4,1.26672175754898
4,1.21240195122639
4,0.992142651804329
4,1.12376795521076
4,1.16417381982787
4,1.11553332888445
4,1.29787885565727
4,1.11420094836039
4,0.919676266879167
4,1.10507375158587
4,0.91174497779898
4,1.09254102756566
4,1.19455052097077
4,0.980854645356335
4,1.22324795092782
4,1.25977341694103
4,1.08441011214363
4,1.35157996346021
4,1.09261142638431
4,1.00083092466127
4,1.19120193376745
4,1.24331359066613
4,1.17830350383423
4,1.33084737083499
4,1.1659560788853
4,1.05998432180253
4,1.22259723905583
4,1.01917386948977
4,0.71320767391405
4,1.06437977417955
4,1.22982133967862
4,0.515952619459938
4,1.2145176299021
4,0.746793628115879
4,0.813229103838459
4,1.36692145845389
4,1.39754149059882
4,1.22324853790094
4,1.36363526157884
4,0.970975446091043
4,1.25673929281796
4,1.14071643659875
4,1.04301601017084
4,1.24639439987623
4,1.22449739925755
4,1.31834523262639
4,1.09113503140024
4,0.972148833059156
4,1.10575430870464
4,1.021848314409
4,1.11209439811197
4,1.11793934349584
4,1.1029548923983
4,0.761500183904737
4,0.837691292600458
4,1.22451330613
4,1.02639932612042
4,1.22169260710271
4,0.957806708143994
4,0.861659593860094
4,1.09421520903142
4,1.33633978166898
4,1.21526578327944
4,0.746664429303453
4,0.973030612693509
4,1.32661762465701
4,1.13876823220415
4,1.25586708318267
4,1.01431179112822
4,1.2178190532887
4,1.17116081148892
4,1.0010576462494
4,1.16653158615671
4,0.929888289041825
4,1.0318917633063
4,1.08098578737577
4,0.946038152142926
4,1.29037427256865
4,0.998151936456437
4,1.34293811372986
4,1.2082795299945
4,1.46244546146763
4,1.19354548164072
4,0.722502606283693
4,1.13697784829057
4,0.676415094290276
4,1.26262175071264
4,1.2216215988274
4,0.735218799541467
4,1.21623832719279
4,1.20061156883108
4,1.37128356887739
4,1.2126547508016
4,0.931195580902973
4,1.39638581153268
4,1.2739643780847
4,1.16955544031999
4,0.85948632378365
4,1.19118863683117
4,1.16313237577881
4,1.06713484078794
4,1.23141875469352
4,0.948081998878579
4,1.08841376681775
4,1.29244115945165
4,1.14655659598996
4,1.21624143058017
4,1.01851900926408
4,0.496015220781469
4,1.08699667447673
4,1.24977425267667
4,1.21982222463971
4,1.29884950555978
4,1.2288926395898
4,1.15011839350846
4,1.16859165629876
4,0.969829411982139
4,1.15406385877947
4,0.944648578981379
4,1.27932006482884
4,1.24081529571163
4,1.05898594533489
4,1.09940503816711
4,1.34781721453357
4,1.32025626725134
4,1.29510959139192
4,0.984202735331326
4,1.04068258436998
4,0.683483693042634
4,1.0689342164108
4,1.00032180875451
4,1.19534173982752
4,1.20593093185214
4,1.02574806411945
4,1.12605819243917
4,1.23129437600781
4,1.2140624873711
4,1.33122920946761
4,0.899763464708126
4,1.07942759303904
4,1.10163345791177
4,1.06727441321629
4,0.81126129302923
4,1.26533435585881
4,1.2299884532452
4,0.946439718873052
4,1.03900665249933
4,1.14092080548408
4,0.591739704101147
4,1.092602554001
4,0.974560517134676
4,1.08798234943783
4,1.0890940136693
4,1.10886470672157
4,1.02389008744085
4,0.776112851960501
4,1.04284764437822
4,1.31855224242547
4,0.9386480406538
4,1.22049665721429
4,0.847297748747617
4,1.07912428883672
4,1.19629693072266
4,0.840706906661344
4,1.13463851408893
4,1.21891937652082
4,1.21938937530207
4,1.09700852518846
4,1.21785721781103
4,1.12449340047066
4,1.20598586640086
4,1.24096343269653
4,0.788660384635259
4,1.3085084846447
4,1.31249349112099
4,1.09810680076476
4,1.35114904793371
4,1.01282623171675
4,1.28124080075322
4,1.05009816009203
4,1.06075117529526
4,1.18276478636968
4,1.08678408502558
4,1.36151576044663
4,1.08673485226309
4,1.08427176995759
4,1.13535160331745
4,1.22306780775389
4,1.0915490447427
4,1.07644184553904
4,1.33851899781248
4,1.17375422999207
4,1.28233738852416
4,1.01383672975541
4,1.49743634484088
4,1.06379621123691
4,1.34816273497963
4,1.13810849932884
4,1.28067327115564
4,0.97334359576912
4,1.18293929525221
4,1.42464281993481
4,0.984157703314812
4,0.586055179711231
4,1.20604959698294
4,1.05365491907516
4,1.11461644130286
4,1.07331127013499
4,1.32122576052584
4,1.24564025244102
4,1.20674570136613
4,1.299458536417
4,1.23524119353322
4,1.24667986952872
4,1.33626500552739
4,1.17831319482681
4,1.12047937328587
4,1.13809707000045
4,1.28954712543535
4,1.21445422406885
4,1.19532140753211
4,1.26954985529379
4,1.19817033830117
4,1.38013652648263
4,1.15607814405822
4,1.27444032872682
4,1.19112746411062
4,0.958687071268333
4,0.741412312985685
4,1.15307295578702
4,1.14366956837944
4,1.26741545402113
4,0.686478943690999
4,1.01705418485624
4,0.53941943528327
4,0.933163403527105
4,1.23779166919686
4,0.608231540690344
4,0.972188344452805
4,0.757968126088731
4,1.15960093036655
4,1.35876344862371
4,1.25465323333972
4,1.03729429662087
4,1.05176816991728
4,1.05779344349561
4,0.715913194035111
4,1.10049275798301
4,1.19229919838327
4,1.15383473381481
4,0.859919344308526
4,1.29060789858052
4,1.11828442689493
4,1.09872734690061
4,0.630464878122454
4,1.10984426948291
4,1.37003966708113
4,0.930601829825837
4,1.1284420083743
4,1.03130475089806
4,1.18980921014187
4,1.05943976132068
4,1.28227712298617
4,1.30021744167612
4,0.633180483024955
4,1.1761017895944
4,1.06004403053884
4,1.26644856371279
4,1.23495660305791
4,1.01230884445874
4,1.22926987770971
4,1.2373984901897
4,1.18300003777768
4,1.20465247152505
4,1.31022142881011
4,0.702562131685463
4,1.05871359321917
4,0.895552479827848
4,1.24727811481088
4,0.724333954971655
4,1.25467105982067
4,0.83038644779595
4,1.05818517238134
4,1.24457763723755
4,1.24034959549975
4,1.37282157714685
4,1.10961750573068
4,1.04283972767902
4,0.853416746660347
4,1.02328482285357
4,1.17372384450302
4,0.936306054402085
4,1.14570636474816
4,1.23545089557082
4,1.18906928147347
4,1.13085555926624
4,1.23716334995227
4,1.16363039234904
4,1.31152925070614
4,0.641820913537509
4,1.11922433884239
4,0.943917010163609
4,1.1370244463786
4,1.2229834841881
4,1.24536950283525
4,1.15386668172225
4,1.19534095898547
4,1.12458340236958
4,1.1166263394697
4,0.996701250498241
4,0.725008744395324
4,1.22972697750722
4,1.21594868937774
4,1.15974540984874
4,0.748887006921818
4,1.07509416303807
4,0.963612374185806
4,0.991768115263732
4,1.10673744675962
4,1.01593689128998
4,1.11821935329125
4,1.07493784258135
4,0.88314564160144
4,1.26380335547938
4,0.997785368497028
4,1.1961156078659
4,1.15903056467899
4,1.37987720716482
4,1.22727581810132
4,1.04331891586164
4,0.952324567065739
4,0.866667549131985
4,0.890608944569076
4,0.727146896627128
4,1.15497990526745
4,1.11585214415593
4,1.3281240752006
4,1.20029348318106
4,0.830391936267084
4,0.79215567298192
4,1.23625277607948
4,1.19602277375467
4,1.1898884072985
4,0.884691754312524
4,1.11016263643763
4,1.18725962012123
4,1.1029172293328
4,0.501017317661493
4,0.867105345327091
4,0.948076227849184
4,1.38546386367014
4,0.988542463490398
4,1.32989633606489
4,1.25028650654641
4,1.02926043763616
4,1.3885895989932
4,1.1396286131451
4,0.905830028930469
4,1.28615053277715
4,0.733395096918694
4,1.28047226443701
4,1.01312296047959
4,1.08754619968146
4,1.35506077259719
4,1.03107673783185
4,1.11559830372108
4,0.811382442643832
4,1.18105513990774
4,1.07809247672695
4,1.20343060412315
4,1.27725592002276
4,0.763539946577689
4,0.904081318799931
4,1.18266667414194
4,0.958876790981685
4,1.06546073622462
4,1.01786236597476
4,1.10443950720122
4,1.32767082679428
4,1.02621002482715
4,1.22227670404334
4,0.771535189360773
4,0.764775980914132
4,1.36749874886
4,1.14928654855768
4,1.0043001358754
4,1.04981871875456
4,1.05073179830231
4,1.21659062240332
4,0.900123111982914
4,1.20830591267537
4,1.09114202103329
4,1.11670296770555
4,1.2384809950989
4,1.13002334434553
4,0.919469985417849
4,1.29774838206355
4,1.11567924241818
4,0.710870415212195
4,1.05611072257508
4,1.1733405561886
4,0.872121572492
4,1.26395236366118
4,1.06279163112855
4,1.02582926817148
4,0.788670790753662
4,0.999367377597943
4,1.23426893521568
4,1.31936417273697
4,1.1315228134541
4,1.17246533645815
4,1.02121763268203
4,1.17691015049746
4,1.06047812936072
4,1.20360666748554
4,1.43081933180963
4,1.10420651674084
4,0.919758328327876
4,0.930374713399547
4,1.03459562007784
4,0.837915932191952
4,1.28092799111528
4,0.795189114707232
4,1.39679783109425
4,1.04452825956978
4,1.24988738288458
4,1.06532322159653
4,0.885911573493956
4,0.962419163259286
4,1.07081188989293
4,1.07400006620006
4,0.99683377748938
4,1.15654811038437
4,1.34322449686924
4,1.20423105620669
4,0.691178496791826
4,1.13471338706877
4,1.23858104578768
4,1.12614485825984
4,0.939492381984572
4,1.24605077720845
4,0.702231326425389
4,1.23692434417695
4,1.26763075558496
4,1.1585781279631
4,1.33267751233623
4,0.875735877153725
4,1.19827357813994
4,1.17632467218352
4,1.15587403798516
4,0.906225082785968
4,1.25892176745316
4,1.10918421257773
4,1.21769985355381
4,1.00928054843448
4,0.843583454530064
4,0.82705560363104
4,1.14652372968305
4,1.05890447858218
4,0.877988865046521
4,1.02486163253479
4,1.29086916000739
4,0.973693332582137
4,1.1290515619839
4,1.24386425460235
4,1.00859024379946
4,1.33965614243495
4,0.936395914150306
4,1.13798861364942
4,1.01011262462494
4,1.17078577199121
4,1.22517313291292
4,1.24504694025668
4,0.967978722744854
4,1.21587252287196
4,1.08789187088925
4,1.00438021042751
4,1.23245817499197
4,1.29793465166155
4,0.874000203373872
4,1.09465770819935
4,1.03355085908427
4,1.19608200516111
4,0.750458681878995
4,1.16757154248938
4,1.40632486738907
4,1.09422764504769
4,0.649006842281913
4,0.686964510246904
4,1.01507179366914
4,1.24414588193035
4,1.06770591295565
4,1.02895081760551
4,1.17963050462957
4,1.08047807065289
4,1.09916164345445
4,1.08135824105611
4,1.2520613357819
4,1.31436717149932
4,1.11440071812975
4,1.22419931074163
4,1.15834896083839
4,1.20591390514653
4,1.14859987733837
4,1.09447369751255
4,0.889848867734717
4,1.14780445430521
4,1.22241023271327
4,1.01922633056974
4,1.0532567481513
4,1.20259016331022
4,1.04013894352378
4,0.917454321266994
4,0.636149681176562
4,1.27097961636153
4,1.0437200400163
4,1.28714607977824
4,1.17636776514805
4,1.05340688845905
4,1.15963920295287
4,1.04835025251247
4,1.08598830317372
4,1.30489543391828
4,0.788340915799167
4,1.19285035651759
4,0.858487028493257
4,1.24950917179042
4,1.17772023510346
4,1.26500583076832
4,1.28198933691794
4,1.26513307394201
4,1.15847272696022
4,1.32370884279243
4,1.08535648425776
4,1.01409748326174
4,1.06984017293705
4,1.07091790040434
4,0.854286303364382
4,1.14386504225277
4,1.01832418842344
4,0.851014716505557
4,0.735029782970515
4,1.03638904156155
4,0.897571555216137
4,0.925462169773998
4,0.986233104517594
4,0.815401939794116
4,1.09426020996982
4,0.890247493718625
4,1.35383737056964
4,1.21416122190049
4,0.820865909408949
4,1.29500922481543
4,1.12214516423212
4,1.19025845142802
4,0.624315696413524
4,1.07130769097636
4,1.20535301284196
4,1.36614402282439
4,1.08949299069358
4,0.983640412395429
4,1.10433566730655
4,0.738959363434304
4,1.09443985757399
4,1.14921403898354
4,0.896898414531091
4,1.20536247449208
4,1.07660933957451
4,1.16012900824272
4,0.973503779497787
4,1.22021827984811
4,1.02605759057629
4,1.00763414179074
4,1.17389309203107
4,0.811098896528651
4,1.25235872750468
4,1.16017934219096
4,0.944173466401926
4,1.24651968554137
4,1.08924845438714
4,1.40997295826146
4,1.19277367307575
4,0.745546755032582
4,1.09777662007867
4,0.989722534211459
4,1.15924058855166
4,1.28761757495008
4,1.05382543690121
4,1.20559634152012
4,1.07596080666123
4,1.21596167814134
4,0.611513518905478
4,1.25382193845338
4,1.12696738244867
4,0.974832198320057
4,1.05594844159008
4,1.09650802427699
4,0.859120128743146
4,1.22633125428973
4,1.1615614020598
4,1.3700814588625
4,1.12139053243008
4,1.14330140804435
4,1.15831939589114
4,1.27176800892411
4,1.2329489931901
4,1.02260229145779
4,0.879434426707456
4,0.932389053181947
4,1.44294539876491
4,1.17922566564354
4,1.0638365486419
4,0.978490575314434
4,1.34987063667472
4,1.25325197746264
4,0.702300426349474
4,1.159575548031
4,1.16693509310158
4,1.04899161728713
4,1.27538021148218
4,0.914191108867098
4,1.18535917099016
4,1.1496176122435
4,1.2707482431566
4,1.0497991525492
4,1.13417031087359
4,1.1764525558179
4,1.15326794337446
4,1.12542971400523
4,1.04854648292494
4,1.17040157827806
4,1.12955290690464
4,1.40063893674345
4,0.824863767697875
4,1.09699126100354
4,1.07954181685342
4,0.868107018133849
4,0.905185469677389
4,1.03408438938843
4,0.893098343438677
4,1.15693996204449
4,1.24381237321227
4,0.952501129970018
4,0.900157286490342
4,1.28031566415987
4,1.17990459009081
4,1.02053226707132
4,0.961942033410291
4,1.08580343132063
4,1.15014756670847
4,1.30849636789658
4,1.11815012535896
4,0.914828023023742
4,1.16502766281796
4,1.17120398512156
4,1.04203884453725
4,0.933151848002996
4,1.31607959691804
4,1.45074236995971
4,0.960837819481035
4,1.36114130005627
4,0.827667021593084
4,1.16677104620572
4,1.19021480931467
4,1.14547742567371
4,1.33375440509412
4,1.26527264202415
4,1.16822592183886
4,0.892197891921563
4,1.20848843909572
4,0.955880097133271
4,1.06822985196633
4,0.975707915004927
4,1.17434390166414
4,1.26843600718086
4,1.26606635448031
4,1.26155699936874
4,0.793984981482268
4,1.13310740205229
4,0.867420229781252
4,1.38892886408713
4,0.742563070509789
4,1.01464368355486
4,1.18601028517639
4,1.37589645458874
4,0.960872460208939
4,1.19770568387901
4,1.1484421621918
4,1.15704279701757
4,0.975185341515447
4,1.16536626385185
4,1.042125743773
4,1.36357640673275
4,1.32187583936149
4,1.14467642249286
4,0.910745033699707
4,0.924178685270352
4,1.1696778375042
4,0.697675004901248
4,1.21178732378794
4,0.771716372491659
4,1.08377896485695
4,1.21350428247812
4,1.13860424631517
4,1.17900068539623
4,1.22014115603287
4,0.683520416612873
4,1.20023940229085
4,1.06667539144714
4,1.04072873852362
4,1.0158630293456
4,1.03620251143542
4,0.959847824545678
4,1.12037325561542
4,0.925338632201923
4,1.21004796981308
4,1.05743893427482
4,1.35863139044099
4,1.11160222218832
4,1.2905310273635
4,1.31577751464018
4,1.1135807295769
4,1.23948187278701
4,0.662121341126752
4,0.760316395733344
4,1.39206229388762
4,1.11806207476346
4,1.19468586998703
4,1.11713338871427
4,1.16315047067812
4,1.5
4,1.11814380248503
4,0.931779409769965
4,1.31657880765648
4,1.18484124991156
4,1.13116798608976
4,1.26055003622827
4,0.952466338898353
4,1.44719405797517
4,1.05424375191475
4,1.17322815850287
4,1.17157226446231
4,1.1058506238973
4,0.87471687731865
4,1.06400333719829
4,1.08795240604939
4,0.866424839238827
4,1.12720744680996
4,1.07958166248935
4,1.14363578314745
4,1.29168420061889
4,0.74632656053058
4,1.22130538411301
4,1.05920703050625
4,1.12598466773634
4,1.33276821147238
4,1.21679814043817
4,1.00098787012692
4,1.31335716164104
4,1.15975150054918
4,1.22234950307122
4,1.16176567136744
4,1.21373161562885
4,1.07556869109071
4,0.910255031602694
4,1.26458173880038
4,1.18110605420632
4,1.15380451444922
4,1.28820477242186
4,0.711772248625642
4,1.38983210233828
4,0.884487707370293
4,1.11468919981308
4,1.08185407146095
4,1.33707448046019
4,1.33509970197728
4,1.04118049381622
4,1.36489380386964
4,1.049291123703
4,0.925015554564096
4,1.03789175947682
4,0.972319661121681
4,1.21053890148076
4,1.09176543942746
4,1.03342752983852
4,1.23743322816661
4,1.08431658689272
4,1.23718549623387
4,1.34974032696028
4,1.34830014713707
4,1.11695099649001
4,1.22055272353457
4,1.09033185677309
4,0.9397740287278
4,1.28246290455432
4,1.2309074794963
4,1.17958460703155
4,1.09375532025314
4,0.839960029221253
4,0.874469769081378
4,0.975879273442956
4,1.14739368583614
4,1.19729077038996
4,1.05082335344033
4,0.797746876077408
4,1.18606988751207
4,1.27361979683652
4,0.923861668653189
4,0.776884476118215
4,1.08756218641645
4,1.08831319884001
4,1.2281425374435
4,1.15537784908162
4,1.01909672216643
4,0.879976248465679
4,1.02392086495853
4,1.12476880476056
4,1.19354854904235
4,1.15682692815666
4,1.15639050401201
4,0.847987028504803
4,1.04861776472111
4,1.40946474047599
4,1.21216688718509
4,1.08165258881918
4,1.15511836202096
4,1.11208976458232
4,1.01529593549945
4,1.18982657890653
4,0.986634743578682
4,1.18665562341639
4,1.21278568137072
4,1.14952246122977
4,1.11804027732327
4,1.37874542427545
4,1.26163346253337
4,1.13124901257237
4,0.719358886580094
4,1.28773056865792
4,1.04052890705732
4,0.70484933118725
4,1.1172443441182
4,0.907718841418589
4,1.44546795851188
4,1.11577416140823
4,1.28928168524867
4,1.18416749364977
4,0.936673294202039
4,1.0887152344152
4,1.10870469257787
4,1.42730594604813
4,1.17941686798892
4,1.07566127863129
4,1.19879795704271
4,1.15006239070237
4,1.12280242730269
4,1.1462331275227
4,1.08734986502353
4,0.702659483983873
4,0.99313984186
4,1.13904701963334
4,1.31890544215125
4,0.954052017260866
4,1.10109176890942
4,1.10103738827409
4,1.10744027495405
4,1.16841998771778
4,1.12995730794406
4,0.987340540606506
4,1.15269164505451
4,1.11807985938646
4,1.34016040065849
4,0.647541243286849
4,1.02813493649276
4,1.10685345976658
4,1.04256210242819
4,1.22572796870012
4,0.904370631998149
4,1.21584606358288
4,1.19170072511299
4,1.21770076254167
4,1.31771189405376
4,1.22540892147539
4,1.06813299906057
4,1.19029195349383
4,1.13725854991776
4,1.23595546041434
4,0.710810182347332
4,1.24749524966543
4,1.04030398113288
4,1.27608588990667
4,1.24581139373677
4,1.0788859370811
4,1.11530595322125
4,1.30138289238372
4,1.17646581528007
4,1.33984495741045
4,1.0528266889502
4,0.892839204947042
4,1.03307588953195
4,1.08503106969931
4,1.23018510551427
4,1.37218480927033
4,1.15351367938804
4,0.971340772211938
4,1.06559191966553
4,0.978425466334256
4,0.888158171233131
4,1.12407203697432
4,1.35037588142457
4,1.10171115513695
4,1.01417991232077
4,0.942291851149789
4,1.26982850898897
4,1.12446591430656
4,1.09365444952117
4,0.758917214187077
4,1.20825218339067
4,1.10875242671531
4,1.05451168281958
4,1.13809415148491
4,1.00822994689869
4,1.23082680346398
4,1.04631424305416
4,1.00042404447154
4,0.625514509756688
4,1.20115387536712
4,1.00267485644571
4,0.882263969504431
4,1.36173251237479
4,1.06290037524161
4,0.999245673615097
4,1.48961443626733
4,0.665948176681231
4,1.15174544792264
4,1.06155066829292
4,1.155673672335
4,0.572502571617253
4,1.27714455804332
4,0.898947609390147
4,1.21708373190969
4,1.12692977473847
4,1.05639829024104
4,1.20940938442299
4,1.10260916698672
4,0.770408602167702
4,1.21624299302799
4,1.20997879738411
4,1.09399104329041
4,1.10138211444987
4,0.804766912638969
4,0.805846143991773
4,0.889003908984598
4,0.984586276688345
4,1.28283734956124
4,1.03604661502796
4,1.09478376700831
4,1.2196545509157
4,1.06782011941775
4,1.34880691151736
4,0.800408513474058
4,1.16488534653821
4,1.16888034883037
4,1.19168638393075
4,0.809179891373302
4,0.964968863099221
4,1.05085706591782
4,1.24805460188452
4,1.12301418226236
4,1.17016555837821
4,0.908516487459689
4,0.944442822546086
4,1.31645897215485
4,0.922098759210791
4,1.15184295658661
4,0.649623404849595
4,1.34910401748146
4,0.906012045722748
4,1.03801327260559
4,1.14811583851351
4,0.958337045995868
4,1.33992976075828
4,1.10779993663273
4,1.21184355425389
4,1.09367346687183
4,1.19155183095356
4,1.21115685914507
4,1.05273948348823
4,1.36161744211556
4,0.953138054910952
4,0.99024652038393
4,1.14691968810824
4,1.1113376229127
4,0.995896286270725
4,1.18487415342635
4,0.844014712036311
4,0.929187232892784
4,0.977408200658975
4,0.769490010098427
4,1.1325879387548
4,1.16643516974668
4,1.22378809253064
4,0.875630448639753
4,1.25378763241858
4,1.28014221353669
4,0.957733798922659
4,0.767333441001747
4,1.49757018288509
4,0.747145696155508
4,1.12528996232518
4,1.01651777310269
4,1.19217673071752
4,1.02170669406522
4,0.786342530867163
4,1.2246299351715
4,0.993945171186572
4,0.890771042529675
4,1.04626997710342
4,1.00383452503301
4,1.17932744288479
4,0.98542160580862
4,1.15482873166345
4,1.24127887403305
4,0.923511923922504
4,1.29229281704217
4,1.12348069165006
4,1.28900786417903
4,1.15281050682973
4,1.34847911946905
4,0.925372148555651
4,0.868527707141755
4,1.06167085342536
4,0.958910043977067
4,1.23727057258838
4,1.15605219409816
4,0.848233425831478
4,1.13418262935981
4,1.03651222742422
4,1.34866291956004
4,0.971366358478164
4,1.18874060586069
4,1.0388038995377
4,0.919181643538846
4,1.33753821908743
4,1.15437881548756
4,1.07656617164963
4,1.2398604778474
4,1.13023979936001
4,1.25641037754172
4,1.18739061031103
4,0.864282464130279
4,1.12426823832844
4,1.21692094990148
4,0.716493909793023
4,1.06069345264804
4,1.31605286712621
4,1.32175835663757
4,1.29039849852946
4,1.11823690930149
4,0.941111057639142
4,0.719412378857291
4,0.848222451741915
4,1.03000660957054
4,0.837425478362797
4,0.909781773012332
4,1.30949248051408
4,1.24528253058443
4,0.773386406932015
4,1.26309901886306
4,1.18701993725201
4,1.19280330479899
4,0.958815389433156
4,0.921919990853558
4,1.03713388557099
4,1.34632962946988
4,0.898623793539317
4,1.13745961961806
4,1.3155019141469
4,1.14631563606295
4,1.18873036165756
4,0.804035642982898
4,0.901009817174336
4,1.09299645888988
4,1.42363694180467
4,1.06077467301842
4,1.15582563488719
4,1.0612675577447
4,1.15937187665689
4,1.12246028057762
4,1.40110857283508
4,1.17638980912912
4,1.1650741002601
4,0.987599833165083
4,1.25616256816338
4,1.33025415387558
4,1.20918015594311
4,1.24369736999956
4,1.01579300232838
4,1.14202706468592
4,1.13535423267989
4,1.07962184296186
4,1.21181858005839
4,1.19457735194178
4,1.02976451230175
4,1.01008898085555
4,1.15518691116597
4,1.25937642835564
4,0.921874715498404
4,1.27159036352978
4,1.26779711113604
4,1.16142529700184
4,1.16575913569914
4,1.14296325440607
4,1.05527140018621
4,1.12742849945099
4,1.18707573680534
4,0.704159545848898
4,1.22653166472871
4,1.42004162794723
4,0.937781222472423
4,1.0487226378941
4,1.09534320984632
4,0.924800695239958
4,0.923724674792553
4,1.37196464201217
4,1.1766139400121
4,1.05240358955634
4,1.33566546848903
4,1.11088916570055
4,1.16282269472343
4,1.25805282359231
4,1.22147338323386
4,1.01180234370022
4,1.00006781243641
4,1.12717323276035
4,1.07574615625456
4,1.1466244163314
4,1.13791922632608
4,1.23733496078513
4,1.04339667551882
4,1.03712048917482
4,1.09788099860434
4,1.15762086779216
4,0.708420931793445
4,1.14223765749552
4,0.815931674922907
4,0.734424628711695
4,1.1464440400905
4,1.31454820030308
4,1.08403781319869
4,1.2900482070759
4,1.30433721435938
4,1.01045517563617
4,1.07585311573792
4,1.38398166133299
4,0.875320123051032
4,1.05441364840783
4,0.968761125976021
4,1.02688269630552
4,1.03708968727599
4,1.16443482337948
4,0.918676672312729
4,1.19314946602728
4,1.14970656835735
4,1.33476190464302
4,1.12944110581657
4,1.19736746992877
4,1.19239635562319
4,1.29781640906445
4,1.23864246667006
4,1.19075842189751
4,1.312914869989
4,0.929584001657099
4,0.624018799574739
4,1.12924339996491
4,1.21260172504642
4,1.15422621281814
4,0.759011088620599
4,0.987469215804395
4,0.951253535375977
4,1.33799662736545
4,1.08489872717411
4,1.12257441989438
4,1.24071602346274
4,1.30436357697877
4,0.989352084512689
4,1.03343848015645
4,1.0731629840385
4,1.2593167707414
4,1.12498714463185
4,0.894270955308818
4,1.1742363952307
4,1.33152994794832
4,1.23582525421383
4,1.08276487339508
4,1.22531024873185
4,1.13873518744382
4,0.807350683152947
4,1.24236835379961
4,0.941193072011818
4,1.09006645282475
4,1.30268115552536
4,0.723933255765779
4,1.27165401070998
4,1.03188798925894
4,0.824324683574998
4,1.14725402070359
4,1.03775963866843
4,1.4544885403811
4,0.943705222264568
4,1.09585743686126
4,1.14237287667327
4,0.956169754418122
4,0.912140275031988
4,1.06609963906354
4,0.998815688959476
4,0.579249194195985
4,1.19767771886836
4,1.13022928660566
4,1.32313324518733
4,1.17013728105152
4,1.28973345656845
4,0.995854074915679
4,1.10283250533986
4,1.21081955508278
4,0.81792748319964
4,0.880170151999729
4,1.14844233543542
4,1.06250059563148
4,1.25733733477624
4,0.757463244441764
4,1.17817706451449
4,1.18658514767192
4,1.2955608938808
4,1.17984270092062
4,1.37360021657616
4,0.893722049190907
4,0.918563454334747
4,0.925666059555088
4,1.04062670063561
4,1.02901751379271
4,1.01646687417931
4,0.971043625033656
4,1.20956641276207
4,1.37794170326174
4,1.45666285072072
4,0.685445146084813
4,1.10198578654252
4,1.0119889971813
4,1.08353202292801
4,0.676492528871199
4,0.918833724954078
4,1.18903981001403
4,0.846242472577734
4,1.11721481582158
4,1.10291832069534
4,1.07781986274363
4,1.0837081756117
4,0.743222605288604
4,1.35447908850942
4,1.30203728946823
4,1.0241483971772
4,0.942858092555562
4,1.40191636328507
4,1.00494368855368
4,0.91522246303479
4,1.29166703242677
4,0.967836610835554
4,0.988000822689191
4,1.33405324672859
4,1.05234172066813
4,1.266646654798
4,1.04351223992681
4,1.12166620036687
4,0.845065773220323
4,0.598032014533062
4,1.05747991161824
4,1.13504882491496
4,1.24933818231482
4,1.19607742016007
4,0.723137150268862
4,1.36397478366522
4,1.16500298351138
4,1.22616902291801
4,0.948281437797341
4,1.17049339839819
4,1.10839510260199
4,1.02188409094076
4,1.07783683278174
4,0.971247499407758
4,1.03100514657416
4,1.31467493465077
4,1.05925455232058
4,1.10493585429752
4,1.12257532482979
4,1.0390363591725
4,1.084417461258
4,1.16811802523027
4,1.18124557278365
4,0.872914894280988
4,1.31917184871969
4,1.20019593255382
4,1.14269433106051
4,0.979164654392404
4,0.963357491414412
4,0.541350585338252
4,0.95348851181165
4,0.978068060534204
4,1.22826857234339
4,1.2053526928286
4,1.15384995913447
4,1.01044566728237
4,1.31197387572724
4,1.11641073535152
4,0.852543906219736
4,0.960358943577431
4,0.969172628487615
4,1.34160682496023
4,1.17313658489028
4,0.95667686272957
4,1.07712466614988
4,1.26205286620909
4,1.16650332733708
4,0.86850409994029
4,1.01994973717855
4,0.94783205394585
4,1.16149322664627
4,1.13338533102921
4,1.23728144583176
4,1.01971226158579
4,1.11831784629199
4,0.688276407730345
4,1.2233364410583
4,1.07420787524983
4,1.15774036843357
4,1.01709618150666
4,1.08146699778374
4,0.745480958765678
4,1.01833850901654
4,1.23776817368188
4,1.02445115148681
4,1.19946240326694
4,0.947774874988722
4,0.901991997480734
4,0.727521676047562
4,1.17489089340905
4,1.26901517029557
4,1.013915130866
4,1.23565563391008
4,1.09010078664782
4,1.25362745422534
4,1.06099404853028
4,1.12191756764151
4,1.34989238900429
4,0.785795167573186
4,1.17702748741713
4,0.836925794915023
4,1.13726538431492
4,1.19919953491611
4,1.19396631868043
4,1.13981797141041
4,1.5
4,0.889541289839478
4,1.21281324340744
4,1.4088363540058
4,1.12452828710231
4,1.04828141705791
4,1.1005604969588
4,1.23179834980962
4,1.07866463390425
4,1.09317284868335
4,1.13157222893864
4,1.13074347235569
4,1.07440371063017
4,1.00809669133242
4,0.778077651496266
4,1.19853458733184
4,1.14752674425279
4,1.03719056783039
4,1.39022078032456
4,1.25894725649898
4,0.529597495502287
4,1.04116538279482
4,0.917863855121666
4,1.15955814207672
4,1.20951936648558
4,0.800951718241324
4,1.17455116762483
4,1.3499966502873
4,1.16976662512894
4,0.982633642176426
4,0.781701911696833
4,1.31958893580848
4,1.02539186163884
4,1.09936441575265
4,1.0474154704351
4,1.14722449372342
4,1.05448916216356
4,0.837729959409878
4,1.14853252097405
4,1.18669990930028
4,1.08117770509066
4,0.969996538314003
4,0.954776186618895
4,1.04822602070488
4,1.13691344990934
4,1.37586822217254
4,1.29778911889212
4,1.10788085547552
4,1.21652003565532
4,1.21036627032878
4,1.01746250493885
4,0.792708404633761
4,1.25770176713606
4,1.15258238799252
4,1.18903447096104
4,1.16082816093224
4,1.07947602682984
4,1.24227489186128
4,1.26898183341322
4,0.919490249907326
4,0.672331744636024
4,1.30205196801085
4,0.97418239819729
4,1.24287342646044
4,1.16476694827059
4,1.40212634005889
4,0.674719636144602
4,1.41751469220398
4,1.23573638691082
4,0.980866291226663
4,1.21632574021673
4,0.989713909386706
4,1.10340614524592
4,1.08721304443471
4,0.992271717642757
4,1.01663634501125
4,1.22246858816026
4,1.31809314200373
4,1.08044684941845
4,1.25925711631892
4,1.33686194507778
4,0.997101272171425
4,1.08309600229271
4,1.00301294950447
4,1.12600516231945
4,1.03061475617777
4,1.19401336181479
4,1.15524137944517
4,1.14782159073716
4,1.10783703839661
4,1.3879045041164
4,1.20844094342154
4,1.21250367032277
4,0.699756158229301
4,1.07597216961788
4,1.14917702020503
4,0.637755862720397
4,1.37507518455441
4,1.06423386589774
4,1.07169476510108
4,1.26752337343432
4,1.26998413229521
4,0.897510357201909
4,0.620159373975261
4,1.07288969873077
4,1.12550532192615
4,1.01491987076254
4,1.30386506075906
4,1.40062300481316
4,0.677729026789319
4,0.978601494706306
4,0.942887399916381
4,1.14444343410491
4,1.08286279881398
4,1.16897066135816
4,0.929329760478008
4,1.1053114218864
4,0.801063871168921
4,1.16957586819184
4,1.05460114467501
4,1.1831093800808
4,1.15897137329631
4,0.645524697718614
4,0.890916556937023
4,1.22240134069986
4,1.16486242760284
4,1.19579769402122
4,1.17726183587709
4,1.2715262935951
4,1.32950098426393
4,1.28678485352666
4,1.26234246745449
4,0.914691830693903
4,1.05762940141466
4,1.30901127894455
4,1.46114987964236
4,1.24045133543245
4,0.920955096705145
4,0.830789255628972
4,1.05933635558798
4,1.00717343539708
4,1.14837055864513
4,1.08523074125536
4,1.1559257703629
4,1.23088138302882
4,0.663520135936696
4,1.10916419576829
4,1.14125343315129
4,0.768857512383535
4,1.32642381420955
4,1.32847503614665
4,1.1802926116831
4,0.736959087830586
4,1.18383584251773
4,1.09233237381707
4,0.757319499569571
4,1.17915913740546
4,1.2600262599806
4,1.30227225163713
4,1.12742951860735
4,0.754175613004004
4,1.09151119947966
4,0.991775994415168
4,0.962848859322497
4,1.1960379052398
4,1.23267374315958
4,1.1799621943359
4,1.2304996063571
4,1.26906800984659
4,0.998183164466506
4,1.03072762596207
4,1.16200448374325
4,0.992713557529814
4,1.04612119647736
4,1.31589141581426
4,1.16161412808794
4,1.02656431701745
4,0.822671536621069
4,1.46731725781825
4,1.10999206026749
4,1.05377105966403
4,1.35388250161374
4,1.10435333062637
4,0.650219056134773
4,1.11056881621854
4,0.875102398506721
4,1.5
4,0.941129697582678
4,1.30372189030968
4,1.29672297626868
4,1.21241433006393
4,1.06377955331438
4,1.31411577149104
4,1.11822019713578
4,1.24492594785153
4,1.28671468975842
4,1.47967113255112
4,1.16156984563409
4,1.15410377310909
4,1.13913793003621
4,1.34749168502332
4,0.693873220719657
4,1.18554510601649
4,1.16987271942649
4,0.720190520673746
4,1.30210254873737
4,0.729901562516785
4,1.27064601678422
4,1.19890097703174
4,0.951985960290109
4,1.09678482260364
4,1.12845923438176
4,0.822018779241529
4,1.08382139557602
4,1.20351905235245
4,1.05871419489488
4,0.805562621879668
4,0.68777757135176
4,1.13271687511387
4,0.981732580053979
4,1.16177430226617
4,1.03503724904533
4,1.01685970303972
4,1.12172556086047
4,1.01141707152913
4,1.20524285132622
4,1.00867181798089
4,1.01655364058228
4,1.1738622042835
4,1.02560475091262
4,0.85241418483544
4,0.543329006464399
4,1.1036922399488
4,1.16886696755493
4,1.16921721327681
4,1.02622378837924
4,1.30428755416386
4,1.216188975932
4,1.27221277142009
4,1.10476130398188
4,1.09777022267293
4,0.771019867957392
4,0.949834090435186
4,1.28381775488371
4,1.01871407066732
4,1.19278393332905
4,1.18310459518243
4,0.575584922046901
4,1.00872931776863
4,1.26557298105534
4,1.02395054501015
4,0.907864015108121
4,1.25059071403153
4,1.06048079022941
4,1.03617830062517
4,0.874120027108341
4,1.28031466633889
4,1.05223508767328
4,1.04885708257082
4,0.783058897962373
4,1.14862174221015
4,0.939116198579371
4,1.18171791242452
4,1.07146669967129
4,0.792558635672789
4,1.27325377025052
4,1.24045946376308
4,0.898583121621808
4,1.31710842013497
4,1.06441507262526
4,0.936125928673634
4,0.920424725982886
4,1.27386904453483
4,1.2308266574575
4,0.970214344149479
4,1.11119938798997
4,1.22218718171436
4,1.09665640536003
4,0.785340394563193
4,0.997316412842656
4,1.28479446084428
4,1.19925619906597
4,1.12885475109946
4,1.26554119928056
4,1.13605177266127
4,0.957353709386671
4,0.622645807861882
4,0.982596820356502
4,1.21562354818037
4,1.09691384252143
4,0.989614097315346
4,1.08110377682981
4,1.39008109055189
4,0.963556832809191
4,1.25399904233187
4,1.25308610503461
4,1.02572614077877
4,0.976552241982833
4,1.36514265845715
4,1.22056413411213
4,1.14012143865693
4,1.05339543773641
4,1.34051576676482
4,1.1602650170618
4,1.18583582287896
4,1.33273560362124
4,0.721915338266047
4,1.30064259960992
4,1.19033970268595
4,1.16814727276747
4,0.647186155797395
4,1.29691608732133
4,1.11374350508076
4,1.12248772037959
4,1.16297157352597
4,1.21571462903087
4,1.1404040670043
4,1.19670388826389
4,1.03734200164462
4,1.09906670387737
4,1.31068880124757
4,0.938101767998465
4,0.680923614667675
4,0.850561932642101
4,0.803831443441481
4,1.26164804461739
4,1.26208781917932
4,1.26080430037922
4,1.09350530311638
4,1.23518820967974
4,0.720740146997212
4,1.3706682819895
4,1.31252699524596
4,1.13508879193743
4,1.02306094610711
4,1.13070892186341
4,0.881725409327424
4,0.645968652455199
4,1.19523697753704
4,1.16532543883652
4,0.995911709582333
4,0.987720187881392
4,0.94664691485667
4,1.13970952182697
4,1.1556831689531
4,1.1839753413328
4,0.961084452322311
4,0.75567250266752
4,1.1633444086856
4,0.976852771490353
4,0.994047734073258
4,1.03951616594445
4,0.588921730146599
4,0.826810703016008
4,1.2258385680375
4,1.18379411799873
4,0.69173567017492
4,1.31156237586983
4,0.970663124990049
4,1.16929412189629
4,1.22777269728979
4,1.45358970874686
4,1.17219654800967
4,1.06504848142664
4,0.778357869154267
4,1.11299335955576
4,1.27664456454352
4,1.2494083682955
4,1.05600959899079
4,1.01367358313517
4,1.28576715288906
4,1.07586807897428
4,1.11883213284745
4,0.991279141590306
4,1.02592855612157
4,1.27078059628113
4,1.18867547165893
4,1.22517233103018
4,1.28791547350877
4,1.29740776394579
4,1.22065388118456
4,0.909165071776156
4,1.1447682593748
4,0.873320347428933
4,1.1487874736579
4,1.15280871913686
4,0.919511451284548
4,1.00774800534868
4,1.10635286485457
4,1.08478415003577
4,1.27122350414718
4,1.02590860502276
4,1.15857415219804
4,1.15761249217813
4,1.03986628236166
4,1.22966667947391
4,1.21259600881509
4,0.915490534735394
4,1.06458977639444
4,1.15956477429898
4,1.183238658955
4,0.935266336270495
4,1.18087213014104
4,1.00882969365978
4,0.758528125768227
4,1.25908013430196
4,1.13691905291765
4,1.18760849912743
4,1.24984081255231
4,1.09983894969243
4,1.0754641760362
4,0.619956311267597
4,0.778650185464866
4,1.11730516010633
4,1.11278640540664
4,1.09939448527687
4,0.999966694139702
4,1.16542777979312
4,1.1323604527863
4,1.21014505668757
4,1.21256485256161
4,0.990305569657066
4,1.0481627124101
4,0.955236911660051
4,1.21282736583708
4,1.10481551710939
4,1.23647631665631
4,1.06906518338847
4,1.13269071627785
4,1.07871897686722
4,1.159382989569
4,1.27613589439522
4,1.1249598310145
4,1.20600721249829
4,1.30325620312384
4,1.01884797871671
4,1.05934303033712
4,0.896145130349694
4,1.09877439106296
4,0.912609143404544
4,1.30778313402013
4,1.21775365771109
4,1.14161673491113
4,0.924419070387011
4,1.21219323512257
4,0.630047036222103
4,1.28784619315873
4,1.13570967816801
4,1.30661894400808
4,1.1289767358508
4,0.807599694560784
4,1.08559801717039
4,0.993799808232214
4,0.686430852686839
4,0.595215846758028
4,0.93792348358004
4,1.06895426140696
4,1.21866177399974
4,1.06452342151422
4,1.06154578211499
4,1.04637395174343
4,1.16970313775548
4,1.32231500119176
4,0.92746598680387
4,0.970025687585051
4,1.08377805190789
4,1.03640593943416
4,1.15676843675599
4,1.12887070290261
4,1.2386702944662
4,1.22845196526753
4,1.16570831283422
4,0.9508847490352
4,1.23314727803755
4,0.913403092620446
4,1.16904411417724
4,1.41965100226591
4,1.05369749937405
4,1.08840500895869
4,1.1827661363657
4,1.23846312947645
4,1.27548685292901
4,1.1147536037207
4,0.839876537849645
4,1.04512760028715
4,1.11159747693086
4,0.866695819119381
4,0.78127469082349
4,1.09963877344028
4,0.939254862851152
4,1.32255479137632
4,1.07698260435453
4,1.11245486217729
4,0.74618671773984
4,1.21180504003741
4,1.29356657305868
4,1.29067125923418
4,0.970786472550772
4,1.1160657051486
4,1.07898309738847
4,1.24556785272487
4,1.29875352718617
4,0.77031649417718
4,1.34563094278508
4,1.28825571891134
4,1.27247737515444
4,1.22568178821879
4,1.36934178497621
4,1.24939302433427
4,1.09193106872876
4,1.01458407607688
4,0.963667885612837
4,1.09452749737516
4,0.700359083816366
4,0.985990731019066
4,1.18611938965052
4,0.671499003408316
4,1.04247367281784
4,1.10956837740301
4,1.25974394243188
4,1.2822276089528
4,0.779768771037112
4,0.81988202798615
4,0.797377601734408
4,1.21395354385824
4,1.03218146043562
4,0.860955755213681
4,1.11476527325357
4,1.09995395445754
4,0.800303842467117
4,1.21936399891497
4,1.10834625734025
4,1.18547955232838
4,1.16798541995825
4,1.00861249647231
4,1.16430185588635
4,1.16495900355894
4,0.809316723803253
4,1.26865821313854
4,1.00956893564923
4,0.947777792440122
4,0.741646496387423
4,1.10231343636429
4,1.30827780325406
4,1.20751569034028
4,0.940486673251891
4,1.08205373323401
4,1.12055411454657
4,1.01465411292687
4,1.26235337871594
4,1.41124275675201
4,1.2214341445157
4,1.08330707060403
4,1.24240985812808
4,0.96888198698478
4,1.06380433447453
4,1.03542317145633
4,0.842714745823232
4,1.09464588302578
4,0.944073420021669
4,1.12402077549738
4,1.42051196499851
4,1.21876515840663
4,1.00865160241674
4,1.26072112637471
4,1.07166619281635
4,1.21625539981281
4,1.24028126486644
4,1.18249390443353
4,1.14883032012794
4,1.19426631642882
4,1.25072368673324
4,1.18344186822681
4,1.12224554610225
4,1.28431849361036
4,1.24841903100256
4,0.720094470395922
4,1.29498480323214
4,0.624179196640875
4,1.14435600730032
4,1.23100449872464
4,0.945269521111076
4,1.18089752685108
4,1.25786753622731
4,0.895721515876957
4,1.23092744326901
4,1.16998279585807
4,1.12005906766829
4,1.18829086770149
4,1.04539435782826
4,0.941952623920686
4,1.26553779221275
4,1.10170684788058
4,1.31489776718732
4,1.16560053534482
4,1.12475666208352
4,0.921107991425845
4,1.01807141274182
4,1.06976737090468
4,1.24456328937658
4,1.27786022397889
4,1.00988273797341
4,1.34881595156495
4,1.06479622893596
4,0.984350136904608
4,1.11948774185401
4,1.29746902393502
4,1.14781974457141
4,1.06194044598164
4,1.17767479714061
4,1.2662926526751
4,1.12153455895979
4,1.1717450292379
4,1.0246100252519
4,0.97430531180624
4,1.21775165441256
4,1.27276448211994
4,0.958247063303528
4,1.2719642058886
4,1.03924814377072
4,0.740052155693275
4,1.30356840433162
4,0.666348949023611
4,1.34880648614052
4,1.15251865036354
4,1.31735946121062
4,1.05908172158003
4,1.30663062524251
4,0.957172603864398
4,1.1954674215859
4,1.19186677977723
4,1.00281535661123
4,1.31158809163178
4,1.13770399326005
4,1.0582427547237
4,0.977806326090841
4,1.06854340681954
4,1.12979558243031
4,1.2606143818444
4,1.05211142433318
4,1.25342026728428
4,0.862755017604087
4,1.1287818907677
4,1.03219786189399
4,1.03247110575408
4,1.15390407693434
4,1.0345910361488
4,1.32842521858413
4,0.971478060542671
4,1.16162293958391
4,1.12489192483778
4,1.12908358239124
4,1.2707328421899
4,0.714654339994245
4,0.89337762987133
4,1.09409639096936
4,0.832994767805021
4,1.22168182019216
4,0.944051881955983
4,1.18060013323633
4,1.15523487259787
4,1.14224027558551
4,0.740339468024392
4,1.36945962227085
4,1.12714472326781
4,0.925796412408425
4,1.03829889074049
4,1.16632731740596
4,0.80937435646386
4,1.28042893939196
4,1.07818371499197
4,1.2086398459579
4,1.11426970612782
4,1.10211290354058
4,0.995649643885072
4,1.25849921943182
4,1.34377315312059
4,1.21829434218616
4,1.13537518424011
4,1.02013508767893
4,0.988460172044461
4,0.850023630027458
4,1.17643537743338
4,1.10837777550562
4,1.30989325767276
4,0.688750855150819
4,1.15741455619229
4,1.17877315950825
4,1.25901971737372
4,1.07154072981833
4,1.14942938196298
4,1.195645359082
4,0.98293744033623
4,1.38646406794918
4,1.17855959479641
4,1.05610238734219
4,1.06495730654684
4,1.19931034391633
4,1.15340669576172
4,0.875564742478613
4,1.45599661264493
4,0.934709246422699
4,0.919812069474862
4,1.0337309046642
4,1.24316721896839
4,1.24963028011706
4,1.02241859306076
4,0.988816498480454
4,1.36994144483267
4,0.834429675844549
4,1.10914043646614
4,1.33449472270453
4,1.20456182992688
4,0.798248286842639
4,1.36269336593361
4,1.21766795341554
4,1.29262694740275
4,0.991393483211035
4,0.987137084967979
4,0.728603045254981
4,1.07211552641591
4,0.776592941860283
4,0.888554393315599
4,0.905384334403118
4,1.30515786756541
4,0.890836505144227
4,1.19319639152332
4,0.818846671812021
4,0.641422611164392
4,0.838293078263535
4,1.10781053504772
4,0.965118045471037
4,1.02917210161867
4,1.18066355899413
4,1.17279458619178
4,1.2316461879094
4,1.07082124986311
4,1.37444272269119
4,1.17862079162997
4,1.07658285892929
4,1.26155076511635
4,1.44544077976726
4,1.02333338011868
4,1.00712303583211
4,1.13910230326227
4,0.986791787367808
4,1.06989267955523
4,1.0848195871893
4,1.14936193827222
4,1.0363476584311
4,1.15089233556437
4,1.15620730992184
4,1.07227831628433
4,0.903498923250412
4,1.25055397920475
4,1.31090197337189
4,1.16280659240273
4,1.28574721966927
4,1.08544219081802
4,0.896643479789406
4,1.0757846413653
4,1.03422038004136
4,0.986979528544803
4,0.998773716911702
4,1.21199131286094
4,0.910134992037811
4,0.548213085660339
4,0.870079597574077
4,0.714077000146188
4,1.32930229092375
4,1.12177042646549
4,1.22802924135376
4,1.12796866617941
4,1.18771335551257
4,1.20653798054767
4,1.15755467198608
4,1.33270528491536
4,1.21061750383001
4,1.01246427694515
4,1.15304109122253
4,1.2455365412762
4,0.548731381965125
4,1.12562712709715
4,1.00709724453371
4,1.15487880351044
4,1.01463193617991
4,0.720703109428835
4,1.23470633251871
4,1.301192624748
4,1.07513591478404
4,0.829160735901108
4,0.993508314785138
4,0.955383912041591
4,1.13195900062932
4,0.984049272732545
4,1.29348603758889
4,1.0135559064764
4,0.775119762018628
4,1.28079158593486
4,1.15512130373772
4,1.34838554781614
4,0.928834962843883
4,1.10863569851645
4,1.2837865317246
4,1.17024669498981
4,0.679047746914631
4,1.31928229846948
4,1.29854912564962
4,1.06486197171638
4,1.20599247251848
4,1.0515257588095
4,0.903444885768395
4,1.30431186704712
4,1.36726799653612
4,0.594613526306991
4,1.28876639337036
4,1.37648036289539
4,1.05161822644483
4,1.28537392174115
4,0.941142665971248
4,1.37823386044026
4,1.24881488579769
4,0.877820681191293
4,1.20872438843572
4,1.29610964370418
4,1.128761532276
4,1.5
4,0.884692561085163
4,1.06000151812703
4,1.29966563410455
4,1.15714072952006
4,1.13061000971252
4,1.15640009251131
4,1.38462074964592
4,0.890778333875018
4,1.26150487256223
4,1.18242503091445
4,0.537302013650712
4,1.0737195061072
4,1.26237107105583
4,1.1485812018052
4,1.05884093352384
4,1.14918691532849
4,1.25424786198877
4,0.83387767278915
4,1.38956010123436
4,1.21259351331304
4,1.10185896293036
4,1.10307174833252
4,1.17839844005058
4,1.06010901416353
4,1.28699992123417
4,0.844276638729775
4,1.12098860542979
4,0.998562649871209
4,1.04912618091449
4,1.13715346842992
4,1.41265648693409
4,1.26547322753946
4,1.25129624105426
4,1.02458879139544
4,0.816111954198547
4,0.954610776560273
4,0.840582616738697
4,1.0908637266466
4,1.20206548220745
4,1.14008284567635
4,1.1536769489672
4,1.04097981695224
4,1.19217704819143
4,1.19152094653343
4,0.892949269569404
4,0.544712038948462
4,1.19987703938379
4,0.56737369512076
4,1.05121252599423
4,1.1248481134364
4,1.32733561691275
4,1.07132099655471
4,1.26238490004179
4,1.16239742049496
4,1.29809538939318
4,0.994834385558569
4,1.04101163187176
4,1.11629994185617
4,1.33492035835179
4,1.1825270683779
4,0.968206719804824
4,1.21669331871711
4,0.62891006623026
4,1.40543136207377
4,1.09122131714269
4,1.25759259941558
4,1.30715616707802
4,1.30173478532725
4,1.09702445243545
4,1.25064681969436
4,1.13803589695765
4,1.31966620384864
4,1.09487708559586
4,1.09504941279217
4,1.14497320203636
4,0.860512896196072
4,1.2702584670837
4,1.08024470737629
4,0.653085070422959
4,1.18473522920624
4,1.09056513744067
4,1.19597577448245
4,0.923609680368819
4,1.18796229414926
4,1.30235319878827
4,1.10525268822432
4,1.07501934510073
4,1.0505923061776
4,0.952139540668287
4,1.2878718567238
4,1.02031794093795
4,0.876547010727343
4,0.974672734409422
4,0.955900769673675
4,1.2851856714017
4,0.911709442907719
4,1.03834050665963
4,1.01033572273428
4,1.20469329818447
4,0.87522066615971
4,0.845197327265134
4,1.1975328111992
4,1.07463272588862
4,1.10796786102021
4,1.21481374813354
4,1.1854237904415
4,1.237253094518
4,1.2071626074712
4,1.27457980739971
4,1.1142610367157
4,1.41170574854019
4,1.08752310083561
4,1.22771286670376
4,1.04858563034704
4,1.27284529197842
4,1.34623153722356
4,1.02401768921347
4,1.3694209761275
4,1.31511378095138
4,1.29086151773383
4,1.26213367386568
4,0.896745405305013
4,1.27272073385054
4,0.632957337699464
4,1.25232547218204
4,0.868137793433002
4,1.03672518529121
4,1.05170229944666
4,0.946031396658098
4,0.956396822158989
4,1.24517536408541
4,1.25572075413025
4,0.965080340510649
4,1.0733418251282
4,1.01660814252051
4,1.09636902437821
4,1.19027119330184
4,1.13389019785951
4,1.0958106011186
4,1.23841060923481
4,0.965680839347596
4,1.24867582558476
4,1.09362001714784
4,1.07253616899899
4,1.04590413745438
4,1.32542687486965
4,0.902430394772725
4,1.21462594662759
4,1.15763923027289
4,1.08199924150669
4,1.25638117839118
4,1.07101403245927
4,1.2369658095591
4,1.23709113068755
4,0.883165931707267
4,1.0270626889605
4,1.11699803980488
4,1.27744215340244
4,0.901275588996938
4,1.01046823986971
4,0.609809725083879
4,1.14882767551214
4,1.17193801383543
4,0.389139645124045
4,0.660857414021248
4,1.04920566151272
4,1.29108668732531
4,1.06898177956204
4,1.33646544612411
4,1.01705962230256
4,1.22916259743583
4,1.12211608327086
4,1.26082527846504
4,1.24134716190921
4,1.27553785951513
4,1.27054572525404
4,0.955760997487761
4,1.3194273335214
4,1.02415631524375
4,1.19152574870571
4,0.822123006639692
4,1.06037838974739
4,0.962648784577482
4,0.850288767113177
4,1.17524375879399
4,1.11532998679439
4,1.08910651983759
4,1.20252279629704
4,1.23944415971478
4,1.11021771646748
4,1.23616441021137
4,1.11700293400094
4,1.13476273946119
4,1.061783878863
4,1.19797102193362
4,1.35227906655723
4,0.701246339525142
4,1.1815441624275
4,1.13310354157234
4,1.10748800503376
4,1.03304433026862
4,0.576757410184127
4,1.22754816141188
4,0.835651016702251
4,1.25473598118543
4,1.08183960688859
4,1.35527439718351
4,1.06826323816035
4,0.845999271896009
4,0.785727344083089
4,1.20100896355346
4,1.11002715438426
4,0.957134952735989
4,0.962814735463244
4,1.2187133488448
4,0.966305630455308
4,0.99593407697617
4,1.21974409995431
4,0.822890148723741
4,1.20154915906087
4,1.03834195601005
4,0.515866815255144
4,1.1705860443576
4,0.892954113082506
4,0.943939916737969
4,1.08993177046546
4,1.06395642088705
4,1.13598431513789
4,1.38685100360584
4,1.01033414759229
4,1.12463224702937
4,0.617752959448278
4,0.968563675844492
4,1.04969791064648
4,1.32604462929768
4,1.09856801421437
4,0.916098244315686
4,1.31864550310764
4,1.21375969536315
4,1.23457826964106
4,0.878060334579912
4,0.819349607363603
4,1.24891074285151
4,1.20398695075487
4,0.986611657919977
4,1.06573051475269
4,1.01888036084706
4,0.995960174373105
4,1.34085492025441
4,0.84172812380616
4,0.899109801713939
4,1.28596873010883
4,0.951967714675103
4,1.28508585197146
4,0.717384675619424
4,1.05918926930644
4,1.25481239361825
4,0.975084465191537
4,1.06087239659373
4,1.23435668884863
4,0.982145640576925
4,1.01681457000326
4,1.38317708077161
4,0.834681586359985
4,1.30664562505563
4,1.40996302139874
4,1.16712024582741
4,0.911608202488171
4,1.26939420258345
4,1.19251786781095
4,1.09567159588833
4,1.12253410166383
4,1.31052150635781
4,1.29974275374976
4,1.33589914291387
4,1.42478887282931
4,0.904106721063303
4,1.18695995237357
4,1.26586214659326
4,1.22917380348163
4,1.30861376530634
4,1.15602545134114
4,1.07018617002669
4,1.03218188924601
4,1.11951544777551
4,1.05153166785798
4,1.20860248766444
4,1.31669631995802
4,0.871713841076189
4,1.37883892962745
4,1.19826087691849
4,1.12316902492246
4,1.2790617408209
4,1.06510682733871
4,1.0179386946237
4,1.01491503855616
4,1.05008093023368
4,1.17302181470171
4,1.20966150285684
4,1.10178375976792
4,1.24341447668592
4,1.5
4,1.18620605909075
4,1.0620968116929
4,0.845364509218134
4,1.09112304350534
4,1.15961556993513
4,1.06102289105107
4,1.05592283821377
4,1.21775621097156
4,1.11234983133056
4,1.1675905607615
4,1.36425804079955
4,1.05661303529204
4,1.35239412200781
4,1.17353280531823
4,1.30947151459765
4,0.774145099127462
4,1.16417595524145
4,1.06156403674581
4,0.930537673503566
4,0.792905044424884
4,1.14890340923416
4,0.892193277751518
4,0.970164874523079
4,1.14596583584833
4,1.35381143521443
4,1.24197751618671
4,1.24233673839662
4,0.786584385665495
4,1.1758007193747
4,0.808301837939424
4,0.9183806689604
4,1.1200316507872
4,1.21488196467964
4,1.26010143510803
4,1.16179500790572
4,1.05219437322564
4,1.43157084395511
4,1.14186669403933
4,1.10511710269001
4,1.09918562383393
4,0.776394098463295
4,1.19999009557301
4,1.26908347497115
4,1.30169678644266
4,1.14146380542638
4,0.808429992951855
4,1.05637617749772
4,1.08497620483188
4,1.40224836718547
4,1.14846542290825
4,1.24888118431197
4,1.22185286529254
4,1.08709668662719
4,1.0133243125228
4,1.18184248765313
4,1.07928382781696
4,0.999945650494243
4,1.20891362223557
4,1.16413926508165
4,1.15121749318886
4,1.20276950389493
4,1.29645476854185
4,1.0988925410269
4,0.804687526777714
4,0.999436501394943
4,0.772021380377192
4,0.717412704254964
4,1.06859980438947
4,1.29467977948201
4,1.10383052184961
4,1.06404548554768
4,1.16184706186938
4,1.19973544213596
4,0.833163114018036
4,0.977998956072526
4,1.18190790856028
4,1.31938370129436
4,1.2227553099189
4,0.749105498989601
4,0.72202303371393
4,1.02740114102054
4,1.07600133344951
4,1.13592710620544
4,1.12704270083548
4,1.25540692865856
4,1.17322978550833
4,1.02753523250309
4,1.16720222184359
4,0.820466667900813
4,1.09956992296224
4,0.966458809226005
4,1.12808435700972
4,1.22986350530375
4,0.975277335031948
4,1.12894959414198
4,1.15105471589107
4,1.19469695060025
4,1.13904050520709
4,1.11954664382371
4,1.26463069495585
4,1.30864264036148
4,1.17978632648382
4,1.1200247930897
4,0.760186548131669
4,0.984787160361841
4,1.24351563181232
4,1.4367676363977
4,1.12487474499282
4,1.05235770903752
4,1.19257237759402
4,0.944282025910514
4,1.0562186663034
4,0.918336476383039
4,1.33682918143499
4,1.21596563457328
4,1.05629644819037
4,1.18872152045462
4,0.962942925022011
4,1.25092676587044
4,0.982195547392052
4,1.0735431659493
4,1.16898450528731
4,1.10387524088234
4,1.08360042336522
4,1.22951537336024
4,1.03473539989487
4,1.33768843576151
4,0.970162368102569
4,1.01987357861928
4,1.15696853229958
4,0.914082737586691
4,0.922081599587536
4,1.04692873235761
4,1.36961862794859
4,1.12482876633835
4,1.06253096681116
4,1.27398544966398
4,1.22037074987742
4,1.01326906141882
4,0.478466358301068
4,1.1352746165338
4,1.34884594743284
4,0.969932710072177
4,1.21592437220967
4,1.08228762352709
4,1.30062484079586
4,0.778153745777131
4,0.876574489115302
4,1.11532886952615
4,1.29750122416872
4,1.05467254049385
4,1.05171453162274
4,1.32679235591117
4,1.39779903207
4,1.30624785457837
4,1.43528416369801
4,1.01823179080082
4,0.637399894503074
4,1.08118254495013
4,1.05797531423899
4,0.732404573870174
4,1.01961926369416
4,1.1935775834254
4,1.11036122270645
4,0.883216093194858
4,1.0844150073024
4,1.18203994948599
4,1.22897516088459
4,1.09696620319127
4,1.5
4,0.773736292165713
4,1.25951386557035
4,1.17953251047259
4,1.33875212128304
4,1.14436901132567
4,1.20297776484037
4,1.12630014332449
4,1.00499033386206
4,1.05029809456028
4,1.30465952914087
4,1.09378996619925
4,1.17106299141236
4,1.24592451853228
4,1.00773925933601
4,0.983896214665157
4,1.24508358234386
4,1.09142141935195
4,1.17600239696054
4,0.824209339694255
4,1.43416870430073
4,1.1307643092389
4,0.898583352484438
4,1.1961549825094
4,0.756613230886698
4,1.11076371586008
4,1.29436397128342
4,0.927931744943348
4,1.11734492365252
4,1.02181181353638
4,1.00673605295205
4,0.76680717955803
4,1.06015574422985
4,1.00863137236131
4,0.938270089232341
4,1.27333388300097
4,0.993302321748694
4,1.14981878129921
4,0.680358089369362
4,1.01680412200117
4,1.01526495616985
4,0.836496069786775
4,1.17804397350261
4,0.839155620054484
4,1.24166014669794
4,0.850024889832762
4,1.09724168920759
4,1.17933651667572
4,1.01911355318917
4,1.12467062225883
4,1.26107587419022
4,0.851032841566952
4,1.04834940906044
4,1.21739879303639
4,1.27639832144962
4,1.32623092991119
4,1.3338280348714
4,1.19230204905555
4,1.13694949528166
4,0.914729445806133
4,1.2934525445074
4,1.15889494044778
4,0.89734601830612
4,1.07746615824585
4,1.10757253026316
4,0.832818806373341
4,0.771002202734945
4,1.13769364860276
4,0.855216916385218
4,1.05502042855756
4,1.00441403602213
4,0.58139943129615
4,1.31756561380234
4,0.806503526966617
4,0.763886273860562
4,1.17836955479862
4,1.01455767803875
4,1.04743129971735
4,1.24136543778042
4,1.02304798878343
4,1.06416694059395
4,1.05564079877213
4,0.930244005014012
4,1.33143286969093
4,1.12806816003405
4,0.860666916053263
4,1.1833790941523
4,1.21155041584012
4,1.07705805102057
4,1.20882030214932
4,1.14896014239835
4,1.19385310176548
4,1.27196438278361
4,1.15623768008695
4,1.22863790046745
4,1.19609048996465
4,0.959705134942281
4,0.642064479776056
4,1.08338024370059
4,0.847074290487473
4,1.02471202036585
4,1.02100229611898
4,0.754125642291996
4,0.609246483819426
4,1.12245364888431
4,1.29044311037145
4,1.15075671034423
4,1.2069389902822
4,0.955933282763138
4,1.14914462841964
4,1.08762793627317
4,1.43934196185062
4,1.10464018129768
4,0.951140947347745
4,1.09791334885095
4,1.1747769593
4,0.991639192888319
4,0.664133576676254
4,1.11046641769218
4,1.21750168976783
4,1.26170041501681
4,1.17033627120401
4,1.20710145326711
4,0.929159668914776
4,1.31032265091933
4,1.01649981860967
4,1.1319838619773
4,1.03293286750375
4,1.03649362662046
4,1.5
4,1.18594789968614
4,1.16189892029873
4,0.984161697095379
4,0.995143410541523
4,1.14702461578279
4,0.893272564228375
4,1.1370887778364
4,1.12102697532068
4,1.07996155034503
4,1.2495556594789
4,1.47051489096051
4,1.20193611056139
4,1.2106491086665
4,1.04681169889833
4,1.26230201598094
4,1.19171910778382
4,0.844147145290337
4,1.17975474095759
4,1.01228982409004
4,1.18339577154386
4,1.20401419372783
4,1.30957297957946
4,1.19991085138119
4,0.983550876985894
4,0.745442581228416
4,1.04254664165274
4,1.27034333502263
4,1.33282986169058
4,1.1823355097197
4,1.1807915054458
4,0.422389063476297
4,0.677125191123104
4,1.04519775784447
4,0.730175248679702
4,1.12029739860294
4,1.20239494489998
4,1.03174921991923
4,0.881321188671287
4,1.16627468960916
4,1.14387333493301
4,1.17764139404649
4,1.16955571986006
4,0.760691280211902
4,1.09020932488072
4,1.2121048650885
4,1.16478699440424
4,1.04085191654874
4,0.724204973237359
4,1.24782110557726
4,1.30172520160124
4,1.01521179525298
4,1.01677384002829
4,1.33653532620829
4,1.18404036103345
4,1.16600412168432
4,1.27775775916449
4,1.20505716735304
4,1.1824246399138
4,1.13080071838865
4,1.11249063921276
4,0.845103035756216
4,1.20334462522547
4,1.32253672023833
4,1.17675611180927
4,0.846999075813504
4,0.624632518561641
4,0.980667331637699
4,1.20411073145586
4,1.21796319271717
4,1.11743039780089
4,1.0782396965301
4,1.16434929411852
4,1.21960804009711
4,0.632340448583199
4,1.03762190119593
4,1.19128712891766
4,1.11400275333256
4,1.10147229096142
4,1.33905926596178
4,1.06703634246213
4,1.25027742814201
4,0.767957715572084
4,1.25187425933885
4,1.1611139515767
4,0.850842405921607
4,1.04468490333716
4,1.07943024546322
4,1.27390638253904
4,0.763047000542188
4,0.712549073082463
4,1.24571676865852
4,1.17229576025075
4,0.88461831640852
4,1.00029907154154
4,0.747852976009656
4,0.610394915813259
4,1.05141304529147
4,1.1370274555769
4,0.966928780122336
4,1.1595319788098
4,1.20916309840757
4,1.16910018550887
4,1.18245406477258
4,1.13783362201466
4,1.05114789572493
4,1.09459222599204
4,1.02247654933679
4,0.991575780300667
4,1.04919600729593
4,0.825130214818871
4,1.12967346978536
4,0.867441879170346
4,1.05501446784003
4,0.973721862140703
4,0.574447216268061
4,1.13066852917308
4,1.1498144517592
4,1.21042517618048
4,1.06756228426234
4,1.24506265792215
4,0.978163842309856
4,1.12733465824224
4,0.898588113076084
4,1.22421659367413
4,0.928656135686194
4,0.702927673517864
4,1.37481464323448
4,0.74260821922808
4,0.707138004413766
4,0.988970144778772
4,1.17243596066293
4,0.857143530761756
4,1.33179213678974
4,1.11510995396186
4,1.1978695578398
4,1.1118720486986
4,0.626250583794724
4,1.14549656801769
4,0.864824438272947
4,0.895946650436996
4,0.887582685093591
4,1.12787215620681
4,1.1743506132485
4,1.39742221756885
4,1.14761993156368
4,1.01241441327662
4,1.25883979859912
4,1.04432561645018
4,1.40312557851419
4,1.15069161567257
4,0.985305120575739
4,1.06198635439914
4,1.21335674567282
4,1.10387236512496
4,0.80902582480838
4,1.1912214305148
4,1.07297666150811
4,1.2543498712487
4,1.42853268884348
4,0.910910100996576
4,0.765435521227178
4,0.737976872596845
4,0.826972112969837
4,0.630503237494177
4,1.31398360921648
4,1.30110505440838
4,0.874451919032948
4,1.27195602528825
4,1.07769913045909
4,1.15700578169052
4,0.975358126130639
4,1.00802000822054
4,1.06969059485664
4,1.28640376422798
4,1.21443749974257
4,0.598604316350741
4,1.3383194130477
4,0.623726215072023
4,1.357164922189
4,1.03299814088885
4,0.568260075984196
4,1.05017512651748
4,1.08025399769612
4,0.980320740814611
4,1.11876665551276
4,1.22720483301185
4,0.947794073202088
4,1.24303161737112
4,1.27530398998772
4,1.17529571100911
4,1.29889180487648
4,0.7074793427969
4,1.2609633035982
4,1.21490192564237
4,1.5
4,1.28703433682956
4,1.10369404137228
4,1.03306544927656
4,1.24975951808226
4,0.78182256202049
4,1.17939110507774
4,1.04379227506859
4,1.09573192349727
4,0.896735593894804
4,1.05028372034086
4,1.205483040639
4,0.922429359430938
4,1.1246069527916
4,0.998239149288914
4,1.10331313599214
4,1.32902943982174
4,0.713680428107363
4,1.30617787202353
4,1.0684070974265
4,0.814218115308184
4,1.07773962076402
4,0.998335174909477
4,0.944975977454158
4,1.24248973306994
4,1.1850828547616
4,0.971949219091627
4,1.10831668523953
4,1.12034048944042
4,1.16718004373424
4,0.786611554684987
4,1.18716494321233
4,1.05601700546284
4,1.31140903585694
4,0.989613143968832
4,0.932551226383484
4,1.2617231636471
4,1.07569632245685
4,1.15595794492368
4,1.28199211497304
4,1.29754755641457
4,0.885143467452511
4,1.14097852007641
4,0.930547241780403
4,1.08880203738395
4,1.17646519159478
4,1.11848722698819
4,0.982255566567927
4,0.99423314472506
4,1.25833318865131
4,0.695332982929561
4,1.08118702526506
4,1.05343234952011
4,0.906702935516377
4,1.18877442566551
4,1.1534338667113
4,1.20481262884818
4,0.965438697816555
4,1.12475484274411
4,1.30281287631104
4,1.23627960528247
4,1.13746452378008
4,1.13090660609712
4,0.805428939679963
4,0.89448003709607
4,0.718141121451163
4,1.15701845208137
4,1.13397433897964
4,1.34629461113639
4,1.22459173192956
4,1.1702533524916
4,1.28625851527825
4,0.987097734777917
4,1.38441102492122
4,1.11679571958677
4,1.09467699352899
4,1.07718004994527
4,1.14899976243064
4,0.775978853193581
4,1.23680886386558
4,1.08869743577977
4,1.30853460354326
4,1.33033102195076
4,0.763266268090001
4,1.24758961098852
4,1.37555651622355
4,1.23980405660974
4,1.28226366174408
4,1.13672099365627
4,0.930113783138574
4,1.05020666686315
4,1.45872479459414
4,1.24494752953784
4,0.937664507777642
4,1.13535930489971
4,1.25832057613451
4,1.08418833846793
4,1.02714551994103
4,0.666632582641222
4,1.17677903354176
4,1.28047404262336
4,1.05653244966928
4,1.23556358571981
4,0.993184006223193
4,1.07857444086647
4,0.71293124127579
4,1.07093716837797
4,1.13117100102393
4,1.08342121710952
4,1.04493724753651
4,1.07236401330421
4,1.22057836957986
4,0.99749279387985
4,1.31647315609023
4,1.22706272382782
4,1.21990531630637
4,1.3124992555168
4,1.01619245143523
4,1.14775927177811
4,1.05669274713476
4,0.942473109557634
4,0.739887228872589
4,0.980062168858814
4,1.02728017839284
4,1.15029324622836
4,1.23477615299049
4,1.04816498076086
4,1.04757706326574
4,1.24594888316197
4,1.08062282400543
4,1.16634300217967
4,1.04025243650211
4,0.995785694878171
4,1.09977506551145
4,1.337170176305
4,1.1047422000763
4,0.61779618206655
4,0.749095401430935
4,0.721133067142902
4,0.899316222187464
4,1.19682415042297
4,1.30315920619128
4,1.05496063477006
4,1.07085638658381
4,0.991329597975458
4,1.47033259967373
4,1.19928055513313
4,1.08907862570804
4,1.15429054819708
4,1.10932856514319
4,0.959820748231533
4,1.15704969945485
4,1.17699078835195
4,1.02174441108084
4,1.25230700915179
4,0.818197035567619
4,0.802438115354305
4,0.806880586276273
4,0.9834916417811
4,1.29492832439882
4,1.32100111351085
4,1.27385600598905
4,0.96548837288036
4,0.980584790183679
4,1.23230124473077
4,1.22454082780074
4,1.08601871991673
4,1.24900840170358
4,1.3546368748175
4,1.18673832512539
4,0.750486204974899
4,1.00727659295223
4,1.13258236332228
4,1.22407128996205
4,1.02737319639978
4,1.17486980991037
4,0.712763655107388
4,1.12678476689369
4,0.995977428671088
4,1.04253188159444
4,1.13439285115634
4,1.19280550547736
4,1.08532599642458
4,1.02013189781044
4,1.19833132974929
4,0.619113786074287
4,1.17373665788928
4,1.21916879605019
4,1.40283663980297
4,1.1388366043565
4,1.00182445319054
4,1.11769143587233
4,1.03168215554419
4,1.03389835836735
4,1.1437614737222
4,1.06193807278385
4,1.10692325634563
4,0.938676351657939
4,1.03809586015279
4,1.28738713757063
4,0.883359486738665
4,1.10274482585849
4,1.16451173583187
4,1.1902510557388
4,0.648830193176165
4,0.927991418942147
4,1.4143473901496
4,1.07582068440723
4,1.17950515582539
4,1.40597581009214
4,1.3585058067464
4,1.38765019706639
4,0.811300504223992
4,0.82185140513289
4,0.801190092451729
4,1.20273123988816
4,1.18526048214864
4,1.14395460470468
4,1.19947683796532
4,0.965287071978115
4,1.14879439029546
4,1.22932044506234
4,1.08553667906679
4,0.854269261294949
4,1.15409350337999
4,1.19438298421987
4,1.11503478178291
4,1.26798682700573
4,1.09798838642852
4,1.25736742895557
4,1.12216222200083
4,0.996038373825685
4,1.33377904293496
4,1.19040013498322
4,1.25048476334975
4,1.29403931475327
4,0.845307897658774
4,0.97168297433304
4,0.886199309787739
4,1.07414261427737
4,1.09856481899684
4,1.0975457997854
4,1.1157888482318
4,0.9028389366793
4,0.985760959768522
4,1.18091572945239
4,1.04940624455778
4,1.04461204328865
4,1.02859798796245
4,1.12531168737748
4,1.41805196901917
4,1.22303379052991
4,1.18873772969382
4,1.15943629267913
4,1.31499418081003
4,1.25741186198958
4,1.0674362941234
4,0.946273300475681
4,1.12481334637445
4,1.20049292701188
4,1.0642308879076
4,0.889149440880959
4,1.21720932867702
4,1.25630246121004
4,1.09951729246414
4,1.09565777407967
4,1.03304914754071
4,1.14655131184604
4,1.03849144168619
4,1.06676415396584
4,1.01713349013265
4,0.913643454472431
4,1.19389120957925
4,1.04218131469433
4,1.25675814542775
4,1.10908433626486
4,0.977135386590781
4,1.26781082175381
4,1.08398062039661
4,1.16136877067584
4,1.24209592618806
4,1.25438473617353
4,0.802007456994335
4,1.28059863442443
4,1.15489211522094
4,1.29889005251192
4,0.991174687172047
4,0.906277409351924
4,0.77413812305306
4,1.47002771937612
4,1.0837490114673
4,1.31417831316111
4,1.09122939300624
4,1.10767533322364
4,1.04284721503235
4,0.636199121887181
4,1.25717730858476
4,1.28608445087331
4,1.12703970666173
4,1.04656377984435
4,1.31842955607924
4,0.82502197457661
4,1.09065643175834
4,0.924409875994961
4,1.16353526765998
4,1.37324065426893
4,1.05497096924338
4,1.21861608126767
4,1.11504945948447
4,1.27096112062026
4,0.921092521067178
4,1.18240220465479
4,1.21798939408551
4,0.938117766468422
4,1.1084489217733
4,1.10643280587288
4,1.11162462101282
4,1.09837154233264
4,1.13909882575144
4,1.27314197537426
4,0.781949662290941
4,1.10615128483872
4,1.24208529288501
4,1.25100070807564
4,1.05532260008151
4,1.10993522492198
4,1.27869342001937
4,1.11041229772637
4,1.20241579481197
4,0.815522704170597
4,0.804662073149603
4,0.931859417705902
4,1.22524977802599
4,1.18072371120679
4,0.898405968289109
4,0.546947271975922
4,0.982684673199206
4,1.07077112036937
4,1.13857015582593
4,1.06910598448791
4,1.3250394102128
4,1.07800747530739
4,0.858555037505378
4,1.02422662746326
4,1.31522542782928
4,1.18317110122365
4,0.888951380282744
4,1.12531909522657
4,1.36578994731907
4,1.15847869527876
4,1.27686502113569
4,0.88395038035086
4,1.15702148819702
4,0.918139522830797
4,1.26472928553
4,1.10541820330034
4,0.533994372676628
4,1.00914922338516
4,1.30677406481511
4,1.16127831130039
4,1.20766018487603
4,1.13270681343945
4,0.689979280233183
4,0.997310099520502
4,1.15175724104776
4,1.04384243633307
4,0.966015825517445
4,1.37309620192646
4,0.972748843953455
4,1.01517695423094
4,1.04433953432449
4,0.99240532876631
4,0.924148916697484
4,1.15014788093915
4,1.18256338849205
4,1.08316029812374
4,1.29131070760459
4,1.2734953229208
4,1.13532824363483
4,1.16658943130849
4,1.20053948007647
4,1.01221918353286
4,1.17431713230994
4,1.2425354101078
4,1.29676033128192
4,1.36329038406288
4,1.05712896726798
4,0.44635794978449
4,1.18493410307378
4,1.0462681681433
4,1.15513462423397
4,1.15286147116684
4,0.829424085216206
4,1.20658159146344
4,1.21214551993196
4,1.15227372186446
4,1.2886807493353
4,1.00305565946045
4,1.11662632252148
4,1.15822567422708
4,0.903570794817664
4,0.672952070644065
4,0.872540540336634
4,1.01587407411732
4,1.02465701171552
4,1.14108773705192
4,1.16818240607939
4,1.18400871581989
4,1.14447637815197
4,0.726961038686468
4,1.20566966809561
4,0.971405896480682
4,1.14002086311642
4,1.03461959957617
4,1.18917534842833
4,1.11686722439922
4,1.32108447089725
4,1.09670691190829
4,1.2358735608925
4,1.08373507136103
4,1.3094766386994
4,1.03286556403581
4,1.22040403577021
4,0.998771468597694
4,1.25725745932941
4,1.21313003875865
4,0.490448326124449
4,1.17437956492523
4,1.20376342636563
4,1.2034148863316
4,1.03490355220592
4,1.13251644097874
4,1.04470326807363
4,1.12696416224432
4,1.27546774694401
4,0.963064797530155
4,1.17606324975057
4,0.982176410335229
4,0.956535654245911
4,0.700301383416659
4,1.08081517465488
4,1.06186579322554
4,1.15705954659702
4,1.26560382456925
4,1.27816169459239
4,1.13056216206569
4,0.957013840973673
4,1.020851812715
4,1.20882710345267
4,0.714379994417334
4,0.674843935340267
4,1.10034233116695
4,1.13172617554396
4,1.02300676053142
4,0.884960683238259
4,1.1842971338001
4,1.22007437466658
4,1.0127358042058
4,1.19696270413422
4,1.10458927144589
4,0.793101868190796
4,1.05048277825998
4,1.04546898376086
4,1.10152258898412
4,0.798804376332877
4,1.11164633893847
4,0.953472136995231
4,1.36344694080297
4,1.17942690763872
4,1.28883773986163
4,0.743439324282199
4,0.53479520531731
4,0.992718066363418
4,1.22645012079483
4,0.679459052236037
4,1.25623489200782
4,1.27795363963242
4,0.784569062981981
4,1.3041162663451
4,0.847973848504313
4,1.26757605959603
4,1.18341441826762
4,0.831753211255491
4,1.06720333723651
4,0.872515709764748
4,0.96966935694809
4,1.10324397584701
4,1.16378256958223
4,1.00627888737897
4,1.15437341923424
4,1.2036714708887
4,1.1186306527768
4,1.09727606420373
4,1.27185637987163
4,0.845852828433451
4,1.21260917509004
4,1.05026912195155
4,0.90890804326575
4,1.11380942530566
4,1.1183966658382
4,1.15545020891853
4,1.22249878475375
4,1.21617532950741
4,1.14453541627968
4,0.808126379815022
4,1.21713645214471
4,1.06876312250498
4,1.26797597223029
4,1.12453171443551
4,1.20940965841302
4,1.25144958046495
4,0.864365901770533
4,0.968610808535123
4,0.733320814213206
4,1.16798517570825
4,0.808150233715936
4,0.948065811468564
4,1.34820877577787
4,0.860572481641135
4,1.04706626367005
4,1.38639463310761
4,1.17891855949552
4,1.28563414069166
4,1.22246792327426
4,1.24093500561675
4,0.898491528807927
4,1.14142985919758
4,1.16237283460254
4,1.13297893201092
4,1.02573133919625
4,1.13240122940274
4,1.10657979004115
4,0.998794655305981
4,1.13242592267943
4,0.981378885258465
4,1.00038256608877
4,1.39935899894827
4,0.888730456135698
4,1.12574659597632
4,1.23955606203411
4,1.27036710665701
4,1.02349170579682
4,1.15107319776094
4,0.95389965571017
4,1.31292680631163
4,0.964561445078539
4,0.950950899187249
4,0.832790592810071
4,1.31952662535849
4,1.03016789931956
4,1.23193163089318
4,1.30345173650727
4,1.39203341464642
4,0.944244635574527
4,1.32856308722276
4,1.12519522355323
4,1.04241726134858
4,1.16883486435488
4,1.20481855489977
4,1.05545309452418
4,1.30819989857269
4,1.37170169338655
4,1.34723630431163
4,0.650931437307691
4,1.25024429012982
4,1.13253391190862
4,0.859378209305004
4,0.787514889004749
4,1.13530402732914
4,1.00601264287305
4,0.66881289482027
4,1.30791029999192
4,1.16422468906887
4,1.33964254659669
4,0.942085243339409
4,1.16793601352056
4,1.296258372452
4,1.15038979926045
4,0.922436953188975
4,1.08313215357687
4,1.21834814789426
4,1.21882839552714
4,0.814433072252221
4,0.680856295166982
4,1.03687995724805
4,1.07315167035349
4,0.944274794341579
4,1.26132374553697
4,1.35145922975707
4,1.2021882057255
4,1.03356247920482
4,1.22197211841709
4,1.1161327396176
4,1.12327476360524
4,0.988727880277693
4,1.14132969501572
4,0.891482152884423
4,0.863654414763339
4,1.11720449947253
4,1.26753649594599
4,0.909896436713597
4,1.04243599530511
4,0.882538698290866
4,1.19943737769229
4,0.811562014388849
4,1.09423290158775
4,1.07275289855988
4,0.882851047826976
4,1.28561492102937
4,1.31362878092115
4,1.24235041725604
4,1.21740055532596
4,0.94020303099787
4,1.35284558375821
4,1.03460626519237
4,1.03446225043826
4,0.925566304356766
4,0.72005278948464
4,1.11636749970348
4,1.0747058860544
4,1.00252029296113
4,0.733390481569095
4,0.969040774053704
4,0.810609716195316
4,1.14635143437154
4,1.48276137842476
4,1.1395636577102
4,1.14578521758778
4,1.18882088352855
4,1.19844185216583
4,1.22762621007177
4,1.1246783099491
4,1.07309810429157
4,1.18605709041995
4,1.26840664261401
4,1.2404055088175
4,0.959896711224463
4,0.869060236592087
4,0.994637372909681
4,1.07587159240143
4,1.30761054366243
4,1.0404616576173
4,1.1045289445526
4,1.04471760317467
4,1.02014663674797
4,0.97437163228737
4,1.03892297122204
4,1.21211743033179
4,1.27920993797056
4,0.968237171790931
4,1.00845478980626
4,1.10603206761932
4,1.09642437404018
4,0.974911808207771
4,1.05469518957833
4,1.00067567582141
4,1.25834127582761
4,0.627971732814997
4,1.26980445252225
4,1.13772374920264
4,1.12036098092356
4,1.22496967976752
4,1.10174848309055
4,1.02202805283501
4,1.07887201004685
4,0.845273609520121
4,1.29040897603582
4,1.01968968593604
4,1.29530415664668
4,1.22820865359612
4,1.15533196072962
4,0.982168682051021
4,1.08089566123486
4,1.01867113194584
4,1.24913883619668
4,1.25213378355012
4,1.0594359536335
4,1.27032214252957
4,1.17152247840609
4,1.20538497472431
4,1.15144846604851
4,1.18696929666336
4,1.01567768508485
4,1.17563787488487
4,0.787934066031439
4,1.18293570246232
4,1.1600464401823
4,1.04390129459544
4,0.925187598358568
4,1.21474931546264
4,1.08814836652232
4,0.921668384528932
4,1.12842597005906
4,0.931141168059489
4,1.03497234524838
4,1.04851037272151
4,1.19349995508665
4,1.1185870437437
4,1.20058688933004
4,1.28094628827653
4,1.20149994581352
4,1.1905429516719
4,1.22986523787858
4,1.21989299900745
4,1.13026851527389
4,1.10675356865859
4,1.13200604104618
4,1.13904255998974
4,1.12106380476546
4,0.77427679138935
4,1.07358830322415
4,1.12377823424376
4,1.35392252607974
4,0.650355897906278
4,1.14405279294057
4,0.910340730426163
4,1.1174701223672
4,0.852351061079027
4,1.0215932593566
4,1.03841444108598
4,1.08853706728599
4,1.28729232468333
4,1.13781909788819
4,1.14482040515421
4,1.005193038603
4,1.15201493882337
4,0.954169375248482
4,1.20537496007944
4,1.02023753753262
4,1.27120153536141
4,0.911818934430531
4,0.748622171132294
4,0.69648179751463
4,1.1339352800714
4,0.721546522475057
4,0.944844795848719
4,1.23679160330873
4,1.07315924549288
4,1.25295007535885
4,0.958612485182767
4,0.786249165104554
4,0.81317027266189
4,0.681153161283157
4,1.02763296735475
4,1.00299931152827
4,1.1942623055908
4,1.12397427788999
4,1.04917741544944
4,1.02646508100105
4,1.19115377415064
4,1.12093804568964
4,1.06777394654237
4,1.08219494762357
4,1.02477154866054
4,1.02026712494341
4,1.04080020013075
4,1.09397802646169
4,1.24182327051186
4,1.23427977836757
4,1.02036316197345
4,1.14592442998834
4,1.11375150685267
4,1.26633965976562
4,1.21763997717295
4,1.0369314061283
4,0.998514347909252
4,1.15805934544701
4,1.15894322463555
4,1.23622095831115
4,1.19021613069796
4,1.05226095350183
4,1.24934507089506
4,1.01632843607158
4,1.23339400443575
4,1.00042589026856
4,0.993806170031767
4,1.18470287032949
4,1.19290510708455
4,0.938077980980832
4,0.649557803504632
4,1.13518321454918
4,1.16625864035767
4,0.93557149883626
4,1.15445417564127
4,1.12989248447845
4,1.21883058485528
4,0.93274509186181
4,1.10736067245553
4,0.768062212638059
4,1.2110224084371
4,0.917050616767438
4,1.10861957683388
4,1.14836902005747
4,0.91855142381941
4,1.02348781514904
4,1.11812849918966
4,0.950522491265389
4,1.33985077187789
4,1.15934999724841
4,1.13748658259497
4,0.909271270601349
4,1.37756815777926
4,1.30944843139039
4,0.905826114961902
4,0.876460773826709
4,1.16759885727889
4,1.13087479955045
4,1.19686383034809
4,1.19676828698411
4,0.853739499133834
4,1.32739488295491
4,1.09357794998563
4,1.19403908171603
4,1.05698650015629
4,1.33161257827646
4,1.15568017372027
4,1.37562556055612
4,1.15053569134838
4,1.12581155611769
4,1.0894674086768
4,1.09363149976172
4,1.09312892206505
4,0.99862451742302
4,1.11221442137157
4,0.915609628004556
4,1.1112695984225
4,1.24814997501191
4,0.615398592150559
4,1.00685665938183
4,1.17964029986553
4,1.05998728768688
4,1.02695158488085
4,1.24513646098053
4,1.00920971563325
4,1.02392504520982
4,1.15380964728241
4,1.14993749702728
4,1.017790735898
4,0.717062788762668
4,1.24224237665633
4,1.21946672621962
4,1.1645811640946
4,1.17150071776408
4,0.769621727800728
4,1.14687747899838
4,1.08497712601048
4,0.904996198918929
4,0.959618608222159
4,1.18528743355916
4,1.17634885274962
4,1.39430760686039
4,1.19494576349949
4,1.01584669893614
4,1.22250569334643
4,1.27373096905685
4,1.09454547410267
4,1.29614124879157
4,0.916853362304836
4,1.27160974902117
4,1.02107952156778
4,1.10338120998251
4,1.14556485526896
4,1.15950667516773
4,1.17832903335529
4,0.982528471797102
4,1.1073356637272
4,0.954559077581109
4,1.30670587344024
4,1.22239211068769
4,1.31797557132753
4,1.03855887161066
4,1.18449879029552
4,1.17170322542001
4,1.17730327280181
4,1.1815626177065
4,1.13224517535444
4,1.05460595017598
4,0.99496629184711
4,1.22144022556106
4,1.28570666823608
4,0.894626512949928
4,1.04763534936345
4,1.21297834786687
4,1.16646422434862
4,0.814931698103289
4,1.12032903444985
4,1.14236386576803
4,1.19713717790231
4,1.05295422107909
4,1.1660948477292
4,1.2251753534574
4,1.15724286379568
4,1.3311042202713
4,1.28565753088266
4,1.15344799892553
4,1.28746888677618
4,1.1164556837429
4,1.22334577203313
4,1.14967705556919
4,1.06067550377608
4,1.16100380526338
4,1.2251084514475
4,1.16628204521044
4,0.929147129531321
4,0.979658935285233
4,1.18679449670936
4,0.83128017613086
4,1.09418688486892
4,1.23751902080881
4,0.867560610866668
4,1.13717312565484
4,1.0904060510998
4,1.13300434393342
4,0.847072884342353
4,1.02297870959191
4,1.10330221296153
4,1.06759409227339
4,1.35203086112441
4,1.01343117504304
4,1.00853545141169
4,0.786015905924832
4,0.90511701056447
4,1.14416886603598
4,1.19174320934807
4,0.931583447585702
4,1.17193077988913
4,1.14378318400033
4,1.2704072809981
4,0.927583454323216
4,1.27161222026518
4,1.27743165650701
4,1.31741319601848
4,1.18478867222381
4,1.23822861732539
4,1.13510353970217
4,1.42505127316477
4,1.14768578924598
4,0.905001277696474
4,1.34109709907942
4,1.02762918541354
4,1.16677428752202
4,1.19526059189448
4,1.40048215894711
4,1.08030073981306
4,0.895896804122807
4,1.2501808953823
4,1.13775014479555
4,0.495070770167759
4,1.1658849434988
4,1.20300896016756
4,1.32588653355139
4,1.00721683195857
4,1.13382331788596
4,1.28946454603896
4,1.15155732875819
4,1.22264031410139
4,1.20050791640165
4,1.21019032444253
4,1.07833000939896
4,0.9773808921451
4,1.0854787784663
4,0.88878157559556
4,1.0840414588603
4,0.877754429596425
4,0.942821428363362
4,1.14699905207614
4,0.648943680205277
4,0.687985709851793
4,1.16596799124634
4,1.2435983714524
4,1.09039871457055
4,1.03170787943772
4,1.21932011756154
4,1.17296196115214
4,1.17573259333205
4,0.878766205274205
4,1.18431002024808
4,1.20438960593992
4,1.23713169173066
4,1.07332053668031
4,0.922084573378508
4,0.826991139929787
4,1.06707739004003
4,1.15704271312772
4,1.22985449624382
4,0.911709370008135
4,0.833265259650678
4,1.27906040415713
4,0.755671032078787
4,1.08478658046486
4,1.08633610568151
4,0.929695897981399
4,1.22298589790379
4,0.845892985015544
4,1.00933388629249
4,0.663682574967004
4,1.02074257369659
4,1.11057353960668
4,1.06934684634139
4,1.20730345966608
4,1.28730139804436
4,1.4596950971674
4,0.707676001041142
4,1.26993510707403
4,1.1332945922143
4,0.966506680278166
4,1.32957030305289
4,1.19467615908053
4,1.242186499062
4,1.22915501793078
4,1.13332942884259
4,1.06732201589316
4,0.827288257552922
4,0.818412308661731
4,1.29667739168013
4,1.25866979447108
4,1.33251504894122
4,1.03762421703613
4,1.01637975791655
4,1.33433350723244
4,1.16143349044922
4,1.05139090097627
4,1.26550869230382
4,1.06558588339223
4,0.831957671497571
4,1.04886803163347
4,1.10304886790308
4,1.22345026500987
4,1.0995085171527
4,1.09809929937376
4,1.40350934665359
4,1.42533258170391
4,1.29887942553625
4,1.41729038744088
4,1.21352713013136
4,0.98344001049096
4,1.31590053748981
4,0.92823527017825
4,1.09507528657644
4,1.08110948607825
4,1.26264677512447
4,1.23451605289413
4,1.18865420861698
4,1.04956026841567
4,1.11535203351865
4,0.795856373497693
4,1.20786011372296
4,1.01918737165089
4,1.34468750949923
4,1.1319623807173
4,1.05669488705877
4,1.24818808711315
4,1.20949720936026
4,1.28743288072549
4,1.04506766414205
4,1.22861470315761
4,1.27005375517016
4,1.20364231105515
4,1.13511348259893
4,1.19968993764689
4,1.00681452243515
4,0.949506091569089
4,1.16908540395757
4,1.00175083789938
4,1.3642883208713
4,1.26767577015768
4,1.10762497154164
4,1.02091993892406
4,1.15757261469831
4,1.25314633239969
4,1.14914292374621
4,1.25031066939354
4,0.751545489049855
4,1.35702014086937
4,1.11042311780213
4,1.07644417108392
4,1.18919318142447
4,1.13041592709864
4,1.08156104569093
4,1.31791777603289
4,1.16638777275495
4,1.12252732536467
4,1.3737074779026
4,1.16648914025527
4,1.16695201867883
4,1.28330683550232
4,0.949923284829211
4,1.00356722257376
4,1.06636958346168
4,0.900583859045378
4,0.95005626504849
4,0.781363149964456
4,1.21774978811413
4,1.2850427731935
4,1.17671977223568
4,1.13499389819191
4,1.10683852002481
4,1.26108996207539
4,1.38671639581972
4,1.3913726957485
4,1.14536951139722
4,1.23142737155756
4,1.3917505338943
4,1.08086581061716
4,1.22847454572137
4,1.04438137385153
4,1.17849367512966
4,0.813224294127621
4,1.16808765623552
4,1.01102017670899
4,1.31700921198856
4,1.11197457447239
4,1.20942251915133
4,0.794972190904169
4,1.0449783902888
4,1.14836157529835
4,0.779289575878584
4,1.25871034127314
4,1.19265695836092
4,0.949195554783444
4,0.933130335086871
4,1.12798709561671
4,0.941385815421095
4,1.14696630727787
4,1.12190124739794
4,1.04026757147973
4,1.260917439168
4,0.838717726603678
4,0.703588632778358
4,1.10747899525504
4,1.09292375575802
4,0.823902989017485
4,1.25123624687507
4,1.28762966683757
4,1.03809440380246
4,1.07505836571573
4,1.17758456779363
4,0.763041998953723
4,0.798659441216657
4,1.00698672437972
4,1.1740997036308
4,1.261472043759
4,1.31348350576827
4,1.16462254625904
4,1.19271628767212
4,0.887987583483294
4,0.688504350856173
4,0.955417006893014
4,0.940660408428226
4,0.906720175254333
4,1.29841204553091
4,1.28683237503468
4,0.887122017878059
4,1.17874171303847
4,1.21300898178124
4,1.35767336430241
4,1.11062517567265
4,1.21599278365217
4,1.18973686475566
4,0.637967243589614
4,1.19095214138418
4,1.25821654228883
4,1.37947403049834
4,1.04440638443529
4,1.20096455611672
4,1.07958437067883
4,1.00521721823265
4,1.17192080842153
4,1.13583364523282
4,1.10905406444234
4,1.04428757203183
4,1.1129416846205
4,0.610188295717673
4,1.1632849439738
4,1.19206006602741
4,1.21865508101729
4,1.1132867124873
4,0.96799182512515
4,0.790016212724844
4,1.33997157514097
4,1.16726260114784
4,1.05903171365146
4,1.28803289167261
4,1.25676210083639
4,1.24615584153428
4,1.12650501549781
4,1.05008611045783
4,0.99715667342466
4,1.27278509299283
4,0.977506377860104
4,1.11695971137175
4,0.607593364901676
4,1.18448521256402
4,1.40977596507674
4,1.03038551350847
4,1.31325423923651
4,1.09713485362614
4,0.780156350798758
4,1.26928029214261
4,1.28285088906263
4,1.05017753982363
4,0.89743223238101
4,1.14432242539949
4,1.24672425507379
4,1.13657123905592
4,1.01216960829499
4,0.653858000994072
4,1.29307212287599
4,1.16636269487025
4,1.24995393618479
4,1.20017753369312
4,1.16401610670126
4,1.19120545598365
4,1.34345625244447
4,1.32839825619567
4,0.974490408706618
4,1.10615472263897
4,1.08291854918799
4,0.969082380526877
4,1.10495124146614
4,0.901338912546367
4,1.3080990398668
4,1.30952763929465
4,1.46357708423702
4,0.846622703169238
4,0.970795874412732
4,1.05666493777823
4,0.995916356901788
4,1.33335980562236
4,0.966799177840695
4,1.21692959004833
4,1.14092782621249
4,0.869699528668119
4,1.27969975366178
4,1.23282705257212
4,1.14214253058906
4,1.09892037562602
4,1.29052162628561
4,1.27830572951766
4,1.05403700350133
4,1.02039228453793
4,1.1624888233818
4,1.36402837264226
4,1.12729332414736
4,0.991918751334852
4,1.15544610341834
4,0.944370447554809
4,0.823663203959669
4,1.42611745554871
4,0.886585367084176
4,1.17918336333607
4,1.17549816761212
4,0.968753668434319
4,1.24805097066779
4,1.04274865180862
4,0.660663466656231
4,0.938701955498416
4,0.787761158647497
4,1.10994577327017
4,1.07765634846096
4,1.2014063086289
4,1.08681048772125
4,1.1566421368435
4,1.30873693601314
4,1.32929731251513
4,1.06039869312131
4,1.27148060301206
4,1.31357414795327
4,1.02900828410556
4,1.38348586236879
4,1.11660899703818
4,1.1273830830156
4,1.5
4,1.18827589137612
4,1.16283037641203
4,1.08545330086734
4,1.06975537406342
4,1.18455474017928
4,0.981502084244383
4,1.12082896089543
4,0.928637718497228
4,0.898450025824449
4,0.401339676432427
4,1.19299241449901
4,1.17087778233884
4,1.28829410680744
4,1.13561338746728
4,0.917836584905663
4,1.16548552372595
4,1.08338655507753
4,1.04137590354763
4,1.24074906340621
4,1.01027302961045
4,1.24505052484243
4,0.82054156254827
4,1.05870194585503
4,1.36065230756235
4,0.98642466309172
4,1.18440708567156
4,1.221170374667
4,0.827195231029194
4,1.02009840689919
4,0.86800885919415
4,1.36317326914918
4,1.10951253086489
4,1.47953970009385
4,1.23505947268519
4,1.37268364426331
4,1.08193786233086
4,1.23325788770543
4,1.05413217123545
4,1.0563096971199
4,1.22859308669102
4,1.3075107059358
4,1.01517968764868
4,0.828719650697855
4,1.19524634398309
4,1.22654777718903
4,1.24521739827161
4,0.981562937845097
4,0.895612945921417
4,0.783509428154271
4,1.06188530905252
4,1.20194733927891
4,0.974539194777084
4,0.948321629700458
4,1.15381727597827
4,1.2253345037352
4,1.29190718898419
4,1.26735061806242
4,0.525869778797308
4,1.23486119321529
4,0.950658557444767
4,0.805373998311725
4,1.1525289414034
4,1.29310711654036
4,0.603399123853025
4,0.996414907827729
4,1.13920601570535
4,1.20577167327673
4,1.4117873662239
4,0.993764314167268
4,1.29295871897191
4,1.16388825004197
4,1.40216920161376
4,1.31666576811915
4,1.20929035862801
4,0.670421510970252
4,0.799851804898442
4,1.39845500545868
4,1.06075081582273
4,1.11868202326244
4,1.12360328659369
4,1.23264860723453
4,1.07627853727161
4,0.926192283666688
4,0.723171782175148
4,0.809609695603462
4,0.969851463147384
4,1.1066970368834
4,1.25777637957264
4,1.15024975134122
4,1.26756665259561
4,0.975016053545787
4,1.23340329760651
4,1.17320661275752
4,0.909041132027393
4,0.929434268742193
4,1.21183229654261
4,1.15806446793052
4,1.26911948542561
4,1.2439393937329
4,1.06196992343087
4,0.987169155145032
4,1.31288131484053
4,1.28218806843241
4,0.941715149370528
4,1.20340174138163
4,1.19178498656383
4,1.21764323949711
4,0.967112297023676
4,0.934981761983561
4,0.995925553064619
4,1.20096425774735
4,1.32160653919919
4,0.903323096928614
4,0.97598919869337
4,1.25160269314464
4,1.08773667366767
4,1.26473170458222
4,1.23148442274086
4,0.951435478450599
4,0.862969288111567
4,0.49377495052784
4,1.11370980976094
4,1.04782185207742
4,1.03367573515811
4,1.23289642920157
4,1.12210332790138
4,1.16322881217568
4,1.20283420145443
4,1.05499343037645
4,0.927880079931259
4,1.11813762196831
4,1.17178802644027
4,1.17959332257638
4,1.24786664795164
4,1.14339974935684
4,1.05465876430721
4,1.08269521657676
4,0.902371492176783
4,0.684713583714844
4,1.0134810280141
4,1.17190062193339
4,1.28373471020258
4,0.868226878343517
4,1.14751353471957
4,1.11113912539596
4,1.22772885955111
4,1.07079888221606
4,0.959992773984046
4,1.10810444487887
4,1.31769800702459
4,1.28741722044943
4,1.11003026152204
4,0.629744447194745
4,1.29908853786595
4,1.2612292137728
4,1.35113605644784
4,1.31112363639289
4,0.917819209552331
4,1.01729272378888
4,1.10435535001489
4,1.27542887556851
4,0.879416925057022
4,0.912997421079325
4,1.33697979023886
4,0.855382565258814
4,0.714415193680396
4,0.994333999945659
4,1.08463561330823
4,1.14028449254385
4,1.33222039885347
4,1.08344312073672
4,1.18570393481361
4,1.03838679535802
4,1.05256110670529
4,1.01680969939736
4,1.08363719854609
4,1.229745247227
4,1.27743576898809
4,1.22628203229979
4,0.702340791647387
4,1.28611971924937
4,1.09511502290527
4,1.23843371268529
4,1.04579197307496
4,1.04408746426442
4,1.04649908003613
4,1.23905662621954
4,1.33470849038363
4,1.10288190153887
4,1.04562711223295
4,1.10860376384464
4,1.34301834628799
4,1.06524935064395
4,1.15203030393811
4,1.1895332439372
4,1.00642730299329
4,1.17961243919831
4,1.25721123117013
4,0.702219055996236
4,1.0649543271745
4,1.14027909281422
4,0.776023948720429
4,1.27173505710045
4,1.10433154912633
4,1.28068078830937
4,1.41229445987043
4,1.17697419387286
4,1.39060414767297
4,0.708561023373354
4,0.654370754603943
4,1.09659651749697
4,1.24551938526666
4,1.14324458184551
4,1.08881902312044
4,1.16974445221937
4,0.951495150080559
4,1.27227084978781
4,1.19525862364551
4,0.748918911147299
4,1.12231317674414
4,1.18387690197053
4,1.23575222822929
4,0.843338086327719
4,0.639766263473159
4,0.716989220956219
4,1.13946672859094
4,1.38686819487469
4,1.23165643977561
4,0.923527777446766
4,1.19006195233968
4,1.22627131352485
4,0.956401041523455
4,0.86006129131504
4,1.11994365771012
4,1.22080441846477
4,1.21179027197888
4,1.08369443682149
4,1.26492169218177
4,1.08150231912636
4,0.950275565686178
4,1.30554080373402
4,0.694876269487346
4,1.10016251748757
4,1.05612955866573
4,0.717770380207619
4,0.94109025630639
4,1.35574685582212
4,1.03125918607174
4,1.03917468454421
4,1.22659572375992
4,1.10800319261984
4,1.10229707578065
4,0.987684476285209
4,1.20105098112953
4,1.0339072503584
4,0.803324428754496
4,1.24299027369586
4,0.904864161766444
4,0.632733216021012
4,1.24104930229127
4,1.05788476214614
4,1.42650580253661
4,1.28039815202466
4,1.08708302777948
4,1.25553708847213
4,1.09099865551272
4,1.18876180587661
4,1.16838455347721
4,1.00260076419046
4,1.13452474920562
4,1.38619255565542
4,1.20741354230931
4,0.771683204365053
4,1.16064255998641
4,1.34501975967217
4,0.751370195566403
4,1.17812789974863
4,0.875678795705896
4,1.13734572839337
4,1.07990953258378
4,1.43660976878952
4,1.21887504667523
4,1.28224744078298
4,1.02327354643581
4,1.07969972915826
4,1.09822350694377
4,1.07404127785699
4,1.03257675850416
4,1.23734533800206
4,1.03816850686226
4,1.09958415362287
4,1.0134706530643
4,0.914421872453019
4,1.23188411780954
4,1.13335321076982
4,1.08144170183442
4,1.12218315346386
4,1.09400605930202
4,1.3781012277531
4,1.15459981431503
4,1.20554218954648
4,1.25671806983701
4,0.822767770135478
4,0.935634759476473
4,1.296483264116
4,1.14749283485824
4,1.04123978640501
4,0.990770100560928
4,1.11511632791716
4,1.23940473133248
4,1.07995597525999
4,1.29837125908914
4,1.17947560682638
4,1.39320614440209
4,1.21244827219396
4,1.10264803307472
4,1.29740362770099
4,1.09318710943197
4,1.18969403487156
4,0.993752414624429
4,1.04126140904355
4,1.25451035591849
4,0.762008571726811
4,0.650907035466287
4,1.26271653525155
4,1.22163531014876
4,0.601261865817846
4,1.21001936898028
4,1.08269582374871
4,1.14481252379906
4,0.871190715285972
4,0.964860613855792
4,0.968331277023378
4,1.24681377538274
4,1.07042976594251
4,1.23866407258157
4,1.04331033942945
4,1.16861914193463
4,0.730190685823354
4,1.34497495493228
4,0.867553547125533
4,0.967653469578835
4,1.09955866006878
4,1.02963109123545
4,1.1412481001411
4,1.19584589912871
4,1.1078065313259
4,1.02675708940036
4,1.07156047926516
4,1.01878710533693
4,0.66024357586881
4,0.668296501874385
4,1.30012762301837
4,1.28435626946186
4,1.16724253049875
4,0.908487908409683
4,1.07695348770872
4,1.13365675944209
4,1.00127545991484
4,0.844406034674078
4,1.00441376904675
4,0.873430089522053
4,1.03815141758541
4,1.19170093662934
4,0.818415925036505
4,1.31264946763989
4,1.24883098488982
4,1.17214571109442
4,1.1018037785702
4,0.56653552868602
4,0.647416587526604
4,1.27968575815893
4,1.03778115446271
4,0.653464898535918
4,1.15609701252687
4,1.19521999215287
4,1.18572285647107
4,1.19222323260788
4,1.22431081787635
4,1.14521762511674
4,1.13172654233301
4,1.0501251556269
4,1.30339816902892
4,0.942028695903654
4,1.06587713164493
4,1.2699747139872
4,1.15959081771406
4,1.19727816610282
4,1.26975487642791
4,0.938989061882438
4,1.24188559495041
4,1.22562292697315
4,1.18256392261257
4,0.942720083087941
4,1.13262035511904
4,1.09365932250861
4,1.01030440643068
4,1.14132749781071
4,1.26082411365228
4,1.21922020900874
4,1.04250923773475
4,0.720697742398517
4,1.14848669217614
4,1.2781630955766
4,1.11248103929254
4,1.05553623237539
4,1.24539665389677
4,0.975470132722435
4,1.09186250215536
4,0.994394539491042
4,0.936733378833144
4,0.892380590520958
4,1.01536359589607
4,1.17736422555208
4,1.20428582083779
4,0.953370060036581
4,1.12361638673357
4,1.24134192694782
4,1.03099205803182
4,0.924897245064524
4,1.07512769494021
4,1.17656186776789
4,1.36578555649577
4,1.27629061697999
4,1.18257726505495
4,1.2448855859614
4,0.914254497254226
4,1.18812077239833
4,0.863284363924803
4,1.27179355148571
4,1.31746733879323
4,0.987208559646912
4,0.78055772861743
4,0.941742213365699
4,0.907794699724288
4,1.14992396867859
4,1.11922202926676
4,1.24211350839364
4,1.18988988426687
4,0.794843290079149
4,0.844120122618935
4,1.34635957833007
4,1.04089390048839
4,1.27906282146158
4,1.32042117999614
4,1.05151611963628
4,1.34009496862184
4,1.22210110307702
4,1.45377917870318
4,1.33793838097609
4,1.34799614021896
4,1.14575452290519
4,1.23191599516963
4,1.01387930548517
4,1.19025291587824
4,1.02816076821937
4,1.29841652391146
4,1.17842851200001
4,1.11970957483739
4,1.15491878513571
4,1.01471583518416
4,0.97899894320906
4,0.863803074029555
4,1.26086205757234
4,1.41726740447933
4,1.27693914059946
4,1.1300907760502
4,1.03274387798382
4,1.4189299465054
4,0.853079175486928
4,1.29061663442748
4,1.26438875240576
4,1.25130889914847
4,1.24680294957429
4,1.22110506044131
4,1.31581288409414
4,1.03548714491249
4,1.30128102799294
4,1.06987691996957
4,1.15529128580254
4,0.78670204760199
4,0.996691969123033
4,1.04799962727277
4,1.03234765599176
4,0.770870347962846
4,1.07298302922355
4,0.979921955339872
4,1.27215419208328
4,1.32454866699968
4,1.08759754980139
4,1.066157474729
4,1.05582295043554
4,1.0109841277823
4,1.077606394379
4,0.756713123633243
4,1.19016805859855
4,1.23084408037523
4,1.10836026239516
4,1.10115308967369
4,0.720154078641732
4,1.36456072322476
4,1.31107445675229
4,1.03961279503201
4,1.10235061666371
4,0.88435201369987
4,1.05978628866051
4,1.22263891183873
4,1.23630171471535
4,1.06058560043531
4,0.800827225531303
4,1.18174378933668
4,1.37755607971253
4,1.16876833025643
4,0.77836419638683
4,1.15379195968462
4,0.95572404774915
4,1.11038114764937
4,1.14719962023569
4,0.87413530950023
4,1.13783866518792
4,1.46839044019102
4,1.21391779601986
4,1.17988916098949
4,1.12428830091472
4,1.09049225067962
4,1.30948002037917
4,1.21349507164248
4,1.33641915144894
4,1.15151516804262
4,0.950623028482919
4,1.01630245730741
4,0.878296253599677
4,1.14836788838185
4,0.805840696261998
4,1.15839026899573
4,1.46926322273168
4,1.13141031184764
4,1.15164664865571
4,0.678818516174713
4,0.823306503991727
4,0.974604139045007
4,0.946075694434402
4,1.13677752475954
4,0.617587823250853
4,0.901591080123723
4,1.0720283415411
4,0.978321649776276
4,1.30311151558736
4,1.27645202024367
4,1.21917686030102
4,1.20855779364833
4,1.13573347464325
4,1.06184317465269
4,1.2227852354921
4,1.19917325054589
4,0.991347276304375
4,1.22427707924741
4,0.868336655713804
4,1.11502707364555
4,1.30821984370537
4,0.844962926761802
4,0.81216207711659
4,0.934224261968251
4,1.14312601745259
4,1.03198493214828
4,1.05404779370728
4,0.666437981069381
4,1.16349640861323
4,1.2998295054287
4,0.963577423235515
4,1.24957153261951
4,0.967077396155736
4,0.875605221245249
4,0.849624593442941
4,1.11953808305497
4,1.28292982229314
4,1.08455319576572
4,0.820553600454208
4,0.902127018869329
4,0.773192699279385
4,1.10519646197128
4,1.23140853277789
4,1.29399109192831
4,1.33689110206183
4,1.21123352825724
4,1.36752046143905
4,1.07918125945745
4,0.865296083763488
4,0.790235283152733
4,0.9588907484533
4,0.88805022201562
4,0.908229702414559
4,1.35728883582727
4,1.2656350640513
4,1.30422359407692
4,1.39434006813426
4,0.673004904221541
4,1.28005186725846
4,1.23455841691219
4,1.12279047007898
4,1.03483741503616
4,1.05761299537515
4,1.18600884135464
4,0.70892012039655
4,1.03396928083496
4,1.0570680144835
4,1.24567753582616
4,0.930513876832255
4,1.2967686805859
4,1.00964805801791
4,0.999395581584613
4,1.05015154940209
4,0.82533590049101
4,1.13734410650493
4,0.670648402718166
4,1.11590566719031
4,1.16663929982901
4,0.838984325174104
4,0.725571974836617
4,1.13547480611544
4,0.767252363607467
4,0.776621544750893
4,1.19448019352239
4,1.16919422853709
4,1.18873879253916
4,1.3890459615183
4,1.11741533320128
4,1.05693972127829
4,1.08225221850991
4,1.12400148441517
4,0.842127615154174
4,0.997585918109581
4,1.11715981119124
4,1.09395820098961
4,0.751879804256661
4,1.14199788909686
4,1.10783832160415
4,1.13979936720796
4,1.27060778299765
4,1.0223906400768
4,1.23860522967201
4,1.259272382615
4,1.21582762429732
4,1.06905864261635
4,0.993318462833332
4,1.07059995041394
4,1.13875194729475
4,0.855397453257236
4,1.3137723015614
4,1.07689481002639
4,1.27425212401793
4,0.860763888360892
4,1.17690231458231
4,1.10071230923649
4,0.882679448540767
4,1.01449667579775
4,0.904030090713083
4,1.06226591977432
4,0.883631411123769
4,1.17931972484555
4,1.24620485046384
4,1.03291809957836
4,1.18962366352038
4,1.07702567619742
4,1.21582467753225
4,0.618574488376006
4,0.783135174356214
4,1.26721395633792
4,1.00947489169961
4,1.08341764131043
4,1.14447856292199
4,0.982666022708411
4,1.28380062931141
4,1.11712811101705
4,1.21380251835995
4,0.710820228728688
4,0.661481324300025
4,1.26064339036256
4,1.44925692915178
4,0.848544934543994
4,1.17719018029002
4,0.99112653608352
4,1.15096724172281
4,1.09974108702249
4,1.10355920191822
4,1.16382236548442
4,1.18865567498558
4,0.673625290856906
4,1.10655708157949
4,1.20265048571193
4,1.23003222378088
4,1.19380225768827
4,0.824693361147795
4,1.31244377500867
4,1.06733415414673
4,1.12073970210186
4,0.775040978198887
4,1.11418811774494
4,0.896725540270369
4,0.771998202637658
4,0.958023946031157
4,1.29102462023202
4,1.15958406954833
4,1.34659264517237
4,1.1239177313992
4,1.25467586462197
4,1.04839479895976
4,1.15280078651387
4,1.01339932102071
4,1.15187674836399
4,1.18011580443668
4,0.973238760164158
4,1.0473016135115
4,1.07693521886048
4,1.46603806273277
4,1.12059051015364
4,1.49787017245424
4,0.987305291967106
4,1.02286188303193
4,0.911196522786587
4,0.838173868808931
4,0.795854481349291
4,1.13882963796612
4,1.19238142146354
4,1.32545506602154
4,1.03077884774643
4,0.979151834378284
4,1.12290484542733
4,1.3011730302047
4,1.02002788251528
4,1.3206333545269
4,1.0563137966001
4,1.08792999066818
4,0.913373232734064
4,1.18205620496562
4,1.158552874409
4,1.29217701134939
4,1.0799114180594
4,0.519131778105077
4,1.36776057871285
4,1.20538437804674
4,1.17338834171508
4,0.723978249887877
4,1.30144361808424
4,1.01051682874366
4,1.01477339676331
4,0.962403168126175
4,1.08023046633831
4,1.29537964957313
4,1.27314755201417
4,1.00655593379615
4,0.949028469689825
4,0.717098600935671
4,0.955507979986884
4,1.14368730159139
4,1.31744464721402
4,0.578797894179708
4,1.07593346576624
4,1.07823538576337
4,1.23232157533054
4,0.817622880304644
4,1.08574447087601
4,1.1937215339719
4,1.21252645932266
4,1.10540834454488
4,1.30647661451193
4,1.11632576659653
4,1.03957557110761
4,1.25388855548754
4,0.984726148288378
4,1.21376026376623
4,1.3145724645183
4,1.22286122932165
4,1.18848786138055
4,1.15807251799582
4,1.02277570784408
4,1.07612527232424
4,1.05228621979478
4,1.06948412038151
4,0.788589311740984
4,1.38777525698136
4,1.04033577213916
4,1.30815854552169
4,1.08557322342618
4,1.04072829231857
4,0.987451271476817
4,1.20492643560888
4,1.10820378621413
4,1.06948082078251
4,1.01091338389875
4,1.14959263153407
4,0.692900847572102
4,0.518304994098991
4,1.14087666446324
4,0.889207247324048
4,1.09149787838216
4,1.00689243955443
4,1.11174020359131
4,1.14250736353822
4,1.3868581096772
4,1.17955152095422
4,1.25800138050171
4,1.18754930061627
4,0.990627710025776
4,0.966559962612159
4,0.98959783317567
4,1.07511850464001
4,1.0254853019903
4,1.1826394675067
4,1.04367575779127
4,0.776039544673233
4,0.88345052117065
4,1.22733112743548
4,1.09723130607238
4,1.35448231081901
4,1.21839673050468
4,1.40723427205801
4,1.2457362103544
4,1.01126822598695
4,1.0062063335883
4,1.16137037510016
4,1.14686658604447
4,1.29073418732743
4,0.944778891244854
4,0.958144633396494
4,1.04728735418181
4,1.20996022284678
4,1.02470660249253
4,1.19394274954595
4,0.8117815722603
4,0.683276878486055
4,1.06131095691127
4,1.15010237679217
4,1.22061713898039
4,0.918407646892456
4,1.12857491646095
4,1.21813521480197
4,1.15996993675655
4,0.94044686242137
4,0.958552044232252
4,1.15154364809448
4,1.17494349082569
4,1.11115619700697
4,1.00806532178222
4,1.0976325339264
4,1.15234375156438
4,1.2178086053052
4,1.20190010946049
4,0.986498470629892
4,1.09308005510186
4,0.910107861251043
4,1.00446498269321
4,1.10296656744775
4,1.12750320199972
4,1.12282563959342
4,0.969292928724542
4,1.05756002887396
4,1.14981011418574
4,1.03298057019556
4,1.25528375260916
4,0.755402535469016
4,1.40401195148547
4,1.19692150070545
4,1.09885629022852
4,1.02608450458948
4,1.14601256235828
4,1.13087496313585
4,1.24321766193645
4,0.810429171400844
4,1.42666837710122
4,1.26953745413692
4,1.27193691488843
4,1.2743937062604
4,1.08722961290442
4,1.02904865795877
4,0.823971416188225
4,0.958131820026879
4,0.720492694928757
4,0.673761268277131
4,1.13374827147551
4,1.00692108176815
4,1.07446038508529
4,1.21716109772568
4,1.03470025256718
4,1.28023830572805
4,1.10902458377816
4,1.26591856628732
4,1.25407715540298
4,1.09201211281548
4,1.0786792859356
4,1.27907794438335
4,1.26478498703811
4,0.75290114599644
4,1.14645190265048
4,1.15976994629108
4,1.15502605008566
4,0.790074592871685
4,1.28284201082321
4,1.15515379380148
4,0.75366088745151
4,0.824998383080294
4,0.61349268973473
4,0.86262256649454
4,1.31576536764581
4,0.98860447588154
4,1.4285711509533
4,1.16580939042052
4,1.2306978652839
4,1.04966576052214
4,1.23314667598605
4,0.9072987939716
4,1.25541308756034
4,1.28958239322461
4,1.15086542503536
4,1.23686592632263
4,1.15968401654163
4,0.951852689209392
4,1.11796223281162
4,1.26100434471377
4,0.853880600796918
4,0.855096432260223
4,1.18887146637803
4,1.03559285447937
4,1.08131478106805
4,1.04468054537804
4,1.04727770320833
4,0.672680405746352
4,1.14385331125928
4,1.32350544219615
4,0.587014858847657
4,0.946155438126395
4,1.11603834153953
4,1.14676362447574
4,1.29818205268107
4,0.962081380671177
4,1.15550671651208
4,1.13899659074021
4,0.798531244716478
4,1.24410885148607
4,0.811562375340668
4,1.44570830520816
4,1.27126727084828
4,1.00444018176422
4,0.868022533368074
4,0.839817944804378
4,1.18639537623569
4,1.12060833249035
4,1.16021668225853
4,1.19080313523565
4,0.582168491232462
4,0.899089764263292
4,1.13616721334337
4,1.20667808900784
4,1.14711930089025
4,0.939293096909526
4,1.14552841423484
4,1.063594103475
4,1.1994843829623
4,1.2833095328328
4,1.04089819444594
4,1.04819449375515
4,1.00091986103208
4,1.27682154733685
4,0.720863427034859
4,1.41139308793589
4,1.08069168822847
4,0.937084585326399
4,1.32740035588322
4,1.09489641338637
4,1.2209389048254
4,1.26544197448608
4,1.21312728594011
4,1.24636493529088
4,1.07143792741291
4,0.868454722328386
4,0.730325405863012
4,1.29070080298244
4,1.01618819103195
4,1.18607730442506
4,1.19434576846775
4,1.05640984983242
4,0.825177575581291
4,0.95969803287281
4,1.1783980532389
4,1.04050955009412
4,1.20471990932816
4,1.21265483683725
4,1.06390131914323
4,1.03650181266931
4,1.16461418771658
4,0.861441453438856
4,0.878540231933544
4,0.790208843742122
4,0.925296961635859
4,1.14151620855481
4,1.24670091749446
4,1.23207343168171
4,1.21651323782732
4,1.04064151098704
4,0.912608862848653
4,1.19071691841606
4,1.12783590655751
4,1.19037790304238
4,1.03135989024806
4,0.601699724421825
4,1.01366575181619
4,1.18506595525747
4,1.07545940675996
4,1.03279801714978
4,1.09173841892835
4,1.21013365107414
4,1.06131366069961
4,0.623839022883964
4,1.16581916478342
4,1.01806964503337
4,1.02795179027619
4,1.09451515381797
4,1.10295486212677
4,1.32714993088626
4,1.39907486403501
4,1.15738720317439
4,0.844597379339724
4,1.22089979562141
4,1.10345464554351
4,0.765045298113182
4,1.2096454585373
4,1.25676398868682
4,1.01155706449098
4,1.16432252213508
4,1.0764244110113
4,0.701161402096935
4,0.862581895473747
4,1.27651157889361
4,1.29257344166228
4,0.889162034398121
4,1.12303475247828
4,0.949895495770871
4,1.03947510150014
4,1.07533577260727
4,1.01399046141523
4,1.28216960499361
4,1.25472607157653
4,1.31243531756241
4,1.2835796759099
4,1.15383389995863
4,0.660413623079316
4,0.96059293579353
4,1.14425444759393
4,1.03719239249481
4,1.0022776957105
4,1.02256644122533
4,1.17538567866062
4,0.621113694549849
4,0.995721746557045
4,1.021888130997
4,1.26978209560282
4,1.42089204198063
4,1.23575113785555
4,1.11186891384439
4,1.5
4,1.12527780401641
4,1.37401245507263
4,1.19935582320404
4,1.03292751407777
4,0.915596451586739
4,0.891714455397367
4,1.06529473021158
4,0.987443140208909
4,1.25503847497145
4,1.27756810220175
4,0.980349410379933
4,1.49869608204738
4,0.76713219284512
4,1.1859809863902
4,1.39054574639357
4,0.571824598761714
4,1.07727329268204
4,0.753816286799394
4,1.22296032231082
4,0.842507040207739
4,1.07617128519252
4,0.963282482473258
4,1.0114399903258
4,1.15710445702385
4,1.03072844755136
4,1.11366838536378
4,0.931155407210794
4,1.11911883049703
4,1.1382226261402
4,1.1508044625957
4,0.637021970456281
4,1.10393640085691
4,1.28936876237835
4,1.14213919564112
4,0.937350496231822
4,0.609666330609708
4,0.928739108278369
4,1.14006872709257
4,0.872240473416824
4,1.27870117635313
4,1.09795190172937
4,1.35426388207774
4,1.24433418600422
4,0.913823920573647
4,0.970165653833802
4,1.15138709927958
4,0.99907032749658
4,1.11244918370187
4,0.977444569654702
4,0.84543860859184
4,1.28561250911186
4,0.857472123033674
4,0.746577188589405
4,0.912383819240014
4,1.26880226131485
4,1.18083962292747
4,1.06937580548159
4,1.10537428888652
4,1.4533056200902
4,1.27471587677637
4,1.07513876740922
4,0.956958123607857
4,1.1817625783334
4,1.04209593040925
4,1.17211575409387
4,1.10335770193675
4,0.911529669135196
4,1.22773953273399
4,1.04026474026039
4,0.93596535296778
4,0.782555514892552
4,1.23282780278671
4,1.18839310007247
4,1.22212594350208
4,1.17102590737885
4,1.07842984625748
4,0.988577527725093
4,1.24619394286686
4,1.34314725532739
4,1.12871864714185
4,1.36283166921071
4,0.975419564747001
4,1.07464591183306
4,1.07467568008402
4,1.08136430547626
4,1.089120926876
4,1.03731545814847
4,1.07266221771383
4,0.782488303823876
4,0.96036027040508
4,1.20759580705254
4,1.12682026295866
4,1.1595712593235
4,1.21890780080344
4,1.04617205780877
4,1.09799978748921
4,1.11437103968194
4,1.24150797439942
4,0.804104914844864
4,1.19013354293343
4,1.36677766127845
4,1.24283317429795
4,1.09291837821125
4,1.14966949652623
4,1.14102375565156
4,1.24756950871789
4,0.959709010458736
4,1.19986917243521
4,1.01278478998606
4,1.2191208201002
4,1.09460780976605
4,1.22402712335156
4,1.16036181219858
4,1.03285567215621
4,0.92140973801525
4,1.27212156589139
4,1.14704862844362
4,1.10177036340503
4,1.1261193083059
4,1.45204170807498
4,1.07809596056285
4,1.5
4,0.722848000305287
4,1.22104950099478
4,1.33739825929943
4,0.772667527729752
4,0.915057879795839
4,1.26398210627285
4,0.765249347986345
4,1.1315800451135
4,1.05251277287368
4,1.18741982227494
4,1.1042660532401
4,1.1786417894399
4,0.829098433148397
4,1.03421599286493
4,1.30550920015563
4,1.25814537182356
4,0.870427329975192
4,1.35693917121612
4,0.723450143171774
4,1.1644778672572
4,1.21080367163445
4,1.40129978144827
4,0.712938780512741
4,0.954486112045431
4,1.25897192851182
4,1.11658416591227
4,1.06566465126487
4,1.04530727257426
4,1.19955705537031
4,1.19989376167046
4,1.02038999768401
4,1.00645213368768
4,1.12760655366531
4,1.08191615388344
4,1.22321972167944
4,1.28746113170977
4,1.18876928067397
4,1.21840727157433
4,1.05890505082277
4,1.13311967588299
4,1.22199077108095
4,1.17370807628561
4,0.781155445944822
4,1.19980738010021
4,1.36811609568041
4,1.1422775741657
4,1.29924115244099
4,1.04970850381331
4,1.34233694127292
4,0.850804598401755
4,0.621235888067005
4,0.802631425500187
4,0.992870251710184
4,1.17820458483681
4,1.24468768874728
4,1.23060872716615
4,1.01403982930548
4,1.31039156252303
4,1.08769663894592
4,1.06215449868632
4,0.920047445764181
4,1.18942135648086
4,1.19197504828157
4,1.14854853878603
4,0.613238683022025
4,0.904075153396101
4,1.13848760977909
4,0.983259937515322
4,1.02994589698136
4,1.30464688885117
4,1.15162996660578
4,1.27803069067573
4,1.32408055123555
4,0.980327215626095
4,0.845520357925286
4,1.16871174079941
4,1.22020986656631
4,1.36787456488518
4,1.22418700340065
4,1.18301850401165
4,0.599074134111572
4,0.895699251968753
4,1.13208065577459
4,1.10288335849577
4,0.95410675568191
4,0.7968989953926
4,1.11886926155446
4,1.39524481345393
4,1.13276046558245
4,0.919932898808978
4,1.21383732360462
4,1.08180400225094
4,0.935538697406637
4,1.07975855607963
4,1.2279054014629
4,1.13227177441341
4,1.40379345736607
4,1.18508453762977
4,1.15027302002244
4,0.836702317235696
4,1.14524395920593
4,0.85315595760345
4,1.13236504025316
4,1.31314520739543
4,1.21066567399907
4,1.11528007151363
4,1.06748457649122
4,1.21587795033227
4,1.08762852254492
4,1.01741416877285
4,1.15936126006393
4,0.78537710229884
4,1.15432714069411
4,0.705443144225532
4,1.46089750924882
4,1.23987582617929
4,1.15587482509616
4,1.31022926757838
4,0.993416071691953
4,1.01157540165915
4,1.31622594083636
4,0.945264586522018
4,1.06965937542695
4,0.896150644220868
4,1.26854856180554
4,0.741982567856844
4,1.43256361014971
4,0.715638106306887
4,1.00377290553315
4,1.03695422467278
4,1.27008238067069
4,1.19462524712223
4,1.19034891171736
4,0.815694340317933
4,1.07912418309558
4,1.06367352722162
4,1.22147783975421
4,1.27149577808028
4,1.17941026416144
4,1.16732957711806
4,1.09519289724772
4,1.34748060655943
4,0.902324418600778
4,0.759778596443357
4,0.995378509775503
4,1.07129519914338
4,1.10865785650758
4,1.09814437039932
4,0.891392994344698
4,1.41813095526733
4,0.723273131110464
4,1.32906586795687
4,1.31077947320015
4,0.989602001992552
4,1.24516236987621
4,1.0058673479917
4,1.25098634494476
4,1.15226710665104
4,1.12914109817778
4,0.722965996627276
4,1.01234952574873
4,1.05355546114424
4,1.2150170380917
4,1.26606207811237
4,0.750076979738142
4,1.37282999189758
4,1.11348647847084
4,1.0157279358769
4,1.08046646971182
4,1.35396814872644
4,0.97271309570144
4,1.00062983728941
4,1.20567944693075
4,1.19056842194739
4,1.2228680579792
4,1.25350621923493
4,1.0675730481492
4,1.22744266541339
4,1.08786411222636
4,0.617780361175238
4,1.06899646249087
4,1.1878988593572
4,1.09997838557872
4,1.1294645237663
4,1.1568569638541
4,1.03808978369499
4,1.3450371564024
4,1.42964667891066
4,0.66437249005926
4,1.15070527718967
4,1.00788934965577
4,1.06590507040608
4,1.1175829738605
4,1.18116396606764
4,1.02095237656048
4,1.06988906439036
4,1.28666735276432
4,1.1868238370341
4,0.979152760729723
4,1.23220141076143
4,1.12533578512262
4,1.00951741685447
4,0.828542104285488
4,1.26057527512727
4,1.12528754512217
4,0.943778202640888
4,1.39142891301139
4,1.10844551555681
4,0.812266080262731
4,1.11518229627976
4,1.41083419020011
4,1.27568364087102
4,1.08727729209841
4,1.04721986246748
4,0.954023417172785
4,1.09382471410852
4,1.37479169472031
4,1.09427109770301
4,1.20655324604633
4,1.31163901494283
4,1.24793086756003
4,0.787915127482398
4,1.2384563015029
4,1.20156697586726
4,0.983020007033151
4,0.846843074736381
4,1.42489101899841
4,1.13265155660021
4,1.21406064113938
4,1.31215755228129
4,1.03577458406021
4,1.27606101704678
4,0.8222247287159
4,0.67695001315673
4,1.09103677705639
4,1.05580417207374
4,1.05928854978762
4,1.19716448905036
4,1.19622729055748
4,0.96249755749016
4,1.0652157815275
4,1.21353955280535
4,1.2564276484804
4,1.08016484532763
4,1.1010820132746
4,1.1345701865455
4,1.17596154931094
4,0.95616086263319
4,0.951841860313723
4,0.95624683630065
4,1.36742573544151
4,0.801737038167861
4,0.935570586112865
4,0.868343893284732
4,1.06616031843341
4,1.27628487733717
4,1.17409574155674
4,1.27864938660592
4,1.17223815649224
4,1.13187126628702
4,1.16346914559801
4,1.06585847172504
4,1.32897304487974
4,1.04255605975722
4,1.14158911137034
4,1.0781894235635
4,1.11576895633362
4,1.03634853062128
4,1.28354027888754
4,0.985670957807936
4,0.611667334255052
4,1.01828511132195
4,1.02348783023056
4,0.934206264683964
4,0.970160877904098
4,0.759886799326045
4,1.03040842136691
4,1.11570283387098
4,1.13611486484419
4,1.37574390257986
4,1.18891599053624
4,1.19506056590391
4,0.692225473635225
4,1.04751731021268
4,1.3263255557314
4,1.24110013671223
4,1.13919795484004
4,0.98499641030732
4,1.05966738198169
4,0.818573205771731
4,1.1654211400984
4,1.3151676652859
4,1.20923597979744
4,1.11690407320064
4,1.17281796019509
4,1.09055438336069
4,0.708993929979212
4,0.792153459861675
4,1.22649335288954
4,1.05044476217662
4,1.11635786932826
4,1.31367203866078
4,1.01491635374463
4,1.12980780473824
4,1.02113427793176
4,1.13885955564491
4,1.24223782797058
4,1.13223400462469
4,1.30136213110532
4,0.997138031748695
4,1.36133118500081
4,1.25610955171638
4,1.21581723469486
4,0.744898989034276
4,1.05136504134979
4,0.950891847775341
4,1.18364277893037
4,1.1068306903628
4,1.0072177096759
4,0.752883122661384
4,1.39389132580034
4,1.0913236586548
4,1.32522545110902
4,1.20060439042815
4,0.991466307029481
4,1.27318795782164
4,0.975144721464012
4,1.10721413468379
4,1.30165895772258
4,1.27029539580787
4,1.03683303744015
4,1.0453709659007
4,1.17708339843413
4,1.06916399618226
4,1.41596865352041
4,1.18563834153735
4,1.20105788048506
4,1.00857440819503
4,1.31255739170995
4,0.818599166515637
4,0.948662263024119
4,0.86055658177678
4,1.04148190117143
4,0.873564969260259
4,1.34612290095571
4,1.13777553935315
4,1.06850193682263
4,1.05346356615585
4,0.948445824459101
4,0.682478045454222
4,1.21317817534959
4,1.13789221565263
4,1.00388032869732
4,1.24722960832639
4,1.18490583834493
4,1.31410295491695
4,0.971541551811313
4,1.11155089622122
4,0.725247155021368
4,1.00636134346125
4,1.18234377038157
4,1.17351376375489
4,1.27024536957238
4,1.07750899445246
4,1.20095332709195
4,1.16623671095451
4,1.0303814114161
4,1.18490092326826
4,0.701438623078082
4,0.814973765705953
4,1.12696728919492
4,1.31212663269859
4,1.06798954034522
4,1.07578645907331
4,0.67930246268637
4,0.735779071350235
4,1.25090310857051
4,1.20666969894205
4,0.641125263516407
4,1.1655910929685
4,1.03435276995654
4,1.1314688187395
4,1.07174464620387
4,1.03689198870085
4,1.14134769422796
4,1.07119627044488
4,1.03997231674296
4,1.14633020907562
4,0.906901330064542
4,1.29948223334015
4,0.731062492042727
4,1.191891335427
4,1.0260340774549
4,1.38912606123787
4,1.13219436857194
4,1.02102642472379
4,1.21594050440476
4,1.23458236845738
4,1.08733788842228
4,1.07694102466226
4,1.08538678701674
4,0.782004886616166
4,1.02913822819464
4,1.06526064252063
4,1.01967591064659
4,1.24765422083745
4,1.13121589645138
4,1.191327274433
4,1.03001952273805
4,1.16523147319817
4,1.24176847731288
4,1.11954116449048
4,1.01956111289474
4,1.27217710119407
4,1.04574830607777
4,1.16972478003329
4,0.61823511337269
4,1.19958312351192
4,1.11801379380471
4,1.12897920278119
4,0.831075876374808
4,0.641399460173767
4,1.11180742863698
4,1.16495468546282
4,1.02404586693017
4,0.569941331378107
4,1.07651872907857
4,1.09706859545723
4,1.27399628554784
4,0.95151750321805
4,1.30138227009323
4,0.766762875497631
4,0.732268981134006
4,1.07394773344664
4,1.00847276924369
4,1.1423437363202
4,0.8228002661381
4,1.27833236439771
4,1.38968400407766
4,0.917616063588673
4,1.00491086912693
4,1.3505981660487
4,1.14635650472205
4,1.27062427704606
4,1.12905757918503
4,1.132684505411
4,1.38673424403209
4,0.671649901560072
4,1.19105700352742
4,1.20542252786983
4,1.10697050657759
4,1.20124009669419
4,1.16772404470643
4,1.40496988016693
4,0.655781976939137
4,0.644570141272323
4,1.35063774098812
4,0.759085979191244
4,1.20059319102422
4,1.2651202360692
4,0.67008546687242
4,1.10864848982799
4,1.15268695857581
4,1.21611469911009
4,1.04859597629352
4,1.34124060332015
4,1.08561183183839
4,1.09179346860861
4,1.28273235957708
4,1.17971087527534
4,1.02572672111108
4,1.32525304145285
4,1.09923167801909
4,1.0521851278164
4,1.25681260193996
4,1.10724134546036
4,1.29697898770459
4,1.24032755181472
4,1.0328602065091
4,1.06652794180272
4,1.08946848050431
4,1.23610937733839
4,0.991955416022289
4,1.10619472870279
4,1.06781105289549
4,0.956905884278688
4,1.0434209346855
4,0.985144354963954
4,1.1703155352104
4,1.05308869740737
4,1.25753832206656
4,1.17556385932107
4,1.46285480420994
4,1.32958564242547
4,0.918655917417476
4,1.06691140348577
4,0.874734855724154
4,0.906671322375227
4,0.892194976558939
4,0.988533170960348
4,0.866932148437959
4,0.803201083511255
4,1.10990590403308
4,1.11447648684708
4,1.06764808979648
4,1.16455983122472
4,0.897185988894598
4,0.823409128373547
4,0.996616877260305
4,1.10304530100516
4,1.19015842823812
4,1.24593833223868
4,0.998137281081329
4,1.2354873503733
4,0.985318931903507
4,0.665431856257585
4,1.20753146949881
4,0.699544392687045
4,1.3108279871501
4,1.01646191466163
4,1.27611982891767
4,1.07918674059668
4,1.14477979212013
4,0.94750631024837
4,1.21639895835399
4,0.978083330408168
4,1.41771525729511
4,1.3031645433116
4,0.826314604127883
4,1.29586290085692
4,0.731147481392615
4,1.12233010764376
4,1.11342156937127
4,0.769131754073454
4,1.33283004411209
4,1.05912517322613
4,1.43231079873953
4,1.22994214765454
4,1.05281491715217
4,0.777513985454389
4,1.18821379276616
4,0.792522158311827
4,1.20209999901433
4,0.814743201911555
4,1.21615708284552
4,1.01228656457748
4,0.852296033993517
4,1.07644123495987
4,1.22965508763658
4,1.09801123976295
4,0.802293761653281
4,1.39552268402252
4,1.02972625623672
4,0.764381867863145
4,1.24829240601716
4,1.21262036110309
4,0.698564765421395
4,1.08287473352023
4,1.06440446695558
4,0.818920111625902
4,0.596478539674982
4,0.979423600018985
4,1.22406260484903
4,1.25326961160718
4,1.26264668339042
4,1.21843281919341
4,0.90913537404323
4,1.153724397804
4,1.10181742158954
4,0.845859159321257
4,1.13166039017019
4,1.15948748956536
4,0.605111463267928
4,1.31265462497139
4,1.09814023418768
4,1.17910168916422
4,1.0553373691468
4,1.1804215260794
4,1.24375095977337
4,0.819314411562614
4,0.82842553824191
4,1.10410117904994
4,1.26488038088721
4,1.23746637079746
4,1.15816962804692
4,1.09229656752968
4,0.940877823253028
4,1.06874648503512
4,0.84865357742794
4,0.672812284466338
4,1.02954530177967
4,1.09008819686865
4,1.00269552461466
4,1.03158091334095
4,1.19846582202888
4,1.10994806295555
4,1.15548726582197
4,1.16621508276927
4,1.21139574553236
4,1.2421865940249
4,0.541995794654805
4,1.10598003775616
4,1.04535561237664
4,1.08126923368703
4,1.00110479838767
4,1.28384683573819
4,1.40922341053513
4,1.05333748321661
4,1.1789086912504
4,1.09572744532888
4,1.14674578065997
4,1.15359549993736
4,1.0971692290847
4,0.780874628422383
4,1.19978071306361
4,1.27684146310543
4,0.994952250910868
4,0.963633521694508
4,1.08696156087414
4,1.1190482812316
4,1.24601908793142
4,1.15174763231829
4,0.978061899843755
4,1.17060439804928
4,1.27188545276298
4,1.24456921024914
4,1.03481625436949
4,1.1502340520063
4,1.06770597545099
4,0.991125138560705
4,1.10020578673352
4,1.16498352921196
4,0.986199763385383
4,1.09566712834172
4,1.07472835694391
4,1.04503573389251
4,1.21522781822457
4,1.21266451562713
4,1.14272441546722
4,0.976810624887972
4,1.04382955312675
4,1.1800415519262
4,1.26207602788191
4,0.941977406866801
4,1.11586305446469
4,0.589488995564657
4,1.19768834449832
4,1.32220746360209
4,1.11382311597984
4,1.12978569316967
4,1.16650327639349
4,0.836076126189393
4,1.26674725307528
4,1.08151808757567
4,1.34417774188579
4,0.81859077063613
4,1.02516076639959
4,1.05601506347885
4,1.19928581925612
4,1.15451458670214
4,1.1283798269671
4,1.24046059322699
4,1.05240147999331
4,1.02078515028472
4,1.18094633327124
4,1.04487608803526
4,1.26440156820494
4,1.08194939531408
4,1.1940772384196
4,0.854488467217796
4,0.995366722024459
4,1.13649965967066
4,1.25104474592114
4,1.19720848113089
4,1.15522817390773
4,1.06706906549607
4,1.10034550114432
4,1.05362689407856
4,1.12556665113047
4,0.998375033825723
4,1.276996301978
4,1.13632502467436
4,1.01487099452844
4,0.698310745143132
4,1.09880303515151
4,1.10395376309941
4,1.15449355806857
4,1.19955822258809
4,0.928955501918304
4,0.556756507878702
4,1.06239973853295
4,1.34677036430969
4,1.28664428097013
4,0.769721715794024
4,0.900002979846216
4,1.09344188770353
4,0.941058419425859
4,1.08211973963543
4,0.835853400475802
4,1.2425948854547
4,1.15481117323365
4,1.38776768565473
4,1.16390482582963
4,1.0767867346682
4,1.22725559947996
4,1.00185769611855
4,1.10980129255214
4,1.03292910862506
4,1.35351980595111
4,0.581534095901059
4,1.14076049636437
4,0.794778948593377
4,1.0914270437642
4,1.20029505450747
4,1.07111868852029
4,0.556185310337126
4,0.647442817685595
4,1.05694250594813
4,1.17574491251088
4,1.29247123625653
4,1.35984444188863
4,0.960799734846672
4,1.20134067306373
4,1.04767010931088
4,1.15045643302911
4,1.25147901766893
4,1.23661792801631
4,1.07009794106451
4,1.17288923942173
4,1.26466182747144
4,1.16116602296597
4,0.91834491576326
4,1.26043992645383
4,1.24846106664048
4,1.11580959762771
4,1.21288220632489
4,0.883300401240667
4,1.23351675361027
4,1.18026803428305
4,0.762139579741303
4,1.4501489703581
4,0.992431529545091
4,1.02413238773163
4,0.930008200702646
4,1.18474039439836
4,0.717643031602084
4,1.03007420894996
4,1.0744771284692
4,0.596845761080445
4,1.21343886049246
4,1.04132046964529
4,1.12001964701569
4,0.876979060938359
4,1.34881237808977
4,1.3577932534914
4,1.1954741132821
4,1.17881492533423
4,1.09744011415069
4,1.23555518547804
4,0.80673628414554
4,1.08578108006714
4,1.32501571954871
4,0.767166348309673
4,1.24146549323404
4,1.39161734229004
4,1.22276091667705
4,1.14283445720153
4,0.570247699185053
4,1.17740232315714
4,1.15664896500414
4,1.36999869151742
4,0.85151280606333
4,1.13153589371369
4,1.13651676132353
4,1.28788832909909
4,1.17239934672261
4,1.23604758577089
4,1.03956067930607
4,1.19912231455904
4,0.98797034201353
4,1.23306243045698
4,1.07295094513395
4,1.33607849273293
4,0.817243915220689
4,1.11811666264839
4,1.06732313362641
4,1.37301734147524
4,0.878758533931966
4,1.23492160212276
4,1.27262646429869
4,0.966135914216085
4,0.837715203622638
4,0.880867995838363
4,1.12816450397014
4,1.37395069557967
4,0.862660867404112
4,1.35737632099785
4,1.07413244660678
4,0.933148281546772
4,1.25081143545498
4,0.864197023538239
4,1.04584228009387
4,1.07319139473326
4,0.94746634973221
4,0.846628278456026
4,1.34991804989824
4,0.947616971122908
4,1.17775975192652
4,0.977702745682422
4,1.19810492237146
4,1.28592401385305
4,0.759241686177524
4,1.22657998311261
4,1.33208293917019
4,0.88106071751832
4,1.17087661717199
4,1.23686468594168
4,1.05201514370577
4,1.16532824379013
4,1.12650473227043
4,1.34834382407161
5,0.985037739131937
5,1.17431229834348
5,1.20390895099221
5,1.16667413189876
5,1.10731337759282
5,1.12987204651291
5,1.20855536096869
5,1.08638256502207
5,1.18551245175176
5,1.14203528330079
5,1.18026542123937
5,1.46286825180208
5,0.871870884156359
5,1.31701297143185
5,1.25342230136854
5,0.833129209792682
5,1.15849686534502
5,1.14871075291107
5,1.21473991638851
5,1.41285252984035
5,1.29246280203964
5,1.19364778922432
5,1.06992547337766
5,1.13972430469527
5,1.14435249240445
5,1.14743424678721
5,1.00125521646659
5,1.26216064927608
5,1.17639582877169
5,1.14955780219509
5,1.2890653644149
5,0.855119029066583
5,1.20676297735825
5,1.01594120554558
5,1.0778778175817
5,1.23934281142497
5,1.17704844044341
5,1.12619571819151
5,1.1614805675211
5,0.887872438129037
5,1.28847985303711
5,1.32196747856892
5,0.901684841207568
5,1.01850073842335
5,1.41228165737114
5,1.13249367581734
5,1.21101182871282
5,1.12146137506387
5,1.21140473979974
5,1.16081308259635
5,1.02744751873349
5,1.1322667345557
5,1.01243882213386
5,1.29328893875874
5,0.8379396420067
5,1.14190138974991
5,1.14324579631866
5,1.1115792126398
5,1.25892791063214
5,1.19164236890755
5,1.24019947571491
5,1.21273705414811
5,1.38201448489635
5,1.14303764050559
5,1.22890048479216
5,0.784819772556119
5,0.848788614167366
5,1.10029158792648
5,1.26783981785797
5,1.38034744131443
5,0.98275790999947
5,0.761425687279568
5,0.796167779407503
5,1.26951022370127
5,0.882139231935414
5,1.21982139944085
5,0.872748760695384
5,0.70532232067398
5,1.26894457087376
5,1.25890361262969
5,1.28503543988779
5,1.10671318204258
5,1.15234200971308
5,0.988749876587891
5,1.12696160926448
5,1.25132999330835
5,1.26418365086533
5,0.808509820079886
5,1.22947298115603
5,1.02764903613954
5,1.23660790594224
5,1.21332350819831
5,1.15479432452103
5,1.00030360530311
5,1.19348647375544
5,1.08777543777298
5,1.3393613447194
5,1.09413418665176
5,1.06849624412131
5,1.3381021971643
5,1.21005880411916
5,1.24645543204237
5,1.03921036687342
5,1.0739469880112
5,1.12022358700923
5,1.22173178762561
5,1.18314009388905
5,1.1390520091872
5,1.10882785623403
5,1.2503103768586
5,0.946503515833037
5,0.898757561506184
5,1.22098744410502
5,0.995546766064774
5,1.24743643103097
5,1.03659636070873
5,1.09794291685649
5,1.34594919528757
5,1.1383856255032
5,1.24783697075187
5,0.929402328242211
5,1.11662253178745
5,0.955076414437654
5,1.154219103998
5,1.16340498280717
5,1.35048198460452
5,1.26504121830948
5,1.19333251891193
5,0.939101195741077
5,1.02417217081538
5,0.916988896862602
5,1.33541304121151
5,0.876137715446927
5,0.687178976018891
5,1.1328016548449
5,0.891874970182396
5,1.23913509560489
5,1.01052827835874
5,0.867389197388327
5,1.2697115643149
5,1.47447927153611
5,1.23950397891392
5,1.16105307232931
5,1.06143634822322
5,1.29525943080492
5,1.17248266100782
5,1.15744210297506
5,1.08371259881708
5,1.12974417296028
5,1.34282609655069
5,1.23449477427296
5,1.03440226022728
5,0.880259797678347
5,1.08926520357558
5,1.19368475737338
5,1.26162225051517
5,1.26659435601493
5,1.00338361107313
5,0.809992036281546
5,1.14988224920332
5,1.30897541319844
5,1.0383569301174
5,0.900749581810005
5,1.1884939270328
5,1.31722721726455
5,0.872047089085893
5,1.18245595375191
5,1.12042538183002
5,1.19994077897873
5,1.11247409441387
5,1.3610612744372
5,1.19126182670768
5,0.900684098215283
5,1.15441066640308
5,1.21506961797741
5,1.10856760507558
5,1.22161868933018
5,1.12147480027485
5,0.748380701135228
5,1.04303916657998
5,1.37710779712593
5,1.13584663589459
5,1.1159933862659
5,1.05976631465249
5,0.881622669967675
5,1.13399524991927
5,0.991679861220745
5,1.1016704175748
5,1.33891392132756
5,1.12839220856961
5,1.36548213331204
5,1.16260147415201
5,1.26397065736249
5,1.30237401250739
5,1.22770983447117
5,1.19283290812172
5,1.42505966381061
5,1.14011978534989
5,1.0862717819442
5,1.03821732164734
5,1.16835727821684
5,1.28342615556181
5,1.04411712620553
5,1.14922027474188
5,0.931691594718974
5,1.33637107533462
5,1.15723772236674
5,1.05336293577093
5,1.02620153548027
5,1.28603378893213
5,1.07000218060308
5,1.14429617261055
5,1.12689664761186
5,1.11225183992852
5,1.43871172733833
5,1.29523078207367
5,1.35275111898452
5,0.651075808743403
5,0.760292858204207
5,1.15701548924811
5,1.25345646032521
5,1.21648632426915
5,1.27146634420409
5,1.10024335344757
5,1.22487952601048
5,1.00833230126968
5,1.17630480378958
5,1.07061505628725
5,0.921771278501408
5,1.38422978991726
5,1.18496539925992
5,1.03366461492717
5,1.37036422405346
5,1.26377433949406
5,1.07557065802923
5,1.21773495784269
5,1.06992689508047
5,0.603895284294635
5,1.28031603510489
5,1.07083150803431
5,1.13138879688513
5,1.10297715236842
5,1.08447435041634
5,1.26388107042129
5,1.16710661882704
5,1.23639322406828
5,1.32162492128996
5,1.04806710339672
5,0.914641248514274
5,1.19193474402676
5,1.19400309364701
5,1.04400107236443
5,0.843611963226663
5,1.28340841791551
5,1.1375416213106
5,1.30368350690897
5,1.14616241762252
5,1.37736315200136
5,1.35796301233508
5,1.17598963030994
5,1.15687916000943
5,1.09888670160462
5,1.01645801627235
5,0.892082259708412
5,1.15481742749127
5,0.643390793119758
5,0.816563542862194
5,1.1602893675349
5,0.736341109589052
5,0.886002992969049
5,1.02217388267221
5,1.20279705919828
5,1.1882029463409
5,1.19789994841304
5,1.02359835185344
5,1.04126925540098
5,1.28133093043182
5,1.32092611167892
5,0.794466573360355
5,1.43919285264377
5,1.24836170466613
5,0.970407747241873
5,1.24312300237335
5,1.10075135011833
5,1.17251528573927
5,1.2031887535675
5,1.18896620926796
5,1.29732439329648
5,1.20809032640182
5,1.34385241920088
5,1.14620151813605
5,1.13061794338547
5,1.16090270187083
5,1.32578626913166
5,1.24920535865744
5,1.13468625224098
5,1.38624831640097
5,1.3739982572641
5,1.12962757792065
5,1.19608636068921
5,1.16198525242456
5,0.951596711858221
5,0.581365929940415
5,1.31292063586464
5,1.08227875066465
5,1.46636294965111
5,1.14883522196139
5,1.2035015131601
5,1.32775035241609
5,1.16647662404212
5,1.19241631917042
5,1.3177197441455
5,1.30637889860751
5,1.17170918617072
5,1.09495448586929
5,1.29873282017512
5,1.2022147437864
5,1.38316850336228
5,1.23741939822188
5,1.26351512573913
5,1.1468901921251
5,1.15011491837292
5,1.11997742503416
5,1.1057966999923
5,1.34672058378992
5,1.25237016654149
5,0.903093455594593
5,1.37391821138309
5,1.2468467755224
5,0.939316104007612
5,1.07088284004024
5,1.33528844223322
5,0.998973172841732
5,0.658179111609473
5,1.24642547522305
5,1.24866435166172
5,1.08719819604287
5,1.06188820796447
5,1.00997761065276
5,1.24642294953844
5,1.20770952572671
5,1.19267464510502
5,1.25279979102859
5,1.31136190928956
5,0.923483711778172
5,1.1957154582262
5,1.15920511759954
5,1.09557159417899
5,1.16991320750383
5,1.26892522779092
5,0.967462036762227
5,1.07304414100478
5,0.970545815330269
5,1.07671292200276
5,0.966241102804926
5,1.22730102437873
5,0.870467088285221
5,1.02461143264975
5,1.1918560254176
5,1.19598065393317
5,1.17160631919159
5,1.16181058359281
5,1.20922341340622
5,1.23088327334426
5,1.145271133811
5,1.26991181997118
5,1.12649199956874
5,1.25997356167699
5,1.16189648812197
5,1.2452209381714
5,1.18054283055604
5,1.31486916699777
5,1.18317530352266
5,0.951971606495243
5,1.26252283299335
5,1.09512923728691
5,1.3660980823312
5,0.796442249476019
5,1.22197830573115
5,1.09680181956305
5,1.1878781583263
5,1.09480707938557
5,1.39288296052695
5,0.956541369937405
5,1.2991247688478
5,1.16060382707814
5,1.20272827725265
5,1.18965769996054
5,1.26070728381499
5,1.3259289835722
5,1.13843240048751
5,1.33341176449013
5,1.26461999819859
5,1.45981090230608
5,0.734525964321152
5,1.08987670739557
5,0.90403936109419
5,1.12702215398958
5,1.03229708734042
5,0.769798954818165
5,0.719083217797755
5,1.19683471285308
5,0.77226253740955
5,1.37868063106038
5,1.14981759174693
5,1.26687871871893
5,1.12929453924267
5,1.09307149863554
5,0.887151004869158
5,1.24751697913051
5,1.11707661015604
5,0.994639732937794
5,1.19453916048442
5,1.1916061189058
5,1.09276618245383
5,1.15082572955611
5,1.06043908381124
5,0.758186507495764
5,1.20593073759192
5,1.2337990507037
5,1.33757486438764
5,1.16081832722513
5,1.22441990104311
5,1.14254388922525
5,1.26649004289707
5,1.2727598379479
5,1.3040359380177
5,1.02659919762611
5,1.21115859578359
5,0.79482229474046
5,1.15335818007867
5,1.14954106358092
5,1.29633251232815
5,0.876376030463201
5,1.07233686698176
5,1.15250628374617
5,1.09849379560997
5,1.04586318455567
5,1.2168743702753
5,0.930337586323595
5,1.29084408302316
5,1.12763481223422
5,1.18974617712066
5,1.40166085757092
5,0.860771697662566
5,1.13998314796737
5,1.28593113756085
5,0.996605622672441
5,1.095798090757
5,0.888633517671145
5,1.02409505774289
5,1.30171929055141
5,1.28949891773666
5,1.29346909571512
5,1.21625330590739
5,1.24987036752635
5,1.35362174150701
5,1.07683357351004
5,1.18091479297219
5,1.30075333990109
5,1.09210053270062
5,1.33271320962326
5,1.2885739405822
5,1.31238227124083
5,1.25844613624077
5,0.882722892570542
5,0.993902719378992
5,1.09558212318487
5,0.948291180304151
5,0.929204408688451
5,1.25554548258811
5,1.15428666748493
5,0.876849855113933
5,1.08006510662358
5,1.30257111004888
5,1.38048666594038
5,0.804451197528587
5,1.27096028117038
5,1.28471176119748
5,1.08676671960961
5,1.09527537121335
5,1.07369167706965
5,1.35581673381731
5,1.20512371371125
5,1.1917039834642
5,1.16087890277225
5,1.20991490758841
5,1.14604643220645
5,1.13199168400098
5,1.27861601178764
5,1.0844599396441
5,0.982735088307856
5,1.23644983592864
5,1.25299531520798
5,1.17259836143033
5,1.25713833704073
5,1.02559388938613
5,1.25875694078204
5,1.41820527376665
5,0.985274693395929
5,1.23446380199227
5,1.31655851997891
5,0.736326775047832
5,1.08113988658182
5,1.2776612970538
5,1.31674497396246
5,1.11318041523821
5,1.18949891743027
5,0.742181627773227
5,1.3761638618091
5,1.34106914022298
5,1.25152077569962
5,1.35250129341009
5,1.07713408393165
5,1.39298460200805
5,1.12340609293622
5,1.21565267053114
5,1.0430497126448
5,1.28861840662168
5,1.20574009388825
5,1.07086284112106
5,0.987981468425954
5,1.15180119416637
5,0.88112321188108
5,1.18738815077555
5,1.33243087848365
5,1.07608097438764
5,1.1807314678703
5,1.29826037665996
5,1.19873068431555
5,0.833773047729672
5,1.21052024230002
5,1.34943203758456
5,1.39223064126084
5,0.663906086487112
5,1.17553648003208
5,1.15513284533145
5,1.07191241803534
5,1.24003185333783
5,1.21868829234085
5,1.22217763878677
5,1.15223910733268
5,1.05028601768903
5,0.986979712751298
5,1.11080807693888
5,1.14376200457916
5,1.25777538498917
5,1.42272042162664
5,1.31298592454066
5,1.21912532486914
5,1.2407239366
5,1.25222400787674
5,1.14955314281034
5,1.09846616431196
5,1.17322197807439
5,0.699989238083416
5,1.22785317010746
5,1.35911959000175
5,1.29401260918387
5,1.27290817737693
5,1.27933942744409
5,1.29782063930302
5,1.10433030191876
5,1.15778411254503
5,1.39894901400944
5,1.38539849823047
5,1.11203150506419
5,1.43878597809468
5,1.0390327593489
5,1.16920273718926
5,1.39513512864847
5,1.19526059251883
5,1.40232770521104
5,1.13385703769011
5,1.03868972601442
5,1.07558739305664
5,1.21180472847684
5,0.992934392788615
5,1.20189817307745
5,1.19302652544845
5,0.800215159422083
5,1.21452922709532
5,0.681013994512423
5,0.957636710831367
5,1.24751936340609
5,1.10897901645607
5,1.1148583532673
5,1.36738626991605
5,1.13670666655871
5,1.22503425209782
5,0.873046669345156
5,0.964301815672152
5,1.11358988007335
5,1.00357832753862
5,1.09418754544288
5,1.17822306534534
5,1.38019192563229
5,1.2877949802238
5,1.19597171270491
5,1.13734263054014
5,1.30528424711398
5,1.17666405824197
5,1.24729614425809
5,1.02966010777926
5,1.25694045811576
5,1.26097683150037
5,1.18765905075881
5,0.806371511353214
5,1.02884892257353
5,1.38500052231917
5,1.20743196068463
5,1.17998972018359
5,1.17600398159947
5,1.03063879392977
5,1.21914055109142
5,0.986929449032552
5,1.29051235464779
5,0.844480041433078
5,1.25350448313205
5,1.08867164162762
5,1.12154855208878
5,1.2105131482341
5,1.32370822044071
5,1.31420575775289
5,1.24593949727022
5,0.960715661964496
5,1.38200195855825
5,1.21541472582857
5,1.13633730422342
5,0.83440692028242
5,0.859606937994073
5,1.21226775627895
5,1.32784001327431
5,0.932246319750155
5,1.03162767151788
5,0.946137923681624
5,1.31659386802196
5,1.20623502436367
5,1.00802127350629
5,1.25808052646401
5,0.97112921678956
5,1.1260800256494
5,1.27361532711563
5,0.941593666343454
5,1.15228478594655
5,1.05282728452115
5,1.02336347896646
5,1.1683012985609
5,1.15855347370906
5,1.44854010112515
5,1.36840125313054
5,0.926791983609136
5,1.21891650863193
5,1.16269981265612
5,1.1789706626101
5,0.833198714685501
5,1.22324537728254
5,1.01406206046444
5,1.12244441472568
5,1.07534939996968
5,1.22643075936427
5,1.28311884709601
5,1.13470773861816
5,1.19540988618665
5,1.07431118513936
5,0.86421109078619
5,1.28117754290053
5,1.10131477212334
5,1.10187704134508
5,1.31646136227704
5,1.23598068370289
5,1.22453613937712
5,0.812369816213341
5,1.09779464996146
5,1.22086747467684
5,1.14207758871384
5,1.34733421038394
5,1.19347814588552
5,1.42265582930615
5,0.928526395177412
5,1.167400132253
5,1.0451649645627
5,0.758043528633346
5,1.18974368616873
5,1.11014994106953
5,1.28618468529567
5,0.961411129593636
5,1.15073130900384
5,1.25596712216648
5,1.35948881951044
5,1.36265292265655
5,1.1207141533063
5,1.31457266739638
5,1.41790310537102
5,1.07606484366501
5,1.22836847327263
5,1.12314373337474
5,1.00038630546496
5,0.996881232899015
5,1.12166785097715
5,1.27653394055871
5,1.38032084962747
5,1.29109923621462
5,0.847483411510855
5,1.03496336505605
5,1.22885966307707
5,0.957824552787059
5,1.16348008391818
5,1.2772619387507
5,0.872729980409244
5,1.01092599352278
5,1.08125623468625
5,1.20128107917991
5,1.36378181073023
5,1.24307525207873
5,1.35743173360171
5,1.29949133163691
5,1.01972512052253
5,1.06208619800842
5,1.4111354772719
5,1.34142749468772
5,0.89467708505171
5,0.978667838025479
5,1.34590113126337
5,1.27815628059922
5,1.36729515258306
5,1.40427771567726
5,1.23362236637756
5,1.36900925372134
5,0.852286075346296
5,0.954236603397751
5,0.927223834165689
5,1.13847476606287
5,1.30922561758222
5,1.29068320875145
5,1.33598409356942
5,0.765378347629885
5,1.14979858263008
5,1.12972403147772
5,1.26601727608018
5,0.929846694498965
5,1.08470780861325
5,0.976195028981641
5,1.13127979954563
5,1.18419648033392
5,1.12798381435477
5,0.842682628067372
5,1.36069333671944
5,1.19047712669455
5,1.00698268604358
5,1.21563561718652
5,0.758222242918677
5,1.35177369855628
5,1.28092690761865
5,1.20304285356906
5,1.22853087744617
5,1.19496722339005
5,1.2888870350106
5,1.18973698646053
5,1.11898917922006
5,1.07079006908268
5,1.30007620917064
5,0.742220807645522
5,1.45696354253147
5,1.25082514054974
5,1.24949557829104
5,1.18423835552315
5,1.34703119089171
5,1.10772959069419
5,1.12169482201482
5,1.29700393562997
5,1.17504172591217
5,1.15062687367995
5,1.12660859063966
5,1.05174116323883
5,1.31538098560973
5,1.11422478156682
5,1.04567671809166
5,1.21122330190469
5,1.11502917128381
5,1.10599710881075
5,1.26030622024858
5,1.19103144895879
5,1.20137439857326
5,1.11099896271929
5,1.05871359842931
5,1.15946684384898
5,1.38024405871607
5,0.830485356537539
5,1.35543124559672
5,1.39056702970974
5,1.01343094006208
5,1.25344665326212
5,0.87691209381038
5,1.25298708658352
5,1.37692113850334
5,1.24853087392649
5,1.19205926226674
5,1.29915501611987
5,1.10325523711638
5,1.28694271436424
5,1.34833420476914
5,0.768163539510497
5,1.41053298560584
5,1.20953379093043
5,1.3191476079754
5,0.897199441546238
5,1.23552233158672
5,1.10488740871211
5,1.36622251678326
5,0.8996153105683
5,1.05491846260187
5,0.736474459353161
5,1.19695252692288
5,1.1859928104091
5,1.07915733078816
5,1.30544188888009
5,1.28991603047084
5,1.06564719965502
5,0.894968138491314
5,0.978896980027426
5,1.23688015580595
5,1.17355096865607
5,1.30987347750029
5,1.16375773818219
5,1.06673351542399
5,1.18469188578436
5,1.23766224085173
5,1.18656910871922
5,1.06953853876296
5,1.24440059562287
5,1.17293485030758
5,1.34223482472776
5,1.22841208512146
5,1.3380952668591
5,1.05936843453673
5,1.09848242750825
5,1.12181086509868
5,1.00043015760226
5,1.10894930898697
5,0.933653211576231
5,1.34804315034574
5,1.14545984343835
5,1.17226900707075
5,0.6980869817838
5,1.32088199694111
5,1.20358706372371
5,0.894581560786625
5,1.40577515169324
5,1.18153422962465
5,1.20892903101189
5,1.30933062330716
5,1.11866583866598
5,1.23333099433511
5,1.1876386626796
5,1.41956237667739
5,1.25074501405921
5,1.02026612138356
5,1.28313496519489
5,1.27513102342151
5,1.10849826316217
5,0.938391459437262
5,1.06750708071746
5,1.17429660571436
5,1.24976246059586
5,1.15476700485701
5,1.21494412549463
5,1.15815766228811
5,1.19378614569821
5,1.15285407009647
5,1.23945437635194
5,0.94188824797191
5,0.878955829770996
5,1.16911826676782
5,1.33605899318452
5,1.14445401115145
5,1.0904951892857
5,1.28505617969458
5,1.23019492240304
5,1.38532794822365
5,1.07296257098513
5,0.826268235670433
5,1.13069790994941
5,1.16214127587258
5,1.25452383481602
5,1.14964960013649
5,0.701277935148386
5,1.18331294320009
5,1.19724808146898
5,1.00528218701467
5,1.14601399132612
5,1.34116387277357
5,0.980921139816418
5,1.10950537950776
5,1.16055182488808
5,0.89971246513398
5,1.09330439900679
5,0.900042885124842
5,1.32032810139252
5,1.03015487880829
5,0.979479223664581
5,1.22194322165345
5,1.06967643501462
5,0.986824870297703
5,1.1116157818968
5,0.866630080129491
5,1.24953041055255
5,1.02596687211699
5,1.08463413846885
5,0.918667020519114
5,1.34500939352847
5,1.20641466296955
5,1.16830833924391
5,1.36300966655102
5,1.35750504144532
5,0.985323031887649
5,1.18059429603697
5,1.15133738299129
5,0.877653944597585
5,1.11032185075493
5,0.854375128273258
5,0.9368650123739
5,1.32263753759862
5,1.19346406561274
5,1.05858018543387
5,1.34016122892029
5,1.32853799934344
5,1.15755263086416
5,0.820680706695401
5,1.09847386813183
5,1.25368650842946
5,1.38288615037332
5,1.10193459367282
5,1.15205538748336
5,0.962259601763592
5,1.00365953469139
5,0.778853007541837
5,1.04045456488339
5,0.89256321167914
5,1.38376413601392
5,0.845409807917926
5,1.09257312369972
5,1.20586056297766
5,0.808860459441576
5,1.05439454857785
5,0.902888393500147
5,1.04931984924247
5,1.29342202522925
5,1.04462223251954
5,0.587061584607432
5,1.3858973092243
5,0.776858779961621
5,1.08859389692476
5,1.0885956670494
5,1.06633964644005
5,1.16738965615809
5,1.10527570555564
5,1.13927931669777
5,1.1538874717639
5,1.31667266702357
5,1.29998216363658
5,1.20148247602538
5,1.12283617816811
5,1.2259112763686
5,1.19135682415621
5,1.2230771874121
5,1.37475585168622
5,0.797164987012368
5,1.35365108447656
5,1.26040092131644
5,1.33455891457678
5,1.29248941040317
5,0.876376321810506
5,1.02665153045141
5,1.14457702475761
5,0.740878141057105
5,1.355107558825
5,1.36249561928393
5,1.13215943958819
5,1.01816742723343
5,1.26498371122594
5,0.800717299596426
5,1.38853668967638
5,1.30577569795015
5,1.28729285054369
5,1.26080232554062
5,1.27704653925799
5,1.20888996136731
5,1.20516825725577
5,1.13912661178338
5,1.28472656519489
5,0.931699756489146
5,1.18955526132153
5,1.01096991700922
5,1.17227968849365
5,1.29183330199951
5,1.11797841435913
5,1.12492293402479
5,1.2423892269333
5,1.11234518516039
5,1.21931517157096
5,1.28792584348934
5,1.15376881032887
5,1.27090909226271
5,0.896973157559055
5,1.19302686967974
5,1.213558223926
5,1.12464047289041
5,1.07447493389943
5,0.927196667014546
5,1.21235269993379
5,1.10689821143478
5,0.865665397054288
5,1.23823968294862
5,1.04631399511386
5,1.11675944619266
5,1.15013517649111
5,1.1729124553004
5,1.15152891760282
5,0.990287647681098
5,1.131575198869
5,1.18828273110777
5,0.725252182472532
5,1.13492391250367
5,1.07550844105928
5,1.1138164515152
5,1.23790578928491
5,1.31115506797751
5,1.17974623702145
5,0.876416609688746
5,1.23965896664495
5,0.9714787825456
5,0.975894024642523
5,0.82840317894977
5,1.0856135585148
5,1.19289350523109
5,1.08181260972519
5,1.17852642531659
5,1.16116573043079
5,1.24064352794495
5,0.847122477927473
5,1.15300425591992
5,1.07203163595094
5,1.14028828927421
5,0.901983724758937
5,1.18390721222453
5,1.30567343331297
5,1.09056848725861
5,0.858705789656632
5,1.23784376377483
5,1.23702415557744
5,0.872794229015866
5,1.358477510566
5,1.31954733320613
5,1.13546255490051
5,1.14768878859934
5,1.20915422353193
5,0.972787457999738
5,1.1112830452258
5,1.2352570655906
5,1.20728950900543
5,1.31259440877598
5,1.17109242970578
5,1.41470832728268
5,1.34059918461376
5,1.13585354611165
5,1.19039099986931
5,1.07514489674076
5,1.07864620821708
5,0.977018558036867
5,1.47454354764462
5,1.15992402578197
5,1.20565778869659
5,1.12578462155384
5,1.11506122193462
5,1.11443647541834
5,1.12856881306926
5,1.14153219985738
5,0.87458902004181
5,1.12422736612156
5,1.19974237630071
5,1.22223967863993
5,1.14281812475614
5,1.01839505352713
5,1.29085927236379
5,1.13903079481784
5,1.2008219880091
5,1.32084025986354
5,0.745600462674673
5,1.16801690386998
5,1.30181528981053
5,1.20372537744658
5,1.25624506987061
5,0.816047581893587
5,1.18165996866383
5,1.15916127086098
5,1.06180916604117
5,1.16057499974212
5,1.00577108396117
5,1.19328025081407
5,1.01569105956426
5,0.936552082286573
5,1.13110482770416
5,1.145337657639
5,1.0683946277012
5,0.941869585857594
5,1.26787989428435
5,1.13066890986523
5,1.48788444554022
5,1.40039053944193
5,1.22510493436721
5,1.01495183238639
5,1.22385948547181
5,0.906116420732461
5,1.38930493181804
5,1.07618630478653
5,1.09773056939295
5,1.12037013814626
5,1.28625845054045
5,1.10394116162869
5,1.28065877675824
5,1.15419793229138
5,1.05772828347327
5,1.04505462274731
5,1.09096758749084
5,1.30739573608493
5,1.23539519222138
5,1.15567969467867
5,0.887319263683475
5,1.16469272230589
5,0.876009486939988
5,0.818243960209046
5,1.24654151492528
5,1.32295785846751
5,1.3226172961004
5,1.47567638537975
5,1.18611669070087
5,0.722930093980608
5,1.21130384439782
5,1.21455941914131
5,1.03051725826571
5,1.21553815591849
5,1.14371812554983
5,1.15194328882011
5,1.12957471617052
5,0.849039546992304
5,1.09927849455964
5,1.31480816299254
5,1.44499138982638
5,1.28932671209593
5,1.34715005628793
5,1.16374767137534
5,1.2323432222101
5,1.45352697539886
5,1.10893935556362
5,1.10782162096988
5,1.18969917155368
5,1.19624505673754
5,1.15779485634429
5,1.08209296549684
5,1.18147512659276
5,1.20083575846365
5,0.875528581203851
5,1.25951032895741
5,1.14605448017542
5,1.40121186456521
5,1.09783720920577
5,1.15200494720165
5,1.08530350597052
5,0.716807430166542
5,0.910268701078906
5,1.18841280977732
5,0.851684308240072
5,0.906236692741522
5,1.39364238860923
5,1.36758162951827
5,1.24931629058689
5,0.971309805095631
5,1.256986115255
5,1.19559422127512
5,1.24957739777207
5,0.992390532113431
5,1.35015957929792
5,0.835075577323372
5,1.24363206228594
5,1.11358069130508
5,1.2027811909364
5,1.21575508382476
5,1.27487624610486
5,1.35932018918445
5,1.23359583207193
5,0.933767676148085
5,0.489256310679197
5,1.37776321503618
5,1.20711736026487
5,0.777488075780365
5,1.16733297644015
5,1.34661483916407
5,0.941304362161509
5,1.24451826820804
5,1.00083908486287
5,1.09538214808393
5,1.09272307588742
5,1.25153261977727
5,1.22442219502975
5,1.12423684762114
5,1.04410418711247
5,1.24815896158248
5,1.01925717768358
5,1.35251721691656
5,1.1282291728392
5,1.31249315043206
5,1.00505947026486
5,1.26330254211733
5,1.18066290643344
5,0.752820923337433
5,0.993356796017908
5,1.05442980650781
5,1.16358469980804
5,0.80610804784253
5,1.31493105783138
5,1.19887761070895
5,1.25133063090035
5,1.23726292424303
5,0.957383691174288
5,1.1504579587384
5,1.10037973611129
5,1.24914626006319
5,1.32067024152113
5,1.36910476837972
5,0.683176181408882
5,1.21080244178787
5,0.89345310521142
5,1.16626791845201
5,0.839790052077048
5,1.1104178004496
5,1.18107524072582
5,1.15039519440098
5,1.45708473230595
5,1.13532296704819
5,1.04974658463953
5,1.23129012541586
5,0.977155234812876
5,1.10012336688366
5,1.01499436258487
5,1.17955642569702
5,1.21915672421635
5,1.07248906305959
5,1.1697258304704
5,1.04693595514126
5,1.21529250906447
5,0.999881774498949
5,0.984013651757981
5,1.2040254965376
5,1.11854356937689
5,1.33197925976121
5,1.28834517233594
5,1.07456170242278
5,1.12567890402246
5,1.29695225820543
5,1.33195375473325
5,1.07058280780601
5,1.28133650927296
5,1.18708303563425
5,1.18933753744709
5,0.870686482543345
5,1.18919933413766
5,1.25965261221157
5,1.28836725445576
5,1.0733278432737
5,1.32981860002788
5,1.14049661822788
5,0.91026035243868
5,0.793110824510628
5,1.08235276303952
5,1.04818357957113
5,1.11909574189611
5,1.27901588063487
5,1.1629213616263
5,0.874557896833447
5,1.02451812515903
5,1.17673329015063
5,1.31219966567121
5,1.19263509622787
5,0.959649199457922
5,1.25932984501411
5,1.08750691849397
5,1.21627010559822
5,1.17581081298374
5,1.19789740186878
5,1.18138616681007
5,1.19170174332029
5,0.888527501309886
5,0.909543799781452
5,1.39273825676593
5,1.15733089662168
5,1.25488734403944
5,0.800377226691172
5,1.01440414754645
5,1.08909213559662
5,1.1572571038173
5,1.34789705197277
5,1.26011712329171
5,1.26834208854473
5,1.20682737422839
5,1.09659412817985
5,1.04825593628919
5,0.822227223871397
5,1.18025187487631
5,1.32327435374266
5,1.14448424957183
5,1.25883772236917
5,0.932060551584733
5,1.38471148599723
5,1.23870901360146
5,1.19314931779792
5,1.3990003707663
5,1.32616725198509
5,1.17863372318603
5,1.12353247371749
5,0.974328753304617
5,1.36428528722884
5,1.23163911431583
5,0.740774996849254
5,1.25291135604344
5,1.32514415657638
5,1.25191919915206
5,1.02407064787214
5,0.822001106667811
5,1.26169230110696
5,1.02247283644943
5,0.988817300536039
5,1.04625537856561
5,1.07654040745716
5,1.32611323647234
5,1.30377141847386
5,1.09391256686866
5,0.777597114705551
5,1.15625418241471
5,0.816361206220105
5,1.36397274136426
5,0.829881460296511
5,1.00915405215742
5,1.13325351442066
5,1.24059414453324
5,0.820075344534283
5,1.37157692361549
5,1.25988980204519
5,1.37298026442831
5,1.16292457282293
5,1.17609406409732
5,1.26329122951329
5,0.888930746215904
5,0.961360716216277
5,1.13393172556123
5,1.24420541696255
5,1.11745416360658
5,1.33752363241994
5,1.22176783574026
5,1.1857201217289
5,1.1245883144269
5,1.19132474288379
5,1.06401894273169
5,1.10323998942311
5,1.21264305123421
5,1.1781439587762
5,0.90965067534546
5,1.2035815160822
5,1.14813496893806
5,1.29218563018229
5,1.39782546479406
5,0.793210946325406
5,1.06523434921917
5,1.22253782852593
5,1.5
5,1.05745539307763
5,1.15845381442079
5,0.931780625974139
5,1.14246135652853
5,1.17506191423403
5,1.26958685271091
5,1.08984456123147
5,1.19353903386523
5,1.15783074589165
5,1.14395864259116
5,1.35566869806651
5,0.807374011438471
5,1.09280785860841
5,1.35399723241716
5,1.1857867809616
5,1.14128731703408
5,1.25342834444193
5,1.2334051302545
5,1.00310935993071
5,1.13804473225203
5,1.05356053351424
5,1.06884679253117
5,1.10455763206195
5,0.86156824273683
5,0.814697513455189
5,1.09588008769242
5,1.15060403602202
5,1.30057305473729
5,1.26187378350185
5,1.10952673959922
5,1.15246613446289
5,1.32285538402922
5,0.86458970773228
5,0.926462731998957
5,1.44082083808261
5,1.04921871733573
5,1.16486467486943
5,0.93570856501145
5,1.22900983066735
5,1.25251024567547
5,1.14011779140444
5,1.12490945607662
5,1.14680718396152
5,1.18399768821627
5,1.41432618615721
5,1.01713631618205
5,0.869995756842309
5,1.14363387003892
5,1.17690127556113
5,1.1085140143224
5,1.15800882251337
5,1.01356354773824
5,1.0770766873958
5,1.17509454533406
5,1.23844737639046
5,1.2650090204714
5,1.12073035454194
5,1.07723353440819
5,1.2443204486781
5,1.1359036239695
5,1.29381258045095
5,0.96431832853561
5,1.20297397127909
5,1.18135581468193
5,1.0770949086822
5,1.09190450602222
5,1.06057883477856
5,1.14716225240757
5,1.159651829288
5,1.35242740497583
5,1.39108375913641
5,1.30051596000138
5,1.02449002877288
5,1.36794445929411
5,1.11578514917493
5,1.19809105372094
5,1.13516349984796
5,1.32899445603227
5,1.14345340718796
5,1.10745757123809
5,1.15208932206693
5,0.984229751637901
5,0.889529892597856
5,0.850581531727405
5,1.21364889934826
5,1.12771168132108
5,1.15243940500052
5,0.941396301840879
5,1.4100840085962
5,1.22841640970884
5,1.29695896395975
5,1.15336101951572
5,1.34947088093588
5,1.24664152336188
5,1.02735688564862
5,1.26143525990327
5,1.03786754114825
5,1.16064462234083
5,1.0856197945825
5,1.03632441149601
5,1.08051121813483
5,0.759018043704392
5,1.34601623155759
5,1.0750669012029
5,1.04753455644474
5,1.19354799933308
5,1.15726759585467
5,1.13158521777776
5,1.12442340341836
5,1.10045122368574
5,0.812846999936747
5,1.161885223041
5,1.09690727334434
5,1.23040902030968
5,1.22734858943874
5,1.34500383148853
5,1.10277840927474
5,1.23111116707457
5,1.20310539624661
5,1.11834269860533
5,1.22006486824013
5,1.10004155128816
5,1.3813639191731
5,0.988216890475143
5,1.03739876839958
5,1.05729364360532
5,0.736379633264782
5,1.06764912885005
5,0.991224588382907
5,1.15887086131661
5,1.27395061838784
5,1.29790783690922
5,1.24442715973479
5,1.38840037927916
5,1.02616850434213
5,1.26560351970495
5,1.15288494115417
5,1.09465135521104
5,1.28182352453771
5,1.11716675856538
5,1.11675117806518
5,1.20232792320532
5,1.07922610677855
5,1.30019603247691
5,1.08002242470372
5,1.2254266873565
5,1.06034860367732
5,1.25770595654172
5,1.14801426284341
5,1.34547014639919
5,1.36841410645632
5,1.4202910640481
5,0.743560193098344
5,0.815945110095856
5,1.29532985568904
5,1.14011375243255
5,1.19415494606443
5,1.31837425451424
5,1.31607918498644
5,0.703458215659043
5,1.35675417406377
5,1.00023120326821
5,1.16038672392662
5,1.35615892062674
5,0.794405303402943
5,1.07927520081158
5,1.3037695569614
5,0.873910706200799
5,0.870222350787901
5,0.947256196045085
5,1.2367612086396
5,1.02276898036465
5,1.25817190305836
5,1.29808393284836
5,1.22348301388568
5,1.11777010866126
5,1.19737415708243
5,1.35263529784618
5,1.37964399503279
5,1.0263385248527
5,1.20850759264462
5,1.24529248574772
5,1.11704290711121
5,1.08403555635938
5,0.915590037850322
5,1.33404985310083
5,1.12645539564135
5,1.15941445698917
5,1.1859874531723
5,1.06965651758186
5,0.878177282220417
5,1.17605325150463
5,1.04700927018035
5,1.11364277407966
5,1.27433653810565
5,1.39125034681246
5,1.40271655569157
5,1.20521785536855
5,1.15495026015587
5,1.12563248069564
5,1.36792684917847
5,1.25735149274075
5,1.35807967150197
5,0.949221301224546
5,1.06156974554916
5,1.13022693814512
5,1.29841108594064
5,1.06475378880448
5,1.11025485082137
5,1.23420154342411
5,1.05281770563992
5,1.194834873743
5,1.34304029228045
5,1.31345001546896
5,1.24342585775763
5,1.12970563680859
5,1.31625004284886
5,0.974467007437209
5,1.3829940261772
5,1.14091303974671
5,1.2155256876739
5,1.31931285400119
5,1.19296850736321
5,1.0447315643654
5,1.17859099905271
5,1.11233260177996
5,1.22789389040346
5,1.01153841321312
5,1.19312243946447
5,1.21866367438428
5,0.908457966539538
5,1.01822232228531
5,1.02892169650595
5,1.12164323703946
5,0.875304911357611
5,1.04793634049388
5,1.04096219427381
5,1.26121425953472
5,0.955397481069177
5,1.29827761384156
5,1.23460548268915
5,1.34841035535944
5,1.17169760984996
5,1.24198529668997
5,1.07844013367801
5,1.16093710296093
5,1.07576128064745
5,1.25816430258154
5,0.932113471161713
5,1.16568563644237
5,0.876798054363139
5,1.23712165134633
5,1.2670068386603
5,1.27147023907353
5,1.10805877702912
5,1.19524861940238
5,0.983708266105153
5,1.0989312927748
5,1.23192913311956
5,1.33743538827627
5,1.22707164031509
5,1.26702872827578
5,1.30678599527726
5,1.11727342901157
5,1.12917915502424
5,1.25771706493428
5,1.36292233157104
5,1.22213749019388
5,1.19338453757452
5,1.35265669391304
5,1.37072765051113
5,1.14047440669826
5,1.24602484827612
5,1.03348771638628
5,1.2877194717315
5,1.34340225014206
5,1.10919954019381
5,1.08833283090351
5,1.05554008309841
5,1.45453008969368
5,1.37847239822781
5,1.18535575708153
5,1.10596734717263
5,1.36127957411849
5,1.37611034396051
5,0.840987651682224
5,1.0845271422915
5,1.08361778009941
5,1.1230107611821
5,1.16264747877374
5,1.1808698066201
5,1.09509206004552
5,1.15598281038327
5,1.09523905029485
5,0.843334850310052
5,1.22894569980189
5,1.16287468334802
5,1.14858082296054
5,1.10768744747726
5,1.14867292616802
5,0.980780473705376
5,0.985326265846398
5,1.08156142188886
5,1.2222285892437
5,1.05164965330047
5,0.710093610685097
5,1.29314904920633
5,1.04864821361902
5,1.20053455089286
5,1.2071405653839
5,0.907021370121446
5,1.33716465766303
5,0.839116594019477
5,0.729300147069078
5,1.29473667772869
5,1.21649691221717
5,1.15032104027553
5,1.15262008610899
5,1.16485556840748
5,1.19533481233057
5,1.02919224605027
5,1.13506552063365
5,1.13252580297715
5,1.08086881870869
5,1.38197929692227
5,1.37752961171997
5,1.41300139325105
5,1.08234302671697
5,1.24553162664003
5,1.11139132208876
5,1.25046038459682
5,1.27034234990359
5,1.08450107682029
5,1.2185895296941
5,1.26824041410062
5,1.08058257518579
5,1.32445171174383
5,1.21228712051664
5,1.04022055452099
5,1.07691378855669
5,1.37541687326506
5,1.16241610085406
5,1.16290699423781
5,1.22394458084879
5,1.11548787567981
5,1.2017533300505
5,1.29526757036287
5,1.37202380562756
5,0.984432614368231
5,1.17616738085621
5,1.11742848529249
5,1.27898321806249
5,1.29826071537962
5,1.18396531940402
5,1.37720685591335
5,1.36161134408888
5,1.05422742962406
5,1.18409472535771
5,1.06424894021072
5,1.1144105079985
5,0.86137281794681
5,1.2827297587919
5,1.07571635017238
5,1.25846041959528
5,1.16260539123007
5,0.982974062297401
5,1.12936345154954
5,0.961369491584545
5,1.21668865780064
5,1.13726115024641
5,1.22864539085877
5,0.875562072703587
5,1.305444914113
5,1.1529005642346
5,0.689879399717094
5,0.901965157132389
5,1.28757273628805
5,0.807937815134067
5,0.858321813529847
5,1.16233080084272
5,1.26713463657889
5,1.10535392616216
5,1.1162621680589
5,0.997071145760781
5,1.21294061893515
5,1.33566923401472
5,1.10523043096216
5,1.27259515732211
5,1.28778641744954
5,1.3657868692539
5,1.12770837185186
5,1.2946634874946
5,1.30003449035604
5,1.23126558168887
5,0.985186439464823
5,0.774183103252406
5,1.25322645188194
5,1.26948370697268
5,1.33192116980711
5,1.03425536655492
5,1.23977642470825
5,0.929081988561713
5,1.03102454569419
5,1.13362297427908
5,1.24443492415596
5,1.27237183805162
5,1.26563532529552
5,1.14934498510081
5,0.741992272420225
5,1.25760113334746
5,0.920941798665751
5,1.44854874797808
5,0.898296986403511
5,1.04003014135556
5,1.13888473023371
5,1.19808349551343
5,1.36227395684786
5,1.13976752534097
5,1.12259651295733
5,1.05129846960123
5,1.03394201093022
5,0.748688571863974
5,1.00093606402733
5,1.10926952610234
5,0.985914063735264
5,1.20523766899384
5,0.933208964278374
5,1.25097359503004
5,0.819800370600573
5,1.25065127231217
5,0.766273725430564
5,1.20401271085006
5,1.18291467888317
5,1.18217471110708
5,1.2962683247259
5,1.02454758678549
5,1.04148908102921
5,1.24171814161054
5,1.25088027388814
5,1.18508521785479
5,1.1609913742468
5,0.786194711380501
5,1.23303575086544
5,1.23679380354501
5,1.14478444834296
5,1.1806887088902
5,1.33393774342138
5,1.17223193911483
5,1.13070285752031
5,1.15304343961545
5,1.24793256497213
5,1.21223674169755
5,1.11497944338977
5,1.34213579517024
5,1.2020219458734
5,0.949053159241037
5,1.22473557102289
5,0.906488475129442
5,1.17164983650115
5,0.812042075779574
5,1.20591960278156
5,1.03355151100037
5,1.10659179223311
5,0.941517804401766
5,1.32438274492248
5,1.16886277666889
5,1.07379488296177
5,1.1571805909342
5,1.15789546577401
5,0.786372727609236
5,1.05447961128461
5,1.04537315650097
5,1.24604072237138
5,1.1332719097509
5,1.14986651952639
5,1.23896020486117
5,1.10133261166142
5,1.28325575236103
5,0.68080271686797
5,1.12347827494724
5,0.958918433026279
5,1.40920109903513
5,1.27368863576672
5,1.04842974472336
5,1.21754228419806
5,1.39292815341516
5,1.19457108177377
5,1.30750015735278
5,1.29000940956599
5,1.08039752040301
5,1.26558965809915
5,1.34173307997166
5,1.45806835444916
5,1.12784242451635
5,1.09094148221575
5,1.16717092954235
5,1.26829243105091
5,1.10504573094595
5,1.33195582906861
5,1.20651356472691
5,1.27154024967521
5,1.17122926031923
5,1.0583647534668
5,1.1366121163145
5,1.3256838860849
5,1.44219929424806
5,0.900246684753474
5,0.719157553954048
5,0.78501386727978
5,0.917371550249851
5,1.21135578793499
5,1.15897192201704
5,1.38938965091465
5,0.846424573473982
5,1.36173456485228
5,0.871045998900936
5,0.885235278095978
5,1.25101323017917
5,0.815820537593164
5,1.11409113558064
5,1.30193142282747
5,1.13319861814903
5,1.34210290452538
5,0.861309843324561
5,1.00073587839689
5,1.25946695638019
5,1.10489148168916
5,1.27411533001956
5,0.976393904027404
5,1.35451285534132
5,1.08599124631934
5,0.88593997615555
5,1.06554444291959
5,1.12574996324344
5,1.33421672122844
5,1.15512438591675
5,1.09104886496134
5,1.0457514356907
5,0.900935484764039
5,1.23860584742192
5,1.00262902092644
5,1.14847181738775
5,1.19623784963413
5,0.802420735522571
5,0.868606529198366
5,1.08574520537453
5,1.27713405848862
5,1.15905505609821
5,1.38395916932284
5,1.08734092948549
5,1.13956622654948
5,1.1112806913556
5,1.33083312500099
5,1.01082052852249
5,1.20541152768988
5,1.03153677175947
5,0.897066299754464
5,1.14831775912534
5,0.75240258781068
5,1.2471277632162
5,1.20960031958155
5,1.2561669604414
5,1.1204399073054
5,0.899202529733671
5,1.18512366095501
5,1.29429525662577
5,0.82627915342589
5,0.939048772001319
5,1.07215830163288
5,1.11874626407066
5,1.12239887884427
5,1.25028169616307
5,1.23155174237419
5,1.3827379585832
5,1.22111094726109
5,1.20009103638058
5,1.22837009066334
5,1.23476015215776
5,1.40636703617448
5,1.14640886917117
5,1.20694940224282
5,0.805478478402958
5,1.23941871159481
5,1.38658183125675
5,1.06272428514519
5,0.907669315386512
5,0.666818442488035
5,1.33876269315413
5,1.12210817416983
5,1.17913189222275
5,1.10353273784588
5,1.19445729947984
5,1.05450116817925
5,1.4911014463997
5,0.860181003142267
5,1.20865805234457
5,1.18300469364063
5,1.33910694164475
5,0.991983367808122
5,1.24108131010993
5,1.27552443932268
5,1.08447495811555
5,1.03722551228086
5,1.25928718518463
5,0.697519817735828
5,1.13812299236614
5,1.33008834836031
5,1.28435829742243
5,1.37865599287201
5,0.896810620535629
5,1.34603515114119
5,1.28593770714206
5,1.11208909156144
5,1.20673248405756
5,1.37970099217308
5,1.23738661284085
5,1.25202233496474
5,1.37518961415854
5,0.977215564026667
5,1.05386190914558
5,1.21397809020737
5,1.30582749629159
5,0.746547066843457
5,1.30289667074834
5,1.08235122402899
5,1.00662915141706
5,1.08139261465382
5,1.27765820338308
5,1.27675293951823
5,0.885023267409824
5,1.24747793551574
5,1.12365082234287
5,1.09431084898484
5,1.14618330739381
5,1.25547971593801
5,1.14958449242295
5,1.24647266971068
5,1.12538737888385
5,0.994387733310282
5,0.835261425677738
5,1.18695955679468
5,1.06325626381759
5,1.3553728460014
5,1.16896487222284
5,1.27928939953067
5,1.23333347172999
5,1.09737304167786
5,0.865337009686605
5,1.1164297548274
5,1.20715629494029
5,1.10023088699037
5,1.11735386136332
5,1.33520883843359
5,1.34379561734162
5,1.11448822779196
5,1.01853204743967
5,1.1521587602642
5,0.959256247193792
5,1.12793676099312
5,0.702348182826498
5,1.11742910844433
5,0.921410795823823
5,1.11565331194919
5,1.16199904521597
5,1.16849530728406
5,0.815261863536106
5,1.17723703268648
5,0.851228176505975
5,1.23701676594282
5,1.45198047919301
5,1.26683368165482
5,1.14172118700665
5,1.21786394363166
5,1.10756334083146
5,1.31830728734261
5,1.20614717305807
5,1.10757490268403
5,1.07003947957454
5,1.19672386694879
5,0.920697830233536
5,1.07957798091378
5,1.19800857644634
5,1.46065720688859
5,1.24825959521901
5,1.21312038458369
5,0.849492691666255
5,1.15449421150604
5,1.25404344675203
5,1.13731549973557
5,1.09495778242118
5,1.13688889276235
5,1.5
5,1.13620570227308
5,1.30007255799142
5,0.659622553483895
5,1.30441355580574
5,1.10990121646065
5,1.41443956382373
5,1.18400737153669
5,1.07684628775702
5,1.29837248678305
5,1.10964423544966
5,0.973377468199985
5,1.23039855168382
5,1.10380339049631
5,1.3227755312916
5,0.929936426331515
5,1.22316893464579
5,1.30699491274909
5,1.15028679519866
5,1.35387630682926
5,1.31146411124571
5,1.21277582842078
5,0.936105281388015
5,0.789205961756792
5,1.21990670116398
5,0.930471647353279
5,1.15587698111305
5,0.941762757356297
5,1.31308568279474
5,1.0168390219816
5,1.1577899236519
5,1.05396665356036
5,1.3104295096049
5,1.14213381256118
5,1.25247002864696
5,0.938741773371368
5,1.09882177215116
5,1.11366882284607
5,1.09443904790079
5,1.26221832851945
5,1.16500097980569
5,1.10072681829169
5,1.32719545574252
5,1.18898996835216
5,0.734367483497787
5,1.15625565039675
5,1.40050834350095
5,1.41108459960465
5,1.11113402404904
5,1.32700772729484
5,1.18202056543623
5,1.31326129665629
5,1.14872694281093
5,0.923455639633017
5,0.938188275581718
5,1.192615172116
5,1.28059520560267
5,1.13221157732779
5,1.3123575119335
5,1.1645031279912
5,0.991817317398112
5,1.22156445305633
5,1.14925817701603
5,1.00340281104787
5,1.18229076251804
5,1.30314364532784
5,1.29988523349468
5,1.0839707965455
5,0.979456763951505
5,1.41318204810815
5,1.47777077224603
5,0.984412816336481
5,1.20493053081833
5,1.23022053837869
5,1.34041953103939
5,1.24362540403183
5,1.21098911021947
5,1.22364795900489
5,1.03974594268693
5,1.146466186437
5,1.20658285643988
5,1.03006145293901
5,1.12870961403772
5,1.20868484078616
5,1.29448162270073
5,1.08224444589414
5,1.18424241157558
5,1.23949137187152
5,1.12211402201513
5,1.11160575822801
5,1.06808707459728
5,1.20502739354626
5,0.997856978898225
5,1.0333284595757
5,0.917535525974257
5,0.866451519073173
5,1.1671932111139
5,1.16951338199058
5,0.88929616793966
5,1.16384276273155
5,0.858394001995387
5,1.15764370594095
5,1.05050685256526
5,1.08982529355701
5,1.09545790597145
5,1.21545401439555
5,1.23742931567013
5,0.905709269972099
5,1.2673398325079
5,1.2303874141941
5,1.15276703701303
5,1.12422189891687
5,1.17949584245931
5,1.23911152525077
5,0.682486203602468
5,1.08551311352564
5,1.29991804427781
5,1.20231164218039
5,0.756057053334911
5,1.25080581955662
5,1.23282731731744
5,1.39677705086045
5,1.22775146325428
5,1.12731620554188
5,1.21664345120738
5,1.18812116560632
5,1.10629989062715
5,1.3315548753733
5,0.793209533379688
5,1.30548659117641
5,1.25144547773238
5,1.18646229657677
5,1.0883832336173
5,1.0670738368727
5,0.946807719679005
5,1.1661116000753
5,1.40941976327023
5,0.925693390799028
5,1.13741524505672
5,1.06554537646196
5,1.02095996229666
5,1.09556469092623
5,1.15105451827244
5,1.20823700239157
5,1.19359485686636
5,1.10534252512586
5,1.28971538992893
5,1.20789748866092
5,1.1822863831928
5,1.19479780592522
5,1.25297777053836
5,1.20714436619889
5,1.02547246162614
5,1.35414279274327
5,0.88083857116368
5,1.12610895704715
5,1.15569974626896
5,1.27029047899356
5,0.991514203613935
5,1.01208003636248
5,1.00897165100728
5,1.40608410572402
5,1.19663702276326
5,1.04009735008191
5,0.920832424390699
5,1.21464472969955
5,1.16804898495594
5,0.830249631123537
5,1.24172956808213
5,1.27419083830696
5,1.23920993304993
5,1.28418671442477
5,1.28200368689751
5,1.38594987815674
5,1.18931567316268
5,1.38032599538446
5,1.11033103343142
5,0.700406369416473
5,0.886428953919136
5,1.28078672711337
5,0.840297944316013
5,1.1964683622492
5,1.09477259704343
5,1.19631552782595
5,1.29439347204577
5,1.23745057663212
5,1.23972728304757
5,1.27601646232233
5,1.04760483864104
5,1.05856632282041
5,1.16371339675578
5,0.897922945388995
5,0.840730608199173
5,1.05726420685773
5,1.16106979164048
5,1.05984450710616
5,1.33395687691049
5,1.09335986774235
5,1.10890389823462
5,1.26547984655816
5,1.23019157587365
5,1.10799374965125
5,1.43270540517065
5,1.30173420489625
5,0.93275741167581
5,1.21606527709394
5,0.895984936724248
5,1.09259522767302
5,0.838817511478046
5,1.31023938042352
5,1.08679132683419
5,1.15953562867173
5,1.14216431448151
5,1.25649585537205
5,1.11787820163605
5,1.03008592976236
5,0.841441507113986
5,1.21849108180422
5,0.94094021673657
5,1.23409024145873
5,1.07619404026971
5,1.15069581492137
5,1.02160455535364
5,1.19851021068019
5,1.33261528608535
5,1.12841540924214
5,1.15465969886736
5,1.29387393449851
5,1.05757144308195
5,1.24093708623442
5,1.37677274550257
5,1.07282481812658
5,1.15465532604057
5,1.14037241737593
5,1.08950316346123
5,1.26480875725273
5,1.05434032372396
5,1.10654839133939
5,1.05208643286577
5,1.23814061446079
5,1.19851629446812
5,1.4271800738678
5,0.995701456703765
5,1.09820709431492
5,1.15561024084822
5,1.07887253711988
5,1.19125527407812
5,1.10778755356412
5,1.36345976068092
5,1.07465335399686
5,1.25978499048861
5,1.25922539846733
5,1.18694693848178
5,1.34206393060078
5,1.05168734165286
5,1.48774978711514
5,1.20859018683378
5,0.77900068106949
5,1.02984188486256
5,1.14820349688303
5,1.01946069899075
5,1.38272667667064
5,1.1241124859828
5,1.14289253804529
5,1.22345340530295
5,1.15897283227288
5,1.04704679147042
5,1.38754025725643
5,0.820570536160334
5,1.12589315527183
5,1.14833842046992
5,1.11551261057758
5,1.25657557742595
5,1.26866999591227
5,1.20275366754328
5,1.00647833315422
5,1.0997537096568
5,0.882652888079719
5,1.26600082899381
5,0.884492021856367
5,1.12292668861647
5,1.2455630860984
5,1.09724744402041
5,1.20224612768951
5,1.1564606696725
5,1.2262917695377
5,0.89651707917427
5,0.99084433147406
5,1.05382189906437
5,1.02016699089799
5,1.03153135298974
5,1.06200090372839
5,1.0570869263346
5,1.16326214215378
5,0.952380004266382
5,1.28919262500703
5,1.35934165356122
5,1.13484765698366
5,1.1935792931231
5,1.21099784618468
5,1.39381988358621
5,1.318295009036
5,1.00589796038013
5,1.13241672416573
5,1.37680891986734
5,0.789518716553252
5,1.31276969758134
5,0.94621896196463
5,1.40974418622254
5,1.24130285832555
5,1.09678733863662
5,1.2302667752896
5,1.0889062266493
5,1.25236422023837
5,1.3088397964219
5,1.11405683445424
5,1.19795548925983
5,1.32130870983466
5,1.16159841910851
5,1.43578125974083
5,0.921508055287134
5,1.0931065304346
5,1.01102717513879
5,1.08466050260665
5,1.13379217015154
5,1.03136045707879
5,1.20152041842088
5,1.19320322945444
5,1.21059178308142
5,1.19769973549207
5,1.10720140117084
5,1.17344067154566
5,1.23780011120802
5,1.37659725838147
5,1.10470562923771
5,1.12043076921566
5,1.30476498651405
5,1.15380844384492
5,0.739833914884192
5,1.42069229847148
5,1.16869765194805
5,1.27535284173363
5,0.673175420715847
5,1.02837711332405
5,1.16890013946697
5,1.00394118785967
5,1.38374321180652
5,0.753327864394383
5,1.15777940677943
5,1.15193838412948
5,1.20156292028561
5,0.906192067083317
5,1.36684833359466
5,1.34344249522272
5,1.00312959849044
5,0.818282650511173
5,1.12922384576545
5,1.15304492439075
5,1.40040315303707
5,1.19545759997812
5,1.15964513818374
5,1.34978708570508
5,1.29430657707727
5,0.99739409904133
5,1.10337378496316
5,1.36226653990893
5,1.19200756640841
5,1.16126793598534
5,1.26457005889803
5,1.20656674449191
5,1.15807852220276
5,1.0318299559427
5,1.07682992172553
5,1.2197210495167
5,1.28605298599578
5,1.07799874216309
5,1.28955041502532
5,1.04497765122875
5,1.05159288988538
5,1.21802378995187
5,1.12078139218029
5,1.32929298141731
5,1.03037034205768
5,1.37119639964887
5,1.09216514816165
5,1.5
5,1.2709065854373
5,1.03055381510048
5,1.06946179468472
5,0.945888454136034
5,1.40947836715551
5,1.27631785388209
5,1.03893345471427
5,0.7843960920562
5,0.800440307431068
5,0.901678561022066
5,1.21622475585975
5,1.38629572430177
5,1.36417719839074
5,1.39972458848005
5,1.04861414302354
5,1.20343310116453
5,0.775175996480991
5,1.27995561236803
5,1.20880514085729
5,1.12413232796299
5,1.20545334841753
5,1.20135447103893
5,1.32270032883286
5,1.34376911760725
5,1.38723419889765
5,1.28916313320843
5,1.23826845077905
5,1.20465462235799
5,1.04110165895943
5,1.35031604583562
5,1.11719194926309
5,1.02706023231187
5,1.2157736154811
5,1.26857949273378
5,0.977137747098172
5,1.01836275843579
5,1.25599829693506
5,0.729053686215312
5,1.3034433631068
5,1.17228043644212
5,1.31712230227398
5,0.731421314460444
5,1.20059226942184
5,1.28052855386186
5,1.29166145711108
5,1.3925612951509
5,1.42770302099014
5,0.910356702145292
5,0.93294055469477
5,1.28588750977412
5,1.17475190281144
5,1.09240677026234
5,1.23561965767942
5,1.17037657463618
5,0.774646995697377
5,1.03101724804257
5,1.11982215872584
5,1.36028460282827
5,1.01078216079053
5,1.11374025769599
5,1.18142765206215
5,1.1761144442692
5,0.756236637648427
5,1.08183946715726
5,1.06442255380705
5,1.11200133280289
5,1.25293833655953
5,1.14886931448218
5,1.12974603280238
5,1.02551596180782
5,1.32270904631034
5,1.09639577103522
5,1.23054294217894
5,1.22035948366677
5,1.07139947874414
5,1.2680425124801
5,1.15948123902117
5,1.28036173076386
5,0.954614741392948
5,1.19299622647242
5,1.14703832430508
5,1.31358700210236
5,1.34335367897695
5,1.21833661605354
5,1.18218142026565
5,1.15483066562471
5,1.33058090406285
5,1.17571833027247
5,1.20204553291082
5,1.12592386539851
5,1.39607009871521
5,1.1916651008483
5,1.25123668820926
5,1.131448170776
5,1.16906572320279
5,0.887276019586098
5,0.791435156716647
5,1.00751720343828
5,1.02869998935274
5,1.28733599287826
5,1.0187584507325
5,1.23914791639481
5,1.01427232441808
5,1.21169949590193
5,1.3544664962237
5,0.927593207205622
5,0.928355304184316
5,1.25581227878632
5,1.19512054857684
5,1.20499972622812
5,0.825230994389039
5,1.26525029803959
5,0.935551497345085
5,1.2139571926235
5,1.22758868067425
5,1.05023318132316
5,1.162791840599
5,1.37957219207497
5,1.19845476899635
5,1.08688957101821
5,1.0053514267403
5,1.09729022756301
5,0.916174142615263
5,1.07936790012065
5,1.08927545452492
5,1.23199888913833
5,1.15510009353966
5,0.878705409591168
5,0.790520301192125
5,1.19072465969337
5,0.878363067921394
5,1.18297096046723
5,1.31748806087009
5,1.1971745248621
5,0.984076375344293
5,0.728293175050668
5,1.03479926262077
5,0.930702993603428
5,0.93599290191598
5,1.13656928721345
5,1.04508653429513
5,1.03564805848831
5,0.963186155653568
5,1.2019739919083
5,0.982193776637077
5,1.24665686178561
5,1.23498520493006
5,1.03458048411882
5,1.22469007160613
5,1.20629303310735
5,1.12257018215132
5,1.29226233781896
5,1.2519461266959
5,1.26043239472302
5,1.14673560256493
5,1.48116383813264
5,1.21538081293761
5,1.20691140125199
5,1.17231831114114
5,1.21146535249886
5,1.0889074120886
5,0.977472565931372
5,1.24367422252991
5,1.28806205330285
5,0.766912324593448
5,1.15048848760661
5,0.904139741288692
5,1.11997711202008
5,1.41985920062229
5,1.08208280373096
5,0.860756461522836
5,1.17778809224323
5,1.33267181337493
5,1.21664758763705
5,0.900571554313771
5,1.20981388539197
5,1.29123804218805
5,1.3154301452034
5,1.37310397069201
5,1.07931440413094
5,1.24061886899747
5,1.25374577815927
5,1.25790163689692
5,1.18671633848639
5,1.19335085257672
5,1.0477256314746
5,1.13145096459541
5,1.24656809251228
5,1.02512947823747
5,1.19768836359262
5,0.941120619428912
5,0.832295518450078
5,1.20802537996136
5,0.896301374344144
5,1.10591098291371
5,1.00965320451908
5,0.702249017617139
5,1.12205867987673
5,1.30799629700521
5,1.28540259330687
5,1.05473118468351
5,1.17899742194354
5,1.1463508632118
5,1.28796849075935
5,1.24043957471295
5,0.870536973317492
5,1.21568056338268
5,1.11925078547797
5,0.837283423606021
5,1.3184958214629
5,1.04477635284892
5,1.2021594261259
5,1.24193048672244
5,1.20084234200469
5,1.21725074701532
5,1.28031639032711
5,0.980343676051147
5,1.24418627486702
5,1.41813646674567
5,1.26431260062493
5,1.16158141353166
5,1.17079332376546
5,1.15838310981231
5,1.11709895152065
5,1.25114432238475
5,1.27979874894223
5,1.14221279517712
5,1.16448990263599
5,0.822002985087233
5,1.36210037682551
5,0.87219022410791
5,1.2266073567289
5,1.23132862284235
5,1.24922001190827
5,0.950941073586404
5,1.35455905693492
5,1.21645597081733
5,1.31583486974563
5,0.824086744033974
5,1.02930868367364
5,1.23697983354496
5,1.13219272693147
5,1.17931526363745
5,0.857704074246906
5,1.05144221494477
5,1.19835849123905
5,1.0756931081263
5,1.19029312743176
5,1.12865994505168
5,1.05332551509727
5,1.48728412239431
5,1.39160520285712
5,1.32293800795604
5,1.25194765916514
5,1.17225038032595
5,1.08530127563356
5,1.1312187063816
5,0.746278004947669
5,1.11744525047075
5,1.06609199845071
5,0.793843711995383
5,1.31365690717642
5,1.28829397560623
5,1.40440583244321
5,1.20250206195006
5,1.3101113384143
5,0.908322013347784
5,1.18701012166096
5,1.04190063736023
5,1.02916937720672
5,0.989566553262319
5,1.07913902799365
5,1.16364639912342
5,1.21638454126801
5,1.30163480318537
5,1.30308310517387
5,1.12609857652504
5,1.16945621173523
5,1.37398380498838
5,0.963114771393241
5,1.3494616578434
5,1.18260876698988
5,1.04826523842603
5,1.00029426362569
5,1.13037616720225
5,1.17541608021995
5,1.20576111011403
5,1.33939077417383
5,1.2285616024599
5,1.07454602258508
5,1.09829490689784
5,1.02462279662167
5,1.25181495402889
5,1.20794877990755
5,1.13967800718354
5,1.32571983664478
5,1.11306104415321
5,1.07065295268825
5,1.21171009771441
5,1.29671807718966
5,1.22902029367113
5,1.19182534057189
5,1.23005421110918
5,1.3543659338071
5,1.26379810806843
5,1.25581916494505
5,1.30032435784194
5,1.11329220189629
5,1.38786108445768
5,1.10128642744459
5,1.05081083353278
5,1.09309579587542
5,1.36264846535084
5,1.35678409948824
5,1.39671197253501
5,1.28427928732752
5,1.22285855661684
5,1.27350954490436
5,1.06332910186653
5,1.12861987997697
5,1.21695048778729
5,0.921460349845178
5,1.07834561945936
5,1.24248437664882
5,1.21124904333905
5,0.663810607595566
5,1.05533424326537
5,0.877721096173872
5,1.1727105204851
5,1.1973245038231
5,1.06924727880708
5,1.14409213604952
5,1.28871083701194
5,0.881255492823972
5,1.13503888270565
5,1.26587906230509
5,1.00567493366852
5,1.07531743338669
5,0.94571215376111
5,1.40856252985043
5,1.27291200128478
5,1.08580684474306
5,1.36239876179284
5,0.866773154528974
5,1.22486188424978
5,1.10212220453604
5,1.15016580878817
5,1.23619854523553
5,1.14873640752739
5,1.34010186030583
5,1.12428261680987
5,0.828567313870224
5,1.16015386305069
5,0.961061687057483
5,0.982557200511872
5,1.08759774934892
5,0.920208194270653
5,1.43053087495049
5,1.13254317472969
5,0.966342097945891
5,1.1854039194002
5,1.08889938092006
5,1.01919592800342
5,1.32649001728443
5,1.28085034409926
5,1.0520297129412
5,1.16779389756825
5,1.14884828240446
5,1.12443163164394
5,1.23283729026288
5,1.23769784128754
5,1.16937319899048
5,0.944769438274615
5,0.929329206953282
5,1.23039871481508
5,1.2041267778281
5,1.0134507640457
5,1.33140743251031
5,1.17615026201987
5,1.03653776582188
5,1.42883930417857
5,1.06042458254232
5,1.23379305087955
5,1.10148834433461
5,1.0741955671932
5,0.897924519804921
5,1.34468508316017
5,0.877152104844985
5,1.08073624714068
5,1.11576173476953
5,1.23827186854801
5,0.983785626900027
5,1.22653573860739
5,1.20342411163827
5,1.39997624814205
5,1.28569198093078
5,1.07994888736954
5,0.741832464938448
5,0.807601430767899
5,1.08988054388915
5,1.14003945361447
5,0.774367653518665
5,1.38102640056517
5,1.35962523825169
5,1.30749576016118
5,1.0649620038672
5,1.03488341976533
5,1.16811124849738
5,1.13303357533116
5,1.16138556738302
5,1.22769970486234
5,1.32646820464668
5,0.925883085617027
5,1.12897227605455
5,1.11729263889405
5,1.31897295424348
5,0.816607728947442
5,1.11778945645094
5,1.22212278248448
5,1.2128638233489
5,1.28607800595399
5,1.31510617209746
5,0.98406916957684
5,1.22448759252205
5,0.996341233477928
5,0.659211259073416
5,1.16310034171699
5,1.3909099066048
5,0.973697272791615
5,1.01354543272809
5,1.16399537376171
5,1.05176428967518
5,1.05421908882307
5,1.1537748295904
5,0.98297688346406
5,1.29210116531231
5,1.18405407721597
5,1.20791671803408
5,1.21791159452248
5,1.19490642618713
5,1.02177953193403
5,1.20411364801869
5,1.27065743257577
5,1.18412852917285
5,1.18370738291379
5,0.82521458396284
5,1.25627897924732
5,0.978356421852394
5,1.23994548061753
5,1.28878557180702
5,1.2211235628475
5,0.927450139476858
5,1.01771228808479
5,0.974711189030486
5,1.16800036516683
5,0.902208506767469
5,1.20714242448527
5,1.09260920815255
5,0.819423602860738
5,0.806631237722688
5,1.17765645505098
5,1.10816035131291
5,0.891503471757995
5,1.35859047800668
5,1.05460292262708
5,1.25306969268387
5,1.11688287891448
5,1.14032030693348
5,1.12348453387348
5,1.33321885030654
5,1.26282670177755
5,1.14344297785024
5,1.16773772998301
5,0.899991951210392
5,1.10521087172573
5,1.1561364618282
5,0.979599055599332
5,1.3077059087791
5,1.12938662379752
5,1.27588007750853
5,1.3786394315642
5,1.12805284034779
5,1.1394810355348
5,1.38830789230638
5,1.13314955237749
5,0.955319024837761
5,1.32381402138433
5,1.22645588080264
5,1.22623939213344
5,0.895521563967746
5,0.83992769903725
5,1.17416705021487
5,1.05782880464317
5,0.960901442681063
5,1.2172405227751
5,0.840756272970041
5,1.37120439957575
5,1.08134509777205
5,1.0475808951383
5,1.35288412848552
5,1.12609557482362
5,1.15451816260375
5,0.67628007588152
5,1.23837238283732
5,1.01218968896229
5,1.07254016564437
5,0.709133325797133
5,1.19525039922738
5,1.10309052429086
5,1.13915729992401
5,1.24384504787056
5,0.988682636596105
5,1.22149897923568
5,1.10789210433992
5,1.37410975849205
5,0.75814575071578
5,1.20356306432247
5,1.2687259898792
5,0.945676059286471
5,1.23267805289514
5,1.24877948718276
5,0.934790252103583
5,1.16533639707147
5,1.14564235172381
5,1.38992761921738
5,0.77542917606332
5,1.3563741169647
5,1.20820833917583
5,0.937555949008299
5,1.34589430042123
5,1.19455343524372
5,1.29353308891793
5,1.05400928497531
5,1.09894764170136
5,1.1653184827158
5,1.10097906241422
5,1.27794884088186
5,1.35652913576486
5,1.25334066723965
5,1.19236040462518
5,1.38186915540562
5,1.01934581474533
5,0.993625602369727
5,1.01216666590458
5,1.16857691344408
5,1.30946425592942
5,1.19609603909229
5,1.32667349521785
5,1.07746909771234
5,1.15562916248372
5,0.965841295462365
5,1.10309318820114
5,1.14074865079545
5,0.716775827407268
5,1.28995921556711
5,0.837699093077843
5,0.825877194672827
5,1.20773238038616
5,0.755670818267592
5,0.792994474858373
5,1.23375804371145
5,1.24021150725285
5,1.27169525857716
5,0.898277338984818
5,1.05247333229941
5,0.985198362825487
5,1.25644567289981
5,1.23812669491143
5,1.16571487203496
5,1.09338598178226
5,1.08380169190493
5,1.1164309065832
5,1.18756918679213
5,1.15364133321439
5,1.27577934732335
5,0.853540722840622
5,1.2694666881936
5,1.20654163088611
5,1.30601040208806
5,0.907892788382473
5,1.26513960010563
5,1.33851539056908
5,0.832850689576442
5,1.34398482288936
5,1.03326190987703
5,1.33489748471941
5,1.27795029678785
5,1.17547480807395
5,1.03414664308897
5,1.22145739808091
5,1.19315653486364
5,1.0753409552756
5,1.07465033789421
5,1.03179257678773
5,1.25797906796985
5,1.32048084752704
5,0.844597569376281
5,0.867136412998916
5,1.13307743792219
5,0.784379972294082
5,1.11188599535743
5,1.16826707384433
5,1.16639007757803
5,1.2600418083825
5,1.15591465327447
5,1.0681574545367
5,1.11159825558277
5,1.25820952477499
5,0.880808967676115
5,1.01841644115611
5,1.31868835999194
5,0.806003237040517
5,1.24601531891898
5,1.21354372308739
5,1.2094877733634
5,1.06056278699712
5,0.891763448190926
5,1.17769361852743
5,1.20285148868493
5,1.34859169216195
5,0.996494641488159
5,1.13434715073002
5,1.18605768071807
5,1.19168452756663
5,0.937735826184916
5,1.32937519330009
5,1.13643679732681
5,1.05758724903924
5,1.19101877196021
5,1.22435003502557
5,1.20151373718665
5,1.21984860935089
5,1.18484358110829
5,1.06589252303506
5,1.15584538352299
5,0.9806574219804
5,1.19634291364945
5,1.21060448618804
5,1.1301552900656
5,1.14999906374925
5,1.21129072195021
5,1.15852983714782
5,1.14728215842494
5,1.05650770047552
5,1.33077104653851
5,1.26246565151367
5,0.833181018795075
5,1.10219595403432
5,1.16049224802988
5,1.17826968302598
5,1.34092245443759
5,1.09428166547455
5,1.29434784726593
5,1.30109121530764
5,1.3320884165567
5,1.16995471347296
5,1.0507749340411
5,1.18320581567085
5,0.910276786108139
5,1.11334763021301
5,1.19889271019093
5,0.777879090855062
5,1.20825174330022
5,1.49554003226094
5,0.947997858817675
5,1.09206286703886
5,1.2262091489384
5,0.891371854716103
5,0.999138394243026
5,1.16947038597941
5,0.824578817620049
5,1.24396915542746
5,1.22848770062313
5,1.2242156694718
5,1.06101315337224
5,1.0472488421471
5,1.04696201932087
5,1.11926144641537
5,0.785535848547444
5,1.19439997546546
5,1.04960928228663
5,1.13498479919052
5,1.19868116356296
5,1.20688804536026
5,1.04094850448522
5,1.13646682316763
5,1.21828416751955
5,1.10555213348867
5,1.2360972669667
5,1.11943610930387
5,1.20250603384864
5,1.46703313577955
5,1.30189128154568
5,1.1280889308239
5,1.24130952381502
5,1.34715809250827
5,1.05113735368749
5,1.17655898538264
5,1.19423576843438
5,1.15189041636264
5,1.28975373144118
5,1.21450507263771
5,1.0849015177073
5,1.10194942361697
5,1.07853467311737
5,1.18876620413664
5,0.905238961740626
5,1.06362385805099
5,1.03721841827643
5,1.23383713474762
5,1.07126220919109
5,1.08539396556054
5,1.01351061523107
5,1.23291667961543
5,1.23493718806926
5,1.19524952947146
5,1.31619117821117
5,1.19427884123146
5,1.13202274557726
5,1.19352705172848
5,0.977434867497535
5,0.946944142562704
5,1.07216704855879
5,1.07428321663582
5,1.13773359407196
5,1.11703844462344
5,1.09552370609354
5,1.34279903009752
5,0.662621493297493
5,1.41396573796834
5,1.3210539615693
5,1.00259289212757
5,1.13612769578955
5,1.03798740453952
5,1.1358096813135
5,1.25532423242093
5,1.02427498392939
5,0.946274333086538
5,1.2990557290855
5,1.28223155746003
5,1.24942779770226
5,1.3008425626496
5,1.18001949687228
5,1.08916784464221
5,1.07066507594625
5,1.37927410069395
5,1.08584679066613
5,1.13217647369522
5,1.10623601534175
5,1.33401717414204
5,1.18691391449461
5,1.24541219194382
5,1.2191671154193
5,1.32249038000501
5,0.965163760612188
5,0.870945840761305
5,0.979118486585323
5,1.38367515066415
5,1.13565060444855
5,1.17318991997507
5,1.20665986799307
5,0.810869117722725
5,1.42072989084756
5,1.09722543691785
5,0.9931264760398
5,1.04138331861404
5,0.927325043904159
5,1.17746094290931
5,1.26886323919652
5,1.12109876020418
5,1.12760747936682
5,1.13166027026934
5,1.17803932783863
5,1.20013014505535
5,1.10075180889544
5,1.1149175796445
5,1.44349890851735
5,0.814231794796755
5,1.10512995290579
5,0.976119346065949
5,1.04697916774224
5,1.23992383017011
5,1.09459582126807
5,1.17931024427546
5,1.2941082880453
5,1.33862861251006
5,1.31787926161632
5,1.14851321155959
5,1.13168984362028
5,1.19002184012198
5,1.0497669790449
5,1.23607629014396
5,1.40093553033745
5,1.04397493562619
5,1.17553662775587
5,0.896974814910649
5,1.11189071391139
5,1.14281825225013
5,1.03340130971571
5,1.24042555243169
5,1.22767631389235
5,1.22964586507099
5,0.786118132376487
5,1.10569151663252
5,1.29720130525468
5,1.36927084452148
5,1.2294928945714
5,1.23867818459226
5,1.23776118765021
5,1.26287087709002
5,1.26639259220917
5,1.40423820682399
5,1.18731140506778
5,1.23222007172401
5,1.05076855643888
5,0.780840258849381
5,1.19508496006151
5,1.42812750352233
5,1.1378614427803
5,1.10216321884394
5,1.3429271790013
5,1.20269990302419
5,1.17947922524915
5,1.11173503172507
5,1.12344797932305
5,1.46370628620057
5,1.10984705420869
5,1.40026775185918
5,1.24217401070651
5,1.26000517932568
5,0.793133929036833
5,1.1842874144494
5,1.22354841420507
5,1.10467463538255
5,1.36220906441848
5,1.13035169581867
5,1.06133363029061
5,1.34713503790116
5,1.18628535215013
5,1.08466691519501
5,1.27066534402063
5,1.14458181030353
5,1.27253904994872
5,1.0931802283338
5,1.16973136804297
5,1.31372066462012
5,1.17796795457909
5,1.0535232090529
5,0.757082292905355
5,1.33734239461826
5,1.27830368830667
5,1.5
5,1.24524786281213
5,1.30074683010188
5,1.10280202949941
5,1.13263582811899
5,1.3440868299368
5,1.08212093245429
5,1.25693444347248
5,1.36257614268505
5,1.26368601249356
5,1.37075553069498
5,0.972207109525288
5,1.14256346686049
5,0.970216647922075
5,1.23849919796412
5,1.12740543699806
5,1.20765934702565
5,1.33608941309008
5,1.21862455327499
5,1.20512124581358
5,1.10793471942404
5,1.19736427692494
5,1.2869864491616
5,0.9064443872275
5,1.16616456936246
5,1.12606063523886
5,1.09531426211527
5,1.4195386976286
5,1.27715002688532
5,1.29743625046684
5,1.3847330837091
5,1.34133425040228
5,1.12551233379945
5,1.1846483451418
5,1.25693913829916
5,1.04211066319528
5,1.12384912274506
5,1.20594359975557
5,1.02263716208826
5,1.20454726952374
5,1.00747294341804
5,1.17061127533462
5,1.12953325748347
5,1.28285143404738
5,1.25709802490703
5,0.852198838229461
5,1.29425212626528
5,1.20473626149142
5,0.757905954155491
5,1.31007388105336
5,0.728713745691401
5,1.44849002181221
5,0.804864068248987
5,1.40522676502512
5,1.27834603634028
5,1.33963661497464
5,1.35940096569751
5,1.21426647129708
5,1.19133516236449
5,1.08050515966589
5,1.10764721613455
5,1.06818214685643
5,0.903471358084111
5,1.224625743956
5,1.09130337247367
5,1.29458523869703
5,1.10254578933415
5,1.13522894191795
5,1.10156777517936
5,1.10068806158723
5,1.27608667888794
5,1.23418857692435
5,1.23092697286797
5,0.719879284132248
5,1.3043209551203
5,1.34397270341859
5,1.07520472925028
5,1.14589655783923
5,0.877236418200839
5,0.755934372403651
5,1.34964000125197
5,1.16818810386085
5,1.08020471084114
5,1.0173460034709
5,1.0216269790151
5,0.942418308147682
5,1.22748394035431
5,1.18858260525425
5,1.14716514812636
5,0.953006173664454
5,1.29964117490521
5,1.13417357785051
5,1.17330057174894
5,1.1848527791391
5,1.08043293365051
5,1.20320997239211
5,1.11158481035082
5,1.20668319869305
5,1.20276496593529
5,1.24192872060174
5,0.869478562611518
5,0.941237889615415
5,1.15356487866098
5,1.16496530772914
5,1.35839812468263
5,1.03771646288691
5,1.09526372060258
5,1.25080567850553
5,1.2800174930418
5,1.0948338453374
5,1.37340213463216
5,1.16117117822561
5,1.02215238834173
5,1.0126691973023
5,1.05915132802266
5,1.15224535709112
5,1.06556823004133
5,1.2504727208293
5,1.30926719262499
5,1.17146408603315
5,1.26015850278507
5,1.13722141174563
5,1.03529808237541
5,1.290517445408
5,1.25755692571057
5,1.3084548047846
5,0.986984746449681
5,1.12888445488309
5,1.18933809818794
5,1.21456731326198
5,1.14180509203498
5,0.920133446696143
5,1.30829167107254
5,1.18264981808458
5,1.28866058344336
5,0.801446390834898
5,1.17864081726244
5,1.03600933605781
5,0.83407896054934
5,0.920935642906406
5,1.22204709569679
5,1.25144598969797
5,1.04618214949805
5,1.33843226976847
5,1.09105934704859
5,1.26752412499752
5,1.29646538895008
5,1.22096300410581
5,1.22284098415194
5,1.32546030268902
5,0.887700123959808
5,1.02937077303521
5,0.791121977845921
5,1.01089639588519
5,1.36358880272604
5,0.848930267961338
5,1.24863663510308
5,1.01178890317257
5,1.16103372137038
5,1.25209674840557
5,1.27630088435494
5,0.744303162219829
5,1.18439277170507
5,1.11346235038658
5,1.20228801948239
5,0.897855756184451
5,1.25479955507217
5,1.1865732564549
5,1.19228622293618
5,1.20965646996818
5,1.2476462714715
5,0.88637546181427
5,1.23303219746313
5,0.826622729606237
5,0.956450614298371
5,1.15870054883751
5,1.31832955176292
5,1.09249782356119
5,1.24717225504536
5,1.1382376730566
5,1.03932512320521
5,1.42415785540397
5,1.17738057467465
5,1.20877120585128
5,1.34812626955025
5,1.21489037625849
5,1.17495633009874
5,1.30176391661728
5,0.937315411726351
5,0.904606222778148
5,1.24781858866862
5,1.10024128291401
5,1.32731185982759
5,1.28608086796436
5,1.29013557029071
5,1.16012826409126
5,1.06760842082423
5,1.30957989670036
5,0.820362937146996
5,0.806913454933925
5,1.43853807371522
5,1.14528266734929
5,1.42603129833793
5,1.05320162989075
5,1.15649162332392
5,1.5
5,1.06049979934623
5,1.12579203418309
5,1.31495428726739
5,0.955296292257177
5,1.38204454301222
5,1.23154169190052
5,1.34702403358388
5,1.02121306496955
5,1.24855523195347
5,1.19356288311532
5,0.831592762288486
5,1.15002004371146
5,1.49536809101918
5,1.10795807968399
5,1.22981419801878
5,0.961829403607083
5,1.1170773413438
5,1.19953893133184
5,1.27480254792621
5,1.1355031133852
5,1.08749987173213
5,1.26797968790829
5,1.21613330125103
5,1.18562175198071
5,1.21403509721222
5,1.23877767117973
5,1.26572852477283
5,1.12662542309418
5,1.22691180612221
5,1.13958931053445
5,1.0528618100051
5,1.04753892473198
5,1.30816890326302
5,1.06060318206914
5,1.26216604865487
5,1.29380462231313
5,1.07048539108387
5,1.1443512729132
5,1.12389790215211
5,1.06789165901485
5,0.892986342759187
5,1.18136417073168
5,1.19908236484375
5,0.812130844609309
5,0.960019037808667
5,1.24029350677758
5,1.29688569218298
5,1.21412175041596
5,1.32002941426286
5,1.26836710854048
5,0.824829080632086
5,1.2714776900483
5,1.08608066795195
5,1.09659498095019
5,1.04313888807593
5,1.05659785525097
5,0.972862088858727
5,0.996484833932002
5,1.3101148627753
5,1.08996418502592
5,1.13912830037837
5,1.09627100822032
5,1.25070560078089
5,1.23353151961679
5,0.851491392241502
5,1.21220470616993
5,1.11890135253996
5,1.21697971524168
5,1.08853036704762
5,0.859501855188432
5,1.35068980921532
5,1.19173989058975
5,1.30348135638512
5,1.06660802084732
5,1.22799523207296
5,1.0683046731484
5,1.12478480061159
5,0.966768982983116
5,1.31883195766328
5,0.686646211724301
5,0.960842189787205
5,0.910603610572797
5,1.12273686879974
5,1.08401820947115
5,0.999126800736013
5,1.16918933873784
5,0.907799569967903
5,1.05602998648352
5,1.26157912275917
5,0.951976765483226
5,0.883969928541485
5,1.05148236658147
5,1.0561902390556
5,1.22969754817237
5,1.12395118503877
5,1.10410560396526
5,1.29798320772742
5,1.03842376750614
5,0.981166545606184
5,1.06231450786507
5,1.13508447107166
5,1.14190810716937
5,1.23641998131906
5,1.13421987818137
5,1.39234940440997
5,1.08552916159407
5,1.29442294566731
5,1.24386536115775
5,1.11394516354303
5,0.771615436427529
5,1.07294240908465
5,0.939101249623479
5,1.15566362970719
5,0.809340085111501
5,1.18478162024934
5,1.15639536211647
5,1.27696455539487
5,1.33870085827755
5,1.27173814287392
5,1.10071290610398
5,1.45893197040028
5,1.18440121891756
5,1.31573583476914
5,1.49373567992045
5,1.41717896490683
5,1.15160877626325
5,1.29487277392613
5,1.34866316674348
5,1.17082424983949
5,1.22461402764035
5,1.40111536703052
5,1.29122532888794
5,1.27015586572686
5,1.13602436969193
5,1.39730506861095
5,1.27915975648553
5,1.38898692954444
5,0.984727085966717
5,1.11829124126403
5,1.11530414088285
5,1.10123074545571
5,1.08256071236461
5,0.841887292916507
5,1.14990416953418
5,1.30102678987346
5,1.10920529893934
5,0.846027979733652
5,0.94406909340667
5,1.21977945015007
5,1.27501525671043
5,1.10601918994408
5,1.32315019753274
5,1.35100645138536
5,1.16438632866815
5,1.15486030076528
5,1.34360919315563
5,1.21667631955048
5,1.16400459043434
5,1.01792599258442
5,1.32387214199764
5,1.25211602142968
5,1.20144021195861
5,1.10981213508822
5,1.32628976947986
5,1.30508130311317
5,0.648833771693641
5,0.864798739960098
5,1.186704205263
5,0.725284877708678
5,1.18411133231607
5,1.33707931504359
5,1.07151593670494
5,1.21679578566653
5,1.21964809634369
5,1.20459479643618
5,1.20326950215013
5,1.26930854234954
5,1.02273954190901
5,1.40001694519372
5,0.713639771981517
5,0.906326450175613
5,0.834575606260634
5,1.07145987446108
5,1.36266295780183
5,1.24794289041685
5,0.814545189092702
5,0.863881787798893
5,0.930933490552891
5,1.17337082516164
5,1.27082931441711
5,1.13493551693512
5,1.31810058464924
5,1.06020068139877
5,0.757523218694844
5,0.888150001857716
5,1.21386846212955
5,1.15304492737936
5,1.46126910891913
5,0.976199561895315
5,0.958607096730879
5,1.08081275464953
5,1.27558171437538
5,0.957252541839929
5,1.07867032823768
5,1.2653329906501
5,1.1717791254012
5,1.34061645843358
5,1.16700738039297
5,1.19514660265168
5,1.10281626966632
5,0.971901537720348
5,0.881991886804621
5,1.31376070989889
5,1.11173226316125
5,1.31236253527579
5,1.27136644878792
5,1.18238760275291
5,1.14520997679946
5,1.12650848602468
5,1.2175794349332
5,0.985020062744316
5,1.14372347025725
5,1.04541678404166
5,1.27679436674692
5,0.710431158974562
5,0.886471982877334
5,1.15385910521938
5,1.21605695806865
5,0.931668738019263
5,1.18128293337571
5,0.893735151781039
5,0.855305373776085
5,1.26821915159936
5,1.10425048488027
5,1.1008061327447
5,1.38287216458171
5,0.850814399159963
5,0.762003064057562
5,1.02857497736511
5,1.18618622339655
5,1.39951193000204
5,1.42950441828395
5,1.17090612859396
5,1.12091915105592
5,1.17086118838883
5,1.25376216381317
5,1.01599111668284
5,1.20903980292164
5,1.12899985326234
5,1.2582950822147
5,1.24160963051524
5,1.40506330147577
5,1.12147316853612
5,1.12806665875465
5,1.20065126705526
5,1.15699999632425
5,1.15548401800677
5,0.838529534093304
5,1.16346916160821
5,1.19091127741242
5,1.328831590924
5,1.24991513896237
5,1.10949529068875
5,1.30695295480636
5,1.01440282577946
5,1.03107702695568
5,1.15432217449222
5,0.801056549287967
5,1.07000267622122
5,1.36201955069974
5,1.11146802971075
5,1.27326198295008
5,1.0650818685149
5,0.845812336985262
5,1.38106121953411
5,1.10064786649483
5,1.16041425799705
5,0.989616815576393
5,1.07201714728673
5,1.21027124651483
5,1.38238351746055
5,1.06712965286866
5,1.14599610832164
5,1.27810901094013
5,0.987125702840608
5,1.09219859526668
5,1.06601908204787
5,1.19708494662869
5,0.899432169659373
5,1.04257605873808
5,1.18698215750383
5,0.957350525055136
5,0.848744873753857
5,1.10028787810595
5,1.18825810939506
5,1.05734245011082
5,0.935766268310324
5,1.03993008110447
5,1.28476138372518
5,1.05753559899967
5,1.34664403508862
5,1.06325144602193
5,1.43791928054285
5,1.22104797186601
5,1.36814227036861
5,1.01144801238614
5,1.00515031202703
5,1.0275908535921
5,1.39761159791161
5,1.1640826836429
5,1.28280950459746
5,1.20873215691211
5,0.940201436020176
5,0.938374461198985
5,1.13600389905121
5,1.27590471244947
5,1.33278917609795
5,1.27460650744709
5,0.777510088749739
5,0.949293896514458
5,1.19074064942351
5,0.756849207310228
5,1.07320854666425
5,1.24356451969262
5,0.95191260597737
5,1.29505019803389
5,1.38314333194744
5,1.01100582025121
5,0.586013417117661
5,1.18131730520169
5,1.35480884717534
5,1.11757436822384
5,1.02443181137588
5,1.16291416424311
5,1.30666935611819
5,1.29230025724809
5,1.45563736603767
5,0.951651387786971
5,1.08855640539525
5,1.30390946815329
5,1.25013049477085
5,1.1749153048475
5,1.33680477523995
5,1.25199196861265
5,1.24541328673584
5,1.10700765792179
5,1.23536779865934
5,1.06506315579405
5,1.0584829281031
5,1.38479226987666
5,1.19671319108316
5,1.2221858574801
5,0.912011805639933
5,1.07375143241102
5,1.11858783573223
5,1.27311730256547
5,1.12716800666339
5,1.1227092894961
5,1.41931117235939
5,1.39878926169639
5,1.30155096250505
5,1.06760336211088
5,1.20197617221051
5,1.14941291572537
5,0.848981634033801
5,1.35768250950259
5,1.29625263668602
5,1.09959145516031
5,1.39117919347781
5,1.21267517396524
5,1.24758727288366
5,1.17392994129797
5,1.1327454048926
5,1.12444720463964
5,1.07583583483659
5,1.38578686586482
5,1.0809733719904
5,1.11552732723549
5,1.09760784949311
5,1.16568122686926
5,1.1719814569572
5,1.12622242394647
5,0.881656758306968
5,1.32313039332359
5,1.26848472193657
5,1.33296294209348
5,1.31429599830751
5,1.43045477513236
5,1.12609435001049
5,0.811977481818789
5,1.4580201214332
5,0.97352455355783
5,1.16334969637275
5,1.09651483712304
5,1.13026512704594
5,1.20953271785801
5,1.33379885547147
5,1.31842454970692
5,1.14196449675023
5,1.09991511252905
5,1.14711035185889
5,1.23666703478025
5,1.32435095684099
5,1.24595288414619
5,1.2455407632118
5,1.39202272016432
5,1.29933571987553
5,1.27834536636027
5,1.34885138415776
5,1.18094104929777
5,1.25853688767131
5,1.16474780523837
5,1.00332730336533
5,1.17814104620444
5,1.23789779032198
5,1.4083614374451
5,1.03880262545865
5,1.16235711966499
5,1.23958947446696
5,1.25345348715483
5,1.42265203257159
5,1.27989276425135
5,1.01092854369104
5,0.940328912617813
5,1.09167798042331
5,1.14742038032052
5,1.17144201550962
5,1.16911854446919
5,1.36603846168009
5,1.19104413811503
5,1.15686540433292
5,1.26825170213649
5,1.22393510063191
5,1.2536830155203
5,1.35235922045116
5,1.26788627386921
5,0.980390950436756
5,1.18008597177573
5,1.07694032433185
5,1.38705299231306
5,1.17598647386961
5,1.02506933478237
5,1.29952045233439
5,0.998506981304202
5,1.39552787189953
5,1.17175553521356
5,1.03808472051884
5,1.13606673001121
5,0.967608756703504
5,1.1627662485625
5,0.854971211020559
5,1.24406083436663
5,1.19169696749534
5,1.01877575175147
5,1.46174705654953
5,0.953962262762183
5,0.822604508692832
5,1.11125372389842
5,1.17589739575569
5,1.35863193721902
5,1.0867648687229
5,1.10071432429669
5,0.92328047972218
5,1.28306025087638
5,1.01930569778086
5,1.00949280226943
5,1.13935450045874
5,1.19066131633455
5,1.5
5,1.01738124256271
5,1.4088048429246
5,1.0085629915494
5,1.21133631172601
5,1.19395365676903
5,1.15566570665929
5,1.15854936161119
5,1.19659405545854
5,1.22573543787258
5,0.938316539832
5,1.42309717034033
5,1.29427457655827
5,1.0962382515655
5,1.23209116819729
5,1.35608081183714
5,1.32250377067151
5,0.778195035664383
5,1.32205134274442
5,0.778132551976164
5,1.12989152173356
5,1.16574940791268
5,1.27794444555298
5,1.14630649943727
5,1.16023658650209
5,1.28996334119757
5,1.2029117538813
5,1.39337034857125
5,1.30773939781376
5,1.33032938905191
5,1.2734516227807
5,1.11154153459138
5,1.2041124117128
5,0.827353167573186
5,1.17802567451395
5,1.34506884173961
5,1.15104667208313
5,1.36272661490744
5,1.02581784644258
5,0.873265418270678
5,1.49431941871497
5,1.20602672582576
5,1.20650768087114
5,0.743899385025136
5,1.2705929926222
5,1.17308556334924
5,1.02422319664278
5,1.13041894150344
5,1.10166870323342
5,1.14241411841804
5,1.21277585337557
5,1.32420944034704
5,1.46663815784487
5,1.40419721565623
5,1.30425507807585
5,1.4499387814436
5,1.08220279400516
5,1.25136436420902
5,1.15170186040601
5,1.10098283541903
5,1.15789362650816
5,0.645445577641037
5,1.2074205241081
5,1.19520899363678
5,1.36327142824899
5,1.17980194189183
5,1.07673417820047
5,0.829523354856174
5,1.1080989343251
5,1.00136668364027
5,1.30607028596332
5,1.15486822310374
5,0.799438681381282
5,1.09593482136762
5,1.14607186441138
5,1.0462782757318
5,1.17945494137966
5,1.23340571846655
5,1.20189762604336
5,1.13117909682297
5,1.20385820587526
5,1.14248711863906
5,1.15339697843573
5,1.31695318885656
5,1.19532603286362
5,1.28057721753739
5,1.17176075255055
5,1.11851082102991
5,1.19900185544202
5,1.03146234131204
5,1.33296843268614
5,1.21655856097154
5,1.31234116414305
5,1.16167934124934
5,1.11981958283461
5,1.01886809497999
5,1.13920033903894
5,1.34593090261135
5,1.17220160701953
5,1.21663647695365
5,1.36880890541622
5,1.08456625943356
5,1.10686302752178
5,1.05288754728477
5,1.22864163380551
5,1.04311330045843
5,1.29896053441333
5,1.24072808920515
5,1.22251072553884
5,1.10162918738998
5,1.18851461642796
5,1.3034738973351
5,1.29552207250214
5,1.19058436679839
5,1.07869296585101
5,1.41934167879984
5,1.17059689619821
5,1.08644236305774
5,1.13667794469166
5,1.32437278325835
5,1.18634702997094
5,1.13823490737009
5,1.3531463194005
5,1.23495319638334
5,1.09017723202802
5,1.35603993982775
5,0.875086603947438
5,1.1970233791371
5,1.11134403743197
5,1.21290951174141
5,1.07184390493486
5,1.29820684990097
5,1.19456494140508
5,1.17316168691733
5,1.11660084142385
5,1.14032418184162
5,1.20279914370842
5,1.23168641374996
5,1.16771237317876
5,1.43925511304548
5,0.873090178415307
5,1.37186718220779
5,0.792988821556248
5,1.22939396655257
5,1.23686473418647
5,1.25168101607047
5,0.939773668058094
5,0.888253534124195
5,1.26473367784376
5,1.26465106025053
5,1.23416311777819
5,1.36101049130136
5,1.28292948454163
5,1.18381975918579
5,1.19061396011637
5,1.1025359811451
5,1.20941224093758
5,1.3046020458524
5,1.177303582064
5,1.27502049696358
5,1.04744349465522
5,1.09690389205429
5,1.23257609002823
5,0.959454309269003
5,1.21033658953398
5,1.16200639695707
5,1.25118156520913
5,1.32699222416114
5,1.21402064536629
5,1.27817488681072
5,1.12936879194858
5,1.08153262059703
5,1.17851371026967
5,1.27069969963445
5,1.5
5,1.34245097468082
5,1.07861927319417
5,0.880280603982532
5,0.755123302809832
5,1.2598739929245
5,1.08062242464303
5,1.16172316305665
5,1.27952294798239
5,0.807235751563513
5,1.25948353145532
5,1.33310372792647
5,0.910394115501569
5,1.1467508418041
5,1.3042731161437
5,1.11535116479182
5,1.14823770000743
5,1.13842566957386
5,1.3948659092054
5,1.05574728799358
5,1.15005071090478
5,1.24174028056326
5,1.35116880721111
5,1.07198399543627
5,1.25080362143736
5,1.17906782689369
5,0.911412193910398
5,1.05180400970782
5,0.881855302009863
5,1.17098904372655
5,1.17284524439729
5,1.00108639602934
5,0.794792064403186
5,1.40584604959944
5,1.30939476567167
5,1.02618926325307
5,1.14833301687811
5,1.2559851861317
5,1.22716591584086
5,1.05622780502539
5,1.39792013677645
5,1.32716782854718
5,1.19457277418894
5,1.19071689914061
5,1.1630968073421
5,1.45670817330243
5,1.36468670479878
5,1.17434642833431
5,1.25914217788876
5,1.16469685676171
5,1.23609789421989
5,1.29370264420728
5,1.13794832496694
5,1.26518340656978
5,1.13917523957015
5,1.21065295289558
5,1.19412317369324
5,1.23306205319293
5,1.12389959600926
5,1.0139539306802
5,1.13262997232483
5,0.805145531366608
5,1.18322068243071
5,1.28019704160482
5,1.41541549314968
5,1.23823336339991
5,1.36506533584195
5,1.08198372351244
5,1.11830631397046
5,1.28443868830397
5,1.23607309106517
5,1.19872756696566
5,1.14085647737435
5,1.22491248225545
5,1.28141034529087
5,1.15733733321346
5,1.15217685807898
5,1.02722575265888
5,1.14180832504766
5,1.0108471973584
5,1.04962444815585
5,1.18773935572526
5,0.906641550285845
5,1.08625405491404
5,0.923132964885773
5,1.08196494882491
5,1.16204016209305
5,1.38221712255622
5,1.44203515499117
5,1.28987579845894
5,0.892127642330374
5,1.21302543852709
5,1.15366583995086
5,0.89149726949168
5,1.07346507143026
5,1.14808838359424
5,1.23311354901254
5,1.41999391223998
5,1.21583560101598
5,1.144741147594
5,1.08157031253774
5,1.0627729725111
5,1.28052623476898
5,1.25520858502228
5,0.882468197984239
5,1.26690330737774
5,1.2069658008612
5,1.41257496589904
5,1.08761303664611
5,1.237609189779
5,1.05669978858967
5,1.22906788195684
5,0.815192095355126
5,1.25644492011105
5,1.22039405035605
5,1.00422717715589
5,1.1323187106192
5,1.11733490312175
5,1.2144605030634
5,1.06527038838593
5,1.25420483853434
5,1.17474384100432
5,1.11227923337652
5,1.19527409078651
5,1.1292755889385
5,0.952053230347974
5,1.21498331563342
5,1.24228337772313
5,1.05215443987522
5,1.3947516469722
5,1.0391476687429
5,1.02852662089524
5,1.17853055177148
5,1.33994615217329
5,0.809582381942927
5,1.21967847102256
5,0.843147706824058
5,1.28958648803268
5,1.15880341260272
5,1.23109493662163
5,1.26764798038425
5,0.783142170891851
5,1.38963370140416
5,1.08908677589013
5,1.30456948235776
5,1.12633757194822
5,1.2223069864331
5,0.944401274463585
5,1.16982934803592
5,0.85285825619595
5,0.933471917792024
5,0.840414593862138
5,1.14462706674428
5,1.21308591475989
5,1.18361730513519
5,1.27278176081488
5,1.09827260195208
5,0.608045268029675
5,1.1964506057631
5,0.966940244830745
5,1.29439066401476
5,1.31603531097392
5,1.41280487294977
5,1.22482476345755
5,1.27832737924623
5,1.21963526929986
5,1.29214240194128
5,0.979947384691399
5,1.14546981892455
5,1.16470480621864
5,0.822680946844821
5,1.27701291572943
5,0.818650664374952
5,1.12263305726569
5,1.1266437857736
5,1.26525613755621
5,1.25195197981079
5,1.32696753413848
5,1.04346634954962
5,1.34780806646042
5,1.39903373338738
5,1.15325343500652
5,1.26125332920807
5,1.32688376997585
5,0.700652445837654
5,1.16421824110364
5,1.11270195589395
5,1.15973784591235
5,1.15803931374618
5,0.866140018573326
5,1.32574136777608
5,1.3516597855256
5,1.19929582147573
5,1.12389775839578
5,0.884417370798884
5,1.41058732301464
5,0.998250512648853
5,1.02611065165519
5,0.965714701290759
5,1.17333367004899
5,1.19777143391415
5,1.13586924732536
5,1.11627174514918
5,1.23290159891335
5,1.10348669373817
5,1.29202349378705
5,1.35556071661125
5,1.23578446849158
5,1.12935926111014
5,1.26501963598488
5,1.06718214295895
5,1.33162923799484
5,1.1461195489241
5,1.29416458852205
5,1.11658102982841
5,1.34680950731637
5,1.15293860081024
5,1.34093239799376
5,1.15794050046236
5,1.22823142307736
5,1.18975922991285
5,0.821204990235073
5,1.22666615973036
5,1.34556193418121
5,1.02067114748948
5,1.07910775246342
5,1.1315420056359
5,1.39352291143446
5,1.2604127999045
5,1.23261068264286
5,0.876352225602014
5,1.17118749892326
5,1.20504469683417
5,1.24039335739711
5,0.803182130936011
5,1.25703694731047
5,1.32318365791546
5,0.915807273929988
5,1.18749501176606
5,1.1175763237737
5,1.06691489607876
5,1.35122017857779
5,1.02418432311014
5,1.18659628977866
5,1.23323597456871
5,0.984813834831801
5,0.735155581542445
5,0.803561363642745
5,0.810901967975033
5,1.16043463088529
5,0.937823145081258
5,1.22452289729551
5,1.32075237301422
5,1.11666224170893
5,1.22897711261322
5,1.09063884040731
5,1.16911601112527
5,1.336322566765
5,0.92408910538279
5,1.34994774447539
5,1.14109286848998
5,1.15604262122383
5,1.10713408402693
5,1.29769209708273
5,0.828818716923683
5,1.13707361078142
5,1.30879883309653
5,1.17644217645874
5,1.24676550871905
5,1.22613935927235
5,0.70952889125358
5,0.96393161748289
5,1.15389821244912
5,1.01095365135561
5,0.917813602887228
5,0.756449781098522
5,0.9801499836505
5,1.09868559226225
5,1.02894296661707
5,1.33212077279046
5,1.11433700726086
5,1.25463420726843
5,1.14368238180238
5,1.20738912817745
5,1.24724922269159
5,1.18181088823452
5,1.09773761465171
5,1.04061667225033
5,1.33308798858065
5,1.43310369282917
5,1.10867703358212
5,0.943151587721896
5,1.18924798532427
5,1.24203751129755
5,1.09213898039583
5,1.40642549359751
5,1.29430131899246
5,1.2644877591723
5,0.858065516938284
5,0.935889912147132
5,1.16926386130959
5,1.35339409104653
5,1.0774388340047
5,1.20012240823347
5,1.24459737125385
5,0.748329997160439
5,1.1341007962302
5,0.961634117043963
5,1.22190727974483
5,0.896587917623135
5,1.4573269604105
5,1.33546790000299
5,0.85493474168142
5,0.922347063706163
5,1.33097490020435
5,1.11707008146716
5,1.2165821894444
5,1.12569561913858
5,1.21330305485213
5,1.19119633157298
5,1.32601495195131
5,1.05334778837545
5,1.00295316864134
5,1.03805623744796
5,1.23606122288678
5,1.08619544227104
5,1.25891151812035
5,1.24193352371675
5,1.04772203576453
5,1.29806283010569
5,1.40550980364887
5,1.09219716406273
5,1.15031865201082
5,1.27609346653521
5,1.11677636374381
5,1.30530093489552
5,0.899870628258839
5,1.1076414084204
5,1.12868410337159
5,1.16501990641977
5,0.797342402593665
5,1.21425496436645
5,0.786261742186754
5,0.944424058364333
5,0.953385660094672
5,1.13268290023753
5,1.27030240270873
5,1.43625540085838
5,1.23264646594306
5,1.22450070023359
5,1.19187956487194
5,1.16405544624285
5,1.3800946718317
5,1.15316541976657
5,0.969841389506869
5,1.03980580103586
5,1.3470262754855
5,1.21152225763988
5,1.15558493639254
5,1.3301245975117
5,1.41695913176034
5,1.39320891712217
5,1.10757255764171
5,0.848098713497523
5,1.14972966574497
5,1.22308185515432
5,1.20953510861893
5,1.29128623105436
5,1.04867516740196
5,1.21720189368629
5,1.12360715564699
5,0.927578537380411
5,1.09605248250619
5,1.10232033032955
5,1.24642134291088
5,1.18736370596603
5,0.911688014159665
5,1.29355043374177
5,1.30326009020941
5,1.19231554651176
5,1.00834116509684
5,1.15798713426233
5,0.901862662224528
5,1.23708280344907
5,1.21279703621426
5,1.23566279414186
5,0.977018840212634
5,1.25397189282119
5,1.33456222812761
5,1.15289681024845
5,0.967825566452387
5,1.11088706004505
5,1.1771289266895
5,1.18645546594635
5,1.30068791447064
5,1.20540203288511
5,1.37373530227292
5,1.09641165507121
5,1.13945903888548
5,1.1351093029246
5,1.24416687565121
5,1.08723289813034
5,1.07815197324491
5,1.0233154457151
5,1.37770315022254
5,1.17135961660687
5,1.11358959779075
5,1.24376070825882
5,1.36920420781012
5,1.24114027341574
5,1.40464021107827
5,1.14711315079975
5,1.34988075589735
5,1.358990647015
5,0.837715231372461
5,1.28585301018526
5,1.1681981611917
5,1.10343181759268
5,1.25114779295744
5,1.06723871399678
5,1.4058947917376
5,1.16367805589637
5,1.26361262490897
5,1.33513472729525
5,1.144210105099
5,0.991664431804094
5,1.21551429558832
5,1.24460433197533
5,1.17226237575127
5,1.05595217572071
5,1.14493672784004
5,1.19892301900597
5,1.25753631785173
5,1.37436153571126
5,0.948885290261458
5,1.13029438851258
5,1.27755984343694
5,1.39730952024703
5,0.948377529508852
5,0.726980086700203
5,1.25250844766399
5,0.88013677341123
5,1.08210891521045
5,1.20887121901973
5,1.1501206493525
5,1.24216581301034
5,1.24032477730773
5,1.1985084003659
5,1.23575027255644
5,1.0059200310366
5,0.788609286551763
5,1.36032510675823
5,1.29890222901631
5,0.888000534207691
5,1.26671097102828
5,1.2572276090474
5,1.17408988572943
5,1.06405237548082
5,0.826260794127205
5,1.42954525381984
5,1.12332189983262
5,0.977422839670608
5,0.9863574969929
5,1.03538581202309
5,1.26714478048656
5,0.964661962080878
5,1.1384292336132
5,1.18680385634228
5,1.10477182602421
5,1.04213100338945
5,1.11459230917431
5,1.32733328030286
5,1.18957304228535
5,1.10418823334373
5,1.22311653899046
5,1.22651819472168
5,1.23592925211689
5,0.969784053698685
5,0.993402459637634
5,1.05093686275442
5,1.11589450410616
5,1.13275829149476
5,1.4253347858513
5,1.1279056036806
5,1.0543451165776
5,1.27282420976128
5,1.3151183060258
5,0.866085321279675
5,1.26999366325254
5,1.38819939229855
5,1.14119641560314
5,0.997810192351339
5,1.13240481292056
5,1.25578253672146
5,1.11431652355725
5,1.35679439148611
5,0.977456876358765
5,1.23807521973543
5,1.19588139367782
5,1.07757584042536
5,1.3260712447807
5,1.12157727967766
5,1.0254447003005
5,1.10046222892274
5,0.932574269733311
5,1.17481138384889
5,1.20938546540474
5,1.23853251306327
5,1.34951523740098
5,1.1598424773197
5,1.16886834291924
5,1.30973633744867
5,1.14833492088361
5,1.1185871927742
5,1.37992978828929
5,1.1789729776835
5,1.28396057888844
5,1.16628826733227
5,0.996021097150016
5,1.24250825473495
5,1.10817541792875
5,1.23737135808721
5,1.26141847636994
5,1.2301873842903
5,1.14661338650043
5,1.14518156974507
5,1.15404743232313
5,1.26988993190598
5,1.16950887461673
5,1.15872776897016
5,1.18816274000324
5,1.22982084365981
5,1.25723723353125
5,1.3751784015412
5,1.30804011206142
5,0.977465813342679
5,1.0064625966493
5,1.16268844274883
5,1.28626319561865
5,1.16909436560143
5,1.13887248204037
5,1.28116307073963
5,0.910504538571762
5,1.37804517760753
5,1.17787537409911
5,1.22320548744225
5,1.29207559318995
5,1.1231176825088
5,1.21206148477146
5,1.18705484476871
5,0.866528149609818
5,1.14459683315062
5,0.996637333208543
5,1.31538709580724
5,1.17499690960852
5,1.1936718583408
5,0.768066861115984
5,1.17450868735267
5,1.11512301414327
5,1.28670819606126
5,1.41656364578566
5,1.01824804274886
5,1.01509005940346
5,1.25624341597727
5,0.899314954666494
5,1.24904995982862
5,1.30196971958131
5,1.26307434985104
5,1.2457777892945
5,1.19015787933791
5,1.20368863212561
5,1.21572714376206
5,1.21405970326943
5,1.19960127152342
5,0.80369752163235
5,1.25076954902679
5,1.12251595102963
5,0.866137886830487
5,1.35554714849898
5,1.32796594209928
5,1.06807276066832
5,1.36043099592688
5,1.22568798585612
5,0.757346073110055
5,0.836204683198545
5,1.10321034934762
5,0.942633280160709
5,1.2566566064871
5,1.21768528780904
5,1.11451529063745
5,1.19514606710238
5,1.2411342810099
5,1.29228836572397
5,1.30348794031026
5,1.20035925390516
5,1.16192404663631
5,1.25241781587143
5,1.08661303302368
5,1.37107416708593
5,1.32541924256909
5,1.05679762151558
5,1.16653282346319
5,1.25214557936284
5,1.1511668982716
5,0.867936965420404
5,0.812220528669939
5,1.34650320732209
5,1.39124190895646
5,1.13375775563644
5,0.974409894634041
5,1.26050308366911
5,0.947673108817777
5,0.991172982936247
5,1.14447387455343
5,1.12247352682779
5,1.17722521392159
5,1.172051216839
5,0.979024588508857
5,0.806983369754828
5,1.19723788252822
5,1.12361357503859
5,0.660005138894944
5,1.26664929403666
5,1.14580070928597
5,1.1410902898502
5,1.16191476286234
5,0.926737406936517
5,1.19947414404474
5,0.904561079028576
5,1.17176889005084
5,1.22953672884611
5,1.16265493113999
5,1.19340685677101
5,1.28980365326819
5,1.23458712154137
5,1.29865308504305
5,1.30375388135981
5,1.22943379211774
5,1.14549530341817
5,1.33107864092624
5,1.15102113318443
5,0.944369394035369
5,1.16453478123204
5,1.38407316072505
5,1.17685792999581
5,1.1064612354002
5,0.975127265774704
5,1.20899633246865
5,1.37654139013363
5,1.28824354659034
5,1.12466532574723
5,0.858593960183935
5,1.07761689101289
5,0.891630849301532
5,0.936825582823046
5,1.18290892323229
5,1.14875932567567
5,1.25846050167654
5,1.29894094750202
5,1.33039860861153
5,1.33661400895449
5,1.0863842607374
5,1.10455144196918
5,1.10372916090231
5,1.38401402526868
5,0.860337469289235
5,0.825342641050865
5,1.03499176543427
5,1.14515351181554
5,1.28173028905563
5,1.15150935126141
5,1.19786434482146
5,0.781992590535114
5,1.15910201752565
5,1.30510087312334
5,1.43855636165694
5,1.31950594767134
5,1.37132387830908
5,1.23011652836168
5,1.2963382515282
5,1.2588655000176
5,1.21627548923227
5,0.884184872771664
5,0.894964900082199
5,0.897982673843747
5,1.00529111638462
5,1.28344345615296
5,1.16295746568457
5,1.14015936939923
5,1.12287427063204
5,1.24736285490538
5,1.06840568693917
5,0.916837933393086
5,1.27757247891733
5,1.15336629640381
5,1.12372086006471
5,1.10954707730523
5,1.19123435611878
5,1.21349319494946
5,1.1864706301196
5,1.04536922688441
5,0.705109226035732
5,0.926572627320761
5,1.09515480694273
5,1.04675099794785
5,0.872038224003123
5,1.41901253087103
5,0.789263534712518
5,1.23795216011495
5,1.23649085154295
5,1.32163862087233
5,1.32284478395656
5,0.933251045500611
5,1.04624191770516
5,1.29511435912516
5,1.05758546888447
5,1.22067629933471
5,1.12026315837756
5,0.957718341313705
5,1.0318359472529
5,1.11052926645137
5,0.811236348497536
5,0.822346696433759
5,1.2967130757464
5,1.13664796958094
5,1.15793406125748
5,1.33550339439574
5,1.41079425865084
5,1.06588678946652
5,1.23955316052598
5,1.0686144289293
5,1.21529772239188
5,1.15285828151556
5,0.733688009077853
5,1.11658567155461
5,1.37728669165966
5,0.945535740004731
5,1.28282234522922
5,1.01545769162438
5,1.25074516998999
5,1.26941585021689
5,1.17232029648987
5,1.23442929243106
5,1.03527768587581
5,1.06394888092188
5,1.2224443080504
5,0.959312395149091
5,1.29231966276011
5,1.16318023923617
5,1.43869553483265
5,1.35786342459647
5,1.32470474797423
5,1.3010599758819
5,1.33259450015867
5,1.18043518264432
5,0.76648232363256
5,1.37378878726398
5,1.25375158764452
5,1.04010304321351
5,1.1424753606495
5,1.20218873469389
5,1.06089449780811
5,1.09928413785211
5,1.1797684823801
5,1.27913290539128
5,1.07053202948332
5,0.891561966249965
5,1.42989436829892
5,1.01644816102731
5,1.27327392099296
5,1.41186333810652
5,0.957547928271277
5,1.1937504706329
5,0.92760722171561
5,1.17715493548003
5,1.25240305998171
5,1.1627374846084
5,1.26227742026189
5,1.34459893078764
5,1.25645710078817
5,1.06061638903356
5,1.32228663658883
5,0.905632044343204
5,0.93374980487666
5,1.11139274601913
5,1.1962281973463
5,1.19722126396677
5,0.892416198686071
5,1.12033193614717
5,0.872881622218137
5,1.28620054561621
5,1.11691815495537
5,1.26409290000344
5,1.07232477416111
5,1.22386600336784
5,1.16866341220247
5,0.759171632574203
5,0.776931054920734
5,1.40619591707462
5,1.38246677019128
5,1.29911908085437
5,1.04074649697368
5,0.914473309469608
5,1.13892945762498
5,1.03533768186654
5,0.998069708224617
5,1.24211110865779
5,1.15802543350705
5,0.836306240146699
5,1.23218290653758
5,0.8505769162369
5,1.35284464324844
5,1.19859212762116
5,1.12576492812739
5,1.4177917986745
5,1.10874447212302
5,1.16128615603554
5,1.08179226494465
5,1.09227217121994
5,1.09177046630076
5,1.02699089893327
5,1.12491019091376
5,0.968446652966047
5,1.37084113138479
5,0.837859509195032
5,1.30771261984104
5,0.89510574497372
5,1.21688816697835
5,1.25337598163233
5,1.19505580935825
5,1.25410342901393
5,1.15291707911804
5,1.14778679520895
5,1.13853528462724
5,1.24099368159972
5,1.33363946165725
5,1.19015690427621
5,1.25639111703147
5,1.25945144896133
5,1.38431642207942
5,1.31920747149055
5,0.970900942530675
5,1.34455218266673
5,1.36632921522787
5,1.17257907783052
5,1.03096930158715
5,1.20173353918695
5,1.0779298583189
5,1.0612566284056
5,1.23231071848795
5,1.33672484894728
5,1.30368526872654
5,1.15016140362801
5,0.908643828933343
5,1.0707910798326
5,1.18900384133677
5,1.31295708472454
5,0.961803690322976
5,1.08342433001693
5,1.04990381875765
5,1.02828690386597
5,1.07985712319122
5,1.37945024037323
5,1.28870603570821
5,1.15663621012184
5,1.32816411224849
5,1.02287384949937
5,1.05014484439667
5,1.0973829322373
5,1.28017575194343
5,0.946230813791433
5,1.36604981766738
5,0.669621328517259
5,1.22642543978114
5,1.02538511814422
5,1.34108405286059
5,1.35899527112211
5,1.06368670890525
5,1.02969136015865
5,1.24857148738112
5,1.23974077300721
5,1.12709304069326
5,0.680445359390408
5,1.16175084863589
5,1.062658653959
5,1.28549953022365
5,1.4435417929796
5,1.19167527389122
5,0.903639246138798
5,1.06959316574391
5,0.830123623380946
5,1.16312033992346
5,0.864210759801591
5,0.887991982978168
5,1.1292791487814
5,0.933464057055222
5,1.33440424235865
5,1.17487785755737
5,0.762534824835331
5,1.08482232064463
5,1.46932733249622
5,1.42660105860626
5,1.14441395213549
5,1.31534833058479
5,1.18187739299793
5,1.10148496425262
5,1.27069203555981
5,1.5
5,1.03338324688273
5,0.909188935863961
5,1.13179084842306
5,1.21681490843094
5,1.36199101414711
5,1.10807774790551
5,0.861820517510548
5,1.03517451628154
5,1.21005150876771
5,1.22595634036236
5,0.636445082269334
5,1.3268015422442
5,1.00253821865527
5,1.09019499954597
5,1.29318192837473
5,1.33543030280559
5,1.16699806577888
5,1.21387694954494
5,1.46323335440356
5,1.20335729023855
5,0.812489140392288
5,1.09365789433967
5,1.23702996728578
5,1.13346151756487
5,1.22801616467045
5,1.32921848561827
5,1.01598707905264
5,1.05505884520694
5,1.06995450719283
5,1.31623584251818
5,1.37033001918597
5,1.00050737405992
5,1.06712989650054
5,1.15749473990514
5,1.41256966726429
5,1.37512003560232
5,1.1422283746857
5,1.21668834370558
5,1.18310518447798
5,1.18907748570047
5,1.26893954317019
5,1.2540658429235
5,1.03565139628527
5,1.33054761075281
5,1.3093949217664
5,0.864050196319621
5,1.2951352018312
5,1.00346098868629
5,1.05486515598033
5,1.13655214939421
5,1.05189770371112
5,1.19143685585574
5,1.30017785911458
5,1.0331648944105
5,1.19928775710487
5,1.17014536558948
5,1.38181977900427
5,1.18213126362695
5,1.014301003838
5,1.24398459667245
5,1.31951086898389
5,1.30061450231313
5,1.10664183959258
5,1.09175557087999
5,1.19184541646115
5,1.25023307391973
5,1.31905277119545
5,0.982347079031953
5,0.862193605169809
5,1.26682411898763
5,1.22134860331061
5,1.28695614690581
5,1.21725608620629
5,0.861233620010238
5,0.943717800509364
5,1.12115416647958
5,0.820835576895672
5,1.17354509617757
5,1.2284330075855
5,1.38286620374102
5,1.16677445833137
5,1.18227534173498
5,1.22214220736498
5,1.10174759120093
5,1.02824480078183
5,0.9920220156106
5,1.12358203800711
5,1.45768713179191
5,1.12234574845216
5,1.28394246036148
5,0.885610947971913
5,1.22602597791553
5,1.01964637487818
5,1.0928143271029
5,1.23229800098186
5,1.20860399167655
5,1.23300123964412
5,0.954634647456103
5,1.31451336924677
5,1.02225991051576
5,1.04152655332081
5,1.29558735881215
5,0.82842649951079
5,1.15687983934065
5,1.10288188499308
5,1.2335703743157
5,1.05849598487104
5,1.3546760294151
5,1.15626491806785
5,1.04375175716621
5,1.35403224538959
5,0.893411428029215
5,1.20154900711146
5,1.31444303675374
5,1.14014380032263
5,0.938578858756675
5,1.17382992701301
5,1.09332006143039
5,1.30939802935776
5,1.15766331357619
5,1.12302298478761
5,1.5
5,1.36938887896394
5,1.24656360802636
5,0.673010695591488
5,1.3549068352177
5,1.23507160235207
5,0.784094836541011
5,1.31988164683063
5,1.06556164338682
5,1.22476438199448
5,0.750691025678532
5,1.19189374731266
5,1.23219260135574
5,1.05809767875292
5,1.20316241323791
5,1.12150821949998
5,1.26367443605547
5,1.2224754634315
5,1.09251778432042
5,1.22162078997537
5,1.33232286826622
5,1.21741498193004
5,1.12054597745373
5,1.41044274831252
5,1.25641821571278
5,1.26883793770441
5,1.30160050253034
5,0.923078683541442
5,1.27787450244179
5,1.03319497393607
5,1.09251205350916
5,1.11235071404909
5,1.12637864201357
5,1.26695840429
5,0.951267688683392
5,1.12393241159506
5,0.886718669081735
5,1.05321128354365
5,1.32710329026275
5,1.13668979082623
5,1.08482661725437
5,1.16160500244736
5,1.18720588960308
5,0.819474639218787
5,1.00661239694605
5,1.14236031218228
5,1.14342891462264
5,1.30664116666529
5,1.15618316600747
5,0.99404790683035
5,0.899798819435943
5,1.22379909728945
5,0.871123946592862
5,1.08968214051025
5,0.984348913019877
5,0.924922317454663
5,1.41099586167534
5,1.33173704684275
5,1.16051138623538
5,0.95087394802076
5,1.00304249431782
5,1.27318236018021
5,1.28259436424076
5,1.2918507325687
5,1.21386479496075
5,1.30564791024467
5,1.19184560468033
5,1.07483936126007
5,1.25302195210068
5,1.21389729301715
5,1.23720158990915
5,1.16409892727568
5,1.13333544007296
5,1.26279339146767
5,1.30009298066756
5,0.890531413651923
5,1.10077658605629
5,1.22458371846861
5,0.875023650153685
5,1.19920013271403
5,1.33618813857884
5,1.20151611645326
5,1.31994871965745
5,0.754455228764045
5,1.16418537863473
5,1.13107567529291
5,1.15267321086866
5,1.15390859452751
5,1.35317769029587
5,1.32147238075612
5,0.731016092071407
5,1.07796556287299
5,0.946179218409152
5,1.14035261576865
5,1.12712768824675
5,1.18686960997467
5,1.23168751016043
5,1.11220431900947
5,0.7783344786137
5,0.701592230105436
5,1.23885727185077
5,0.896996158808903
5,0.938975011277555
5,1.2233702424819
5,1.30504965700752
5,1.4279900871512
5,1.16386243507905
5,1.23374986016052
5,1.38459741653581
5,1.3053595092737
5,1.13540789283081
5,1.06898411693365
5,0.961458558657529
5,1.13130750005273
5,1.30249307073711
5,1.25740542348317
5,0.717743845442351
5,1.20171589569415
5,1.38501531654085
5,1.23706283465201
5,1.25823278736495
5,1.06651455775821
5,0.816453436852763
5,1.5
5,1.08927861547208
5,1.34903872163372
5,1.17963864687494
5,1.25808015103765
5,1.11898896392603
5,0.923490191134202
5,0.737563776165146
5,0.854879977644483
5,0.965458264144798
5,0.85035786486094
5,1.20287452327764
5,1.26098838254067
5,1.12910799881785
5,1.1066250549457
5,1.46962662041585
5,1.32960898837454
5,1.22258858873563
5,1.16860440843746
5,1.20034928245755
5,0.98855227550585
5,1.08419546549766
5,1.28070837453013
5,0.926709546990322
5,1.26016576236515
5,1.06813771096302
5,1.01115229526059
5,1.12890608642654
5,1.18686103352078
5,1.02344018108151
5,1.00476252108027
5,1.17063802639932
5,1.10460852506209
5,1.15258201328669
5,1.13640288332964
5,1.21128681367336
5,1.19786333639337
5,1.27251211614534
5,1.21959205997599
5,1.15862548435626
5,1.13403505016922
5,1.19704871553725
5,1.09270720996704
5,1.04960855351383
5,1.18096986357106
5,0.828826830848551
5,1.19126843338766
5,1.05201811511562
5,1.42397362251059
5,1.23295370928789
5,1.08947463168191
5,1.29552665774961
5,1.16935325989271
5,1.15573597666277
5,1.09410545671698
5,1.24140499342047
5,1.18944484771735
5,1.1276206768534
5,1.28568615060437
5,1.29807469465884
5,1.17712590898978
5,1.13338270060063
5,1.35679026758318
5,1.1982715501563
5,1.16994237869695
5,1.2313232146576
5,1.26863766878051
5,1.24906350646158
5,1.3484307047287
5,1.06539537263175
5,1.31421993346748
5,0.941136455990741
5,0.976127755334927
5,1.21741756342154
5,0.910146639167829
5,1.36742799072815
5,1.10584236332409
5,1.44559067511007
5,1.30799098980768
5,1.13896477261862
5,0.76702429040915
5,1.2768389818922
5,1.20146797923039
5,1.27517465031135
5,1.13845982072774
5,1.35122548049689
5,1.26175315761418
5,1.32417937916241
5,1.21283952154041
5,1.27853244225474
5,1.1068570907192
5,1.12112458375555
5,0.96401427216244
5,1.08780475561055
5,0.961636780489379
5,1.01501703840075
5,0.827619951624973
5,1.02119747913166
5,1.14850586697326
5,0.972881874222739
5,0.878244132173439
5,1.17302706958545
5,1.36034969606456
5,1.17137881928266
5,1.19598684254053
5,0.947990825125162
5,1.19301053473274
5,1.14428855302335
5,1.36709130642056
5,1.34118165618107
5,1.10948535209862
5,1.077671607924
5,1.14249699897769
5,1.29518299746205
5,1.32802347695517
5,0.852794434841372
5,1.29785230636887
5,1.20382155854589
5,0.991839868005387
5,1.11813413132871
5,0.973317114179534
5,1.11704801248299
5,1.17051572124933
5,1.05097446016733
5,1.17273320957952
5,1.19168104576223
5,1.35475558923525
5,1.21157482516246
5,1.14926262495208
5,1.06300757290553
5,1.16963174256803
5,1.15095348152651
5,1.17836965659903
5,1.1410997855278
5,1.05363027104222
5,1.1875329245161
5,1.5
5,1.40214416345109
5,0.919081506543298
5,0.978444896796869
5,1.35409945822369
5,1.0272073033896
5,1.34274641320035
5,1.20011947965185
5,1.16129190749035
5,1.19906407665853
5,1.22560606359659
5,1.0237508312531
5,1.16999601916516
5,1.18673811545192
5,1.20080167243245
5,1.2058391949793
5,0.91009703325491
5,1.2101246666335
5,1.18778934944083
5,1.07599831799208
5,1.21125928742652
5,1.16606573511072
5,1.17963935015147
5,0.75089556091959
5,0.927486040716008
5,1.07171952523875
5,1.23486872979295
5,1.28066440671025
5,1.05589710250812
5,0.789717698356796
5,1.06117117499735
5,1.32696594753549
5,1.38187905406455
5,0.926239887701791
5,1.03063471156626
5,1.09323275328606
5,1.21634446346436
5,1.06635069358331
5,1.17722567315674
5,1.07799015222438
5,1.08141542598684
5,1.05264145753518
5,1.16655517899946
5,1.31015255889923
5,1.07682598810058
5,1.08225516686064
5,1.27416810079053
5,1.09330867594911
5,1.21056708932335
5,1.30499436066628
5,1.3110238859155
5,1.28534747261677
5,1.1134961230935
5,1.24194324778183
5,0.861322718735614
5,0.956052513565524
5,1.23549843663994
5,1.21320390854667
5,1.01624162335619
5,0.620098320282756
5,1.24226721044234
5,1.11910679197219
5,1.26984714291686
5,1.19201290336923
5,0.674862311684977
5,1.41068841670032
5,0.731782117082524
5,1.04057182625595
5,1.30696333057202
5,1.23774925371887
5,1.25534059652338
5,1.19769800558404
5,1.13748659018499
5,1.38140246126112
5,1.14405853146251
5,1.08376384176568
5,1.10394374860093
5,1.01822086535835
5,1.16393297598442
5,1.06335410646775
5,1.16832346457581
5,0.971324504273285
5,1.19517308717075
5,1.20871373925397
5,1.30851565227073
5,1.15243283831331
5,1.04757420284399
5,1.19459302787496
5,0.599943024301442
5,1.14872723483128
5,1.30261938309851
5,1.21669356569719
5,1.18965751065255
5,1.16309207162279
5,1.10244980627705
5,0.992375929914997
5,0.970729767550805
5,1.39640748447681
5,0.712188616672092
5,1.13250312972919
5,0.904770109085776
5,1.03566566635403
5,1.25575454340306
5,1.12973828030236
5,1.16519970823497
5,1.27537995072366
5,1.0451424317096
5,1.21729648258322
5,0.698049487071101
5,1.33944277493763
5,1.21354067128238
5,0.813306473325073
5,1.39438045516478
5,1.11317690426883
5,1.20566051467594
5,1.19363197717482
5,1.24694274419589
5,0.783412345288389
5,1.13723736447015
5,1.10431595267691
5,1.09676590356932
5,1.07284440477701
5,0.819971087057612
5,1.24473385781505
5,0.954349599369035
5,0.847928060242506
5,0.84854298291108
5,1.18421781379065
5,1.38071089913306
5,1.38496486178097
5,1.18762185944549
5,1.17530305269701
5,1.32268799305907
5,1.00236426997727
5,1.31470894021766
5,0.896161350841582
5,0.881340317140042
5,1.23943059561778
5,1.14866429717814
5,1.19195510833418
5,0.845384084636731
5,1.04980342534316
5,1.15478626153904
5,1.2363869859572
5,0.992882064786414
5,1.18882308800506
5,1.09880132512036
5,1.21587508814871
5,0.922370655992197
5,1.27727234531164
5,0.947325409520518
5,1.16474106796869
5,1.17530913356336
5,1.20874241724524
5,1.22753665652834
5,1.0817603706575
5,0.826130544704159
5,1.26467812478929
5,1.18608180750469
5,1.15430031584892
5,1.25353804622567
5,1.16612305709705
5,1.27455735466908
5,1.38368924203265
5,0.963701283811969
5,0.8759840009591
5,0.678508597944363
5,0.872182129245128
5,1.13857675961745
5,1.1613111644688
5,1.27811487489303
5,1.30543438313744
5,1.22514039773056
5,1.1619696008814
5,1.320912901934
5,0.976354979350505
5,1.00676135814461
5,1.31077347050983
5,1.02648336394486
5,1.15675772694261
5,1.19237981527461
5,1.25955192592528
5,1.15864935388205
5,1.13177448529855
5,1.39561159338277
5,1.26245750201008
5,1.25897954633909
5,1.1552988955478
5,0.833886853306655
5,1.3634060240942
5,1.17520321027769
5,1.43673899077716
5,0.917815385088612
5,1.1151317649961
5,1.22167720722612
5,0.87830510645291
5,1.18932896852938
5,1.0855633054156
5,1.28796946821823
5,1.34023877358935
5,1.06217748146631
5,1.10217998954244
5,1.25174515935446
5,1.12504812369861
5,1.18087254414976
5,1.29514368637268
5,1.20641863089384
5,1.04788079818785
5,1.03748704961385
5,1.00359069582425
5,1.38292079679625
5,1.06403252459198
5,1.306139228034
5,1.20334919129426
5,1.41269249088431
5,1.30481570506777
5,1.23326708420517
5,1.0173222028141
5,1.17243781169986
5,1.16116873556721
5,1.22148462318037
5,1.21861660983364
5,1.40308379952859
5,1.01517060073058
5,1.09132429324033
5,1.38201407780466
5,1.24186005365749
5,0.935236866646122
5,1.02359518435444
5,1.17312465586073
5,1.3300420887664
5,1.38895863503978
5,1.12475764711314
5,1.22049020768812
5,1.21673025811077
5,1.14956547440363
5,1.13401734364153
5,1.17333696564152
5,1.26221983912485
5,1.03876387322482
5,1.237906165482
5,1.32282944484769
5,0.855917190621352
5,1.3674038784098
5,1.09845153640141
5,1.06943490782268
5,1.2328610710821
5,1.23586677986325
5,1.10228731798131
5,1.07487597579898
5,0.836699091227837
5,1.19414767743395
5,1.06002745162248
5,0.978000780601843
5,0.975786481876025
5,1.20291217716701
5,1.19244978502607
5,0.967330508097693
5,1.14830421754165
5,1.33722931086187
5,1.4371373481913
5,1.1752075441411
5,1.12072345747154
5,1.31584260233315
5,1.14987658457204
5,0.935991231000167
5,1.02949660766823
5,1.1725095466714
5,1.4714810061231
5,1.31503635456923
5,1.19562263410138
5,1.2692800661438
5,1.27512434932124
5,1.18959316518294
5,1.31594447080187
5,1.10604284544772
5,1.00244369669146
5,0.954107824679246
5,1.13133542020021
5,1.25683425925454
5,1.27436178040974
5,1.1736362397592
5,0.845614675926484
5,1.21002224484281
5,1.22588260148629
5,1.27749213019273
5,1.08230849283859
5,1.10650680175718
5,1.5
5,1.13470261776888
5,1.1196741923077
5,1.21237771421511
5,0.839504818319956
5,1.27688506352717
5,1.09957309347517
5,1.26157933100264
5,1.09891247583203
5,0.951694596976369
5,1.31365914012188
5,1.29093794146855
5,0.863533022051359
5,0.677934896885727
5,1.27632968030523
5,1.2920353159485
5,1.19643270448677
5,1.14313708202916
5,1.13635865388678
5,1.32016296731211
5,1.14432406910646
5,1.13099936104887
5,1.18990199061386
5,1.21282076147989
5,1.22214504747165
5,1.18846275438413
5,1.33654137518709
5,1.24362958134885
5,1.20608494242061
5,1.090909687774
5,1.35084623093738
5,1.12709353318194
5,1.30315421775722
5,1.04959349911421
5,1.07059069705234
5,1.36074037400453
5,1.29812681543317
5,1.12317080909131
5,1.26051532901981
5,1.31813263600566
5,1.18367352278915
5,1.22352611973698
5,1.19834791513614
5,1.2383810826845
5,0.775842278164126
5,1.21719996679618
5,1.14994772095155
5,0.749165790286964
5,1.23657780180357
5,0.955848831052351
5,1.24543884327927
5,1.16116156980096
5,1.25222381267729
5,0.907569903635934
5,0.977202219281511
5,1.14876382935
5,0.975165824079009
5,1.13248349349767
5,0.779175965255792
5,1.22956429738416
5,1.2547754125022
5,1.19025099902078
5,1.27390002498103
5,1.28109145182583
5,1.18180983126153
5,0.747470822640629
5,1.08178652538092
5,1.40837164977173
5,1.04250664185065
5,1.12010570649316
5,0.970768909209236
5,1.11676420984225
5,1.22931774822039
5,1.04390951936559
5,0.715289262902116
5,1.35709325810957
5,1.10493499873618
5,1.11699520192093
5,1.14380956312837
5,0.779213420396994
5,1.1829758851624
5,1.21298644890216
5,1.06883159723741
5,1.26954335078621
5,1.35211755852363
5,1.10280257412244
5,1.14412315909865
5,1.26323901335338
5,0.976392925244824
5,1.35113136573083
5,1.10081875892114
5,0.981707550078581
5,0.789282560516569
5,0.881169313928443
5,1.13279142772457
5,0.80321175214192
5,1.29259675471863
5,1.15589802503962
5,1.1940903685967
5,1.06656864937715
5,1.30882191011409
5,1.07553131908782
5,1.00174843870557
5,1.07979913038168
5,0.705328477079688
5,1.20371521864357
5,1.07966010634697
5,1.11774591798019
5,0.99439458136161
5,1.35960519241241
5,0.9752698494662
5,0.92663278870736
5,1.27219122497646
5,1.16064732376918
5,1.25793232100785
5,1.0361690377703
5,1.20429209763472
5,1.05854949183075
5,1.24044047441988
5,0.82668531821088
5,1.15332363627407
5,0.720335728354722
5,1.19545754695188
5,1.43043094111325
5,1.36105143134854
5,1.1589888067392
5,1.17290507053318
5,1.25527476835756
5,1.08997115078565
5,1.21710020382512
5,1.16908301827941
5,1.14839547557189
5,1.41697877849536
5,1.29067072708237
5,1.1233580430538
5,1.30311027197174
5,1.16775318833439
5,1.26480822407055
5,1.25215573876622
5,0.868902660319839
5,0.964111489719694
5,1.24829670739721
5,0.674488565096727
5,1.07712002747446
5,1.26732204691903
5,0.971074482522781
5,1.00570366923718
5,1.29826260180156
5,0.926537151930336
5,0.90221242321957
5,1.35491936811795
5,1.10058652615401
5,1.11660165253312
5,0.931904981947387
5,1.33616726011547
5,0.649319188753415
5,0.884383584041604
5,1.04908811482774
5,1.15087128887113
5,1.00969426436828
5,1.31394160751767
5,1.36822087910909
5,0.666323638842695
5,1.14112336180447
5,1.24056846751487
5,1.25406213069652
5,1.04117842156407
5,1.19314483360058
5,1.08046671435032
5,1.20117797445825
5,1.21928712147994
5,0.930903093376578
5,1.40357894006647
5,1.16838679941626
5,1.07417784913757
5,1.16604904671056
5,1.37493349559098
5,1.34210765122639
5,1.11304393213249
5,0.999782834370256
5,0.91965668874585
5,1.18161202574496
5,0.989172352260032
5,1.18669754790979
5,1.07965024438338
5,1.30490395700384
5,1.17407173197669
5,1.16463943483273
5,0.89556097013406
5,1.16157626182229
5,1.1120939149293
5,1.20091639477872
5,1.16271676452146
5,1.13107770228719
5,1.15869546395416
5,1.22186125921597
5,1.28753820129063
5,0.997097957742555
5,1.26155041408092
5,1.38131884929473
5,1.323853237392
5,1.10690269941876
5,1.07727490396993
5,1.02920196436143
5,1.27307004763608
5,1.26201850685286
5,1.23123501871968
5,0.984670541205966
5,0.687299725045506
5,1.23439696014396
5,1.24634054563591
5,1.26549471694729
5,1.2227347248061
5,0.89824213295087
5,1.10778896953644
5,0.634278343260299
5,1.33986711254008
5,1.22632052388745
5,1.19107158010987
5,1.10621370190666
5,1.25447388120999
5,1.25651525801704
5,1.08339478847861
5,1.17498221559819
5,0.960666751902191
5,1.09496184500218
5,0.998566601529172
5,0.867331606134387
5,1.41930037550864
5,0.881703347771057
5,1.17213875859823
5,0.878380705340971
5,0.94203034258435
5,1.29515370466697
5,1.05507177764844
5,0.834600264552339
5,1.27463028320106
5,1.48356905064425
5,1.10338671577857
5,1.18573665931055
5,1.27109338169004
5,1.10596195509039
5,1.00470712593974
5,1.2966085106401
5,1.19265860788135
5,1.13714195712458
5,1.20980824523164
5,1.11036582734699
5,1.41119053456572
5,1.14160332156922
5,1.0976664189783
5,1.24531853566391
5,1.27561200448048
5,1.11676636691686
5,0.997765785621454
5,1.13478179724158
5,1.11793774766556
5,1.18496507591618
5,1.10580384809407
5,1.20153843673008
5,1.04081575263957
5,1.11394366250234
5,1.00280424788989
5,1.150812691487
5,1.09303069689028
5,1.44815382544908
5,1.1257963112696
5,1.04183666889529
5,1.39862222937018
5,1.00810682437989
5,1.2200141103629
5,1.36083560694051
5,0.862393312955158
5,1.13245117898154
5,0.717330879459184
5,1.39154677740167
5,0.948701627584302
5,1.42087015845283
5,1.10765725381969
5,1.16258563838824
5,1.29127927281483
5,1.11380841546091
5,1.16991238687727
5,1.24642208986279
5,1.15948403908822
5,1.01547532012116
5,0.730175359702748
5,1.21279955995393
5,1.06875658684
5,1.14329712156993
5,0.736719152789346
5,1.1613129222453
5,0.754854936322741
5,1.21609704914208
5,1.34329015181574
5,1.25793893360874
5,1.20286479610155
5,1.19408994874041
5,0.984995758216267
5,1.11538802728118
5,1.31165116267831
5,0.979846587030415
5,1.19898999975114
5,1.11528447924316
5,1.34443824915051
5,1.27082342996564
5,1.22324999553447
5,1.13800698404396
5,1.09500248612646
5,1.29447458045681
5,0.891851615245036
5,1.18041557405607
5,1.32615757514821
5,1.2489304680338
5,1.30747044059616
5,1.18261230115177
5,1.21085038515869
5,1.2228662720066
5,1.12786293798989
5,1.17525685526607
5,1.28175180335535
5,1.0574970269985
5,0.86393328874417
5,1.193089953878
5,1.27028031830168
5,1.17687350597256
5,0.906886407723597
5,1.15649184238323
5,1.19958998495135
5,1.2776381447628
5,1.16915985863026
5,1.28912191057121
5,1.30403058163831
5,1.18019132452416
5,1.27361792203559
5,1.39239860902685
5,1.11807350270844
5,1.16546778769074
5,1.13099026868203
5,1.30056468303207
5,1.24692535180797
5,1.02701513388844
5,1.36138669865622
5,1.2273872708615
5,1.36517002592849
5,1.11494959185327
5,1.06887846249831
5,1.2394553495917
5,1.28034898616916
5,1.2136553978174
5,1.31695955736424
5,0.846079154709818
5,1.05837674303853
5,1.2532070062769
5,1.18163910385802
5,1.07849569092314
5,1.16765471910299
5,1.11847224169993
5,0.993713683478361
5,1.17183481523561
5,1.23073334618893
5,1.20673660583241
5,0.943192664337698
5,1.23055998463084
5,1.38889241153102
5,0.907508739681407
5,0.904668913353094
5,0.948090172436384
5,1.20155241203994
5,1.2066949745217
5,0.96242335730115
5,0.650602094366378
5,0.74774158228053
5,1.08303610420041
5,1.04772741282793
5,1.11504435870272
5,1.37695113995361
5,1.3977904870533
5,1.26421342122787
5,1.36839187064431
5,1.0890330702587
5,0.878474382315407
5,0.907994387255531
5,1.27449604999822
5,1.24609167689813
5,1.16571219042387
5,0.934609202152205
5,1.36272092108555
5,1.40051732156732
5,1.2864203473296
5,1.33113216407506
5,1.25119239137529
5,1.25601057721645
5,1.29127497281972
5,1.07442077127864
5,0.814484991323421
5,1.22173309095895
5,1.23269479754283
5,0.933845306438449
5,1.05308453380896
5,1.20077215742974
5,1.06504453510642
5,1.26823430176513
5,1.03471613349107
5,0.853424971429682
5,1.38994779630089
5,1.1238349210308
5,0.780504216001435
5,1.12883462594979
5,1.34404023151886
5,1.22710899798672
5,1.14953668956113
5,1.21507858446263
5,1.08450716422262
5,1.17987033506343
5,0.921907784124729
5,1.32765849297101
5,1.07770991504884
5,1.08896875582269
5,1.26080350204962
5,1.29306381683403
5,1.15519649092059
5,0.852289175086893
5,1.12216421244217
5,0.949422293665887
5,1.13655110584214
5,1.23589308794455
5,1.25688385674391
5,1.23590792160204
5,1.41973586578339
5,0.958490306303341
5,1.06728816776601
5,1.30028330452956
5,1.07891711264172
5,0.879330941458278
5,1.20517646719352
5,1.2500517364259
5,1.33051143589309
5,0.999710770214834
5,0.915472538475525
5,1.19149435730383
5,1.31206712352302
5,1.1786134398477
5,1.08012704101917
5,0.95796715666592
5,1.22700058211071
5,0.770332787290327
5,1.1232050593445
5,1.34852707481519
5,1.31881927823282
5,1.11449443688252
5,1.25887593653658
5,1.24156654205559
5,1.36259248532391
5,1.02162247442626
5,1.33297372857874
5,1.33739517286481
5,0.81030904183278
5,0.911964739160314
5,1.14010192667191
5,1.2955441502269
5,1.18526872976131
5,1.14100993481631
5,1.11967731836802
5,0.948141588434385
5,1.21485188262396
5,1.2520286602887
5,1.10547348384178
5,1.20311725013232
5,0.853471214179441
5,1.2603169726037
5,0.93083115839749
5,1.3830481890052
5,1.25360317593121
5,0.858764064347657
5,1.23174552788427
5,1.20692860340513
5,1.26658747274701
5,1.22443318547519
5,1.15756368438361
5,1.04653438345429
5,1.12592074303763
5,1.23241772740669
5,1.19637891834313
5,1.15592781233374
5,1.2672816332077
5,1.30058275564529
5,1.08485840237577
5,1.15128970549691
5,1.07529327993127
5,0.863374708288775
5,1.23068785057091
5,1.12198708761917
5,1.11007879764356
5,1.44133772913332
5,1.12605631641154
5,1.27928753496986
5,0.997260728081203
5,1.24060676408214
5,1.25792047895776
5,1.1549543897802
5,1.30509568909858
5,1.17401792901921
5,1.23861215430574
5,1.19248651249428
5,1.00000466955968
5,1.33424360541998
5,1.18362469663082
5,1.29585990958193
5,1.1872110917237
5,1.07557365174716
5,1.41445320424535
5,1.31960797577196
5,0.932822007049598
5,1.2545235409144
5,0.953089911661973
5,1.05213795919293
5,1.2301187844098
5,0.850786620738317
5,0.874530946166779
5,1.02057640383236
5,0.979690824270182
5,1.18001903978529
5,1.10914541313174
5,1.23565982968326
5,0.993338397448775
5,1.06198363736934
5,0.851266797513165
5,1.15180581134892
5,1.3501183734441
5,1.16911518652246
5,0.810644367496923
5,1.32090216086869
5,0.992216362546513
5,1.29793967284902
5,1.26666670960403
5,1.20979799796836
5,1.26341197177052
5,0.707357656701351
5,0.841598072826026
5,1.18358812493229
5,1.16035973154469
5,1.09473773243091
5,1.24557191082811
5,1.19938983508288
5,0.976348025700745
5,1.23246907941075
5,1.00927454659884
5,1.00469510644369
5,1.22985907006843
5,1.18885877936229
5,1.45650074402701
5,0.959179622228277
5,1.23765967475402
5,0.792898677001987
5,0.883537616262374
5,1.13605370944409
5,1.22266405941418
5,1.12565225793972
5,1.05617190407018
5,1.15681684366181
5,1.24094716983161
5,1.30433910002434
5,1.22566557404334
5,1.11006511398515
5,1.37839122425506
5,1.155044487402
5,0.604154763073366
5,1.12026597267628
5,1.23211708014348
5,1.27537282349988
5,1.10159452754338
5,1.05794865084231
5,1.39288601751455
5,1.15644293470943
5,1.00936218163773
5,1.02270179440101
5,1.24912987238826
5,1.00966392379237
5,1.16998630795903
5,1.25244751462363
5,0.558414565341339
5,1.05301027676516
5,1.36220783168058
5,1.02201044077966
5,0.976765600602333
5,1.4079339966902
5,1.17366450398926
5,1.20341191789737
5,1.23000978317485
5,1.0995007873979
5,1.37318420807363
5,1.26032649619343
5,1.20588272657274
5,0.634478679751619
5,1.20514678674249
5,1.29944027718892
5,1.05867762067619
5,1.14235253447929
5,1.41872745346256
5,1.05016157649262
5,0.956486377422579
5,1.17298177115962
5,1.05933098318376
5,1.24845116568456
5,1.19588294978889
5,1.04202968482906
5,1.10646139016568
5,0.981990736326578
5,1.27518751620181
5,1.3259500519831
5,1.4080054244809
5,0.873477959749262
5,1.07182356384817
5,1.20763380941266
5,1.1560935679894
5,1.11702011327754
5,1.07642748523068
5,0.763712792616951
5,1.20550939043618
5,1.22116617574678
5,1.23590891843004
5,1.20854092180723
5,1.0420463828554
5,1.1663533765142
5,0.932682455652611
5,1.03256860219194
5,1.00964305401494
5,1.05763463951651
5,0.973864605660383
5,1.15628645901428
5,1.3678111006952
5,1.37766297400813
5,0.954299529835485
5,0.778339454463626
5,1.21659493893945
5,1.14807045216692
5,1.07158241113026
5,1.08996928561224
5,0.98028360560042
5,1.36485673002735
5,1.03440820895844
5,0.955422306117078
5,1.31788647324625
5,0.975037549068377
5,1.25485949439702
5,1.23206537444271
5,1.081389521824
5,1.24232960319213
5,1.2265273909919
5,1.23386466245235
5,0.969669246011552
5,0.766896171488514
5,1.36055814142582
5,1.04088976317424
5,0.857568133882313
5,1.07223187524096
5,1.21359527863567
5,1.16333343702865
5,1.19664235526025
5,0.96993791705282
5,1.19148426892235
5,0.807847519917551
5,1.37317959684763
5,0.911562519918393
5,1.07572900727359
5,1.24277317847737
5,1.16683216558755
5,1.12197829008473
5,1.09118328846579
5,1.29516371920065
5,1.20416833229866
5,0.776974656353703
5,1.25467655592808
5,0.954918628586601
5,1.11895294107098
5,1.08913140347349
5,1.20059403104186
5,1.32083693706611
5,0.974552576635428
5,0.997164232576017
5,1.11001393237535
5,0.981839144245897
5,1.19289958737004
5,1.21180497150081
5,0.803778063782237
5,1.07018571955022
5,1.17291274109592
5,0.786642069855586
5,1.15110559837937
5,1.14951548195008
5,0.952300916362295
5,1.18548106041721
5,1.08552540977366
5,0.797925116819668
5,1.36532414079027
5,1.33365792581111
5,1.21022442915937
5,1.14289728156418
5,1.16820164113365
5,1.19089358283666
5,1.28312020558954
5,1.30403121334099
5,1.12708643552917
5,1.04853455961929
5,1.27885142908754
5,1.36910185948717
5,1.30649925651473
5,1.39336716537311
5,1.15160551922855
5,0.849947109962676
5,1.13243272283286
5,0.918407446133282
5,1.14691543886175
5,1.15403786188066
5,1.38335103869237
5,0.91665590710149
5,1.11382009082597
5,0.761083003599911
5,1.04847663827737
5,1.11835664370321
5,1.19287855828486
5,1.18623055466552
5,1.04603171941296
5,0.990920945418906
5,1.14524513278688
5,1.19780943357418
5,1.05723872773249
5,1.29840539835509
5,1.40654627312267
5,1.15834319056989
5,1.00853447285486
5,1.19649615746574
5,0.825869094170438
5,1.35573040646737
5,1.20748089194997
5,1.10364634883999
5,1.19964604395002
5,1.17480421668044
5,0.845176868843734
5,1.34243077076435
5,1.27865449998565
5,1.15119300504787
5,1.23645515171814
5,1.0722581636641
5,1.44489124044254
5,1.15848929026604
5,1.33951455731112
5,1.35581178719285
5,1.30798660251273
5,1.33480342772519
5,1.09842037659551
5,1.14217408220289
5,1.4427921855899
5,1.08073497633942
5,1.09679817535065
5,0.97667251788537
5,1.06384289896003
5,0.784593552540165
5,1.26679664191206
5,1.31490675961864
5,0.974202077152451
5,0.930632040541045
5,1.2749581810342
5,1.27544349702473
5,0.936549089343576
5,0.970644773933673
5,1.02727540402529
5,1.11053448099485
5,1.43143813854321
5,1.18463905165674
5,1.14045882526751
5,1.1076180819766
5,1.16623105167266
5,1.38264846358156
5,0.934199771751435
5,1.13156547233036
5,1.17002038741377
5,1.09723407237676
5,1.24033966781438
5,1.08740871815834
5,1.36515197518237
5,0.992371136901472
5,1.00419480615381
5,1.30526610683692
5,1.24976603345267
5,1.26880106470966
5,1.09251889604181
5,0.980234881803571
5,1.38804539427168
5,1.19922710013493
5,1.23301981101523
5,1.02272264058987
5,1.15150162061259
5,1.11498189619973
5,1.31341582908484
5,1.32642233855649
5,0.83663656963053
5,0.878055876847241
5,0.998773522437161
5,0.889948945276998
5,1.5
5,1.07150359676202
5,1.25945364384257
5,1.12776444348536
5,1.21460457844785
5,1.19866617064239
5,1.30279676458119
5,1.25616883343061
5,1.19991021636517
5,1.13402419176957
5,1.1254812560501
5,1.04965931835778
5,1.21317366160787
5,1.11320228433663
5,0.758192153222836
5,1.37195040422436
5,1.0358452166495
5,1.24810988881071
5,1.25205295823976
5,1.10945288544996
5,1.23633681426192
5,1.04421525563835
5,1.3781959823668
5,1.33185529784386
5,1.22233760657361
5,1.08648593786977
5,1.36227533388222
5,1.3926252773719
5,0.912881702021645
5,1.16478290779458
5,1.34434768086474
5,1.2439173200567
5,1.09093372011045
5,1.16663462141818
5,1.16816070484666
5,1.26993847302525
5,0.709079171453154
5,0.917014955543162
5,1.12553755295086
5,1.05883157929314
5,1.32325379241688
5,0.97947828176228
5,0.883839580985441
5,1.24269135873153
5,1.23540963397633
5,0.799398798556655
5,1.23332349339562
5,1.18811041000391
5,1.07785059745009
5,1.09966011322566
5,1.2540072258612
5,0.999516819641467
5,1.37210243356643
5,1.22901765219663
5,1.11859347833689
5,1.12427962908923
5,1.27943944328433
5,1.29564232085533
5,0.933147311819746
5,1.1472113754905
5,0.925244508178858
5,0.888334083148789
5,1.19788152316365
5,1.22340977528445
5,1.05246948986927
5,1.37873213394837
5,1.22012337781268
5,1.08121629471076
5,1.30962531594693
5,1.15478116839517
5,1.45123187385046
5,1.11044879353699
5,1.17926033298384
5,1.09117101922964
5,1.17313359043275
5,1.28637023922278
5,1.42447342593697
5,0.738377687390731
5,1.21942442448454
5,1.06719550295456
5,0.944221278297168
5,1.25468446076646
5,1.00259807030502
5,1.12509808211419
5,1.28012845391184
5,1.30431075299997
5,1.45958326692724
5,1.18427035634247
5,1.04912880161403
5,1.10306426364761
5,1.12864549827285
5,1.14347601225482
5,1.06615952511422
5,1.22005549192076
5,1.11059140278463
5,1.19181731335197
5,0.890487964650903
5,1.04444521502766
5,1.27597241269325
5,1.03383600448231
5,1.25223715229933
5,1.33787195551825
5,1.19239514231738
5,1.27844620729843
5,0.795059365652889
5,1.34928241369556
5,1.16195193142041
5,1.27640513801055
5,1.01291165787263
5,1.2650519708991
5,1.01437822292925
5,1.21832842438913
5,1.40871249690132
5,1.2351303904718
5,1.09769079562051
5,1.13797616044492
5,1.2521004201187
5,1.14590699329858
5,1.07443012699184
5,1.16306062640625
5,1.36549416514707
5,1.08794951729965
5,1.0106691759384
5,1.30197784344636
5,0.997604340336752
5,1.12068770594676
5,1.06567738141717
5,1.05784742075915
5,1.23089243750719
5,0.850854013235184
5,0.7259385061817
5,1.15979513125591
5,1.22741198016027
5,1.18179247183106
5,0.94328607021417
5,1.09559404895072
5,1.11612097599917
5,1.18183082121572
5,1.24344646159869
5,1.15359988097165
5,1.00852284874231
5,1.27379049068569
5,1.20269647223354
5,1.14919748895508
5,0.767670854740227
5,0.927956174351322
5,1.1002511843269
5,1.25763769320156
5,1.19975216258835
5,1.14304093971334
5,0.970651517462013
5,0.685459866843634
5,0.961412534604061
5,1.16564350607804
5,1.26880928325759
5,1.23361980727289
5,0.93798735653131
5,0.900293600255773
5,1.20851428933389
5,1.22109267809666
5,0.969737280554762
5,1.21823978122482
5,0.897726721541639
5,1.02246987276967
5,0.889137425434869
5,0.914674636070263
5,1.29254125372408
5,0.915275190419367
5,1.26861327573881
5,1.14212721736065
5,0.932378183425233
5,1.09485052040566
5,1.38645758446959
5,1.3893530761648
5,1.3215633338909
5,1.26062003113025
5,1.21739814782686
5,1.31136530166123
5,0.767360204369849
5,1.16566196435849
5,1.17873661005496
5,1.31259896869622
5,1.20506657006147
5,1.10631176844995
5,1.1864899528448
5,1.26669344170667
5,0.847559548772314
5,1.23847771273112
5,1.11776688126759
5,1.22105495091748
5,0.815889535982457
5,0.578035514526274
5,1.19014121504484
5,1.18349239710051
5,1.16063474211136
5,1.1341017275966
5,1.2589643910627
5,1.33166982705117
5,0.833896387815917
5,1.17068141843148
5,1.12984559895348
5,0.573075661149414
5,1.18238620786773
5,1.12386787097263
5,1.29896307386714
5,1.03878143557032
5,1.14624515535017
5,1.10720863672572
5,1.25143670712089
5,0.776285284489243
5,0.707867908937017
5,1.15653379813707
5,0.842005617419817
5,1.10450917845327
5,1.34663497940132
5,1.2461782392687
5,1.03744618525727
5,1.16790188081532
5,1.26435500431314
5,1.03778697509047
5,0.992563155055785
5,0.682061243391672
5,1.10022462907745
5,1.30663077110631
5,1.06734946457437
5,1.05336077526026
5,1.3908831933213
5,0.910847314832289
5,1.12663395188046
5,0.940885738746746
5,1.01227973958955
5,1.12833710172327
5,0.864604602827255
5,1.06805446276129
5,1.39599032746774
5,1.09985754061216
5,1.25787774828096
5,1.12824925989363
5,1.07881377240869
5,0.955094180892434
5,1.09654993667727
5,1.07827160109492
5,1.10331779069463
5,1.26486555755319
5,0.903637619059431
5,1.1272592703869
5,1.23569897209197
5,1.19777616879375
5,1.13835172746225
5,1.20454313262699
5,1.19851518093975
5,1.38386127739298
5,1.03798787323534
5,1.11441948265676
5,0.861545679612813
5,1.19469185303638
5,1.2094083095755
5,0.838852400396139
5,1.13953603653993
5,1.28888560940527
5,1.12629712243629
5,1.04877667222839
5,1.43110568521141
5,1.29024539493219
5,1.19325707096339
5,1.15166971968798
5,1.27116402138204
5,1.32734234162543
5,1.30590875827443
5,1.27489233892757
5,0.942764584723267
5,1.23217626227579
5,0.915499049352441
5,1.01461799625021
5,0.963264996351371
5,1.06108648760474
5,1.11403035303387
5,1.30250013878367
5,1.06822197582764
5,0.759725705405646
5,1.23941877203456
5,1.30814561704179
5,1.32296413171865
5,1.12253240448449
5,1.00648999684957
5,1.1105069847605
5,1.34037311410374
5,1.38486624145038
5,1.09266513577694
5,1.11941679334962
5,1.2965421933529
5,1.09634681630937
5,0.708560925143213
5,1.03329663738993
5,1.22044307409549
5,1.40877813556946
5,1.25332561992161
5,0.696125707338509
5,1.25187075820544
5,1.1049197317601
5,1.3786634707063
5,1.18714644183959
5,0.872692742449387
5,0.844518066994473
5,1.10246032237409
5,0.985114200916033
5,1.19183793017254
5,1.14470302887902
5,1.10931927611259
5,1.09970153669662
5,1.37502208539455
5,1.41790695918794
5,0.778963074688198
5,1.17730964920839
5,1.08945935461523
5,0.969796415980658
5,1.41003524394093
5,0.965336361883997
5,0.958863625996424
5,0.896595795117588
5,1.17617435992048
5,1.10829527236657
5,1.13820201497985
5,1.27282612859742
5,0.83917173465922
5,1.21052738918976
5,1.1201988818138
5,0.852507261807615
5,1.38222164001684
5,1.14849373058627
5,1.4203066354239
5,0.900097584797944
5,1.1647747448188
5,1.3136766433569
5,0.998578419320838
5,1.14048938627888
5,0.68338685466306
5,1.13426177640214
5,1.37638286117471
5,0.881564600266831
5,1.22375499139404
5,1.3987088656501
5,1.17095324884882
5,1.04028976374155
5,1.13133639395474
5,1.41198265178661
5,1.28109070191691
5,1.21077746506984
5,1.15038172324749
5,1.20586570283254
5,1.10911162265145
5,1.19163315759225
5,1.16248953250102
5,1.36815566841972
5,0.7880115757272
5,1.1863519073883
5,1.29280113376248
5,1.17270246302532
5,0.874367486111924
5,1.0118254196418
5,0.920658255771504
5,1.23833205198924
5,1.34161507935095
5,0.811928698041992
5,1.30053924243393
5,0.978251576880005
5,0.951400020137177
5,1.11995432195823
5,1.15744338981694
5,1.34537366249844
5,1.16277144825302
5,1.02813072040933
5,1.17320505526619
5,0.920276249892804
5,1.29567624657607
5,1.26733120601165
5,1.33523306944208
5,1.2696154425194
5,1.15690881068817
5,1.11731364435917
5,1.12304283639614
5,0.968829712278549
5,0.958448783541506
5,1.20287149057919
5,1.27230379423193
5,1.03968407532401
5,1.27827629805355
5,1.37775107242231
5,1.15457130935686
5,0.901686852309108
5,1.14261456226073
5,1.27324023190412
5,1.18931114450232
5,1.1296629357917
5,1.29006047010406
5,1.22491539518873
5,0.812227447699535
5,1.36940233323345
5,0.930826542194712
5,1.23437989833875
5,1.02025792761565
5,0.975659683692304
5,1.28189299270313
5,1.19026978023925
5,1.18731938231076
5,1.27866059720651
5,1.15349282989413
5,1.19266223275202
5,1.10400277738199
5,0.872129344210386
5,1.24034198424303
5,1.14200074869144
5,1.09703132416784
5,1.25433747908086
5,1.0080387009713
5,1.2406437302887
5,0.886785152971522
5,1.30953301180296
5,1.2316375640298
5,1.0659585562291
5,1.29145286178884
5,0.731449910105968
5,0.787263216817938
5,1.24517700916969
5,1.40602129858614
5,1.07951702909088
5,1.27306736011663
5,1.33665315057827
5,1.09106305605168
5,1.15404183275747
5,1.16116514496185
5,1.08395323146482
5,1.110511932453
5,1.30440174819797
5,1.27972292624466
5,1.33406463354678
5,1.05937127517871
5,1.10768900032029
5,1.13450884380009
5,1.22039788233036
5,1.16180680549218
5,1.42466413289584
5,0.968506082751515
5,1.27945448851524
5,1.15496844649843
5,0.899833493856343
5,1.10935714339452
5,1.25549510806861
5,1.15715953982237
5,1.13977505349331
5,1.29463618820968
5,0.733915684967735
5,1.23496253103848
5,1.1605390661521
5,1.25064359281545
5,1.19494414048397
5,1.01574827329178
5,1.11455055061833
5,1.23811856931076
5,1.15457224778947
5,1.02731974748559
5,1.19308126255184
5,1.3436634939798
5,0.823297267353252
5,1.08335748893252
5,1.21031930835192
5,1.17958685624397
5,1.05073686481253
5,1.07475450798298
5,1.0903683015172
5,1.18859370068322
5,1.11410247900474
5,1.31252478623506
5,1.15104955437601
5,1.12833691583845
5,1.30308754162614
5,1.35472043951485
5,1.21470670017362
5,1.29815596753118
5,1.37705526613344
5,1.26794673061112
5,1.32089438497305
5,1.07538269485604
5,1.14734450611317
5,1.17344795384695
5,1.34405797151556
5,1.1960076238417
5,1.34705553033175
5,1.34922397889437
5,0.942093599166049
5,1.23910192300898
5,1.44456469579363
5,0.93153486569543
5,1.28112315800973
5,0.89446467293627
5,0.85939201093964
5,1.30213622849377
5,1.22918180194455
5,1.22710828656916
5,1.23977870102106
5,1.24359161954167
5,1.15095130249808
5,1.30482062822667
5,1.09906332500908
5,1.22912701066391
5,1.32409291722478
5,1.305716557421
5,1.29747050022489
5,1.22894411425977
5,1.16179800273485
5,0.861552658946103
5,1.06686532983409
5,1.37843630224495
5,1.13201809157813
5,1.0563892914061
5,0.950271218901176
5,1.12853933292177
5,1.32568166119856
5,1.1757506076347
5,1.03129211592131
5,1.15689319816913
5,1.25987659024516
5,1.14019849577143
5,1.13763047645896
5,0.767168869123722
5,1.10045034268963
5,1.34896875954095
5,1.1472167993496
5,1.03712104440135
5,0.952966406858061
5,1.25590158824448
5,1.09524653306199
5,1.37229532045307
5,1.12026004184106
5,0.812556135037071
5,1.24938736591509
5,0.994732203875563
5,1.1270834545638
5,1.19937972750172
5,1.15467020553672
5,1.23292428936493
5,1.07087478030222
5,1.09385157250443
5,1.13428931333197
5,1.0738284795979
5,1.15472199340009
5,1.20813840055595
5,1.07791333677713
5,1.29698665391763
5,1.23602315197885
5,0.980319621783791
5,1.05961016055543
5,1.16092981443949
5,1.27684750055323
5,1.09619174580469
5,0.865570309420455
5,1.20175015051097
5,1.32212800832676
5,1.14389754040599
5,1.06002273013132
5,1.09397259592307
5,0.931184037990741
5,1.28705280479964
5,1.28641661026299
5,1.40316305709791
5,0.962360071319312
5,1.17260065308468
5,1.32567251484809
5,1.15222375719522
5,0.981433962182537
5,0.720229871822063
5,0.763820027223408
5,1.31242700378091
5,1.21538888513863
5,0.730115120765031
5,0.821584945375961
5,1.21485433648303
5,1.15252712614068
5,1.08494033193791
5,1.17055181432392
5,1.34776039393928
5,1.29657525927993
5,1.10731394851718
5,1.14885047719034
5,0.829046107179651
5,1.10457506338983
5,1.06079429944039
5,1.21894381935826
5,0.874829111580024
5,1.19341918135615
5,1.11568485228192
5,1.24619492385655
5,1.07750211106445
5,1.31761201930505
5,1.01078262161438
5,1.04749974133504
5,1.11469643318964
5,1.25266383368706
5,1.15731088433925
5,0.800977449888363
5,1.07051964639623
5,1.2960615611907
5,1.0790815172741
5,1.32530053908125
5,1.21481600405991
5,1.3966456974494
5,1.18654453545609
5,1.10199099695952
5,1.20386440657565
5,1.21179327716165
5,1.19373315968457
5,0.906390463265711
5,1.21988605051462
5,1.26550048701895
5,1.42181755831511
5,1.11626675260705
5,1.26760623794444
5,1.21984048432477
5,1.16049440146141
5,1.04769778508842
5,1.25704924002987
5,1.33233790416991
5,1.19396301889656
5,1.13465284585675
5,1.28928660302398
5,1.24771153662958
5,1.18542673793025
5,1.10640933380761
5,1.16426107752216
5,0.973133087647442
5,0.96929151577216
5,1.13916617001642
5,1.25071764972116
5,1.16588194179755
5,1.0371496563311
5,1.17211250106071
5,1.09010020496273
5,1.3669181169243
5,1.23828211074172
5,1.09874415210366
5,1.08519004137223
5,1.15082613619117
5,1.35573374129974
5,0.789840995167838
5,1.23627762088496
5,1.19478505077998
5,0.830974234996612
5,1.15343288397741
5,0.753315534655787
5,1.24167917344068
5,1.05538618810785
5,1.29854583164543
5,0.987278183252604
5,0.966984284920804
5,1.05136101368654
5,1.21601292023986
5,1.3121476079789
5,1.44314492266161
5,0.881349957077553
5,1.25830583215735
5,1.03817825945695
5,1.01854360659466
5,1.05297292965999
5,1.14023010541286
5,1.12122930615507
5,1.12722197469948
5,1.11297656033272
5,0.810793245459201
5,1.00667462895944
5,1.2583281598841
5,1.23311403517736
5,0.892526233397236
5,1.22499138261488
5,1.14343870126231
5,0.982007340917647
5,1.1366450698517
5,1.14078577187564
5,1.05302026249413
5,1.02255307854584
5,1.22472116917905
5,1.03182367728478
5,1.30384049473897
5,1.36013833570438
5,1.24455851784351
5,1.10855346280947
5,1.14777670227033
5,1.03060610820917
5,1.18990527185875
5,1.12919359372511
5,1.25036858254321
5,0.916317584251677
5,0.945400556501285
5,1.11798326642133
5,1.34659478299545
5,1.12481597015843
5,1.16103356570225
5,1.11944291517576
5,1.10279124903815
5,1.47573470772458
5,1.31285050102756
5,0.990551622428755
5,1.1489558670193
5,0.86988146033512
5,1.16668756592004
5,1.28463089418505
5,1.13769443577872
5,1.16074539747583
5,0.803870047595692
5,1.14420989230884
5,1.18164687848616
5,1.15583057853469
5,1.0584438894953
5,1.4353508959735
5,0.96659236341413
5,1.3107434159548
5,1.29217845607041
5,1.3246575312426
5,1.27919735813116
5,1.21453144648663
5,1.20211021481634
5,0.784731293542704
5,1.16999623736957
5,1.202626152559
5,1.25484573965745
5,1.02548851348855
5,1.23636542391979
5,0.897544003365654
5,1.26448814127816
5,1.17531443262434
5,0.969448356776838
5,1.39429814607043
5,0.958584335035674
5,1.38678306705055
5,1.17984733665735
5,1.22067711601889
5,1.32494517097777
5,1.18704883299905
5,1.16560594193538
5,0.962366898374456
5,1.35957975813734
5,1.25778132462116
5,1.35225569155094
5,1.00076176264848
5,0.778348876253383
5,1.06322477136114
5,1.14505679360178
5,1.25902751062666
5,1.04988270667635
5,1.17704598470745
5,0.772749321037557
5,1.29196736149541
5,0.993628732598466
5,0.899698495645636
5,1.21637960433462
5,1.16968761391667
5,1.10195414870158
5,1.29837394895812
5,1.1816822324051
5,0.853578168814448
5,1.09001802400168
5,1.23863675390857
5,1.16526567297487
5,1.2667618268986
5,1.3564625018057
5,1.32575858411951
5,0.983831830617807
5,1.06394682372532
5,1.05193973167053
5,1.2339320952315
5,1.05952196468186
5,1.08481536286431
5,1.03381237972594
5,0.947686652542391
5,1.28103299635644
5,1.38813709763953
5,1.19798893414904
5,1.19794097919784
5,1.23996039819935
5,1.32422835594209
5,1.14199819609261
5,1.1528653810893
5,1.13996947368867
5,1.39033367453063
5,1.14728549216832
5,1.13871752027703
5,0.991510035581993
5,1.01517619639266
5,0.703462923700351
5,1.14168908338077
5,1.08915700455608
5,1.28546055994237
5,1.0871769056236
5,1.112498022992
5,1.33500504014253
5,1.07193379263083
5,1.31118597310846
5,1.11958106110866
5,1.10086189712843
5,1.25660962408733
5,1.02621192704188
5,1.19752434617158
5,1.05796097026642
5,1.18231287653811
5,1.27774343040924
5,1.45773481608664
5,1.18803200922808
5,1.00238713880415
5,1.25091680081764
5,1.29523859866612
5,1.08899235941507
5,1.00293012900972
5,0.794974754750348
5,1.12583804062174
5,0.660694514494341
5,1.05801287966547
5,1.22045713866061
5,1.05392419580085
5,1.21461528776023
5,1.15182433659063
5,1.13421581861675
5,1.13892244260935
5,1.25901952159367
5,1.29110762863542
5,1.22358237115667
5,1.25337216581757
5,1.27164509003942
5,1.04789967922648
5,1.11303086810267
5,1.23801065043328
5,1.22393548036883
5,1.10588639601586
5,1.25764817818503
5,1.29382688244012
5,1.19127073624824
5,0.838583307202838
5,1.33080861237763
5,1.13385934224549
5,1.06919395282257
5,1.28237861659098
5,0.875220642969418
5,1.150218580231
5,1.47428956622231
5,1.17940522582705
5,1.11827454492795
5,1.11828318744133
5,1.37442720226172
5,1.1061229683054
5,1.41482950137848
5,1.05483849482132
5,1.35365026459878
5,1.1753104765317
5,1.187430101704
5,1.26856651419616
5,1.18621229029857
5,0.766952376314802
5,1.06015315144338
5,1.21195319422166
5,1.02096285963779
5,1.22352807503886
5,1.29023339271915
5,0.918635488856931
5,1.11611115018882
5,1.06466787849855
5,0.959250104711396
5,1.24884304665032
5,1.19191620990271
5,1.32016990204697
5,0.97982365700818
5,1.27021781413351
5,1.11494370434318
5,1.08815553309363
5,1.06991140823739
5,1.10533234574769
5,1.28799212305861
5,1.00715744608328
5,1.38804580115708
5,0.712028984600155
5,1.03812133808514
5,1.20025209834951
5,1.20810673448772
5,1.21501398968544
5,0.758768195483076
5,1.5
5,1.17920041336435
5,1.30824134116628
5,1.17882356303008
5,1.3012343092787
5,1.30459863139573
5,1.23178771465614
5,1.37699885613669
5,1.28280029853312
5,1.39140352546926
5,1.24513517879839
5,1.29633933873552
5,1.26284356953647
5,1.37155529256412
5,1.31430317815397
5,0.973774570810063
5,1.41416769649333
5,1.10563786317597
5,1.32162079286825
5,1.33846154095376
5,1.39302885360306
5,1.27542782080715
5,1.14291824208303
5,1.34457936537117
5,1.16275512625103
5,1.06884243969083
5,1.0137002758273
5,1.05910208627341
5,1.11238049232903
5,1.19006555473221
5,1.1056419851033
5,1.32094969754029
5,1.08340412971481
5,1.33643486634658
5,1.02452082031935
5,1.15447861598294
5,1.0958239158553
5,1.06045628984276
5,1.16695488037602
5,0.978305316758928
5,1.33839282429466
5,1.187450697901
5,1.07829713937902
5,0.954025455495066
5,1.19756479874533
5,1.17790923094787
5,0.910702774290006
5,0.961830093188905
5,1.307517053895
5,1.1117895455433
5,0.984512062722381
5,1.12746278403605
5,1.21373971075102
5,0.781958015728379
5,1.08955895593183
5,0.578472776634049
5,1.30752213875895
5,1.31895761782639
5,1.10696504474333
5,1.22437566516898
5,1.3048926166879
5,1.26651615882823
5,1.19519508987941
5,1.12583101289053
5,1.14945232207071
5,0.922874776433824
5,1.05324378798747
5,1.13431632874114
5,1.22040939978278
5,0.726635653619127
5,1.174506266204
5,1.25507275661045
5,1.42599516715984
5,1.12386538472577
5,1.26849480757811
5,1.2867707850005
5,1.02116891705896
5,1.08442113520808
5,1.22485125473452
5,1.09281254850588
5,1.24538210229938
5,1.1284804551454
5,1.04884914509816
5,0.984991636318516
5,1.11343790669069
5,1.35336360346962
5,1.01020043816114
5,1.27463987899403
5,1.25126891459484
5,1.0831506512614
5,1.0219916703687
5,1.00189224366784
5,0.877622292362958
5,1.15818747469592
5,1.04411824570676
5,1.02334961543387
5,1.14876146038019
5,1.32390250348469
5,1.37102963285569
5,1.14959077597652
5,1.27353013763147
5,1.1857594035723
5,0.808261824339384
5,1.4246931185968
5,1.09275928648835
5,1.06762844966822
5,1.04533446447799
5,1.25019125949801
5,1.27795964071421
5,1.19935521447525
5,0.911342058411303
5,1.21369808379002
5,1.22786708184223
5,1.2040989391878
5,1.37685437217742
5,1.16078372360655
5,1.14993233399562
5,1.07800966708929
5,1.33200571017587
5,1.12533512723954
5,1.034618245196
5,1.12144021345609
5,1.29290971986932
5,1.30713283714585
5,1.15708070211933
5,1.20294579556723
5,0.638969627930098
5,1.19062428442422
5,1.26800008180524
5,1.29475797938804
5,1.08167613624362
5,1.17376111110291
5,1.27935786599825
5,1.14158404433849
5,1.17618745223481
5,1.08825924013183
5,1.15876135277019
5,1.01520426371305
5,1.13346813756624
5,0.971282360072009
5,1.17725387567708
5,1.35909213036069
5,1.27472171951442
5,1.26088559008789
5,1.16829616777986
5,1.17516309453585
5,1.2124498034455
5,1.10203262245084
5,0.904831782369908
5,1.00111050846789
5,1.35263872145609
5,1.32890514951145
5,1.04981254663972
5,1.07498684899849
5,1.2322665011614
5,1.1613384072318
5,1.26962251729936
5,1.25499766570702
5,1.11577128485788
5,1.22160560401538
5,1.10855990943533
5,1.15984618241569
5,0.986242094645294
5,0.945163635834919
5,1.1340092252838
5,0.984872336947188
5,0.818697601751268
5,1.31447700106899
5,1.20009446354191
5,1.21585072322214
5,1.13053535469868
5,1.11024021720878
5,0.955038149728677
5,0.981840029082309
5,1.23908124078476
5,1.24559379460959
5,1.20913913499845
5,1.26722575804445
5,1.06744259259861
5,1.23989608268595
5,0.917361588495269
5,1.14635610760353
5,1.08493748944375
5,1.24127110093397
5,0.998181605460206
5,1.36015453756708
5,1.29300684000944
5,0.986208440777652
5,1.33592271421279
5,1.29195791013981
5,0.988857793032274
5,0.987087334698064
5,1.14012549352732
5,1.20818684709
5,1.25915680709856
5,0.925990625371341
5,1.19311570453511
5,0.981442867750132
5,1.05999470156726
5,1.13702748401737
5,1.1520417771908
5,1.07305894183182
5,0.867147835896073
5,1.07737147702291
5,1.1028383022234
5,0.854156217297981
5,1.08748562664507
5,1.00119002138572
5,1.21218630321189
5,1.21876193918024
5,0.967391924799629
5,1.01781847956489
5,1.15405002854033
5,1.32955357247462
5,1.17508872426465
5,1.21238813924191
5,1.03642884993763
5,1.07296232359656
5,0.689349844110231
5,1.17900772493387
5,1.03378298483963
5,1.29140381667073
5,1.29298356137427
5,1.18842962838857
5,1.18129874781879
5,1.11595518340923
5,1.23886917632094
5,1.18374410521077
5,1.08952378659691
5,1.25845367003782
5,0.820767642958922
5,1.25579742604918
5,1.21301525541376
5,1.01843775099132
5,0.966313626634591
5,1.15643422586574
5,1.20918033749644
5,0.701404673944915
5,1.25862274995675
5,1.17856300230641
5,1.29346730629861
5,1.15779907498798
5,1.08137594227338
5,1.30387750151452
5,1.29854331452641
5,1.02752724465426
5,1.09199753066058
5,1.06759461562305
5,1.12499572041032
5,1.24564776987379
5,0.691512874907982
5,1.08226842280898
5,1.10749550235134
5,1.12807886144472
5,1.17590654767716
5,1.30371862459389
5,0.803864284514842
5,1.14921415004828
5,1.11691978174164
5,1.32649748767433
5,0.763719531006937
5,1.04994139375578
5,1.1537396252827
5,0.798060159342458
5,1.02119675383551
5,1.20460339127652
5,1.15263103164214
5,1.02742358402018
5,1.37470038891686
5,1.04609793766269
5,1.31685774309853
5,1.08806311961723
5,1.19328161911555
5,1.31282439473224
5,1.17344738416716
5,1.25878345138486
5,0.983187567287083
5,1.02184658656681
5,1.42044387052178
5,0.786403702070669
5,0.880559822703139
5,1.26265059715135
5,1.11109486991222
5,0.756095402316451
5,0.9901630914341
5,1.2144025766273
5,1.30659741069046
5,0.929054036648788
5,1.12228185043333
5,1.30207657016478
5,1.14069302492464
5,1.37862038024613
5,0.909381845133058
5,1.00927608403211
5,1.37783225243751
5,1.36529748916847
5,1.38940159887983
5,0.712551926507649
5,1.06307513328969
5,0.765982438403971
5,0.913490139687034
5,1.0895753635734
5,1.2763463895627
5,0.889257034939955
5,1.19712128722981
5,1.15892370417764
5,1.22046728872844
5,1.1213657055798
5,0.964297356469616
5,1.17287474016308
5,1.16608865972439
5,1.2074640190668
5,0.775949410290824
5,1.15602717692537
5,1.2006246516643
5,1.16297254025049
5,1.10396050363721
5,1.09116757121091
5,1.22118613524442
5,1.06781724021507
5,1.25998299645543
5,1.0819863414424
5,0.749383062926309
5,1.28052575294545
5,1.0509759148056
5,1.5
5,0.946130944254119
5,1.15773794544435
5,1.09691298052866
5,1.15264730082881
5,0.933627447595707
5,1.15585084464303
5,1.0311867933548
5,1.19388964978993
5,1.2620855867161
5,0.965554056261429
5,1.31274319251969
5,1.19513826629057
5,1.05281636846773
5,1.28337234211112
5,1.15683313010198
5,1.16981438772076
5,1.18238018769775
5,1.37945677028359
5,1.29307529989488
5,1.2743160500251
5,0.867079848165888
5,0.772796386639844
5,1.24620979049411
5,1.20345947003572
5,1.22506234495687
5,1.2413086350922
5,1.17588838155628
5,1.15247024714529
5,1.3649917451341
5,1.08876595385792
5,1.17072686996705
5,1.33644310767871
5,1.10182355974592
5,0.987457671783758
5,1.17357392446132
5,1.38722840500134
5,1.01220131490208
5,1.1669116863534
5,1.11009978184875
5,1.22619805922963
5,0.881047433402913
5,1.20630812837978
5,1.26349091982372
5,0.648178931661127
5,1.26552085579652
5,1.05016283565994
5,1.25415009594421
5,1.43209152310339
5,1.18762644954158
5,1.25655637073671
5,1.46517319862167
5,1.26604840057437
5,1.26696624836979
5,0.812418453237176
5,1.17337074841812
5,1.19991428263872
5,0.869473248769686
5,1.40148964846842
5,1.29817805442367
5,1.22440044709259
5,1.2530270973931
5,0.997731691929222
5,1.1257804572484
5,0.946694037739812
5,1.09402647292165
5,1.1553790716043
5,0.788798336375278
5,1.27387563849756
5,1.25602103808017
5,1.44091947763956
5,1.33162496763607
5,1.28731936980572
5,1.0035536343554
5,0.963455779342843
5,1.00469912891316
5,0.999693635388647
5,1.21521775609898
5,1.24542630374262
5,1.05719642127088
5,1.35592371796879
5,1.18361781171042
5,1.0956361637172
5,0.972892064016023
5,1.06593370450393
5,1.2541373724869
5,1.2078554286997
5,1.32690686401121
5,1.22815651255387
5,1.11648942264761
5,1.40108998238852
5,1.22932374442606
5,0.708953869110107
5,1.05441005446521
5,1.08297496897962
5,1.18694029051772
5,0.94674777068569
5,0.843752167360084
5,1.28621277252344
5,1.09354949019325
5,1.26316618029593
5,0.754569536733422
5,1.17307388668398
5,1.39695219406941
5,1.28420009093488
5,1.25529913509921
5,1.1048162213113
5,0.79343566167163
5,0.766529249756754
5,1.06314021056328
5,0.973923937639157
5,1.0451552070338
5,1.22713006459242
5,1.18321812697128
5,1.20275067761983
5,1.22502036368548
5,1.22004614217876
5,1.27508687820693
5,1.29728878512394
5,1.22754004623724
5,1.18568183745328
5,1.26669724352527
5,1.23647179861708
5,1.14444298200505
5,0.91807145326588
5,1.3427014523512
5,0.530061426620496
5,0.951928025057588
5,1.34403123055097
5,1.20943548942663
5,1.10521898188898
5,1.15718913436632
5,1.26095982747051
5,1.10393322846858
5,0.897030397312634
5,1.2278985829562
5,1.13707188062201
5,1.13405646367132
5,1.13572575722003
5,1.27634417926741
5,0.964210213828228
5,1.15656245762944
5,1.02328105558311
5,1.27969898006092
5,0.987823496428455
5,1.02196106466221
5,1.15779627083733
5,0.988753352968217
5,0.849988507194285
5,1.33020835541795
5,1.00168499383907
5,0.999011183987184
5,1.10097405746921
5,1.21640870342419
5,0.889953021340679
5,1.16299433771293
5,1.3208871530434
5,1.18332449968112
5,1.37472099903411
5,1.08028801607911
5,1.19433187595865
5,1.23127167611129
5,1.19970899386628
5,1.24526138858056
5,1.18096158293851
5,1.28472799861132
5,0.973845546311731
5,1.15783828073616
5,1.00005345558199
5,1.25091756082618
5,1.21917017206166
5,0.916263590524361
5,0.991085164031284
5,1.24466075790183
5,1.28087320122618
5,1.16932591717771
5,1.10026023226927
5,1.13524809424374
5,0.998527083928955
5,1.41014295630509
5,1.16284215127035
5,1.15722305880815
5,1.34096468985544
5,1.20179318933502
5,0.85962874550973
5,1.19587753839125
5,1.13364702116655
5,1.08631519563446
5,1.08576693065389
5,1.25897300497171
5,1.12732918559158
5,1.08944677161992
5,1.15323451008887
5,0.997306664814068
5,1.11490483044183
5,0.999560123506164
5,1.29525398539308
5,0.904450520031389
5,1.14073518420811
5,1.09304687409148
5,1.27051745891754
5,1.32670894487038
5,1.26590835433946
5,0.906699644284058
5,1.12160203215655
5,1.09295195181558
5,1.23041524780824
5,1.15371870532387
5,1.25352392748608
5,1.23325322352194
5,0.990500406343968
5,1.16738259922401
5,0.993680380565386
5,1.15464973294631
5,1.0375760084089
5,1.34086553730529
5,1.36531656881202
5,1.12964856304618
5,1.1745164231082
5,0.957631552060529
5,1.10303661621035
5,1.04118718141973
5,1.32672388363895
5,1.04282465560744
5,1.27190075768791
5,1.02778564630207
5,0.690580460183945
5,1.07981532998834
5,1.25435357089715
5,1.16865249902079
5,1.25515637591543
5,1.32425442375933
5,1.13358449811574
5,1.18172294621104
5,1.07724429398286
5,1.1781966167445
5,1.35676720035499
5,1.18723954971848
5,0.973821877162441
5,1.35119982734418
5,1.32130289517486
5,0.941853837629603
5,1.12672152621147
5,1.06230758927962
5,1.23851279988813
5,1.04865713378
5,1.05945118229699
5,1.14138982820056
5,1.20669606584119
5,1.07910162931029
5,0.838453910225122
5,0.946296690853232
5,1.30037139859279
5,1.2507759122042
5,1.44383272921962
5,1.37592543029341
5,1.23348382542703
5,1.37283842962652
5,1.15992500852744
5,1.13429839448291
5,1.13814296014843
5,1.08812733195269
5,0.901043330052933
5,1.2541682736206
5,1.02437337591871
5,0.942591064236205
5,1.08274766750039
5,1.0230237939751
5,1.16111242824979
5,1.29071755544803
5,1.5
5,1.0710794236552
5,0.965210569980791
5,1.04182980777688
5,1.2213477212363
5,1.29658295875784
5,1.22239331339393
5,0.886323247743006
5,0.822324244166993
5,1.31796272128459
5,1.22956608780132
5,1.05379058265215
5,1.17409014212276
5,1.05970346081411
5,1.42567176448098
5,0.814424256078791
5,0.599132968415955
5,1.09513812563151
5,1.27918201252279
5,1.39241524648731
5,1.08382392320949
5,1.23240341443021
5,1.13300484571643
5,1.2523791698228
5,1.46902424692705
5,1.25876907024663
5,0.931592369397178
5,1.18135042635829
5,1.10747861603414
5,0.898848625495562
5,1.00836866096747
5,1.35863895421462
5,1.07381345780184
5,0.925127964942488
5,0.835741056662362
5,0.974810960570022
5,1.23608044073572
5,1.36916033381112
5,0.901672233239982
5,1.20849668072635
5,1.13873038164633
5,1.10981754707373
5,1.11849565070491
5,1.09721889329008
5,1.31967223816254
5,1.44744318666169
5,0.60359116384739
5,1.0639738023043
5,1.03907197861406
5,1.15170556556541
5,1.15205789888908
5,1.22620993055123
5,1.20663201499655
5,1.32125439137759
5,0.940453164532746
5,0.858384101043275
5,0.977660172338773
5,1.38989989392663
5,1.3532737923762
5,1.09942968590826
5,0.934763808718868
5,1.10162921771505
5,1.35572617988221
5,1.2336979469309
5,0.92899728884936
5,1.2032690653333
5,1.16596371945421
5,1.16399237679897
5,1.41892191688096
5,0.847043340843443
5,1.25836561212998
5,0.803138468709707
5,0.691964363277906
5,1.21771645050853
5,1.36541746893405
5,1.15264744781802
5,1.16927697708067
5,1.16603141277941
5,1.04519788221448
5,1.22558960899621
5,0.892769404923912
5,1.13095144077828
5,1.08415442912195
5,1.14699334768776
5,1.19409730655578
5,1.32710316337381
5,1.21097038494941
5,1.15129599265726
5,1.23190190937268
5,1.33738755016999
5,0.993312153025252
5,0.884849931647928
5,1.23962723141846
5,0.986095532608756
5,1.05069878409394
5,1.16145574071063
5,1.10841777392858
5,1.03230374259182
5,0.999297517836291
5,1.33019487339666
5,1.14194562478832
5,1.16720289272167
5,1.48996256068485
5,0.770580446287063
5,1.28293235873332
5,1.2270426973491
5,0.974379076784008
5,1.14765870367612
5,1.30470503877562
5,1.11113093391197
5,1.12867470835208
5,1.15135569803341
5,0.769390403492621
5,0.700166041614209
5,1.2198243032765
5,1.23981762304112
5,1.00187923883895
5,1.1421530779833
5,1.03195489338684
5,1.22703021276885
5,1.0643719618027
5,1.17585434734374
5,1.17492045018253
5,1.37506122000454
5,1.01762387400506
5,1.22386012604082
5,1.23691809542592
5,1.05021252618695
5,1.44231425807903
5,1.19367660456613
5,1.36367543955334
5,1.32974677437249
5,1.25349852416535
5,1.22413843907949
5,0.76733062503436
5,1.05053809795147
5,1.32016798902287
5,1.21430273956261
5,1.14737502206729
5,1.18945235937166
5,1.24883730005577
5,1.19750410993037
5,1.23590214834006
5,1.21013583323122
5,1.16751534089301
5,1.08006250646589
5,1.14422704787991
5,1.04084698446906
5,1.22956680765404
5,1.26110988230063
5,1.19066900358701
5,1.13409883312486
5,1.17114771626102
5,1.20408921895378
5,1.1402599540964
5,1.11086200148459
5,1.34612525090473
5,1.24726368089553
5,1.16352565794621
5,1.14364304920338
5,1.18485053108107
5,0.902557808800147
5,1.3157939143437
5,0.940875987142764
5,1.19006399181177
5,1.16370422629214
5,1.20465736490762
5,0.896131139943656
5,1.22141794417605
5,1.38519694588798
5,1.10772031227799
5,1.3384501087238
5,1.10490649987069
5,1.21838392943056
5,0.700355486369026
5,1.25355830296723
5,0.883933061388448
5,0.923007388962486
5,1.26134069265769
5,1.0618855522414
5,1.12598574563818
5,1.23808925399531
5,1.18744211217534
5,0.978234402617248
5,1.31048001865113
5,1.25765550832709
5,1.27092377646183
5,1.05464148463723
5,1.42138170788031
5,1.08988387649285
5,1.17324999610951
5,1.14815107557899
5,1.17703107795708
5,1.11814049135755
5,0.851196648869511
5,1.18221630020022
5,0.892759095821996
5,1.32147760239591
5,0.714216839611419
5,1.36098860544756
5,1.24852352868279
5,1.08119326538833
5,0.725456260017584
5,1.17143262818479
5,1.32572164112137
5,1.43693515527982
5,1.10606087177969
5,1.0212386007563
5,1.25040970076067
5,1.20077949173825
5,1.35149205731486
5,1.246123085688
5,1.23109142398483
5,1.27055904432621
5,1.25794407921953
5,1.12056511618031
5,1.16047343057414
5,1.08373474199193
5,1.13371372397468
5,1.24567658176686
5,0.800566478369802
5,1.13238622259793
5,0.890325958886855
5,1.2541705366597
5,1.24272974229583
5,0.837761681116139
5,1.07879930771368
5,1.37944986363412
5,0.691823417336355
5,1.421700801773
5,1.20314556093495
5,1.25032540012614
5,1.0813457218325
5,1.13960806963305
5,1.17487264841357
5,0.904619005288477
5,1.21687671703831
5,0.708914358385757
5,1.36197630546394
5,1.18224314563878
5,1.371606199932
5,1.02769346850324
5,1.20292179124025
5,1.107252795935
5,1.19667142211567
5,1.15620743932108
5,1.18585291254894
5,1.3085049463721
5,0.814630028639184
5,1.29797622073654
5,0.787706176200254
5,1.49742653816204
5,1.31548090334545
5,1.29565920358532
5,1.33070032341826
5,1.02506010758133
5,1.13924083774509
5,1.26541820966239
5,1.13720323078068
5,1.22247577848964
5,1.06711608373347
5,1.40127602607987
5,1.25605776902916
5,1.32969352293605
5,1.01315686690442
5,0.876361226920058
5,1.43598406632824
5,1.11032807468004
5,1.23170498027233
5,1.30762908987376
5,1.23086168639399
5,1.20138304849557
5,1.34937413203723
5,1.37980063845572
5,1.17398256578728
5,1.10180348255229
5,0.925541511446457
5,0.893105919601379
5,1.06647037408533
5,1.21873167702811
5,0.910289545229847
5,1.20615239589863
5,1.34605494595319
5,1.25157977345778
5,1.21394866542404
5,0.921385776927864
5,1.1891257728747
5,1.22738539216152
5,1.31016207916755
5,1.00438057486317
5,1.38592927938651
5,1.34402492449372
5,1.15031883335864
5,0.96576556396001
5,1.06836558246932
5,1.1436793571871
5,1.09334445691221
5,1.33124694568875
5,1.26120712003637
5,1.346843004891
5,1.06972942162704
5,1.44712915828099
5,1.09474571696063
5,1.35731595654989
5,0.920223766719917
5,1.10162040718672
5,1.36665204164369
5,1.23725113999194
5,0.821194520324338
5,1.02234619879512
5,1.11710659874586
5,1.3229207629807
5,1.18881601343875
5,1.27841139129151
5,1.26477379321912
5,1.3725694040329
5,1.03459749164694
5,0.858016334778768
5,1.31539102503876
5,1.16070954760449
5,0.929403865267527
5,1.01459493540777
5,1.15063482740181
5,1.07700423204381
5,1.28086893412379
5,1.1697410947671
5,1.31479551594303
5,1.1572769896326
5,0.892048210746428
5,1.27986243891766
5,1.19862157051118
5,0.989302260759381
5,1.22925066494781
5,0.714315105020129
5,1.26803232031897
5,1.11484339520154
5,1.12351867969006
5,1.21281382464778
5,1.12146873562082
5,1.18909052241562
5,1.00303013307128
5,1.10251185249395
5,0.904245643899452
5,1.19146916178262
5,1.21254800104567
5,1.18917130931609
5,1.3054894538332
5,1.16229630262724
5,1.5
5,1.10343046628018
5,1.31781515340227
5,1.26355223605139
5,0.944640162244628
5,1.41619785899937
5,1.07394542767316
5,1.09543571431102
5,1.07422459120027
5,0.839558949850483
5,1.23056329104187
5,1.21148271311358
5,1.5
5,0.909078716305911
5,1.10648285393804
5,1.23872661910334
5,1.13474605002771
5,1.37043957057994
5,1.17168762196352
5,0.924668348327439
5,1.16353160411565
5,1.5
5,1.07268421413097
5,1.17123986891343
5,1.11728014451189
5,0.819053483386185
5,1.11254552245376
5,1.27199766379076
5,0.896897976688573
5,1.46588629377948
5,1.17374281445954
5,1.06161910263438
5,1.32333884856355
5,1.30238781201551
5,1.11187164033731
5,1.05209474809969
5,0.948041552848525
5,1.27931449971031
5,1.12010058224937
5,1.18743612677977
5,0.950771305860832
5,1.23994349249184
5,1.27576404398649
5,1.04588678843539
5,1.12320990842451
5,1.00858574052354
5,1.08369321166342
5,1.20667046999362
5,1.2899755293746
5,1.31880846187719
5,1.08195964172782
5,1.17455104085004
5,1.09873805082419
5,1.22748536022602
5,0.897221728325053
5,1.13009911118858
5,1.37098894644726
5,1.09262600417127
5,1.09384194411278
5,1.08396787069622
5,1.32134444241486
5,1.30298544726169
5,0.865907580487917
5,0.833181582300264
5,0.891240777858726
5,1.24355065031251
5,1.28315465903517
5,0.955451228102298
5,0.98592138586672
5,1.31925007302957
5,1.35727074878056
5,1.05848934667746
5,1.15021110718536
5,0.902854259262707
5,0.995625391124691
5,1.17143418539197
5,1.13614002044495
5,1.32164895842418
5,1.32650635305932
5,1.32186241446629
5,1.14402892855133
5,1.28971435236579
5,1.15935218624832
5,1.32918262728982
5,1.12735550474804
5,1.05194848099586
5,0.881445730647446
5,1.26001593264541
5,0.895824948888279
5,1.24327961098417
5,1.24137729954323
5,1.11396270988065
5,1.21454964727843
5,1.23292389602019
5,1.23752198386063
5,1.19139007657088
5,1.12969503297512
5,1.06899461460387
5,1.41260061336994
5,1.20267186839774
5,1.20288933010698
5,1.15429342821179
5,1.05406420950298
5,1.16442152776719
5,1.09239054123684
5,1.24213147256143
5,1.233924473011
5,1.20272935227373
5,1.12446780792754
5,1.29216984900064
5,1.10558551341823
5,1.28887068663726
5,1.12836879546475
5,1.00777462771828
5,1.20982581376599
5,1.08986427461573
5,1.22143854574633
5,1.16786700444972
5,1.13272466047604
5,1.13388071539652
5,1.36270921184901
5,1.11629717345246
5,1.05350027576735
5,1.17041575527736
5,1.26836611123722
5,1.29810696711063
5,1.19286814456485
5,0.9057684730686
5,1.22943727208203
5,0.87249033978596
5,1.20015471554259
5,1.14228991644307
5,1.31039424930441
5,1.23149124992957
5,1.09597935029151
5,0.938562678702257
5,0.948849556314837
5,1.10561933186274
5,1.35356833729316
5,1.1493852309519
5,1.04989614894955
5,1.00212494084406
5,0.941551645685829
5,1.16171244486762
5,1.27617334811223
5,1.12039749979218
5,1.39216411326532
5,1.26582218673522
5,1.16734230713252
5,1.15455085595238
5,0.950559865600774
5,1.19790714515907
5,1.26316656868802
5,1.18267862415525
5,1.22680065028441
5,1.27730095853383
5,1.21016231573987
5,1.36723768065786
5,1.1169629442839
5,1.34398011061354
5,1.21548392317206
5,0.836429276989813
5,1.22169347679732
5,1.30408077547017
5,1.31419490788575
5,1.24724458141587
5,0.98082722980272
5,1.14367163232967
5,1.27693318684544
5,1.24894670461957
5,1.08529977105234
5,1.30073329853795
5,1.21300849486347
5,0.994804444299336
5,1.37674594269689
5,1.24330001582609
5,1.16543783975584
5,1.30246393361637
5,1.17935804550743
5,1.15844365774826
5,1.16192796833243
5,1.20276687899157
5,1.13375455301406
5,1.25859551205209
5,1.1615644086288
5,1.16506371309208
5,1.35489218265269
5,1.11574300370395
5,0.872590220185515
5,1.1027418558453
5,0.925746314873804
5,1.10751472490517
5,0.663751165909599
5,1.21317881999887
5,1.14485960772732
5,1.1730732303985
5,1.23483657755163
5,1.09811047620426
5,1.06110710395405
5,0.755502535829134
5,1.12875525771219
5,1.23649427566347
5,1.1460551085344
5,0.824202777163486
5,0.950294347346584
5,1.14370140208347
5,1.34592979133817
5,1.32552233658425
5,1.18100951397862
5,1.21466516291069
5,0.976116102195449
5,1.3574900077926
5,1.20972712561448
5,1.17602705019273
5,1.176582767772
5,1.17983428899019
5,1.31798375893893
5,1.25325447686983
5,1.10062209504062
5,1.11068094050855
5,0.92701711733088
5,1.36674092153044
5,1.21605258683792
5,1.25312620401638
5,1.32355258424688
5,1.13535039196239
5,1.23480832889504
5,1.40803926436436
5,1.39433321015079
5,1.14952431833494
5,1.09709006896211
5,1.06113137116101
5,0.985225417663826
5,1.40987672456571
5,1.15517463544572
5,1.27279882955409
5,1.17869777132658
5,1.10187775646093
5,1.15301467956859
5,1.02641522235458
5,1.3001380557749
5,1.28232533823105
5,0.747147858191129
5,1.0282374281855
5,1.39052985345986
5,1.02791970038671
5,0.938649993174159
5,1.17131352007929
5,1.3228014053133
5,0.839873916008145
5,0.863821718545744
5,1.1630292979106
5,1.09166941183178
5,0.898114652892679
5,1.193898307719
5,0.838526886632889
5,1.32807146026797
5,1.31778746763385
5,1.12572411801404
5,1.08028433130743
5,1.10154700631968
5,0.846637868703527
5,1.05273362783824
5,1.15852406979144
5,1.16683295864898
5,0.979777766589156
5,1.07418438512717
5,1.235496260764
5,1.08216961168902
5,1.26756149399642
5,0.866598812147749
5,1.12492225889406
5,1.17658398946108
5,1.16793096931006
5,1.30902687446276
5,1.14131794540446
5,1.19629005733181
5,1.08128814145764
5,1.24303900562265
5,0.812216811389288
5,1.11079317115654
5,1.33211506293098
5,1.02118822708796
5,1.31140276041799
5,1.18973046345657
5,1.32956672941701
5,1.2646981414654
5,1.05322445281093
5,1.10612915820335
5,1.21127102680899
5,1.01622290536311
5,0.83810431000138
5,1.09411448599233
5,1.31338517427857
5,0.985909022745519
5,0.931709672445337
5,1.29282903071242
5,1.08712945108658
5,1.08392056928135
5,1.38470555039862
5,1.07468609481261
5,1.20642833492905
5,1.15539440706724
5,1.05795651529381
5,1.02626281362327
5,1.24355836316276
5,1.3701388953313
5,1.1031141535634
5,1.08030030232916
5,1.11220556284819
5,1.39084789530225
5,1.10907924931723
5,1.10229324473228
5,1.18534641286468
5,1.12878223543736
5,1.21756022307899
5,1.06880449746246
5,1.15286330129277
5,1.20779707648015
5,1.24360246930079
5,1.05136567940656
5,1.16361937302302
5,1.20816322379295
5,1.14370807530806
5,1.26821596991306
5,0.818025544378937
5,1.39335208468763
5,1.28353883689343
5,1.16159750562666
5,1.1409984247537
5,1.16247776168341
5,1.281794130009
5,0.854846007212442
5,1.30168487260089
5,1.31602254404237
5,1.05995679764499
5,1.21028051232559
5,1.3823366751609
5,0.831283724773659
5,1.23693543287377
5,1.21169273827356
5,0.833817761210608
5,1.26137511027259
5,1.18065913920777
5,1.04633457153905
5,1.19164588666557
5,1.15090758848164
5,1.2265049019651
5,1.28591125371834
5,1.02714831104641
5,1.37100283639152
5,1.34493073042346
5,1.13548598466978
5,1.26944409233479
5,1.20472059403212
5,1.12567524646504
5,0.921222376648563
5,1.13604002937238
5,1.11306636021366
5,1.42602783801316
5,0.886942911966166
5,1.25152322956355
5,1.11399802702379
5,0.832051404282425
5,0.88714952479827
5,1.07101342452517
5,1.26237377668097
5,1.10130593697389
5,1.19143567086905
5,1.23646804233935
5,1.09589698426939
5,1.23769409060515
5,1.25245873720672
5,1.30105595562712
5,1.2324293525241
5,1.12389471559761
5,1.31757867940495
5,0.830994543304918
5,1.18229842829373
5,1.15612384856866
5,1.3322207998994
5,0.913800517802658
5,1.10529420599929
5,1.00514139217439
5,1.18656606477985
5,0.928675181251873
5,0.990132023844908
5,1.16902906201875
5,1.15199042256842
5,1.05843220082552
5,0.830060503689453
5,1.15162146288074
5,1.04197897893165
5,1.11029761167924
5,1.24637653999204
5,1.2808460770885
5,1.1247749779582
5,1.31712065193308
5,0.985528836923685
5,1.33733301796858
5,1.21601716820388
5,1.07416207780214
5,1.07410477736099
5,0.962514709150667
5,1.1673548132417
5,1.20439354441908
5,1.33179354601343
5,1.20417749617701
5,0.816114100823388
5,1.39736827181249
5,1.21603043158061
5,1.361228858339
5,0.932063401764388
5,1.18566351150547
5,0.984805692582047
5,0.772462880781738
5,0.950582334303298
5,0.713961229335275
5,1.21639385833994
5,1.11794890016635
5,1.26456311414722
5,1.20044930987041
5,1.05417231290277
5,1.23288027847615
5,1.21538036570955
5,1.18462585071624
5,1.1919207747592
5,1.30811770053219
5,1.30789867355297
5,1.1772620870175
5,1.14969836739765
5,0.611826769008645
5,1.34589165072638
5,1.33335471969104
5,1.44715279640798
5,1.18641118992045
5,1.07972224375419
5,1.08164724907078
5,1.0717932040309
5,1.12820202302091
5,0.981654611686197
5,0.837150028209706
5,1.12506970495558
5,1.23988960767423
5,1.20766425993695
5,1.34181075287304
5,1.27510706725136
5,0.803952523479076
5,0.779868600293953
5,1.1502829160495
5,1.10967056517216
5,1.27158773220856
5,1.18796127239797
5,1.49046338670717
5,0.983023891849559
5,1.14753367565303
5,0.829898892796686
5,1.20332807944886
5,0.995309913898446
5,1.22080331742445
5,1.44417939649567
5,1.26263489982652
5,1.22318985756564
5,1.11468967215281
5,1.37490824924254
5,1.35086559356779
5,1.1845603081471
5,0.794285142244831
5,0.906252113043836
5,0.946542340136533
5,1.23173826583664
5,1.23230128986156
5,1.24805293946918
5,1.16495157130313
5,1.32662246575093
5,1.27237976913132
5,1.28377901335024
5,1.01124195987096
5,1.30314883260154
5,1.3431412494007
5,1.10498127695013
5,1.11660714346277
5,0.897594860697828
5,1.201862012667
5,1.23472561856307
5,1.17027228495995
5,1.32245099655603
5,1.26000264785814
5,1.25105238595252
5,1.18904022770433
5,1.19634154448754
5,1.42318828079296
5,1.20422326363208
5,1.02859615305552
5,0.906956606771142
5,1.37246913865719
5,1.31582111350288
5,1.21068555553656
5,1.18007333147628
5,1.11156207691594
5,1.07579865892064
5,1.08942021656108
5,1.19297591702693
5,1.22546981039493
5,1.04875910620346
5,0.832293022055885
5,1.13721177039741
5,0.918831794890189
5,1.10103726510514
5,1.12865441085721
5,0.944331685056885
5,0.916268323041734
5,1.25854916482043
5,1.03340635112944
5,0.947599387548586
5,1.0618452977003
5,1.05293242810743
5,0.960757024360318
5,1.0591719275618
5,1.19805607187345
5,1.02529468476416
5,1.32773443517616
5,1.03317923536131
5,0.869639568328917
5,1.26243908867356
5,0.959470308603092
5,1.26894337601128
5,1.19772988535855
5,1.26571518069841
5,1.21438914580775
5,1.30714001094684
5,1.21296657059645
5,1.19923155857518
5,1.10279053919692
5,0.952985806461252
5,1.27734260306524
5,1.3052562992284
5,1.05641867980679
5,0.874699141127011
5,1.26027376099073
5,0.939714200797019
5,1.01000079005359
5,0.939539525181439
5,1.30201517046977
5,0.999744245375462
5,1.15506466719924
5,1.41788459068614
5,1.03135759993895
5,1.20628817899393
5,1.10664801067426
5,1.25876997591458
5,1.12528357761153
5,1.24517332348568
5,1.19784994852344
5,1.20774209521995
5,0.952493469312023
5,1.08407771182491
5,1.14453410275041
5,1.28562530022814
5,1.18578183030062
5,1.16563702623021
5,0.98220398511516
5,1.18082546288038
5,1.10794767808334
5,0.942153191306698
5,1.15758836339747
5,1.14776732961606
5,1.32332519281275
5,0.708894997260292
5,1.08773372454883
5,1.05099379880668
5,1.12931402749415
5,1.16175888584088
5,1.05978139989537
5,1.11431736238105
5,1.24975636865359
5,1.26106998111612
5,1.07136228581574
5,1.16050235690992
5,1.27717699041948
5,0.8373314409715
5,1.27461474406314
5,1.06284569514953
5,1.1024941235212
5,1.29096430491825
5,1.10190480118005
5,1.24032954502681
5,1.11212001980427
5,1.31933719191031
5,1.18187114058518
5,1.13162669207692
5,1.29489997381367
5,1.43961205158384
5,0.955998923545108
5,1.06992664369531
5,1.33328103482013
5,1.36157043523827
5,1.04530196839814
5,1.08965287311291
5,1.30638923929982
5,0.742768554981831
5,1.10824517078716
5,1.16863327773901
5,1.26241407406372
5,1.17258578951387
5,1.33001279432729
5,1.13893637382895
5,1.20882689229796
5,1.19795787550801
5,1.02208415251395
5,1.1868959629842
5,1.07909960841915
5,1.11135819099648
5,1.12902551450825
5,1.10735444178341
5,0.744136986412707
5,1.06096990555492
5,1.17412795287376
5,1.45273481215314
5,1.22945694461878
5,1.3389016583228
5,1.19688595468405
5,0.839440741418755
5,1.20021004264628
5,1.11758290115743
5,1.30040201630996
5,1.28493744656336
5,0.853225093062118
5,1.2534212583444
5,1.22467844127048
5,1.4207358189023
5,0.773378047976807
5,0.933655484407124
5,1.17760571053257
5,1.32054206662955
5,1.16089614718288
5,1.04436087999308
5,0.830564958640958
5,1.32239100693466
5,1.16380884910689
5,1.15960630826748
5,1.0724213789037
5,1.20634514520359
5,1.08258913039269
5,0.978807876345386
5,1.07819812936267
5,1.19295708035306
5,1.14146276967861
5,1.30780361694121
5,1.24136296888931
5,1.11842752920017
5,1.32373614160093
5,1.28932765116223
5,1.3085689396019
5,1.13108622626739
5,1.10136524414414
5,1.19745489971953
5,0.913309415930718
5,1.20932276136303
5,1.39294295860846
5,1.1285496482238
5,1.06751293713667
5,1.10532054503158
5,1.2879181335497
5,1.2353165955925
5,1.07781238810334
5,1.09874526501687
5,1.28335036634715
5,0.788587092597317
5,1.04906136093245
5,0.884252815232179
5,1.08731796875655
5,1.25219817098245
5,1.12830358298645
5,1.23381112228068
5,0.993838348995435
5,1.31260214181152
5,1.20915164925448
5,1.13906169975081
5,1.27655183470344
5,1.0643727807122
5,1.20200609730054
5,1.35373773483022
5,1.16923113078298
5,1.38146556860024
5,1.10842900136656
5,1.14365979783518
5,1.14978309683132
5,1.35898471978556
5,1.27989109831351
5,1.46154861517564
5,1.00730343033738
5,1.058530422425
5,1.05906439717858
5,1.198503189059
5,1.10868689962249
5,1.16836109632694
5,1.29251703892927
5,0.9007953283958
5,1.24983135655251
5,1.08882865804724
5,1.08238156212655
5,1.18373203525391
5,1.21195289880382
5,1.21871455593126
5,1.13700192129826
5,1.21236162516078
5,1.13535137045307
5,1.10716646939912
5,1.18395356768821
5,0.804388939172904
5,0.994005612151687
5,1.34941201100468
5,1.15248797957524
5,1.32168800830138
5,1.32935808768614
5,1.19158527988263
5,1.22817176453201
5,0.597561270014245
5,1.43886193040356
5,1.08597743001482
5,1.30475751413197
5,1.15934815565375
5,1.27047376045864
5,1.17055870678955
5,1.28372252196092
5,1.301522561105
5,1.25047745934909
5,1.21404020732977
5,1.35150277150073
5,1.07420609119524
5,1.22394368839417
5,1.1055158874233
5,1.18974631174019
5,1.17980007690646
5,1.07470324611541
5,1.07212513160778
5,1.29069635043498
5,1.15857573800615
5,1.26227608996295
5,1.3591154111068
5,1.17496891218027
5,1.14592568939557
5,1.25276942116912
5,1.11940480106179
5,1.21947654630652
5,1.17869953686363
5,1.05204371183582
5,1.24705255465395
5,1.27170335474978
5,1.22249070947425
5,1.08214274367428
5,1.41268340894481
5,1.2959256734235
5,1.42576466945201
5,1.24268440836021
5,1.07521871959475
5,1.40224641517903
5,1.15651901756219
5,1.20814139904158
5,1.36560779852734
5,0.909103380403055
5,1.20697164716172
5,1.26790588417269
5,1.07254677247617
5,0.610121536239296
5,1.17381279340178
5,1.09942660649393
5,1.18274677719778
5,1.19473637769569
5,0.68334912130357
5,1.0073492776184
5,1.39875623072313
5,1.27761405671306
5,1.09470789323064
5,1.08157634314301
5,0.656656266599265
5,1.18009435586899
5,1.36234910573936
5,1.26662438271173
5,1.20370132432255
5,1.16570076408011
5,1.09021627726896
5,1.37111871167912
5,1.4529373644798
5,1.41906918875702
5,1.05243445178462
5,1.09010036634431
5,0.841831102493449
5,1.01701788522826
5,1.20517716330023
5,1.20738112498295
5,0.996473997787256
5,1.0280040904528
5,0.829229431416177
5,1.23810708126853
5,1.22218757545616
5,1.08696174211525
5,1.30674094717725
5,1.23370671698228
5,0.837117758257969
5,1.420186926282
5,1.26041594501055
5,0.806495696926546
5,1.21257984641795
5,1.33268117784054
5,0.979108868153114
5,0.846951242761565
5,1.03246040706693
5,1.15110027648401
5,1.03406986397889
5,1.22714678373774
5,1.15967039036312
5,1.27726139974222
5,0.813781860631662
5,1.32882950303213
5,1.17762247010821
5,1.21815413905325
5,1.01061899855725
5,1.32396303813546
5,1.36599470278675
5,1.02562883713568
5,1.26304878390403
5,1.35401320341517
5,1.25991814946456
5,1.10902231306349
5,1.35613728438066
5,1.22619552684807
5,1.14856219391603
5,1.16943283427465
5,1.2955912343817
5,1.12323253398877
5,1.26599688352161
5,1.10106078347287
5,1.01566035382725
5,1.18644954344649
5,1.11099890291947
5,1.3248408298186
5,1.29443131181106
5,1.25691165644602
5,1.03790375091552
5,1.30584772717099
5,1.17833188787805
5,1.35838363723647
5,1.14382160509171
5,1.24390218282945
5,1.33306792839605
5,1.20258749291434
5,1.34768750572098
5,1.07693600630797
5,0.822350390183083
5,1.02109558767626
5,1.39330403717423
5,0.950484853449738
5,1.10353553123477
5,0.906247634491647
5,1.26666201535829
5,1.19614857617245
5,1.20322505142512
5,1.24497351928386
5,1.11945544372109
5,0.81940484411589
5,1.31635906644007
5,1.5
5,1.08321890163394
5,1.39141108675513
5,1.02118920493723
5,1.12410078536794
5,1.35071568954884
5,1.38423068040396
5,1.10593891410742
5,0.834978189983382
5,1.42354947128606
5,0.793150960681122
5,1.16935169471164
5,0.976621764125089
5,1.23171593330913
5,1.21808984088462
5,1.31864976783202
5,1.19781643170825
5,0.941114126711466
5,1.15701457647541
5,1.15787906104903
5,1.18487108901224
5,0.999367849356164
5,1.25716344898811
5,1.14145773726081
5,1.28033210865982
5,1.36637621041059
5,1.211776847654
5,1.24679931692816
5,1.27281274135589
5,0.698696512129818
5,1.06657446061826
5,1.18418417741095
5,1.18045637537577
5,1.31681870797149
5,1.1844857747449
5,0.643003626431971
5,1.20449671930584
5,1.16631426185041
5,1.07465409173088
5,1.19749605138826
5,1.14139056875028
5,1.28941321071896
5,0.71495913897991
5,1.28570341015894
5,1.18209456814378
5,1.23801497184089
5,1.24994248410587
5,1.14912526749343
5,1.15550183020427
5,1.37160366468999
5,1.43999197100653
5,1.09581468079114
5,1.34938075178565
5,1.01027341705022
5,1.22366010393857
5,1.25990736342897
5,0.942841789327835
5,1.21244462534996
5,1.16139633968051
5,1.12380981474784
5,1.24873488116739
5,1.1847328936495
5,1.19445170859438
5,1.35531089017783
5,1.16786645776721
5,0.677746878500159
5,1.2749998614782
5,1.41942753907609
5,1.09910696861724
5,1.21095395015775
5,1.20515174919829
5,1.1771459822276
5,1.35765148188476
5,1.16641256548754
5,1.26474044817978
5,1.16033582777183
5,1.17359563330072
5,1.2902191132252
5,1.0830630734357
5,1.26071739724004
5,1.19252433204046
5,1.28652746801646
5,1.05823737871426
5,1.28091850483827
5,0.965453672452374
5,1.26075708041708
5,1.03661601527992
5,1.13060277669428
5,1.26841228966924
5,1.15506346793578
5,1.12882175880786
5,0.958905673194328
5,1.38054537382912
5,1.19918611410839
5,1.28925818430594
5,1.10702078882304
5,1.24106797401862
5,0.898867958664759
5,1.21226616554902
5,1.11307787722612
5,1.26172494343294
5,1.07288881348254
5,0.821478539623428
5,1.22116856951937
5,1.09630429055477
5,1.235659781566
5,1.15972069897724
5,1.1651448977302
5,1.32798255354365
5,1.12187327137937
5,1.07643706663337
5,1.33637168707017
5,1.24475034314131
5,1.24607958354847
5,1.07851791150434
5,1.23891277123919
5,1.05935231718443
5,1.13069494858648
5,1.23071120005877
5,1.12398267765528
5,0.737706945559977
5,1.17213849050539
5,1.23358517584482
5,1.04004072951573
5,1.24402989921306
5,1.10347175209396
5,1.40243880592181
5,1.07696537436771
5,1.35605876485698
5,0.864502714753773
5,1.25222038069334
5,1.22643646294975
5,1.09208991416569
5,1.42627216272494
5,0.827909788443473
5,1.35456921173939
5,1.23276517913317
5,1.25719289918551
5,1.18465372313315
5,1.38211903219247
5,1.16693388036137
5,1.28143161145668
5,1.19556654119523
5,1.1026932884662
5,1.269889904846
5,0.815558450911423
5,1.01555491194473
5,1.15286202490543
5,1.0380154960639
5,1.19681791161541
5,1.10217094935495
5,1.12356865925726
5,1.31833748996598
5,1.32743501983912
5,0.708305163901018
5,1.18702763742007
5,1.35290099077958
5,1.25087276429192
5,1.38979537535913
5,0.906656852762699
5,1.21806418578538
5,1.08222902765935
5,1.15943905017673
5,1.14906052198827
5,1.22979431663991
5,0.998739289312579
5,0.969514351151351
5,1.23855032685695
5,1.2765720396506
5,0.990187684088439
5,1.29370783905464
5,1.17198616343587
5,1.22270043559505
5,1.24980096739326
5,0.835960721640301
5,0.893610681065171
5,1.28148408050034
5,1.2882444837361
5,1.14186175530922
5,1.0392480347579
5,1.22596518637552
5,1.1988756097668
5,1.37243802090234
5,0.913013720008181
5,1.29693390646313
5,1.28831203992644
5,0.987957970076313
5,1.30454375006821
5,0.908694411821328
5,1.02836868110724
5,1.39266089479165
5,1.1919748542126
5,1.14434547833748
5,1.32945348868496
5,1.25542616889073
5,1.19895580180213
5,1.07269980363713
5,1.15741495035781
5,1.1335667278788
5,1.25889222847899
5,1.40289682923026
5,1.26841372937598
5,1.09314146698596
5,1.06300764501999
5,1.42975604312274
5,1.13651491929523
5,1.16083248883906
5,0.893179342695815
5,1.17882886148735
5,0.938044089460399
5,1.37680521985544
5,1.22966339680807
5,1.15421950407137
5,1.28570899294165
5,0.971267379194555
5,1.11086757106372
5,1.00690437160018
5,1.09410757004991
5,1.10895709267634
5,1.24086386262339
5,1.18347406225736
5,1.0754562814597
5,0.942990316013161
5,1.44024178738959
5,1.17155863448127
5,1.10537312672707
5,1.18752439338404
5,1.08102114546371
5,1.26837797610984
5,1.15254695707939
5,1.2294123080115
5,1.20569798032474
5,1.36819964023146
5,1.14329961299466
5,1.19930777521043
5,1.10482856041741
5,0.846469881037159
5,1.21730269299012
5,1.39654768523141
5,1.07866475140702
5,0.998440414497142
5,1.10940610571784
5,0.978790859694792
5,1.15919621171284
5,0.990519686929969
5,1.18060695443891
5,1.31063074794166
5,1.07876335928688
5,1.02062657776159
5,1.3113961614789
5,1.31107144641543
5,1.23628691568904
5,1.05270335139435
5,1.22182998126074
5,1.07172152845299
5,1.25534243160624
5,0.989404415112129
5,1.18440519639904
5,1.05712133361039
5,0.678734664147428
5,0.939329919514466
5,1.15633401762957
5,1.1081344565561
5,1.18391424225552
5,1.2546455618621
5,1.16291422897595
5,1.10404112381837
5,1.39920162817852
5,1.17229418488683
5,0.865182800671445
5,1.14635799575645
5,1.25155268253744
5,1.14160738531887
5,1.31364853565134
5,1.20752556301417
5,1.49359870982415
5,1.28749936158285
5,1.32745504623947
5,1.15285746808826
5,1.38644513353398
5,1.1153027039867
5,0.792935500906377
5,1.00766007352169
5,0.734567632213105
5,1.12721115671248
5,0.904493773822307
5,1.13484545446795
5,1.0381924847785
5,1.11646554033599
5,1.28141130992684
5,1.14519664103226
5,1.18362580309092
5,1.1112809680422
5,1.17403263156252
5,1.3153664402458
5,1.19745488877731
5,1.07766222177645
5,1.30346483845474
5,1.44216990934333
5,1.1898854139799
5,1.15240333760695
5,1.18862401597345
5,1.17910610415973
5,1.09830395155985
5,1.23682853133622
5,1.10871797155094
5,1.01261724006576
5,1.27502691767323
5,1.26608193932234
5,0.798965387596186
5,0.941817602033465
5,1.15675031335701
5,1.12117444169418
5,1.10970561108623
5,1.32943580031021
5,1.20635081262623
5,1.31504228388228
5,1.05436769711932
5,1.21684409467696
5,1.27222088866076
5,0.853859240802654
5,1.05637147490415
5,1.04033919740412
5,1.11947884790389
5,1.22531477235886
5,1.2363782876008
5,1.18462730545788
5,1.33141049408869
5,1.20098583316429
5,0.793824065662318
5,1.22825569034935
5,1.3163690445798
5,1.29501857146157
5,0.74531392748831
5,1.36157268585605
5,0.755606511707338
5,1.05175467601889
5,1.29974021253144
5,1.41121340039686
5,1.14439398004733
5,1.1456252412023
5,1.10016388778652
5,1.14582114712179
5,1.08712485695239
5,1.20266590146593
5,0.772339321172536
5,0.959544379419734
5,1.23634294248687
5,1.26874732565081
5,0.993464981517027
5,1.13660624374152
5,1.23953398932076
5,1.35967531077661
5,1.35042292071284
5,1.10215612781379
5,0.901706131000257
5,1.10891574582747
5,1.22486308668874
5,0.870101252773883
5,1.37805953617721
5,1.17642071691861
5,1.1435188213165
5,1.13242852465973
5,1.19358577871582
5,1.24873954929474
5,1.25131602341341
5,1.25652687776838
5,1.07249772906091
5,1.16700997142062
5,1.18524055120108
5,1.09737550963171
5,1.26690482090388
5,1.12900391581364
5,1.36302597810301
5,0.722296726349537
5,1.49547956081243
5,1.28000403186154
5,1.13684719683353
5,1.15677529757042
5,0.812267874861758
5,1.28849568247184
5,1.5
5,1.43473537901437
5,1.11286746796534
5,1.01895895742789
5,1.31322014150692
5,1.38731799777757
5,0.984174778939462
5,1.13235208592857
5,1.08005151100846
5,1.17340648551861
5,1.19119929588843
5,1.12561070289177
5,1.27572291387173
5,1.19960828378372
5,1.41976299013086
5,1.32204876191466
5,1.14713161316934
5,0.911525971514864
5,1.12739858212407
5,1.23234743008661
5,1.27554722142681
5,0.671244403307569
5,1.03261069513816
5,1.44134967758664
5,0.894542736278329
5,1.43019713327078
5,1.26134741314511
5,1.17610437359548
5,1.16821969954871
5,1.34154798754816
5,0.734911499016001
5,0.778572528553241
5,1.04348483042904
5,1.33223875519781
5,1.2059290707775
5,1.18363986689099
5,1.03499162355751
5,0.984198058078882
5,1.2996001165057
5,1.20098822390115
5,1.2348133951492
5,1.125788926809
5,1.39107772505857
5,1.26806042988197
5,1.10738285317572
5,1.37102098301018
5,1.21931618566077
5,1.31538551702019
5,1.08218530814172
5,0.921240944216389
5,1.30515275488657
5,1.17126699998243
5,1.41842240251846
5,1.08299278684114
5,1.25252535884345
5,0.981826380985602
5,1.18139707590149
5,0.812941991321849
5,1.11430772113635
5,0.989847381685351
5,1.19934175086456
5,1.27704418160724
5,1.21790713999594
5,1.26946261645097
5,0.95337915989715
5,1.29441667950321
5,1.23570902254167
5,1.2552465863067
5,0.782879216726783
5,0.799413586113579
5,1.26436904732946
5,1.15326112555777
5,0.912347081938409
5,1.31111069889349
5,1.07800879925879
5,0.950164055941581
5,1.08738314427727
5,1.24229073878259
5,0.75451676961022
5,1.23501507652655
5,1.22089426352812
5,1.31195021085414
5,1.256027583418
5,0.903877004956888
5,1.09068245781552
5,0.984472815888629
5,1.1837452739573
5,0.773852044804876
5,1.18410076061678
5,1.12167156050757
5,1.00726896244284
5,1.28944038495048
5,1.19821693350181
5,1.19637498785121
5,0.75688886390234
5,1.27574647786388
5,1.38090533877576
5,1.06700415668215
5,1.20538365681464
5,1.5
5,1.10400259578457
5,1.22846584324598
5,1.15420785848707
5,1.37538414743397
5,1.21861347315845
5,0.779405356281993
5,0.745408458320947
5,1.20614349326622
5,0.819237635395931
5,0.78609503771858
5,1.18327583233136
5,1.05189703145984
5,1.00929032462923
5,1.1611961665575
5,1.07124964928044
5,1.16836268822231
5,1.21494795293407
5,1.3486705096962
5,1.40182460087656
5,1.30393423706841
5,1.28494829846777
5,1.13423452561457
5,1.15159932465772
5,1.19929992975521
5,1.00525526104632
5,0.788045161549277
5,1.12209189828261
5,1.32798193345916
5,1.26843434396453
5,1.13289200756232
5,0.991923095572259
5,1.11499308793383
5,1.05272159032074
5,1.18907030955772
5,1.35057947894358
5,1.07356901258711
5,1.28151986265746
5,1.2920756204541
5,1.24035386137801
5,1.03210106378215
5,0.950357576933895
5,0.870966177496011
5,1.06067564856621
5,1.29532223088041
5,0.823286708386202
5,1.03710636786724
5,1.21261707150589
5,1.16056526590602
5,1.42685737387032
5,0.953516418529642
5,1.1139667941277
5,1.28264690511319
5,1.15140402114539
5,1.18032564300197
5,1.22601417024541
5,1.06097154100228
5,1.03424835998032
5,1.36721028551628
5,1.33787747343575
5,0.787030544763642
5,1.15381744986935
5,1.06092647344704
5,1.01541607167719
5,1.13547803946304
5,0.978750786869063
5,1.10448219074472
5,1.06445397837307
5,1.5
5,1.06941424939464
5,1.06309042667776
5,1.09253162662215
5,1.15283443178307
5,1.1449332751607
5,1.07354132027025
5,1.4326214952162
5,1.20912050321593
5,0.982069797178585
5,1.42264460324513
5,1.26133046861591
5,1.17619953313387
5,0.914897979328154
5,1.07082533720114
5,1.21688086816277
5,1.08806957086913
5,0.837270065347039
5,1.01607727505873
5,0.773939295566761
5,1.35136774676875
5,0.840341424158827
5,1.27349382292499
5,1.3300776028046
5,1.15215748905541
5,0.848545940682084
5,0.840595301125127
5,1.13953267569912
5,1.03714528782319
5,1.12991642522102
5,0.97975058408623
5,0.939359160655243
5,1.20127177384707
5,1.09636185316364
5,1.21191539382732
5,1.05682713981157
5,1.28364127338576
5,1.1659924878834
5,1.2332255164752
5,1.1694702983524
5,1.11480831877431
5,1.28910031549709
5,0.956947963616276
5,1.2878853109382
5,0.820366006026061
5,1.23780578638361
5,1.13649871958704
5,1.05414202409982
5,1.1850105199928
5,0.886743550720789
5,1.06033535101882
5,0.663148682977668
5,1.01330659653066
5,1.24062604659153
5,1.17639070208666
5,1.1019477577718
5,0.71078479311604
5,1.20739331635728
5,1.14081155640533
5,0.848506645868207
5,1.18511038002585
5,0.815372345889875
5,1.24324102749852
5,0.944100697833005
5,1.28828089452245
5,0.88399394187708
5,1.21637340295408
5,1.16940380929637
5,1.04715261209558
5,1.39086092574742
5,0.913800076391028
5,1.21185502436466
5,0.852328374007654
5,1.09687093414355
5,1.20558031820375
5,1.25038486739057
5,1.23053483283608
5,1.36417130876336
5,1.25424356859402
5,1.08923577036821
5,0.790437976246104
5,1.06992522919998
5,1.22085706518385
5,1.3121813357327
5,1.06951362313755
5,1.14574395381331
5,1.13419246923211
5,1.33477701708066
5,1.3195964772014
5,1.30769817656241
5,1.30823203324093
5,1.07355204378957
5,0.854472251260988
5,1.10718969231317
5,1.01955785863289
5,1.23246309607765
5,1.06552229253951
5,1.20588778841179
5,1.17635795127902
5,1.14390269794049
5,1.18152021615734
5,1.17356800817977
5,1.04367159844692
5,0.994877196624988
5,1.1796424266386
5,1.05469144563953
5,1.10649154637201
5,1.21296125168512
5,1.28219704326591
5,1.08657226271442
5,1.21213562158134
5,1.15034276022166
5,1.30626856866273
5,0.904502248005041
5,1.14678565454335
5,1.19061933782519
5,0.648072526919776
5,1.20425654463954
5,1.09705074395588
5,1.01438887284578
5,1.28081515244088
5,0.807593587945074
5,1.04196445618139
5,1.25542594474689
5,1.16578872985706
5,1.35935320142593
5,1.28293473232359
5,0.93164673166045
5,0.741196716252679
5,1.24435078732048
5,1.20046834739491
5,1.18420365516702
5,1.07154101974615
5,0.965647024124883
5,1.07036680245254
5,1.2256842967342
5,1.30262859892603
5,1.36671793885357
5,1.26426092399471
5,1.15412586729592
5,1.15340697321032
5,1.19361226605961
5,1.20760433723661
5,1.02080544081984
5,1.29437528049512
5,1.28051329529003
5,1.26546385509978
5,1.00785545582147
5,1.29556583876929
5,1.00142798328754
5,1.15764398673681
5,1.26922426386134
5,1.38676200060184
5,1.17584855120045
5,1.14407107622072
5,1.43355816727143
5,0.885338384571981
5,1.07661444928557
5,1.10837478473384
5,1.31534264201253
5,1.2688498238947
5,1.16314415575398
5,0.81437502016216
5,1.4070809876022
5,1.30445869671938
5,1.13278496585268
5,1.28884157249952
5,0.803471178141261
5,1.25362874479715
5,1.19762647126898
5,1.05335518842975
5,1.1574172276651
5,1.11079727791893
5,1.12540739296794
5,0.766784717254657
5,0.82037913812993
5,1.14572363560427
5,1.24282912878623
5,1.03598037914017
5,1.04146767908483
5,1.32224263989174
5,1.24774742135314
5,1.0282858089807
5,1.20393246656367
5,1.01666986283425
5,1.26441639335697
5,1.1742232678353
5,1.19787651145597
5,1.22881737907957
5,1.16779797575842
5,1.30350719159436
5,1.21808678623219
5,1.16880381138005
5,1.00163607384788
5,1.13956526898583
5,1.08203604350321
5,1.33938850281668
5,0.977320757159019
5,0.859211747337185
5,1.08179981409191
5,1.11827637334911
5,1.08174551269942
5,1.2316463494622
5,1.1072763712153
5,1.35381768089585
5,1.04597507316868
5,1.01559266619587
5,1.31345299402149
5,1.21406783041179
5,1.28381310200655
5,1.14231113011824
5,0.961090556352981
5,1.25976377695562
5,1.31533040788225
5,1.25764612781536
5,1.14211551328531
5,1.23311086992121
5,1.17285916632524
5,0.992952287528527
5,1.40592510332822
5,1.02902042626368
5,1.31397256257558
5,1.12739624293046
5,1.04834469483052
5,1.27382937568067
5,0.919890519589336
5,1.30357509571121
5,1.22231551165464
5,1.22479094573601
5,1.25790805113899
5,0.868486978239153
5,0.927958121305624
5,1.41293786919977
5,1.19335741294836
5,1.29337195910411
5,1.02835995529283
5,1.17916546861782
5,0.842506059804718
5,1.08847134904064
5,1.20621886519367
5,1.29713878935951
5,1.22755820881844
5,1.15700058112931
5,1.45955698160673
5,1.26882780837409
5,1.24946396529141
5,1.19267285568025
5,1.18832445609607
5,1.1556451594484
5,0.860084217590291
5,1.2716340012767
5,1.29489734559564
5,1.24661195481446
5,1.38938597906069
5,1.16986583892025
5,1.40008580305952
5,1.29216497115643
5,1.22738080463878
5,1.12806698506442
5,1.22022572198341
5,1.34735040016226
5,1.0654417899645
5,1.44168026231494
5,1.22783554963564
5,1.20055983805789
5,1.36587220965438
5,1.18374952613424
5,1.16608889761527
5,1.16704018905655
5,1.21773979718333
5,1.09674599541221
5,0.92157101734013
5,1.40213546751615
5,1.20858525919931
5,1.22389807352169
5,1.15795600197695
5,1.20300537234288
5,0.97815022173654
5,0.891789227860198
5,1.27315744213548
5,1.44231941597755
5,1.13617126070123
5,1.40622110370899
5,1.35362576427813
5,1.15997725641178
5,1.21677186109752
5,1.13895771820525
5,1.08317270408534
5,1.10145471789926
5,1.13285331564363
5,1.07251324918583
5,1.13672036373706
5,1.32979942977269
5,1.14511148422104
5,1.25720918774241
5,1.23353610029609
5,1.30376669722072
5,1.32057005507149
5,1.09708365198698
5,0.938699781366391
5,1.32460273002265
5,1.08167966277844
5,0.882386769503048
5,1.30350708506053
5,1.0003558104831
5,1.3481607740625
5,1.08621694891178
5,1.05556223703871
5,0.996488715306958
5,0.822340114142404
5,1.33614217794134
5,1.20018504700124
5,1.3494546187317
5,1.16495597754355
5,0.93142961983308
5,1.22560396046749
5,1.11114537951414
5,1.20893796698813
5,0.914708342053459
5,1.34712929738618
5,1.15810196403959
5,1.31343907547756
5,1.27441949709882
5,1.24268285629873
5,0.807336298853279
5,0.999103178264123
5,1.19417179484136
5,1.12671132114692
5,1.09441143624338
5,1.1950256726534
5,1.23697139550622
5,1.12818533129662
5,0.764033798737669
5,1.28102831550267
5,0.850377551762001
5,0.761548053378821
5,0.942732322269839
5,1.33315575613392
5,1.05874202280702
5,1.23461440477316
5,0.959334518465527
5,1.2922918105088
5,0.864595883365237
5,1.30631487554882
5,1.13986865205058
5,1.26383017736421
5,1.18746291733622
5,1.16283986026936
5,1.26980584424179
5,1.03920682083387
5,1.14404228488308
5,1.09221018147602
5,1.00064770985009
5,1.18826911680148
5,1.29767969289456
5,1.34418918224183
5,0.807920202267963
5,0.980513888416727
5,1.33665649068615
5,1.45746125761973
5,1.24896727151332
5,1.10992678871939
5,1.13631906962667
5,1.17679817391683
5,1.09984046392934
5,1.20002414253902
5,1.31424244953051
5,1.05604847379979
5,1.34347628231591
5,1.14945462069994
5,1.23481345142397
5,1.13801883367506
5,1.09873135661037
5,0.76727365811206
5,1.15070297377823
5,1.38227934107311
5,0.754748707140082
5,1.22032617724639
5,0.998762468665654
5,1.04064004506606
5,1.24062935240855
5,1.18330056134022
5,0.983498592754957
5,1.18635447153324
5,0.876424474428765
5,1.00724392151347
5,1.11304075081376
5,1.07631617397378
5,1.36617120022393
5,1.13133345507709
5,0.815028717378736
5,1.28799020566541
5,1.30538341287656
5,1.05258015883375
5,1.10043626711669
5,1.06682747316538
5,1.19723980672367
5,1.17488363053108
5,1.17811562889745
5,1.05204111156027
5,1.38259936282863
5,0.860453235924347
5,1.10321128976055
5,1.0742101501125
5,1.28086972333276
5,1.0331677052829
5,1.32835271417622
5,1.19128192828158
5,1.2155714936008
5,1.14068071515019
5,1.28017146931266
5,1.33572526902251
5,1.15800891587446
5,1.27543344219147
5,1.16498899832009
5,1.22917836142509
5,1.00072334295404
5,1.10837606020846
5,0.843637931170927
5,1.19916740641145
5,1.25671784461383
5,0.893076278231217
5,1.24052736838838
5,1.23053368300586
5,1.0876999991576
5,1.13842661263414
5,1.17188551558818
5,1.11261347912031
5,1.19737773321199
5,1.21730749463622
5,1.12033818655382
5,1.29891447665037
5,0.925897734043504
5,1.27371704934556
5,0.979441147673705
5,1.23305090168863
5,0.720306023317788
5,1.08074447791737
5,0.899753096330296
5,0.931719967773655
5,1.36530209852885
5,1.30960806577745
5,1.20442826184326
5,1.210355109224
5,1.12541104077816
5,1.02680582984434
5,0.879293883480687
5,1.4436203392349
5,1.14043258620116
5,1.31633497976203
5,1.16262658115583
5,0.942135530277366
5,1.26131399247543
5,1.13772503799543
5,1.15145351267931
5,1.0595067160296
5,1.23444659885476
5,1.33804555549811
5,1.00925002513565
5,1.1934597381478
5,1.25222079053742
5,1.19310568760254
5,1.11509927055779
5,1.24576055500094
5,1.09262188306965
5,0.881118871531221
5,1.33047401391159
5,1.34831234357617
5,1.2268091239987
5,1.16513136320768
5,1.30037241568598
5,0.849274122844308
5,0.8892564536359
5,1.0612041617367
5,1.16815119986774
5,1.06628644303422
5,0.867151866032185
5,1.11755144220585
5,1.1515379145711
5,1.06705948609102
5,1.24161973666759
5,0.902748532391267
5,1.03338889919139
5,1.278630154221
5,1.0900740241921
5,1.15445487765084
5,1.32180459569229
5,0.942405349734955
5,1.25707317654921
5,1.15403289487704
5,1.03275423332318
5,1.04981483191132
5,1.14471574110325
5,1.12180388531456
5,1.02764837894513
5,0.63572591413045
5,1.00863860835223
5,1.39293386390458
5,0.802863012093739
5,1.29764603049148
5,1.01461404483221
5,1.08786471759541
5,1.16415311159363
5,1.22478245720491
5,1.32636288604029
5,0.986222874463476
5,1.27951376222576
5,1.0863518889078
5,1.27971359640143
5,1.13882924570543
5,1.20036024962179
5,1.37044698991624
5,1.07603099883583
5,1.16244955560023
5,1.19217429290913
5,0.918034327083421
5,1.26221119651544
5,0.842349897847138
5,1.08551290443003
5,0.798569992810427
5,1.06686298365834
5,0.851607585507959
5,0.948206410412522
5,1.13728625051015
5,1.29437838372763
5,1.09879870572104
5,1.38925297031469
5,1.05805245648041
5,1.28195222806917
5,1.3508953776493
5,1.23640073255113
5,0.977250676522563
5,1.3927393161439
5,0.845755427877953
5,1.14797054484924
5,1.27977414765016
5,0.984550573861345
5,1.12957915630555
5,1.24570896335116
5,0.776355951357483
5,1.20627317329084
5,0.995447968827382
5,1.07621797516221
5,1.15651456119755
5,1.37388926043175
5,0.966402369121208
5,1.16788640367498
5,1.02841898765865
5,0.99565647112691
5,1.22820226066993
5,1.04032056026049
5,1.04952959296522
5,1.09702528595229
5,1.26207349396198
5,1.14515018421936
5,1.20115158561072
5,0.844414482992898
5,1.06500451259634
5,1.32272020128165
5,0.965893258274074
5,1.04923399718506
5,1.23868955752019
5,1.23067990766275
5,1.19747527233327
5,1.31873327884493
5,0.859892679937528
5,1.26242759834291
5,0.776047272019399
5,0.838462064628429
5,0.893642624021087
5,1.16519132593975
5,1.12655726361053
5,1.28040143683912
5,1.17998681867869
5,1.06396470250369
5,0.779327304402495
5,1.29829245746672
5,1.20680780649762
5,1.27328852269963
5,1.12689148448181
5,0.879915648100635
5,1.4146628735448
5,1.01384753300108
5,0.93476268394778
5,1.1687804230148
5,1.16065871407225
5,1.1620009971701
5,1.08206208186367
5,1.26624285108202
5,1.45710854637566
5,1.27068759372068
5,0.992443517465015
5,1.17257029462278
5,1.07182023320186
5,1.27129985064098
5,1.26974557165127
5,1.45330558896015
5,1.14547264967431
5,1.1175455794302
5,1.03813881559265
5,1.2003641332144
5,0.950005255403833
5,1.0554550473115
5,1.23170805314974
5,1.14277848516791
5,1.25987890700868
5,1.24161272321451
5,1.14985983125536
5,1.07445615183842
5,1.35334958456391
5,0.948994703860444
5,1.27590416116382
5,1.20889246746274
5,1.14350029396522
5,1.13396518137865
5,0.960499960215181
5,1.44865077258304
5,1.10338596262892
5,1.01116925169965
5,1.28454075768022
5,1.05854692025317
5,1.19297103691549
5,1.29708374483312
5,1.19396971310592
5,1.261878686714
5,0.786217984517563
5,1.31250341236891
5,1.39279334577202
5,0.951693836805343
5,1.07402587222234
5,1.22076215054474
5,0.927379115932456
5,1.12955750002539
5,1.04349064144489
5,1.18428872814077
5,1.07526777137087
5,0.679478778853814
5,1.30651256310156
5,1.15692397790961
5,1.29404244242397
5,0.83566447133255
5,1.17280168428026
5,1.41210829792328
5,1.06220547034251
5,1.09239048058691
5,1.1277549673414
5,1.40559311766691
5,0.855820015715726
5,1.31313799034089
5,1.22076565881578
5,0.927854309294624
5,1.04067054394372
5,1.06497033203582
5,1.13830405187326
5,0.952222683868149
5,0.984284299160843
5,1.20877690793557
5,1.23608523678921
5,1.19956450824943
5,1.02895755766559
5,1.13046964220962
5,1.16254749787696
5,1.14319331158672
5,0.844113995229394
5,1.34893226854231
5,1.24124363665766
5,1.07855634994753
5,1.26844373596718
5,1.2912002662229
5,1.07879295639666
5,1.31017715958201
5,1.24730814471607
5,1.18943273402226
5,1.30103148650944
5,1.22870852959379
5,1.28593080004427
5,1.40999816774165
5,1.11710075892278
5,1.13626229549987
5,1.22400007658024
5,0.789510337464783
5,1.20232885092128
5,0.91701340525801
5,1.15051075730506
5,0.940291599143083
5,0.843319303580431
5,1.03839494256913
5,1.12288094208494
5,0.891366798672653
5,1.23051068429267
5,1.1230809070472
5,0.969213709235882
5,1.16870766950876
5,1.02338888846847
5,1.18910221590781
5,1.21216429265813
5,1.21825294678445
5,1.18463733862308
5,1.12629176594669
5,1.49186719515635
5,1.22274556536488
5,1.23989609709101
5,0.947917523017066
5,1.05480650652694
5,0.85532929793134
5,1.12225171667192
5,1.32936223606257
5,1.12645221870196
5,1.19209378730656
5,1.16129191180654
5,0.934129868270968
5,1.35431653379146
5,0.948095495218926
5,1.31585423172584
5,1.16468947120667
5,1.38262593411999
5,1.11717637877349
5,0.992286241541957
5,1.19870364359615
5,1.18716738789753
5,1.18228972414087
5,1.2628058644209
5,1.06773834015988
5,1.0724012499906
5,1.43151565746857
5,0.715574687849927
5,1.1084530158821
5,0.79706355604176
5,1.43288441521528
5,1.21363114680429
5,1.32167571626119
5,1.12557594123374
5,0.953846315824951
5,1.15775722593311
5,1.26247714533145
5,1.3354294118188
5,1.13749874712899
5,1.44324255664301
5,1.30039029126095
5,1.3148931190221
5,1.13143970336208
5,1.20388424892623
5,1.09280514149771
5,1.02896618508183
5,1.02463292777894
5,1.30849280261998
5,1.0371067451973
5,1.16209007548756
5,0.799701492722561
5,1.36271056702113
5,1.2740029001635
5,0.912253260001371
5,1.06018636499142
5,1.169681309161
5,1.23395160012174
5,1.31974991007169
5,1.29562333205335
5,1.11157616869461
5,1.266023456323
5,1.2414087996349
5,1.27864353360104
5,1.23058077211686
5,1.15814753005453
5,1.34289997277592
5,1.08813807665899
5,0.962822094138989
5,1.28847018860833
5,1.07114215785893
5,1.32547527849907
5,1.38675003428636
5,1.35422746209497
5,1.2969660059356
5,1.26383347189152
5,1.27456644521531
5,1.1564917072371
5,1.17516466219593
5,1.0664195822871
5,1.18516152694407
5,1.25461315081393
5,1.13000782220202
5,1.10020404199324
5,1.15128754660993
5,1.15140648687308
5,1.09831163837446
5,1.23224597442084
5,1.28698705565374
5,1.40516029930326
5,1.1608853983907
5,1.29341890551658
5,1.33507882178682
5,1.12556560406802
5,1.27802734521233
5,0.931931296559989
5,1.10905891425663
5,0.968256138105994
5,1.24944766044091
5,0.893070920378563
5,1.14746789966904
5,1.16236620769536
5,1.2552947021138
5,1.17645448795257
5,1.19183816054657
5,1.34562304683514
5,1.25348045858183
5,1.10780321043723
5,1.04957993922842
5,1.22988760052926
5,1.23618086003759
5,1.24263748619031
5,1.07439240445535
5,1.14510913991005
5,0.913295070248428
5,0.904380599921126
5,1.05056665771674
5,0.818317023396615
5,0.88932618170487
5,1.13363726153512
5,1.10442659942022
5,0.813226899826015
5,1.05488753883289
5,1.15796559246526
5,1.25832913769667
5,1.18482513801575
5,1.27944023502964
5,1.41347703837968
5,1.36018265397062
5,1.29450249954484
5,1.21561460869027
5,0.944748297880091
5,1.00964836109292
5,1.08621291210286
5,1.28722351880406
5,1.27856100159298
5,0.876536585319876
5,1.06077757404191
5,1.08351249419783
5,1.31599023953348
5,1.25518684415183
5,1.21233812919243
5,1.101308811193
5,1.1729540357853
5,1.03904863645494
5,1.02516699103692
5,0.914285276952553
5,1.23226896957885
5,1.45133231987485
5,1.31522645225228
5,1.4071783498894
5,1.23614629442913
5,1.29401548484569
5,1.06718478008938
5,1.19463343140171
5,0.970182412105223
5,1.22758076248557
5,1.35266714010989
5,1.22940337403074
5,1.00352677737989
5,1.36426214237587
5,1.17377488088908
5,1.30633279499562
5,1.08005325500262
5,1.04942652936508
5,1.13155644411188
5,1.24161352129446
5,1.25308309876347
5,1.14093399608074
5,1.24832718561688
5,1.21598147409062
5,1.37932883451741
5,1.12587419105828
5,1.04995278477045
5,1.24977055773701
5,1.27183836785682
5,0.998374827858199
5,1.07556658668352
5,1.04301413108589
5,1.31891980797229
5,1.13231876535292
5,1.40762343722232
5,0.645583246279085
5,1.15359383805353
5,1.22847343844305
5,1.336001050193
5,1.13610414334264
5,1.07051977669724
5,1.08201211304945
5,1.17568958503148
5,1.16923159662138
5,1.21711493621998
5,1.07044900569641
5,1.05649483552787
5,1.26970405870614
5,1.10207679426311
5,1.10458040737197
5,1.47550737278133
5,1.07363172396372
5,1.05473422022319
5,1.16390628572077
5,0.972686690505544
5,1.389770069228
5,1.032602929902
5,1.13463043124995
5,0.993152593986571
5,1.24507951230766
5,1.16668278609888
5,1.07153081933571
5,1.16955702948153
5,1.11521463508467
5,1.16832325018951
5,1.16943933464331
5,0.875659460737248
5,1.10374486577817
5,1.00429832087509
5,1.0325900723239
5,1.19401044944545
5,1.31960545523119
5,1.06563965763853
5,1.24118518701095
5,0.974195581045075
5,1.07702814436836
5,0.87601242777508
5,1.07528947103572
5,1.27089047666852
5,1.00759087008213
5,1.22653420200583
5,1.20309253969861
5,1.28795375106887
5,1.20912035963364
5,1.16597760956859
5,0.972997356868354
5,1.1854909556399
5,1.41568102842756
5,1.14973968830265
5,1.26959496636691
5,0.867586589580964
5,1.19739427118975
5,1.40623142589756
5,1.13473332998775
5,1.22256416214926
5,1.02630590251306
5,1.21159230480072
5,1.18545180649958
5,0.740664447194787
5,1.28342621763167
5,0.761776057539678
5,1.2282699476966
5,1.3712684623958
5,1.26983180012517
5,0.617632543880954
5,1.25313323534676
5,1.0235250180825
5,0.896184502994068
5,1.33831730788237
5,1.30004687037833
5,0.99984865234951
5,1.08550818281491
5,0.772984316236894
5,0.843994181850868
5,1.24656314859237
5,1.22652139432825
5,1.13337023677351
5,0.907198837264283
5,0.827573658555169
5,1.09728047205747
5,1.1833253433199
5,1.25264895549256
5,1.2702074171985
5,0.895383880369667
5,1.174111994464
5,1.26193250853722
5,1.25867787629608
5,1.13939106375532
5,1.14510251875384
5,1.09149722400121
5,0.95035075238914
5,1.27588721583626
5,1.13987319844307
5,0.943962142294619
5,1.35078336538373
5,1.06276332418406
5,1.20722756767252
5,0.979887280682643
5,1.19335244330743
5,1.29304716181472
5,1.09617973656561
5,1.37125447572641
5,1.09057328077541
5,1.04469181355886
5,1.17529342900056
5,1.0644595364836
5,1.19432103942583
5,1.13710516952291
5,0.739161849466443
5,1.03804388445396
5,1.16722548338013
5,1.30152243059248
5,1.07415533968966
5,1.13596974124345
5,1.02247409670023
5,0.874730819644096
5,1.07714549039186
5,1.20659052231353
5,0.986064032738464
5,1.29294728547142
5,1.33662972897626
5,1.21789211027538
5,1.30024312510525
5,1.3424253655081
5,0.857032680184063
5,1.02989277435581
5,1.33359434057335
5,1.37616131520423
5,1.12405167127374
5,1.40641772445364
5,0.689804083519931
5,1.2159841028407
5,1.20771364710224
5,1.25715013809979
5,1.12866374430459
5,0.774690374413892
5,1.2210418892828
5,1.05963317892302
5,0.790441187620509
5,0.690793801198567
5,1.19203183654355
5,1.14025561748617
5,0.904084494790067
5,1.21972457763414
5,1.18503758917244
5,1.43004729729128
5,1.22436408789487
5,0.976812769008174
5,0.871973981319892
5,1.2367087485831
5,1.37415293199802
5,0.984735592152651
5,1.12907466405473
5,1.42346243119058
5,1.0930882610326
5,1.01402893130965
5,1.12887110245669
5,1.17079291794149
5,1.05028833856126
5,0.870107942335421
5,1.27725758160115
5,1.13871510558
5,1.16355188746945
5,1.07430898759707
5,1.16619500399773
5,1.01379218462731
5,1.25130604275011
5,1.15496786763336
5,1.25414534875496
5,1.13917839727919
5,1.2796342147268
5,1.17818261083749
5,1.152941348344
5,1.06682226290178
5,0.890809669983631
5,1.31817974484841
5,1.05629145624396
5,1.21499081729853
5,1.07210546473972
5,1.20095824307417
5,1.3927135661803
5,1.197412336312
5,1.09884322393878
5,1.0910848901255
5,0.911178377444879
5,1.05886854214332
5,1.38527214450657
5,1.33482742945688
5,1.08964950199196
5,0.806049932727346
5,1.11665752289693
5,1.35117605630269
5,1.32257286550222
5,0.997873593434984
5,1.08352006508699
5,1.0433692360785
5,0.967356588215963
5,1.34798025940925
5,0.970806524926093
5,1.24385613591279
5,1.21413975273433
5,1.0297135302589
5,1.18591026625443
5,1.08417839063071
5,0.966959849645576
5,1.01939514109792
5,1.18819588429451
5,0.986127605350786
5,1.24776431036871
5,0.880685332444688
5,1.20719416864224
5,1.05148036958097
5,0.860512695236182
5,1.17790739352161
5,1.25030299123203
5,0.956224359805069
5,0.847236948437999
5,1.24956319827406
5,1.24721943651062
5,1.03802914506851
5,1.1569871306475
5,1.00998948079166
5,1.40475342292994
5,1.33792065817801
5,1.07488027222873
5,1.05505195497786
5,1.04326167257254
5,1.16326697557032
5,0.748215391384979
5,1.43995740082485
5,0.98864175260432
5,1.37235607948888
5,1.0665650364318
5,1.21042234862872
5,1.04491683712061
5,0.846747445958679
5,1.14731841585899
5,0.881276686538849
5,1.2155645923043
5,1.14678996994218
5,1.3433347127636
5,1.07741129182259
5,1.07377301538358
5,1.40555421305112
5,1.11893127678604
5,1.34460406528056
5,1.15940912629854
5,1.01350475489464
5,1.3565937446471
5,1.13654953943869
5,0.783153831204808
5,1.01300661495442
5,0.996930562790252
5,0.834174717201162
5,1.42953500544644
5,1.14573720538768
5,1.06541282045566
5,0.939485647899655
5,1.32763833550732
5,1.1336033776891
5,1.25204555408898
5,1.26618424440206
5,1.23247679191119
5,1.24954268451053
5,1.14259934631261
5,1.24774767318142
5,1.24102485251961
5,1.25102811306984
5,1.11720063545405
5,1.07251473763905
5,1.13033882942366
5,1.1556073497501
5,1.28396852217359
5,1.24271851728248
5,1.04344115313437
5,0.861220320438729
5,1.21757583338891
5,1.1516538860803
5,1.31226452737632
5,1.17240784022747
5,1.22622392094193
5,1.26774104779814
5,1.12922477173566
5,0.914141630538368
5,0.767816538485682
5,0.744386693885185
5,1.19985857084483
5,1.20922919291778
5,1.15941005028655
5,1.17929073818419
5,1.14391706919126
5,1.17492232632031
5,1.24923855991349
5,1.13212304168695
5,1.13039887107461
5,1.15666123628635
5,1.14986792559925
5,1.10949752193637
5,1.22140536131683
5,1.12269662730497
5,1.16997096662952
5,1.27236353464507
5,1.1513637153996
5,1.29707552793172
5,1.08961634420892
5,1.28794474753651
5,1.0391320331472
5,0.873977280629675
5,1.14238573358678
5,0.966278465060357
5,1.25306810570513
5,1.20118385634084
5,1.27054152455373
5,1.06593299405883
5,1.0863726871431
5,1.31578512966454
5,1.10676362117149
5,1.41152614066511
5,0.927312276263473
5,1.15753644956703
5,1.35666767405351
5,1.18274297700839
5,1.19264721932899
5,1.06743211179438
5,1.22963866383196
5,1.08773850383152
5,1.29172623106331
5,1.11336538076496
5,1.3002789645347
5,1.07983565749853
5,1.12480880282677
5,1.07875776332324
5,1.18672450285654
5,1.06368863843013
5,1.09016436902675
5,1.22289308390609
5,1.12806822953371
5,1.34645927243463
5,0.844751986105605
5,1.31724709793582
5,1.2432677987697
5,1.12485612448867
5,1.19809453808912
5,1.21374209184177
5,1.26531122252452
5,1.26238021665287
5,0.990310104961199
5,0.797187134526102
5,1.17547151676035
5,1.13184382863617
5,1.01362216662697
5,1.35184675768536
5,1.15292830767989
5,1.31362955499091
5,1.3455603494497
5,1.25402867977363
5,0.95923974527285
5,1.14011884983391
5,1.29511785428305
5,1.29626848366189
5,1.15184885235899
5,1.08598294569958
5,0.990896870111591
5,1.12780595075055
5,1.12814641966409
5,1.14361374517283
5,1.14549233236912
5,0.97369600228378
5,1.06278824444527
5,1.22136804789795
5,1.30226852435208
5,1.12903218138935
5,1.15495311955902
5,1.18433627789042
5,1.08383287659298
5,1.0229259032842
5,1.22724262082676
5,1.15973653281648
5,1.23172117262484
5,1.23574531409123
5,1.34712939007966
5,1.26921877279368
5,1.21294391585229
5,1.33155725465631
5,1.0271190189225
5,1.37415700456699
5,1.18555948702618
5,1.41038796493693
5,1.09122494948392
5,1.28361573324178
5,1.30264459351746
5,1.22982226232744
5,1.28573003307648
5,1.08078927515437
5,1.36635779298176
5,1.23825082226723
5,1.26335466048828
5,1.13436302313293
5,1.16814635273088
5,1.25330205031858
5,1.32274229456569
5,1.05602056782434
5,1.39529517183422
5,1.18282340645
5,1.22152975422048
5,1.17705451428097
5,1.36921415961037
5,1.40803672289222
5,1.35720078118241
5,1.05987537629553
5,1.40064916630681
5,1.18233863442379
5,1.11345634378557
5,1.20948820092077
5,1.09051129050386
5,1.08478875904916
5,1.27284297393639
5,0.936126918812563
5,1.03702117301997
5,1.34816650886255
5,1.02809292162799
5,1.1273403045638
5,0.890435247265518
5,1.31563434590245
5,0.985322173680075
5,0.993457380280411
5,0.947803519878264
5,1.19085821599563
5,1.28657476015559
5,1.46524620907794
5,1.16226039144106
5,1.12799902686631
5,1.07542477765528
5,0.924269759655632
5,1.32865142338107
5,1.13412641016573
5,0.920560973045346
5,0.826755302565063
5,1.15097538777153
5,1.26527715639639
5,0.870355248092754
5,1.05205503167202
5,0.81057093746674
5,1.25100369379647
5,1.07566053109414
5,1.3732003127145
5,0.833263571931203
5,1.14764310523028
5,1.29678352426068
5,1.34625331295911
5,1.14581577693449
5,1.30306209706271
5,0.837144997382159
5,1.13130102401695
5,1.21772420873173
5,1.14692457826835
5,1.30993288155985
5,0.78010534542756
5,1.22302920878176
5,1.10035517892233
5,1.1753408490329
5,1.33680692349477
5,1.25385168211311
5,1.11560238729828
5,1.07105290036302
5,1.25737751010329
5,1.01082034763049
5,1.26476926568893
5,1.14875194925698
5,1.14038016077278
5,1.22496884166921
5,1.42358263809726
5,1.24002856672112
5,1.22765614924736
5,1.23005037401592
5,1.22876694392871
5,1.17165419914741
5,1.14981479377613
5,0.751525955296265
5,1.15952312756979
5,1.2137503237202
5,0.88170121591683
5,0.92168216912444
5,1.31478954166689
5,0.892607860555952
5,1.01406035680196
5,1.31303199330674
5,1.24665700596435
5,0.970687809090843
5,1.29013770263313
5,0.884385692980726
5,1.1093033945996
5,0.918337074850861
5,1.15768984920146
5,1.15005589880214
5,0.694735568234825
5,1.38481178827789
5,0.821173115098514
5,0.838293633835052
5,1.24334137083145
5,1.33792089001919
5,1.13487972875748
5,0.996112574578948
5,1.30034006149344
5,1.12419000446292
5,1.11752850530018
5,1.01047940787755
5,1.17543565566505
5,1.14038932620296
5,1.1302695064098
5,1.38385238871357
5,0.907062004084615
5,0.972886344412805
5,1.13830953208153
5,1.31924112428965
5,1.0190258578493
5,1.12927476085836
5,1.18497545912177
5,1.30006212481412
5,1.19871957142766
5,1.15946622334359
5,1.28855558650831
5,1.05746178149365
5,1.27115644158589
5,1.2758684579216
5,1.20813005997206
5,1.02054590226738
5,1.23430736652846
5,1.306119150409
5,0.885890068693249
5,1.26385043548314
5,0.805633726858356
5,1.19901110162097
5,1.28408654059123
5,1.1756878615465
5,1.12750275802602
5,0.957919584368211
5,1.28695434615582
5,1.1372795861189
5,1.20140792988129
5,1.14879212307708
5,1.25721111457307
5,0.791390309918194
5,1.31716444783912
5,0.974617331357459
5,0.843463543143706
5,0.727686585091804
5,1.16407646582747
5,0.966077218682641
5,1.36599462510051
5,0.913933064393894
5,1.21024969007256
5,1.12391332837833
5,0.946037045371514
5,1.36011824943646
5,1.14823762846161
5,0.839482117218389
5,1.28314180486809
5,1.10885628868736
5,1.18056778604009
5,1.01456068123952
5,0.958883409127376
5,1.25569253710274
5,1.12913163161989
5,1.09596577721479
5,0.981961316964387
5,1.30207841048636
5,1.46055293793232
5,1.29684422886577
5,1.47184813533311
5,1.15439336022603
5,1.12751017980978
5,1.12694583753292
5,1.1736298744886
5,1.11642195089378
5,1.17474942321338
5,1.24044590193311
5,1.36116837481206
5,1.13002506456857
5,1.17748449576454
5,0.770410463231712
5,1.35476211441474
5,0.716000336192531
5,1.44477124468286
5,1.12319060777248
5,1.24190181962634
5,1.23726065434367
5,1.37883950557387
5,1.23596404105581
5,1.30182586920182
5,1.27209648290689
5,1.18773018338582
5,1.19414785983262
5,1.23803376511501
5,1.39390251123053
5,1.26588572503408
5,1.1125543991071
5,1.26291983905505
5,1.11657754084708
5,1.29518433207702
5,1.33755786955663
5,1.223745654082
5,0.871270334415118
5,1.16073665361863
5,0.875175816513774
5,0.931876285914673
5,1.42655996178716
5,0.944319946100191
5,1.23921355212594
5,0.922675986933311
5,1.31702556617691
5,1.14378767481069
5,1.23455249602938
5,1.17511397513632
5,1.11337733469557
5,0.970457533993571
5,1.43255748307314
5,1.37383846389011
5,0.899596065118431
5,0.967196405828238
5,1.26746676422593
5,1.20758397242542
5,1.2774534151338
5,0.858603458758132
5,1.05886590894335
5,1.15914821334261
5,0.997966180584431
5,1.02478104892337
5,1.2371476268887
5,0.879357373409179
5,1.1095241174368
5,1.03017351743643
5,1.27736078601126
5,1.10431848656676
5,1.0008848170583
5,0.796884477128837
5,1.0361837432718
5,1.17231734934597
5,0.865319032103777
5,1.16260331873731
5,1.24400406803288
5,1.02742458276854
5,1.18935230704468
5,1.08462118560553
5,0.806299826050341
5,1.14885153962627
5,1.28373266556779
5,0.882641759685617
5,1.09247214091261
5,1.26495034076888
5,0.944009222175123
5,0.802399211245952
5,0.850175964288079
5,1.07648028827088
5,1.20990317225046
5,1.24323741236585
5,1.04149001560738
5,1.05609267164108
5,1.14495872878373
5,1.36239933468407
5,1.2355651437297
5,1.08970091847152
5,1.19738584195752
5,1.16466069116666
5,1.0113245690644
5,1.267574156229
5,1.10692103646634
5,1.11832875969983
5,1.13775466599939
5,1.22404186955725
5,1.17437498831601
5,1.2972097433213
5,1.47120991327731
5,0.905860173841734
5,1.34067002465757
5,1.4406402876057
5,1.28052164544136
5,1.09192859145523
5,1.31735490786761
5,1.12556503714269
5,1.10272457831722
5,1.11921660215977
5,1.30056781590719
5,1.09800447192781
5,1.20996782208501
5,1.03565824047789
5,1.13005072022836
5,1.26808273811428
5,1.14371934123976
5,0.976481923620083
5,1.0660538509007
5,0.84739033854215
5,1.25587062881682
5,1.06456190511429
5,0.981090455975278
5,1.11209105481342
5,1.03760124556349
5,1.19246744449954
5,1.3423266959932
5,1.08293584664654
5,1.03682471555186
5,1.0722927926329
5,1.11520582532429
5,1.20070280625832
5,1.25026898379202
5,1.14320231566194
5,1.22240767033366
5,1.14279368930472
5,1.07089039951196
5,1.15652457774369
5,1.14625761312678
5,1.20527018833676
5,0.734881550488274
5,1.41164611629002
5,0.908848291396143
5,1.24807158816881
5,1.27616782024472
5,1.39134004304115
5,1.20783857688598
5,1.23954496424985
5,0.873004392889786
5,1.02278690809322
5,1.30097863216625
5,1.08752462703801
5,1.00552602253036
5,1.17680885930194
5,1.09264064676406
5,1.2341428701849
5,0.73402627539502
5,0.828608653121946
5,1.04902049608918
5,1.14188767958924
5,1.23393229683702
5,1.18353563141762
5,1.19147600642634
5,0.751651825769054
5,1.09557851733374
5,1.0247590344949
5,1.1872908334447
5,1.10056837914887
5,1.13144027582678
5,1.16482728148145
5,1.2755237053919
5,1.1235723021129
5,1.27409171728474
5,1.08572147991106
5,1.05808596348356
5,1.10685186410384
5,0.855059226894264
5,1.14262341635332
5,1.03990358619587
5,1.02585505963134
5,1.44139134162499
5,1.32719474661807
5,1.13348132258537
5,1.23593168234931
5,1.30340732963842
5,1.03677859977331
5,1.31210772099505
5,1.1844226461694
5,0.768771108326381
5,1.26521484353782
5,1.12602379320378
5,1.15242073018916
5,1.30938103573252
5,1.07943771569919
5,0.915160789066077
5,1.15289591290068
5,1.16463388438034
5,0.921959786497407
5,1.36519993153498
5,1.19030697123195
5,0.675016846766188
5,1.04237277873397
5,1.08275022195622
5,0.979213693714474
5,1.07413079004082
5,1.14712191439183
5,1.11968188378031
5,0.707283457458253
5,1.0749703146082
5,0.805422884612662
5,1.13240732519244
5,1.25647837509032
5,1.12691913614685
5,0.758535760882843
5,1.07012251776707
5,1.33658934488062
5,0.992622380930692
5,1.27146304510371
5,1.20213314305044
5,1.08153126649385
5,0.830145142822766
5,1.19866345939394
5,1.29525666209316
5,0.967384310875999
5,1.22150991659772
5,1.10643294092818
5,1.16431779872105
5,0.920665295843053
5,1.20722749962756
5,0.957191568911706
5,1.2068380993541
5,0.843659020152824
5,1.09863220899307
5,1.08067625848124
5,1.27083639701604
5,1.40353229349558
5,1.13165493626093
5,1.02262240840184
5,0.788864315993406
5,1.28220309913905
5,0.905010917639608
5,1.23728661046996
5,1.16590113324551
5,1.17583026227992
5,1.12503242957337
5,1.02577817914898
5,1.13858408452123
5,1.37851550395588
5,1.35209430148137
5,1.43789428558428
5,0.914735878799529
5,1.21335109793861
5,1.01899475412432
5,0.934954258762103
5,1.18973915502138
5,1.18259677458
5,1.19168931417816
5,0.967052194122964
5,1.35141952750259
5,1.06596508476696
5,1.15798734007907
5,1.05578310756558
5,1.39104618649237
5,1.24230421436728
5,1.12601634001275
5,1.14546820919715
5,1.23888519410304
5,1.26300961611611
5,1.31503313924094
5,0.939872432013955
5,1.31432960809009
5,1.3341994160993
5,0.99469657215804
5,0.961937584884349
5,1.22006999820624
5,0.833848449189021
5,0.766783190256628
5,1.06062820660886
5,1.3597757080367
5,1.191705204806
5,1.24301086073095
5,1.19325582998673
5,1.30760426558804
5,1.14199224780138
5,0.91484420339975
5,1.23403165378681
5,1.2927307616792
5,1.2406174919977
5,0.955737148890454
5,1.33746094775715
5,1.41422287690898
5,0.797879561670124
5,1.41790419967898
5,0.944772458141896
5,1.13013240354799
5,1.04265037822957
5,1.33632568529336
5,1.03064024003264
5,1.19400670950507
5,1.08095337931455
