"sample_id","AR_Spratt","AR_Hieronymus","AR_Full","AR_V7","Androgen_Response","Basal_Zhang","BRCA1_DDR","Homologous_Recomb","DNA_Repair","MMR","Chromatin_Remodel","Replication_Stress","CD8_Tcell","CD4_Tcell","Bcell","IFN_Gamma","Inflammatory","TGFbeta","Stromal","Luminal_A","Luminal_B","Basal","Neuroendocrine","EMT","Stemness","PI3K_AKT","MAPK","MYC","WNT","TP53_Loss","RB_Loss","Hypoxia","Glycolysis","OxPhos","Proliferation","Radiotherapy","Metastasis","PSA","Ki67"
"Sample_001",-0.925907961305351,-0.0748053669529389,0.92787609808168,0.7543120070007,1.02821553442459,0.860205710592527,1.5134764282594,0.307314596096403,0.773973204326072,1.41785511439089,0.631139182421522,1.63668582038654,-1.24513381552132,-0.404494616703387,-1.45151821965068,-0.687059851738485,-1.72030834957245,-1.76278573179613,-1.55792227303373,-1.48965179617891,-0.844382903378951,-1.04481126837537,-1.02257471113608,-0.777452179815057,-0.203651169119248,1.02235068619942,1.15947059040919,0.366240461544662,0.413920482404759,1.40333774847277,0.134196295887364,1.63411730262558,0.881036215696489,0.534156686104271,0.531540025878976,0.239611060871606,1.99844158455498,0.821701972324075,1.51732380602716
"Sample_002",0.184463568647545,-0.554634758468218,0.404672449329921,-0.255075006230496,-0.768757070268797,-0.423209663589392,-0.604116649811262,-1.19084235282367,-0.518096373061365,-1.17489135627121,-1.44404658533232,-0.574337779789807,0.14930796502881,0.615424877737181,-1.15098719760679,0.906416240661558,-0.305629612166971,0.576820704416326,-0.706296474153241,0.151413666463617,0.478112703695719,-0.0116506526623598,1.12922590705375,-0.0980700564775522,0.0967699680680028,-0.271689081947054,-0.117039754648518,0.37034755313184,-0.627236162776213,0.612473837605783,-0.250860053013304,0.158168834583245,0.926152184525015,0.454795955463883,0.79766964992639,-0.110602238811759,0.448529947964281,0.0637107653892054,0.721662446380358
"Sample_003",1.53407179677696,1.15485410918835,0.456853468556748,0.553812101433054,1.11032873543571,0.919458053710044,-1.2596568288521,-1.17378810795057,-1.33348060172276,-1.13066774152591,-1.37246545853669,-1.20785364666258,-0.103782328392695,-0.958625804002399,-0.706704245544808,-0.725232201772924,-2.30874399723109,-0.757545854895275,-0.315627380995128,-0.306389933642568,-0.863008523220269,-0.0742402470123901,-0.238153519800329,-2.73730808427301,-0.198124078218899,1.31853693252705,0.972885655923128,0.679151628075189,1.2057523815725,0.169784267732946,1.85885916919718,0.685656115379411,1.38937680808347,1.21088864982477,0.644763487879227,1.04332658610052,0.156110375009411,1.35215934445042,1.44265955095667
"Sample_004",0.0616890715737263,0.292764889396538,0.511282286266552,0.83490010641199,-0.249056440352502,-0.118019960041314,0.554298299800608,1.03028551060757,0.825072905205285,0.128439687988388,1.00700829348928,0.386143318751388,0.46547449640337,-0.50558907675563,-0.120971439905704,-0.772784379451892,-0.780792053838282,-0.78722334081996,0.978855838201613,-0.412976622289888,-0.629257567247485,-0.430356939291364,0.0552860966409828,0.778433440877636,-1.04371418075308,0.632636997282664,1.02907193534113,0.36142111044563,-0.639149097144011,-0.251275662032501,0.752822392856888,0.281600129326446,-0.109503355655453,0.275911577263327,1.63854899641863,0.374552282527451,-0.264212827350494,0.598526788192578,0.484466977497514
"Sample_005",-1.36416657127122,-0.779492436885413,-1.67288508882232,-2.40581259681482,-0.728547620531609,-1.23684888874185,-0.640016411342559,0.152609003980456,-0.449544111048249,-1.81589193427821,0.762789548693362,-1.56587992572335,1.45270252267069,3.06286231901786,2.46398811963741,1.48098129164765,2.3024649816812,2.67935415207961,0.7719514791367,0.861825074229246,1.1325832980287,0.462969933536015,1.60214362530666,0.0277148929399641,0.65756967914233,0.906526807712564,0.458789084968515,1.84089016797641,0.505302761964414,-0.118049262700765,-0.00571687717633129,-0.460078458912527,0.0755923940196461,-0.389079940456282,-0.166937838723613,0.0539211938237628,0.529044546742372,-1.78847638274516,0.356766491668259
"Sample_006",-0.398521789993094,-1.41552325495514,-0.19768634320864,0.234980959760881,-0.732659865328886,0.20953665489026,-1.88950217008088,-2.10931239571602,-1.54090845131191,-1.87021714733668,-1.35294978879222,-2.10939872046001,2.02311536972458,1.59438641681495,0.858289276507579,0.798188256563022,1.40256500448724,1.23170676624913,1.16740221045733,-0.705407614540044,-0.0122876163386653,-0.500650124190393,-0.229528224977508,-0.343633406182244,0.846971431207715,-1.51665333328819,-1.65423539190171,-2.26740896912337,-0.853351989211984,-1.15041033954066,-1.61243490980997,-0.0110674524797865,0.230966922749493,0.1854330252067,0.695141747209262,1.63949599470656,0.371769516925672,-0.242106322145214,-0.078621722247871
"Sample_007",-0.543153386712272,-0.588124371560005,-1.45947322284731,-1.48114497220837,-2.35302425257466,-0.800075359507388,-0.993650298477659,-0.834655087507381,-0.79140584609134,-1.63276250583022,-0.471009953660177,-0.313859859184818,0.515794614134613,1.03335129983106,1.10784519532313,2.62987456033138,1.33994644865518,1.82144265164138,0.212609283278501,1.89584944609339,1.42194567841599,1.32037009013676,0.736854383653701,1.34311892467431,1.48922591212075,-1.91250072852264,0.47734446865392,-0.581501061842498,-1.07543879217763,-1.20719628500094,0.0844338744582722,-1.04190164609607,-1.01163447919206,-0.989743249604727,-1.60910829998973,-1.38580282458817,-1.22947160428377,-1.57366365118812,-1.02670842110427
"Sample_008",0.792144020306834,-0.663487951773465,-0.670462946483483,-0.724405292261144,0.137072401039839,-0.484802679018905,-1.2660351863178,-0.473256511443545,-1.22814671963664,-1.00703300136219,-0.852451353973505,-1.00368420785716,1.22601856400333,1.60246857484775,0.870151215117652,2.001444807974,0.68471544083889,1.80598467910317,1.01766762158703,0.322474011202855,0.571416912652054,-0.0866770531122543,-0.0906349421541206,0.382600024473985,-0.254075417770537,-0.823746036630665,-0.273745386547876,0.743477729797464,-0.171341472782016,0.390396286728569,0.974444844962825,-3.62983646069028,-2.10323283374349,-1.76981677553671,-2.06792871722174,-1.64776950511523,-1.86873211677531,0.421414885606888,-2.13261013731161
"Sample_009",-0.315818813258279,-0.881696235057087,-1.76983531558036,-1.44563282055984,-1.2619879611216,-0.281829533381035,-0.676542494661948,0.0374248811077625,-0.455332884108602,0.232909900990769,0.128115331609776,-0.76088404049712,1.4688950378411,1.88332364999922,1.19930681731127,1.24556323682871,0.268473676282363,1.36302893282504,1.05379966003005,0.609989518493444,-0.0731899706337236,1.36349333302214,0.907550551902929,0.57034198810556,0.508609576504813,0.277001796288434,1.47624814683081,0.189252918647146,1.08052939306649,0.552539595188086,0.213190993581675,-0.24772397974119,-0.920039359519118,-0.671921351544668,-0.504669218837218,0.279085142789698,0.113476216871258,-0.64832448043833,0.610470755601759
"Sample_010",0.269607926130132,0.301005505691169,0.997181882027162,-0.119786052490092,-0.676953137274981,0.254164386256891,-1.61243779081278,-1.58627122889768,-1.99354609347638,-1.91374220697029,-1.60295923660029,-1.79455085345714,-0.893036351089094,-0.825397578058865,-0.285394858250751,0.169556217246804,-1.30239012955945,-0.904247479366437,-0.868559268905623,1.02895712557379,0.244284491921712,0.260216265561414,1.10687788704016,0.801270949556531,0.29812362760452,-0.628205926956091,-1.15270997431744,-0.719855002165577,-1.11653938217164,-0.832081847048572,-0.953403096690143,0.188509746444935,-0.311590318159141,0.409877322526921,-0.548505693507844,-0.661060794518195,-0.181643666302284,-0.720681957037653,-0.563004348481257
"Sample_011",-0.387591740638984,-1.27007624425035,-1.60998252397154,-1.50592528257968,-1.45906744834816,-0.634629241360001,0.166481040309407,0.0365100075860923,-0.482893952790991,-0.164939168068986,-0.546662155321467,-0.435945029640466,-0.481583774867545,-1.45320122597902,-0.478869167429344,-1.69266751719713,-0.772467151115068,-1.18104890731905,0.116930899573603,-0.0334701179352509,-0.439471728176448,0.799749516990632,-0.669865423534366,-0.629095629050182,-0.268708538190287,0.535131332493056,0.550069601583248,-0.526545748128478,-0.686642028546469,-0.638684713279828,-0.394085064917502,0.85238758398343,0.333789885694763,0.585550334696805,0.589007395022221,0.208248254345392,0.943382663782964,-0.299175513794364,-0.651733576449134
"Sample_012",-0.237855686637491,-0.137373393815035,-0.201467182374471,-0.22939386497844,-0.238518556750876,-0.375127803144902,-0.359151397760729,-0.174319655262887,-0.445841704357712,-0.174437981845396,-0.329868460381666,0.693463136753471,-0.287992909850891,0.692312155880182,0.24419395328007,-0.172886070333166,0.150700668973143,0.50319845402702,-0.128640760559436,-0.0100876177047725,-0.355782433519289,0.41189381212592,0.426516816983278,-0.171432953768414,-1.18679231129467,-0.546491722228252,-0.414079173693286,0.38677120203377,0.0245079217168864,0.0353529858025028,0.667256428380239,-1.11906601860403,0.16703696350669,-0.455303648237285,-0.41266811820587,-0.443966155082713,0.286039941232972,-0.397025545779345,0.178437440506142
"Sample_013",-0.268655353918534,-0.455378149522678,0.323256546605284,-0.347285261630932,0.44544242707828,0.129707979926872,0.560602651125326,-0.155800153255853,-0.66702172449661,-0.789481521986429,-1.32013924793266,0.0671334367574721,0.356445634123961,1.59072624637271,0.861477876289921,1.77712328145705,1.07127957128585,1.32405806612478,1.74013982317949,-0.107917699800916,0.019966378572151,-0.412263071661074,-0.0461505027108366,0.229006164788776,0.129169117029949,-1.04650539134453,-0.386015724306204,-0.752725167365314,-1.24698869315181,-0.480114602656699,-0.851147452345891,-1.40717882936124,-0.46390295440803,-0.87400603947793,-0.236766872958505,-0.944682251685735,-0.982375073024699,1.45617900026936,-0.238670489884793
"Sample_014",0.792561883851721,1.03594594905092,0.16041912834252,0.97565399677408,1.02497498693914,-0.30621342497325,-0.6520915064562,0.876041176068466,0.148203769107617,0.127713247333282,-0.0623326664530563,0.694199991399987,-1.04984338116755,-0.781148307345704,-0.0745126536113984,-0.473427963552873,-0.725283328746724,-0.4973190459788,-0.567637727261376,0.75878256415944,-0.264215347156059,0.246669216844454,-0.147101491641786,-0.487215198116467,-0.414558762263897,0.58899613464425,0.437975378697314,1.54061897809269,0.830397223454057,0.449380122311121,0.13318403507064,0.211616124373708,0.940770130069827,-0.726064141779464,-0.0558151418815736,-0.273380159232166,0.12283109029857,0.0612974164096936,0.676439677436838
"Sample_015",0.870119805254333,0.53865953027959,1.18001147999809,1.64941631696789,0.718366197606654,0.60435461743433,0.626758283552299,0.577382954566198,-0.43639473812399,0.638598128629757,-0.577258531663822,0.722488492413153,-0.338324707065087,-0.726892895837975,-1.23019872348904,-1.16710746299948,-2.15429363349506,-1.73246179827642,-1.12421038364808,-0.238241205479339,-0.858225939368367,-0.106903861037622,-1.93150219922346,-0.277756721188668,0.0822214752063262,-1.94437126697596,-1.576016068035,-0.910549529829429,-1.25093095012198,0.213018961619442,-1.3673703746886,-0.00496711158630969,-0.398313688617366,-1.45219267896833,-0.961497590350134,-0.298707742115824,0.413011614907653,0.417337859183019,-0.363269814877392
"Sample_016",0.586245888789395,0.47992282044422,-0.711820738864943,-0.69672516202291,0.0880914608869107,0.42182857795346,-0.344654080424485,-1.00569429935114,-0.899714598679801,-1.20457749619737,0.109910154521983,0.367346702765466,0.656196898698273,0.705593963500564,0.264983177754757,1.78717773381696,1.50712737989977,1.44876301045424,1.18638654427036,3.129241160418,1.55869254944159,0.827057503363653,1.88184400820863,1.91253469644569,1.72310290698353,-0.0805363553212644,-0.305672649998676,0.13818505685489,-0.344184744945683,-0.177591975424893,-0.434244609683469,0.240669255611466,-1.00821855839691,-1.49322758079662,-0.375758382541697,-0.685510083566368,-0.893467110450899,-0.765492381161782,-0.814035459996914
"Sample_017",-0.567764725172478,0.252244594085391,-0.810424825164843,0.0221132357624725,-0.78209891608109,-0.213499646585545,0.16995405481242,0.807350122449552,1.11059519934926,0.617748430600457,-0.266991469826718,0.210936491763555,-0.894631554485505,-0.793786610224439,-1.58574828162793,-0.251353955768461,-0.194319668837318,-1.44459960639765,-1.15932880442873,1.83779645561093,0.0468419904644692,1.32961454055786,1.51728668090094,1.22161814220264,-0.223912933086355,2.03702991914544,0.601844135936127,0.894317366518623,0.446326163316547,0.553934403348358,-0.511852578540044,-0.0145238293183647,-0.137381972792836,0.225440424218533,-0.49593956067139,1.33126374041699,-0.0502811488553209,-1.22171230116655,0.599225774870033
"Sample_018",-1.38909636267971,-0.282945488604998,-1.3088908344318,-1.45304687636924,0.277308554354331,-0.669156307083811,0.400298522012109,1.01535672583199,0.970930541286238,1.37682013587834,0.0813368139258838,0.828168372859619,0.325393786098715,0.46194038265616,-0.439296815995807,0.366046491264639,-0.233045069433801,-0.20609398654995,0.0766989682652521,1.61102245811537,0.342976527850861,0.188771361874691,1.28019034347726,0.580452573338969,0.787364455314503,-0.576097352614629,0.264226634290057,-0.859569690301917,0.115737683356316,0.807370866056115,-0.20614900847512,0.493723710170734,0.199245767192409,-0.172597751966394,-1.08972194520749,-0.158097347164929,-0.233679511167347,-0.986613720485692,0.340039352903489
"Sample_019",0.302518552549954,-0.810673699314269,-0.471796466861025,-0.150068477484246,-0.131356988840153,-0.376704731376162,-0.409118559007049,-0.974359200733195,-2.07077454264306,-0.196925806875209,-1.11240384541178,-0.924593509685574,0.151721456977358,-0.805786051667927,-0.59511383313962,0.157690191637969,-0.306176435652699,-0.0510111285742293,0.471447566957122,-1.18018661615024,0.0357868142546169,-0.279412096267613,0.25220340936795,-0.587374231702338,-0.405630407892759,-1.22196217614916,-0.532149510557499,-0.121892227533027,-0.206848032471949,-0.0438652847026062,0.0897737329202871,-0.0422653580876959,-0.047924780492079,-0.638564002577147,0.0698544979254898,-0.615951898243341,-0.273576347118669,0.0421994691048546,0.848248371208945
"Sample_020",0.161364969289145,-0.358262298368615,-0.165153015115529,-0.70556688181124,-0.65082714494142,-1.18193737048875,-0.264490751020395,0.072372272195906,-0.420044153632363,-1.17061126122888,0.069668444704346,-0.67731651758291,0.114989143022022,1.13868840628623,0.119540750392866,0.695100127940891,1.30118040769032,1.44638458797958,-0.365221976431128,1.11822637563675,0.666799821389219,0.558427219861402,1.03528174397281,1.22733360065462,1.34173881228664,0.880180267262515,-0.161647321906425,2.34002914403108,1.33969818561427,1.03241000696572,0.669144188580124,0.511842862226048,-0.112424617622945,0.893397060953503,-1.22032108536872,-0.120469647705828,0.495166230578583,-1.72725468273954,-0.162127198576264
"Sample_021",0.543237663588555,0.742662784379859,0.391940456892967,0.724922725338356,-0.21757564095618,0.138363811621134,1.33387775665073,0.311944508867728,0.696222577364003,1.1702059866698,1.06116210200414,1.68914898641595,-0.445287250583907,-0.920461616869837,0.0796182292003285,-0.264789757419367,-0.159291832879003,-0.0418218225938782,-0.045644824573487,-0.514510918649892,-0.99827783902917,-0.0661947710939153,-1.37168761299412,-1.1329479483942,-1.16027208116519,1.42247294111743,1.28843653444274,0.519606343001664,1.74137072032855,1.01790052511938,-0.278158397508007,1.89252302127003,0.882778886063172,0.697305373771009,1.18849113561168,2.01060547515802,0.662729094437956,1.33337077716601,1.41230773889387
"Sample_022",0.654098983563229,0.147123593668778,-0.94784006367966,0.825134135799332,1.61839442526229,0.0350706782440896,-0.491722401743362,0.728104980111641,0.226269436634411,0.250901809544678,-0.23018614991066,-0.229110892476515,-0.260662183485345,-0.957833265123626,1.23597444976609,-0.411885825602732,-1.32119395656256,0.08699408214967,0.0500838426642833,-0.436425262289686,0.0777525887902492,-0.899373354388471,-1.6049426206658,-1.29433661773222,-0.128836530370739,-1.06039693792912,-0.779951396273998,-0.518350832092396,-0.941759477686746,-0.11620665493621,0.155856910696747,0.0558347732809167,-0.786370458504145,0.927876948367568,0.251680080045823,0.500583516811084,0.0803285556245936,-0.0602371348511679,-0.496238509649542
"Sample_023",0.623440270875161,-0.239195178906935,0.0769792967344025,-0.191678409954122,0.0165682408037028,-0.00154540083951929,-0.125158956565117,-0.13094834878505,0.266610648450331,-0.58252713968243,0.298775107113601,0.689491766280933,-1.03277699753172,-0.360636131890899,-1.9217737551499,-0.513373326496654,0.0236140790859815,-0.0221462678401023,-0.192476614800102,-0.420638456811558,-1.03707160623946,-0.184634315347447,-0.350106599265018,0.717663190427425,0.362624574167455,-0.965145118483086,0.0420161667110781,-0.855984542832303,-1.0794262218347,-0.692323685723279,-0.630603633858491,-1.47994908819371,-0.501014561518447,0.220018170673735,-0.647623132093198,-0.780126891574157,-0.221361054478274,-0.306424242927179,-0.781355571561464
"Sample_024",1.2690163545008,0.691093065456546,1.12663505270506,0.846860474525488,0.0116130835447209,0.881795625458392,-0.199586933421989,-1.24830400759394,0.2696974923334,-0.736339401162769,-0.275205594277452,-0.57700530679616,0.206511091171342,0.00914596813055929,0.261487955945434,-0.0622575605802036,-0.691402499034712,-1.29837535127523,0.484952873606236,-1.33037103805037,-0.167795918452968,-0.120139484762723,-0.208300047815512,0.39681181369646,-0.102853518827779,-0.738652417003724,-0.119283018463629,-1.66506026660953,-0.680054696206584,0.509404259668993,-0.810191716865689,-0.993773151288267,-0.863175885035187,-0.41278685542273,0.694665097666315,-0.47772162212533,-0.0707493607367057,0.573486744562261,0.542626901152021
"Sample_025",-0.665326756013833,-1.31524918483112,-0.466204540334475,-1.05169392721152,0.160016504924674,-0.506848733938106,-0.820790254041397,0.174453664757684,0.225068590081182,-0.999332003876258,0.154179251402947,-0.0607469618162836,1.04532780758652,-0.753323973344957,0.714554217660039,0.971359158931711,0.74606352525178,1.56997005216454,0.324109295892369,-0.0194601458648012,0.239709480945757,0.851692616857614,0.683617516005709,0.62956461568112,0.664121381223771,0.84884488971031,0.12565172121613,0.585147913003732,0.0500340336880348,0.214512479392896,0.688508486251553,-0.745339595423638,-0.478131996509532,-0.365003694360303,-0.229787163579526,0.232481192884862,-0.330170309839953,-0.171646890231417,0.755759490466572
"Sample_026",1.10645922047736,0.823170945004014,0.74078575138445,1.19637368832189,1.25341664109005,1.05871807649578,-0.0816287414625791,-0.0298544218369954,0.790941718832497,1.40388584716968,0.0405670936399791,1.40649060075156,0.423623192065131,-0.0318123835183848,-0.822221099267159,-0.126990607847023,0.147499309356975,0.0614017682910168,1.13320222461032,0.326702953721425,-0.210436269501638,0.253207516361929,-1.28923333854585,-0.49294661470756,-0.586846486916084,-0.566207956841893,-1.10193661343407,0.55660125568053,-0.956056842207863,-0.694651694575468,-1.30890392627953,-1.35852151073026,-0.985471569262471,-0.897504806228267,-1.46058026094141,-0.942941844959325,-0.456481442540282,1.41046060802774,-1.55788378898391
"Sample_027",0.427808538823585,1.13537536249966,1.35423809386659,0.78949539084983,1.83185642645968,1.2744742150416,1.72111839147445,1.47026713123442,2.32004985839219,1.38136209518172,1.89279381411525,2.91125879168233,-1.59241515675967,-1.55996285237984,0.0140989048426688,-1.08825238396217,-0.671464719020174,-1.59923612512682,-1.09240012345925,0.395714433999538,1.1030644703332,-0.337940399086444,0.934537495867012,-0.012174840068082,0.301336843696981,1.34803204737095,1.96387327973117,0.543104469283847,1.42395614725337,1.08610876804391,-0.753409621392033,1.22945335879854,0.638301428598039,1.60275558802054,0.758046321861114,0.573425148800035,0.664074035537918,-0.429237454566318,1.42502162552791
"Sample_028",-0.765974409683419,-0.0831835476953257,0.705999755932102,0.448972678743796,0.619396635325951,-0.110956863282317,0.374281982130025,1.49164074562804,0.143918997659556,0.779400802573054,0.254565977441791,0.470759216492028,-1.73289426538232,-1.89943624487906,-1.25360015417493,-1.92548733553474,-1.60149525297503,-2.02096588522532,-1.64710433510085,-1.22459157302549,-0.855225049163179,-0.957380340607288,-0.277971739034294,-0.745166137362453,-1.05412020457631,-0.614080922138208,-1.17979291802972,-0.456606155687711,-0.492693301050774,0.981889100094094,0.130853497007485,-0.319381934977346,-1.05012711636683,0.570743837591583,-1.59664099420321,-0.728426516412256,-0.53863276490609,0.236087647955958,-0.681184101236161
"Sample_029",0.82291580316903,-0.86268349645815,1.03819183998898,0.0109258207025245,-0.0786527613409232,0.255675176520468,-1.2358259718369,-1.28904272392938,-1.32326567822931,-0.55862141134717,-1.77718311850059,-1.60689630778253,0.481045044630638,-0.0341151266249419,0.36283551796293,0.697654087609609,-0.113407969204159,0.672565561298645,-1.06365716221095,0.438872364513082,0.320423165546705,0.196422935757722,0.0266591878250021,0.527540413803309,0.849694384042695,-0.193322232403927,-0.881140097186847,-1.3533106546822,-0.0757268203472323,-1.29042631293415,0.266026811882012,0.0479051484415735,0.194138707154598,-0.362647524666164,0.159704096094023,-0.572460178832148,-0.399347994347534,-0.722021555343931,-0.365912700474276
"Sample_030",0.0373394640295423,-1.07449232402768,-0.979341304064325,0.432135474264519,-0.369019160439223,0.0454194039753129,-2.05550863779108,-1.92887764656584,-3.04446924118331,-1.67132374134566,-2.17328427424976,-1.32752964268431,0.467703035359633,1.41397691494559,1.08855432093181,1.61233145922642,1.96640156555047,2.2195946378971,1.53645939332681,1.31422178734087,1.87826120679458,-0.27195439605672,2.16764242497904,0.888483237679669,1.13426120751846,0.108185477114587,-1.1371623345553,-0.476361157128852,-0.607525136908143,0.489586820617998,0.259932756132701,-1.76549225850563,-1.67170812730191,-2.00674194956004,-1.47255355147694,-1.40141982179099,-1.19407477849357,-1.111368580861,-1.7266801060542
"Sample_031",-0.356572192037805,0.552885480463992,0.387249445724983,0.131828364402411,0.488706176323813,0.328422055806998,0.709601327737742,0.173299030234498,0.128889573749749,0.298909160749984,-0.199402508074325,0.215511190604144,-2.21205968981595,-1.37034314779548,-1.36418005214501,-0.298421416264835,-1.06142348932631,-1.02317365731428,-0.887773334792715,-0.193241066999087,0.0537446200930708,-0.105449814455146,0.484233755839298,0.60520724710623,0.445557128805221,0.54543525473819,0.947474184995458,-1.17243994168248,0.613468380542432,0.33516194990355,0.598702644805039,-0.285381668880432,-0.390801653593627,-0.45049574593116,-0.310407791160952,0.285754358697151,-0.0322355054882609,0.202840637366586,1.32651478860943
"Sample_032",0.268031897671595,-0.521245584856199,-0.987265977063998,0.261158663901016,-0.739465032745223,-0.502780690978009,0.212091038879172,0.379276303608757,1.08474658119147,1.39853559398282,-0.0809675711946655,0.31650646740153,0.889292696174261,-0.34141330422228,0.841765041685693,2.02995825388146,0.338421343722199,0.58804250306775,0.504689226851997,0.691872586589331,-0.98574722160905,0.0733420125961728,0.132700442798756,0.462488267023557,0.16395393938141,-0.626957522869516,-1.18984859956096,-2.26612847126508,-0.5412355855922,-0.38433339718315,-1.65205929961372,0.292083710673408,0.585246682899061,0.0456304506580032,-0.716732855007032,-0.117106510795701,0.0972328332072956,-0.423121802449061,-0.637195140799526
"Sample_033",-0.175893320094934,1.16666632521469,0.862316664273887,1.37776954454832,0.748854445583551,0.358504352954855,1.63251549564858,1.24421841051385,1.84184474015679,1.39712092313047,1.48081614699659,0.964676639855749,0.21018328298332,0.226586918418501,0.122154567850713,0.318753851020647,0.0253674729077623,0.15161755012301,-0.738037540791417,-1.191168151836,-0.973404111717958,-1.13554512483347,0.377111321626161,-1.13638407655262,0.301513499628623,0.968174143663333,1.23259484044803,0.551044950445675,0.578434999893332,0.82082830571079,0.489110229870954,1.3321421494211,1.80688916931317,0.590042374607331,0.838683615118172,0.979932582036233,1.51661753540774,1.78890782824438,2.10034881523818
"Sample_034",-1.62390761846995,-0.916955914248964,-1.29583933291886,-1.16596612486622,-1.77235737983341,-1.61852111930951,0.636911140147991,-0.984110722013524,1.40658184017903,-0.546046812669084,0.372101809754967,0.604247170641933,0.834454992666116,1.07543356812067,0.117131116911749,0.174521701639211,1.54057461992227,0.377994846505208,1.01774748581163,0.619307726208827,1.46660369636256,1.5181648306133,1.49157397506332,0.905894067514895,0.526144576568338,0.80613559517002,1.32241710812907,0.172744093668547,0.424849793163256,0.236187570623843,0.256443093121037,0.299026586722534,0.525528735787071,0.304689186373182,0.459966264311784,-0.461731572540798,0.436785706952501,-1.60194921512643,0.286978279440577
"Sample_035",-0.0881707515224267,0.075553169894645,0.532119977520258,1.50235348671608,0.087544554757119,-0.0661984128726735,-0.728871388137305,-0.203328812116975,0.0895727819736116,0.325780707892412,0.8054494225135,-0.369531964460829,1.72426607336244,0.470262080547927,1.02813626583906,0.260209020014338,0.498104488685145,-0.0751130527427547,1.01030892912576,-0.504470744641044,-0.194831636130007,-1.93609240563389,-1.458315074236,-0.318932555728649,-0.864185657635704,-0.346770735637589,-0.668103188607536,0.542186683106659,0.430116856307791,0.657508081775891,0.307655923887098,-1.18670099700267,-0.9733834440576,0.282670155012113,-1.43385609570061,-1.44813434940793,-1.11933883696561,1.08827608359891,0.592796864677966
"Sample_036",-0.0681650729767059,-1.01812325206628,-1.47622245916766,-0.503930026237099,-1.25373921475915,-1.3583949690397,0.560280493937015,1.92424162556415,0.441389222171569,0.933845583769235,1.01067025879677,-0.50152067234084,-0.954293605828297,-1.05307342930044,-1.50939323461262,-0.0926099786901147,-0.445623034716399,-1.22717453537462,-0.981149604566146,1.1054247577605,1.16194298299359,-0.296522424883897,0.576310218119356,0.749204502814042,-0.0120230126003038,0.781529006241736,0.76121491697441,1.36405857855432,0.876587109774543,0.584083480021301,0.266708070088966,1.87278164190992,1.86410734517532,1.14700499703408,1.58361957960873,1.28251890344459,1.26250132147622,-0.590268706197649,1.5780050713171
"Sample_037",0.188539287654594,0.277668256671928,-0.547588385511118,0.520659144479969,0.259754521757802,-0.0636430660166833,1.16149935094888,-0.0240844390510989,1.43078497237803,1.23537602136648,1.59973260753435,-0.518874495961747,0.172768352405646,0.931977755397228,0.696038306958985,0.897484629218978,1.40513907941587,0.828869930429241,0.609247183076817,0.586209790276188,1.90459360694419,1.24365726134128,1.70483822919128,1.34292102792311,1.70087084825515,-0.992457652194849,-0.110744848506485,-0.818175187349112,-1.06854161592034,-0.0524046292357128,-0.260843456352809,-0.380667953952225,-1.14884589768078,-0.44143218291454,-0.606727377450857,-0.734859956538117,-0.869211367167328,-1.69662232367524,-1.32967280970707
"Sample_038",-0.734462527639332,-1.62279632975617,-1.62410728556268,-1.3152238596958,-1.11928265708195,-0.776639206284665,0.558950959814053,0.158007860655927,0.411526631765538,0.0606174472425045,1.10400144338176,1.53927551502998,1.771303365217,3.29912670972815,2.21608948694249,1.7186139415917,2.12377195956625,2.16310858302854,1.26550241055556,1.28147486314706,2.05182672610914,1.28234798658848,2.29551232767366,1.24504269133479,0.734557406798289,-0.0692584225900424,-1.24932970854869,0.861058991451894,-0.303856850331332,-0.069557042357278,-0.393584536867496,-1.03297602205666,-1.41016913864284,-1.22185068656944,-0.815985825869071,-1.07249618689312,-0.594414243990075,-1.5287759729305,-0.612256101573
"Sample_039",1.62743559018273,0.0105305048064435,0.194592363038543,0.409475834258048,0.983264448487919,0.438846145750413,-0.13399901062145,0.513685040570616,0.407475275876761,0.628315025025597,-0.30444028843817,0.830129338498839,0.187349233070957,0.104649558025006,0.0803594376908233,0.981346462378981,0.126867527193422,0.606484066147026,0.954386716648668,-1.60768717430561,-1.07551935486559,-1.19479256881256,-0.418398893568272,-1.54109063356339,-1.59127179039047,0.0808865768447179,0.0815026344531255,0.310899094483107,0.422065871748205,1.24536791193837,0.887602297922747,-1.16144804138173,-0.98425439612507,0.135734250464702,-0.694946811948045,-0.491881649612262,-1.45632519948192,0.856583655495005,-0.120809298348747
"Sample_040",-0.102627518998026,0.25279812318667,0.847540386949159,-0.0692836418424173,0.114254657024216,0.555395029072158,-0.968317909046575,-0.954588534977574,-0.738011743276255,-1.17854788683564,-0.319339281261932,-0.184258235081142,0.929379694786487,1.27427791121401,-0.196082648113246,0.900131125426513,0.521396238025719,0.998163017868222,1.30129321750982,0.932743135798087,0.0888350986934623,0.720324266905056,0.537955354966139,1.39845700363913,0.470974635919012,0.134248712007864,-0.770221080222488,0.743182079326358,-0.893023972194799,0.250026176041444,-1.39074585237339,0.929138805582217,-0.265932520840378,-0.810924378833543,0.2010850105684,0.698896760195878,-0.513982428959553,-0.648906712106294,-0.230950545951166
"Sample_041",-1.97503503323632,0.387047858169186,-0.79730388158445,-0.777170014326146,-0.126941440308211,-1.5511035762454,0.26844258904923,1.19385488850237,0.533461368263493,0.634696863381516,0.109639072403734,2.14718697036766,-0.871707135775074,-0.529538243247365,-1.10781480481734,-1.02141954927326,-0.922316405170777,-0.674134878780346,-1.23937547614489,0.375542809358345,-0.224503155479299,-0.502308780533466,0.290580472493343,-0.307182738953808,-0.248172100340832,-0.115087236654114,0.256053801582569,-0.382589771224656,-0.236783699454551,0.281393826560453,-0.14873247012991,-0.687567395242317,-0.295701946583478,-0.900790731781167,-1.41294623439692,-0.220340430523809,-0.734026593555846,-0.809587060295154,-0.160444716060303
"Sample_042",0.0538526825261759,-1.02078423276386,-0.818259483781989,-1.53852660901674,-1.4188736870636,-1.37949485531573,-0.672372675145686,-0.585234942441247,-0.550401449397574,-0.167465676242693,-0.27543082693291,-0.499432475385251,-0.673980337681076,-2.13171098578843,-0.847866801330121,-1.00870144021211,-1.23426330754488,-1.22427995674963,-0.847570531455698,0.152912351576963,-0.0845481704317444,-0.140057914914712,-0.464799301423847,-0.541340697623599,-0.460081262726056,0.489681309049673,-0.907264108590246,0.576734044411664,0.619387102764545,0.271142277423619,0.185851647725194,0.602357519512428,-0.150368381370725,0.139176884367183,-0.309581269105561,-0.410741893495439,0.703778719694622,-1.9619705481309,0.313145025495982
"Sample_043",-1.18184402472979,-1.3717605159857,-0.344918569623052,-0.831888037376307,-1.18940660171521,-0.570935752496504,-1.78367647590813,-1.15334886168416,-0.921920803499425,-2.10897129624311,-1.18115860953185,-0.815171016465231,0.419655805080759,0.141820219749108,0.185532757863236,0.505464204852797,0.813219120317466,0.289118888667036,-0.0943228440567587,-0.459774418014144,0.597839413594066,-0.259035605915757,0.857922411605304,0.4384461768596,-0.227857722046034,-0.139088812641196,-0.598732391984388,-0.754042884434087,0.0594195418896278,0.552776504752087,0.254890434282674,-0.895068835911907,-0.87895519207783,0.0412504239370037,-0.561742597366553,-0.110706989007506,0.340637573722039,-0.11766505949384,-0.0719185115979244
"Sample_044",-0.141106759841902,-0.331029442878286,-0.370837492418731,0.0917423443219232,-0.905374073054772,-0.324871880592164,-1.06568434754031,-0.693334832065527,-0.217801544523249,-1.35071820813302,0.221231441461375,-0.890159847179265,0.0445004136193143,0.343729211514872,-0.102858591563829,0.0481090844330695,-1.02962942384909,-0.370076862608162,-0.517300899319396,0.360770136958766,-0.0667916569956424,0.157595318993138,-0.467350847097973,-1.13090526108851,0.118335432220011,1.50715080237141,1.60712089774683,1.46580197832694,1.08182982169017,0.764609947772772,0.755740158146557,0.511319964442143,0.417898888350202,1.14298741905647,0.171803603341219,-0.0395955215090825,0.187841394094753,-0.0238821252264706,0.586914742061078
"Sample_045",1.20275539699515,0.708010162508054,0.479775928337349,1.54959197596341,0.395853827431155,0.841014825975197,0.653518944326823,1.45388236759587,0.396533184958253,0.636164195753181,0.51030345156352,0.94247236878531,0.794045251841302,0.553248430410557,-0.00624751746788066,0.318607454892852,0.237135942334796,1.15705199726952,0.93008904985913,-0.613453936861356,0.358808685310955,-0.402655379856385,-1.00006110722367,-0.184867000412382,-0.179467248232849,-0.206577357241546,0.0518451701365988,-0.150475313157692,-0.645931722046402,-0.2803445513167,0.2779689777667,-1.71943804409469,-1.49912174800575,-1.75832689983528,-0.696889184907385,-0.993307815232938,-2.15009781548002,0.760297802800524,-0.235026261103439
"Sample_046",0.354244006897172,0.497700191474491,1.02248448007094,0.615959788255484,-0.438383888198939,1.1157158865456,-0.855994435356947,-1.34390886657589,-2.26586718590843,-0.355358429166183,-0.854789992656378,-0.504829837791777,1.14365030852727,0.819970259296131,0.0120795123008728,0.658697417037556,0.855513907700102,1.76700458998049,0.624758284288993,0.78115926246629,0.558160918701168,0.210259910185638,-0.311319343170374,0.0398105484193301,0.407195333712698,1.07990304114797,1.42630913357909,1.02133185112952,0.575964739116547,0.243718164809436,-0.0162528642727622,-0.231024984372128,0.209608806925575,-0.774105766315114,-0.125192734659077,-0.226935150173685,-0.349309187211316,0.255208972516714,0.880435694902436
"Sample_047",-1.35145452541988,-0.919845492673993,-1.38568251861433,-1.31041064626853,-1.13312689834785,-1.08077838611911,0.600591195632148,-0.262163116189103,0.0600351472471174,1.61290546551849,-0.189200605160205,-0.44280113610305,-0.951613218632971,0.77712505887893,-0.496481736471751,-0.855073400457778,-0.64740718348157,0.980244187693906,-1.52343832357417,0.664377015033004,-0.0318023040343899,0.240100438054079,1.67648236757726,0.83523457775754,1.73094286241855,-0.404614053152213,-0.612227445329445,-0.698239393426751,-0.543809919685942,-0.926214091482807,-0.131482996657782,0.101543340424186,-0.288516202768974,0.654908023433466,-1.10472214334553,-0.850650141258517,0.39840604524457,-2.17551199944361,-1.01767853405648
"Sample_048",-1.32137359729121,-1.08351521379762,-0.886968001361796,-0.806748554583082,-2.01376764714038,-0.640142641442429,-0.219560179334186,0.122838179690172,-0.28092868608189,-0.898617760166908,-0.775513524209349,-0.433418040354935,-0.966919689506474,-1.74616730506599,-1.11267282999056,-0.621097130109766,-0.865521343398876,-0.991310938729414,-0.576217815171737,0.123787515197612,0.0088101503476542,-1.48626630942525,-0.964655009961046,-0.211069926576389,-1.15443080061299,-0.176606501621225,-0.0889640394561677,-0.233631834041424,0.713144234437268,-0.133847852735614,0.222000040522306,0.254692791947883,0.322824899360387,-0.283360879218033,-0.568679465084595,-1.66293794918032,-0.0405446736507859,-0.796559998946361,-1.31118008814094
"Sample_049",0.455165535731577,0.841681514837377,0.459791129405896,0.858747322805394,0.529811045495843,0.842680351884719,0.272658348812549,0.697948497202838,0.841818689199948,0.0784125504171905,0.862204749321634,0.991259156816498,2.05205033427813,1.08551027031592,2.31495532344862,1.10264868768735,1.31798605058935,1.34744380388761,1.7576485430519,-1.39927119619013,-1.0715882323321,-0.655106519429519,-1.99176709145609,-0.654854560731909,0.403271296834487,-2.12321579727972,-0.231547369130253,-0.785977736406218,-1.66478999883732,0.429628457887543,-0.494095310412519,-3.48093587064888,-4.4248093342257,-3.56782466361043,-2.68342457521891,-3.16304590856334,-4.28127329960053,1.05960828335149,-3.46292565245578
"Sample_050",-1.5816972439098,-2.20497077608795,-2.08139446184722,-1.50824739106882,-2.29445631817088,-0.569332931992223,0.358666619386231,-0.619873065652863,-0.425324534788412,-1.18720845725877,-0.0537073616793254,-0.859360022862306,-0.311553136054949,-0.179934805003611,-0.358094425539674,-0.273312569489996,-0.123863999181455,-0.399501301458536,-0.607087913787488,0.745919396490302,-0.0160105200881882,-0.213518815599409,0.037746830930254,-0.374531153897336,-0.480081343583112,-0.373420701005868,-0.210996970252876,0.282352574144242,-0.111085271134344,0.450220380889514,-0.2703867076829,0.267140205149637,-0.780468808333606,-0.135014550450703,-0.493978451489994,-0.743919695501876,0.371359088027767,-2.26946548791983,-0.779269107564017
"Sample_051",0.861218540630727,-0.0233848610918608,-0.122600228456911,-0.390580344720763,-0.476847200738392,-0.328913074232729,-0.853558575557395,-1.66430168879773,-0.81475663106753,-0.742689516359572,-1.43902192301482,-0.745672514376755,0.631029637208973,1.49947871428572,1.52309443341267,0.33341973077127,1.474743973388,2.52300046612305,1.23984009318189,1.98227336178128,0.227688855041411,0.891531440412546,1.62793924247843,1.26026327855074,1.46525020066948,-0.673794740731509,-0.530035976349738,0.121271154203217,0.131103691150721,0.260100798820633,0.734472310205939,-0.130097168295234,-0.575947192794696,-0.642398609778515,-0.653881278639407,-0.0743624959570844,0.101319986404616,0.193917089942891,0.0174336266967455
"Sample_052",0.143782715340861,-0.042504712506847,0.717097685147636,0.106909804867309,0.19585473097782,1.38562718241,-1.60803773028585,-0.611934816347435,-1.83805519507819,-0.0282335061292717,-1.69344348165975,-0.936694104562041,-0.280562373726308,-0.0794221554515701,-1.72571301106105,-0.978292885683598,-0.331510117084195,-1.68709771375569,0.037973275558323,0.959686044210545,-1.0660814893212,-0.981451507506704,-1.25208836190259,0.200588377146732,0.792519924409393,-1.97330087896013,-0.405192545508232,-1.58133361410551,-2.08690151146826,-0.926662939782928,-1.44939098114385,-1.11551890243309,-1.27955721630928,-1.13762773155962,-1.71383999783334,-1.28624333861318,-1.05727326428203,1.53119480309403,-1.65717172465229
"Sample_053",-1.24726103645452,-0.706322075299,-0.886044879505339,-1.64235539858487,-0.789422780735864,-0.409221080387801,1.59813175448046,0.00117667824687648,0.403186064231857,-0.32222725041763,0.419165491160608,0.581321965160583,-0.0454208592727671,-0.0314520610153962,-0.454168155809197,-0.809943123698309,-0.703853679692222,-0.779453709616724,-0.352681416009259,0.634030658550812,0.237882562698609,0.762871043731948,-0.0159316353783329,0.587751879182513,1.15534442323822,-0.930689930359699,-0.927142914310896,-1.00244132725962,-0.0327525221236438,-0.38015823677982,-0.315262276386732,0.901375141486362,-0.314296040991822,0.029751129705391,-0.240723084195151,-0.162559573539976,-0.514212425986537,-0.641651485750468,0.399393000596497
"Sample_054",-1.02354268785365,-0.541371856844298,-1.69168764654431,-2.18349262835554,-1.38526355660236,-1.01584539267913,-0.287160285951093,0.0726272733000534,0.900147713623242,-1.06202394296842,-0.73487007591176,0.371984510776957,1.34762730102556,2.17450914817911,1.2256577361278,0.805034386381869,1.2473398975425,1.28738295925923,1.11638916403927,1.80154669894633,1.34222568182522,1.9911646703772,1.70804261389041,0.581768517705885,0.369410690417386,1.11398596733926,0.479261257874083,1.01301939352182,0.027242854787368,0.228767644304981,0.74104889490355,-0.0455007519595747,-0.336086201403868,0.0164809106518668,-0.261193693460867,-0.707821691339327,-0.383319000668983,-2.37434578323674,0.71349285947174
"Sample_055",0.858272938409083,0.320749134095438,0.276824014126677,0.600388367593052,-1.03933005802469,0.462690369446045,-0.323890500303257,0.468772331294886,-0.806170528745544,-0.765451287458142,-0.873794214209388,-0.337672188370376,-0.535587405126392,-0.576644488554974,-0.572814968535047,-0.326045215594363,0.192146193918252,0.382941217082224,-0.441869715227772,-0.498586632395865,0.489581188795515,0.411039507565067,-0.472315319036437,0.69717185307532,0.456078659760172,1.14669838337403,-0.585697244304062,0.699753148648736,0.649889281277333,-0.329131933723586,0.652169138255978,0.56976388807539,-0.166699318164257,-0.0866359861756869,-0.47310509333922,-0.185497721300433,0.920909698466067,-0.110517038295772,0.671492399011092
"Sample_056",1.07477386027954,1.27491225419582,1.65299051909779,2.24618662775037,1.7325653318982,1.32423701362009,-0.360660472590027,-0.0410249771521947,0.0602352338662782,-0.230722247953711,0.625296618096257,-0.47930593498087,-0.795839518788104,-1.05692046593006,-1.3141150545824,-0.102331130164534,-1.30913950078192,-0.811568726434525,0.0648083325847379,-0.783946373404959,-0.195496167965726,-1.80739362215496,-1.11134597422898,-2.06048828976001,-0.442202236264827,0.497290578274993,0.64345770697488,0.180454619267574,-0.602142900574652,0.641185535345393,0.204971422428515,-0.650897166582086,-0.0675225326476967,-0.620090876592874,0.381598990197462,-0.178177450549561,-0.0237986224197047,1.35575871909132,-0.393851124149814
"Sample_057",0.403945623478542,1.42595366240684,0.866317958260231,0.250502667991912,0.131108075984731,0.342663860135197,-0.356095810831539,0.37103993198265,-0.156690316252796,-0.82229999177761,-0.3346154104824,-0.18943913825201,-0.805776350277501,-0.767623364277104,-0.0102484091038114,-0.821212466679077,-0.136512620334599,-0.317211237123997,-0.479733680096595,0.673804291799098,-0.111849021602872,0.3905238077785,-0.167671896243373,1.25185116152608,-0.146890827868863,-1.63325540012321,-1.98283150231565,-2.45157230797857,-2.21882488804494,-1.10165745175354,-1.76263796904468,0.41213991660177,0.214931699921626,0.657263426607245,1.61604508661986,0.862813568539658,0.152571229780198,0.23383758642375,0.62037235909824
"Sample_058",0.842353424992758,-1.22955610566641,-0.2719885855802,-0.637640073919859,-0.764098635218757,-0.81781327635889,-1.8555851388585,-1.76201326788079,-0.703633504594605,-0.614630416737035,-1.56973454943642,-0.0194981987339309,0.38784278346047,1.35060005687796,0.288738293411049,0.849351600655376,0.693491522247714,0.394790257422312,-0.0996174594310991,0.214830522614009,0.645061497095993,0.131456260521927,0.917730900838914,1.49089668851457,2.23578259999372,-1.60067039321363,-1.38980714824943,-0.668986591067697,-1.72550530939349,-0.543958830619248,-0.897883942820488,-1.86469984054778,-1.7159312573746,-1.39094613660678,-1.05626337741375,-1.77316022952997,-1.82870546700591,-0.851813205613459,-2.64976091460926
"Sample_059",0.722589494202299,0.834374303304283,0.793525530085992,0.996479817373004,-0.0932855161708389,1.57402466658627,-1.3348496973374,-1.00645366894073,-1.55633014049139,-0.313496861623228,-1.44850505263509,-0.753318572064604,-0.408377713634121,-0.148005692205349,-0.314995690190233,-1.20315683009225,-0.997500848008725,-1.13108705086794,0.116911166190095,-1.18772905430165,-1.71833187601712,-1.03055499831045,-2.01624589388385,-0.929753088713067,-1.88441438638939,0.772635071061586,0.513583193136755,-0.305154890512514,-0.10175165418424,-0.131683709572524,1.13608189333251,1.16691666032836,0.618761534169471,0.517577370942606,0.757449195672764,1.43787214852796,0.13139669918554,0.904021964782984,-0.243423650308797
"Sample_060",1.98886217934826,0.513136634836618,0.864723421916663,1.50497085726444,1.88609718246287,0.626697612974892,0.937490152214439,1.61654445490839,-0.207933591202835,0.4369485366632,0.850319039404566,0.585191416647648,0.138285578211792,-0.615101538030033,-0.303583982612987,-0.73695698018828,-1.18517791536109,-0.576340711492681,-0.366216330860118,-0.133177396202334,0.421698123414243,0.217206652755846,0.719535483856268,-0.47841269218326,-0.219502928511142,0.809874732073715,0.198930347444246,1.09889174647248,0.33084781263121,-0.028749293649698,0.20544469264992,1.51098352170858,0.687049798537069,0.818618564875734,1.20552043357698,1.50782171596104,0.853420585082823,1.03675509363719,1.16016854831116
"Sample_061",-0.334863094181696,-0.979954658142787,0.352947398605946,0.356869308163116,0.29553741888662,-0.257704625501011,-1.06091659919584,-1.22854648960391,-0.947501593558146,-0.375347786442026,-1.25805309668887,-0.914946653873778,1.06738423856604,0.0904583817455898,0.524984714369322,0.0858506554203077,0.38605750204045,0.470714868368266,0.00195364880907134,0.0420351755112442,0.0531047321142127,0.285067534603603,0.671142694289284,-0.574156232849404,1.01986520734369,0.298444227805281,-0.86780360315433,-0.27652609110155,0.244847346828459,0.0740810174926853,-0.197332543837301,1.26506562341824,0.627873511184231,1.00456533954099,0.831775685773746,1.20303294937659,0.9470526675072,-0.824554843077809,0.839212600239427
"Sample_062",0.0850183849733825,0.761141329517778,0.810978433351707,1.00528762818606,0.200573956493419,0.665015638901964,2.15549129896026,1.0944311364166,0.879913918700693,1.28733061128412,0.785214803720992,0.385807916882978,-1.50944285479682,-2.26889526940588,-0.318572488504668,-0.409615157809206,-1.50734268895192,-1.13604199930016,-2.29647407718224,-0.871761650458763,-0.56937884991142,-0.488089895555828,-1.38132903651677,-0.496111039008291,-0.372027375943884,0.923206845612965,0.0518277021146243,0.00953738982436625,0.0475776074939323,0.424330414278828,-0.711774007924218,1.23075746222724,1.04001165867198,0.556511863646988,0.0097403656845475,0.588219938530285,-0.0454221879343801,1.43084645147828,1.86949639972894
"Sample_063",-0.428240217824156,0.174048904596648,0.644921678223246,-0.0324985878378944,-0.0233704004258569,0.155794250365011,-2.42378391899451,-1.59506418708134,-1.29441348705563,-1.89263138608112,-0.740857517266801,-0.902700987877616,1.06014077109309,-0.457708201847195,0.632719802551243,0.351777576049082,1.29828999557303,1.63306938941583,0.956720719725676,-0.535682394710141,1.01635338827065,-0.392391979092269,-0.330199220346555,-1.2760590387823,-0.439697687321629,0.137732976421173,-1.83002501723739,0.00887864621383355,-0.222106797122577,0.0918644959319468,-0.38048850438783,0.0226860163132588,-1.06843783238897,-1.11410585957336,-1.00004784176751,-1.09029946494021,-0.503113939183751,-0.698715016113271,-0.414107612158014
"Sample_064",-0.254408231176626,-0.347834523476907,-0.204695079529047,-0.749426168900138,-1.27845281465289,-1.23539863142417,-2.02614712923358,0.438297621281574,-0.179129181088292,0.856574678392083,0.369438719702211,-0.16939348431822,0.0622678796299456,-0.0436644959735953,-0.0768432097409412,0.588054132994632,0.722065278398703,1.25944142355221,0.20069808088537,0.418156259641344,-0.388845475272107,1.62208592101507,-0.0312015946108148,-0.373213582158026,0.151202290471286,1.07243866934629,0.491594659406194,1.33444638803404,1.12821782429018,1.12742034004627,0.77385927338234,1.05940207269424,0.656731536754299,0.333616041864519,-0.370912282548323,0.0622231104779065,0.675273979999514,-0.874201010051821,1.01099915201035
"Sample_065",0.516067401489135,-0.20312635894028,-0.457266183003258,-0.590637174281647,-0.690837894716239,-0.190651166227107,-0.292092539948539,-1.19434714441889,-0.702858366264213,-1.21023711704301,-0.66343184580603,0.737412992425915,1.00920241276568,0.99424954101786,0.389340589071509,1.30678636662171,1.66638895196579,2.32786921740929,1.0948120757602,0.849277976178889,0.500289020279932,0.528546977792921,0.543860780839152,0.444691750591799,1.55961703249945,0.130199740862602,-0.786205495761912,-0.0559268271022355,-0.913323165250255,0.455932797058991,0.662512060903491,-1.6266883300291,-1.8423926560311,-1.34597242826542,-0.223347611126022,-0.91275708816365,-1.15425309407107,0.473157309434153,-0.0762659960446591
"Sample_066",-1.35055249055569,-1.70665356007763,-2.19217557943738,-1.77205117797013,-1.61665429302396,-1.76115889727419,0.775932900051635,0.542917181099095,0.465467621486487,-0.0701251455160367,0.723015274030283,0.389385264889734,2.09902916100459,1.15202773351438,1.67248058357791,1.87630466662407,1.88589873036881,1.45079608614687,0.58611746821086,-0.94790876436932,-1.04624342610677,0.578175165522234,0.712356143794308,-1.58733294672028,0.0544981165277519,-0.802316312677164,-0.435498332068527,-0.436811459204466,-1.07367285206964,-0.797976147790273,-0.770601276594738,-0.7952696968322,-0.0963147341320112,-0.966627237556325,0.442642371220824,-1.45731286717733,0.903818748407582,-1.65617562428773,-0.223071944814082
"Sample_067",0.351422611456431,0.411244208467662,1.30332138184292,1.54105312212973,1.50063233942075,0.495962012490437,2.02965555935986,-0.138484361392222,0.622177671740662,0.946260672973325,0.681094114490512,1.11144652709271,-0.397839480282587,0.220414441686342,0.867657208327587,-0.745387736666303,-0.578142687459404,-0.967663496873826,-0.324622494815451,-1.33376060970274,-0.343658811068354,-1.12420516318416,0.321221162644504,0.396815688442571,-1.37108278552074,0.358599480433379,0.0861239133653395,0.943864085479724,-0.338720640974485,0.049525612843546,0.0276714372202071,0.449496103558013,0.253736757977817,-0.381110856067539,0.573364016815867,0.990472354448135,0.225371362647079,2.01766299919793,-0.686543827615788
"Sample_068",2.00444867568704,1.56457991390393,2.52235800392531,2.27631291970687,1.63100200916491,1.12257598845137,-0.890362306974889,-0.383100983571996,-0.415380351795276,0.724340335373404,-0.57342030376375,0.731203305634997,-1.60108229345956,-1.60120770875767,-1.21227733141576,-0.374341623860869,-1.51154520230327,-1.33803401491963,-0.919990136874326,0.759045851623818,0.0891275119062752,-0.258040027250055,1.69308152105573,0.381855713781744,0.143001127605198,1.23806591066424,0.464070175068303,1.28008378870059,0.720265749268857,0.204791753226203,-0.15725727477442,0.480908280017462,1.7639820697259,1.31752795845832,1.02908745313138,1.31283014519988,1.04018272337654,2.08728641809323,1.43285367582973
"Sample_069",-0.301745763970963,-0.3828351960583,-1.54644335502123,-1.03946385151879,-0.877268445617234,-0.865962916322286,0.0938996665391847,0.096843017624425,-1.29516390327119,0.85162938331656,-1.21324029978864,-1.2826173744732,-0.846645827063131,-1.01932277753123,-1.38669998139196,-0.442692374718264,-1.05361749698482,-2.25445397580522,-0.732417408066968,-0.540749301750738,-0.290883981325175,0.170737375998781,-0.00800292536061134,-1.06622066981818,-0.85600372360954,1.36334975079961,-0.0202672486321804,-0.308721244211576,-0.0149402838552614,0.101279958654955,0.253918777676013,-2.02614149801261,-0.894776802408059,-1.09228847603323,-1.51182790320427,-1.17366407074979,-1.23025403781132,-0.314987025764949,-0.58135274322429
"Sample_070",0.427553928625934,-0.336728035486506,-0.52878962313416,0.638418843895542,-0.54156081262852,-0.854636009688683,0.246801507439547,-0.242834453903654,-0.54383194796332,1.03939692936143,-0.344029008346567,0.180118675730174,1.05441264513653,1.14890959638273,0.808800974562363,1.87693611395209,1.10406643090461,0.589870345480604,0.959997222387607,0.944488277203125,1.16562335727164,0.78204851177822,2.11230384222745,0.742099099718904,0.242250045907195,1.34507512456584,0.855604978019867,0.813591845500895,1.73092388902935,1.57436064296235,1.26741805491874,0.719324934869123,1.07380558426675,1.1296124348855,1.23376442018397,1.24337703193106,0.27895057384377,-0.94335344694138,1.34539812723035
"Sample_071",-0.716278816653234,1.49432374659654,-0.806871430308907,-1.0044435383859,0.903479273896324,-0.488777131005863,0.0349978133329797,-0.11741413004851,-0.325145899081129,1.07300315168544,0.084167501750157,0.450945358273833,-0.839157019233326,-1.27269935255645,-0.706740646474712,-1.71146154567368,-1.73796865302456,-2.70260362090205,-1.14537702137316,-0.678590076858635,-1.82185881117139,-1.37969518675874,-1.32011552013643,-0.80637725398723,-1.6536219759877,-0.626507170569377,-0.148885542301261,0.70942451571612,0.295677973538922,-1.13442081817369,-1.84384215585829,0.775500263904008,0.735695950200315,0.253196807004478,1.30942349311701,0.571272279874549,0.623098164793234,0.217738172975513,0.939949510673092
"Sample_072",-1.28970961458311,-0.965411766241211,-1.69320996964395,-0.0434545878542544,-0.584950969656573,-1.31025410326656,-1.5429558552267,-1.49885842260075,-2.12447364017388,-1.83025466050784,-0.558736551739843,-1.53632449744089,1.47271571474133,1.32212820426616,0.499897251666384,1.81854362834296,1.68502034804928,1.61462384498133,2.08077895169732,1.458484792775,1.47929433336767,1.13023026423089,0.792807658664406,1.57957267862405,0.0103486074023997,0.401641207028417,1.55247327053225,1.35858191156971,1.03184003455011,1.50598852669369,1.27404845927885,-0.0884283038017512,0.427303542805031,0.73326282758354,1.0348820689791,0.890118202206729,0.4520289162239,-1.15005026979594,1.61328881723532
"Sample_073",0.757218111823378,-0.995803629526312,0.00748366261246593,0.558786735640434,0.166768831335713,-0.148536617226022,-1.40101774497112,-1.39675472066634,-0.0712149050397227,0.0972173770794874,-0.54766703592761,0.802581308647636,-2.09894433388208,-2.14086246160039,-0.682986927540892,-1.76601152878487,-1.420813196551,-1.31189407416387,-0.89667545749854,-1.5277543568673,-0.201887903344825,-0.591043721541117,-0.33079091662796,0.256310071350401,-0.838037569785686,0.984451586629364,-0.118468310933952,0.37201435434204,0.417133659448416,0.779430745008336,0.998092577820335,0.241935825629373,-0.619375893377337,-0.278687918239694,0.00312009252132145,-0.499580172180473,-0.0161764040506163,-0.122630324541,0.699105188197453
"Sample_074",-1.70974363928537,-1.21941601902993,-1.97500337925582,-1.58885266917187,-2.14900116679346,-1.63277688813964,-0.37047194678997,-0.151971502459303,-0.731462386037383,-0.193452393524656,-0.474077786423554,-1.12247284003573,0.872698407469086,0.925993423595264,0.77330034149025,0.268330875864113,0.390161325656233,0.657112559266932,-0.13872322062398,0.0584215180861903,0.302465545726389,0.843557795310669,0.828483984633722,-0.0400176506242736,0.878554422907225,0.830908862245102,-0.0154331058299416,-0.414794541671841,-0.493578336980533,0.257557887991827,-0.135320641878292,0.393665666685547,-0.537259724423603,-0.00370260103834055,-0.497297945654546,-0.0567247621975975,0.585941800696225,-1.0927300160335,-0.343956809901457
"Sample_075",-0.831084539737384,-1.16772735986564,-2.00128928879686,-1.67823753517678,-1.49044026252029,-1.91005969130982,-1.38207829791711,-1.44345873273839,-0.610041950637016,-0.5513720416623,-0.74214899218115,-1.32384162092361,1.69555937677049,1.56584135051872,2.20702585109852,0.82137433637086,1.69306022689052,1.24375842699815,1.56977410077253,1.22084161273676,0.628365073450628,1.92926492083669,0.635406365174036,1.22797323548957,-0.0444663738191811,-0.108234260565677,0.388738133304191,0.569887183090913,-0.518098131132019,-0.175629688909536,0.6795775037924,0.84798556619578,0.189611445990616,-0.657655859974191,0.070155516476754,0.516150186648664,0.975476438367537,-1.82807728291026,0.356421156470748
"Sample_076",1.30883868525866,0.394864259216668,-0.203197872477815,0.818951795786057,0.0327138813582637,0.434456175440084,0.952090087044209,0.56786562971493,1.33444541523373,1.45350428935684,1.53327445119343,2.07339657186034,-0.281529129850028,0.932994412459496,-1.05828924440232,-0.0915800262020235,-0.119478517948468,0.644334269735529,-1.38910598937239,0.41719421324579,1.77464332046421,0.409425172872857,1.56999762560476,1.16021202077855,0.299771899760596,3.99521540606875,1.83656198017932,2.05650036756469,2.69393753043783,1.94292511749344,1.95573179464274,2.6110333702071,1.36839900086658,2.05410329916969,2.31139690322022,2.34067671897289,0.932924631515674,-0.0445903721766201,2.00607963994827
"Sample_077",-0.716838908198953,-1.13801334120684,-0.068326882491708,-0.686531364783038,-1.59513188973867,-0.390150086237719,-1.61171017824532,-0.843202454562935,-0.0583101622487731,-0.564584700308823,-0.795141508765481,-0.543438449011401,0.616424557740517,1.62926649108391,0.255604210316137,0.653177637301309,0.927054449166442,1.7205010536423,0.125100497304581,1.42204562710512,0.201799950614043,1.58899296498397,1.31928229568859,0.914148213476886,0.0620057006952188,0.87089773463774,0.622074171041494,3.02880438558962,1.59398527104816,1.42289082351327,1.5358691429007,-0.925209835931097,-0.781756233901353,-0.424642632538054,-1.04600374632801,-0.838504504862736,-0.644766287937603,-1.32597446497289,0.998755197876046
"Sample_078",-0.146857218593585,0.390036948699765,-0.133437404436502,0.232554808384908,0.134736007996089,0.415576750717895,-0.0618790027756344,-0.135951499296409,-0.469297346674741,0.121727299661844,-0.465159151811477,-0.672031240176889,0.0206725258818799,-0.897727267968408,0.191777654210165,0.297717834092701,0.0782306095687277,0.877473742288194,-1.06966048769531,0.225103625754679,0.103313090808058,0.328143687499282,0.632106302342341,1.39480259626257,-0.384107988592284,0.392821241896309,1.30463227444389,1.01710587230712,0.0909621416104072,0.963196564921829,1.72041145170398,-0.537603812382307,-1.17525147159905,-1.36393795725311,-1.17021126324603,-1.5078006037534,-0.335416279581695,0.450272985040622,-0.830568930436691
"Sample_079",-1.14016832723362,-1.04828213525647,-0.963801882149049,-0.768972197912201,-1.11003641795319,-0.793560709105599,0.722785300188244,1.29856230580557,0.904308646722216,0.35249266991528,1.95630634239902,1.22938240182514,-0.713590575317968,-0.205513853672309,-0.715904504118124,0.125249032020964,0.299395939187021,-1.01960102139766,-0.662736556230409,-0.685116989989704,0.640961938949631,-1.35471352111916,-0.29907323846543,-0.18402599016177,0.174957136720657,-1.39725915156888,-0.495069784526306,-0.623431453690092,-0.976148587266068,-0.943665263921986,-0.11308850038419,-0.960749456112884,-1.0559045042225,-0.530826881929463,-0.474003021007086,-0.993377622557511,-0.676176314266752,-1.25668995540654,-0.00604190181506647
"Sample_080",0.852905750474526,-0.214289670864054,-0.138979243274834,0.199511948735781,-0.184350728473317,0.0368705238013002,-0.686324156894766,-0.847230239893843,-0.746583952923135,-0.640321381637098,-1.09937212534912,-1.08615403922582,-0.184134747703993,-0.9482721585917,-0.0431860611220378,-1.5418867165248,-0.436709493947717,-1.42287292509523,-0.11007837743188,-0.41518528223084,-0.282256232333155,-1.41700709791539,-0.832809115608935,-1.18689253306754,0.612981881837283,-1.02152099580181,-0.051732395751821,-0.78934629085428,0.0205729107007491,-1.13927153073419,0.474248000256992,-0.891823348090922,-0.0323683378725363,0.345444572089909,-0.181232459451353,-0.231675079097175,-0.206373188428389,0.915038421611598,-0.757491000014909
"Sample_081",-1.20566978627053,-0.921418211380878,-0.38951707074124,-1.30299659328983,-1.30344704044088,-1.62558891860637,0.363009667776134,-0.77535967808132,0.587748659780838,-1.06276018201134,-0.054476643977646,-0.49121201134523,0.358823995489834,0.736657777452462,1.59361640048302,0.698996536827798,1.05403149258685,0.0182699255656076,0.211410611863197,0.276580050831425,1.37424642270066,0.1103518335992,-0.824234323538738,0.528122563438476,0.69947126522934,-2.49109665927208,-0.923318628603753,-2.34158310512996,-2.05932680464784,-1.72271957838403,-1.13770954840357,-2.27909138534669,-1.78092077630448,-0.666563707065368,-1.73627435009867,-0.515942472995522,-0.951906010488438,-0.517711012251171,-2.21245461284218
"Sample_082",0.141808649466012,0.636306756230333,-0.598572773252505,-0.914287493118338,0.0742207316011718,-0.000120880187326306,0.508943225555807,1.24841728420511,0.492548167581655,0.227334952878094,0.645379443500545,0.60410547129168,-0.507765120363955,0.699695743888653,-0.961342734787494,-0.260143658903333,-0.659100826660088,-1.44728449771122,-0.355594342916492,0.385491939567558,0.508356970898751,-0.0448709193951372,0.848277237113439,0.9402214713157,0.780454112760781,0.41588745850058,0.439005384366577,0.127713535708131,0.876411166248638,0.35359882826715,0.936272295374572,0.347031608999808,0.52935139289131,1.4938671856768,-0.335869590336418,-0.238564376806087,0.235587765963281,-0.20691688434864,0.105651351568929
"Sample_083",-0.763043425786945,-1.32376161511054,-1.31364538278533,-1.75605732306224,-2.28691727771404,-1.4805279304098,-1.68363108589235,-0.984959475806667,-1.29781619590084,-0.803179923423535,-0.599413162783423,-0.628661658888417,1.47634697261539,3.20081418089926,1.37456482525815,3.16808542330546,2.06464734605819,2.13079513443773,1.34844553537448,1.89103869160714,1.74068002885958,2.39701751641641,2.23090886510851,2.54965088056119,2.28126495677882,-1.70315175355861,-0.60739864027898,-0.605446655420725,-1.76894978096859,0.2353437807907,-1.00690226082696,-2.69680844855003,-2.94871232622887,-1.38736551436603,-4.15457747703544,-3.67957127920716,-1.99649815484753,-2.26394468128793,-2.49976130543694
"Sample_084",-0.668720855347691,-0.879049294742921,-1.11447554555647,-0.72203573437215,-0.740406968393116,-0.66456494644611,-0.450495416168543,-0.842604951941021,1.03217158048399,-0.270813887577328,0.0702930501788296,-0.724614074577509,-0.00338605894042149,0.749925188135969,0.196229934620282,0.709499822008783,0.422974673937204,0.534865981585323,0.273782474955452,-0.916907208526891,-0.182184332933785,-0.334682906598891,-0.514334799069776,-1.21852726628204,-0.202093563483027,-1.20709628637993,-0.829763035060482,-0.188491700210705,-0.655371817024149,-0.326268447948066,0.281354793553355,-0.780566745341661,-0.58410267364353,-0.0261221242473556,-1.23775122643212,0.814505648819579,0.229932264002587,-0.0722163688263254,-1.62449186697569
"Sample_085",0.493834724319553,0.569527632224996,0.106078339762693,0.702963652923382,-0.721634524233456,0.810100698108447,0.485946599849805,0.0561604699681302,-0.543171412126762,-0.0478426841542549,-0.208221915934073,0.0172930264656709,0.937292405045557,0.0330926094074142,0.735933676348387,0.124717715747462,0.639594169739492,0.0508056611075269,0.329418366982048,-1.48357161903736,-0.296676340050768,-0.301699189892972,0.144096089133856,-0.486461203896927,-0.144710053096833,0.572132147875337,1.27060293459728,1.49504988257167,2.2424130838349,-0.185733405927651,0.291644619347648,0.554617573785554,0.369907911118579,1.09681353362088,1.34437672499257,0.732929744281869,0.626674515802868,0.741084085326403,0.709867779205482
"Sample_086",-1.28506127734918,-1.56055203976704,-1.36499382040923,-0.409948893407927,-1.40265463415512,-2.10339045242209,-1.00234732128483,-0.13336758879344,-0.310027737864722,-1.60352752535777,0.299870735864604,0.239870998215502,0.014235149356882,1.01898935458622,0.193264465575872,0.404604797175238,1.63473938170851,1.06683255977165,0.800735023885855,-0.320084282257527,0.396866659645442,1.0741389305963,0.776732217671869,1.31300356620561,-0.0696712837898545,0.975461965731422,0.406230010376623,1.03719436268949,1.31399054942322,0.274849375433871,0.461890478847513,0.476823184915082,0.93335106481189,0.846815581536666,0.536178582420298,-0.247563368830545,0.618046597799395,-1.75593931851033,1.51298046455449
"Sample_087",0.232872883511108,-0.454492309358033,-1.04311207970663,-0.660364888310037,-1.09799444988142,-1.04025575157796,0.0828240830483508,0.627541978865147,-1.03521974673243,-0.80084012455126,-0.0848185517574493,0.732414586883903,-1.42167356491642,-0.791573467937724,-0.791474214716714,-1.57185471485571,-1.50174986577036,-1.51203424575116,-0.568765902289103,0.312932071224891,0.450473275426802,0.796690485433369,0.642866826563061,0.378825414947099,0.22526537451347,0.282002703920936,-0.321342665411858,1.14625442423576,0.237598171675092,-0.145228849056187,-0.58124833494499,0.796342729238697,1.3187741014921,0.924422414380198,-0.139846606984836,1.51401004886741,0.65208778926755,-0.725044553849322,1.23462213434249
"Sample_088",0.848101809707574,-0.23251327421106,-0.149007435019242,0.502027421924719,0.372733174114414,0.742630737903632,0.527546244562839,0.394517793107798,-0.915402205547206,0.321391637014834,0.292743124832452,0.413421185133979,0.533152934890376,-0.339508621418696,-0.963644832053668,-0.585611672342758,-1.09376436595623,-0.713321234703078,-0.338085965008649,-1.09371547610861,-1.06743647430856,-1.43034758581458,-0.92158856796054,-0.784536543353248,-0.764030618808977,-0.62633769675562,-1.12547518070153,0.22685021196582,-0.582518636210456,-0.281779074883261,-0.259779015993679,-1.82191457022395,-1.098157872562,-0.915613186975816,-1.17532404193586,-0.792019345415047,-0.992648263699009,0.837900363530573,-0.647502926283579
"Sample_089",0.0411921174272766,0.337864233847973,-0.817976788673655,-0.342316903892875,0.110092856723765,-0.404746526430678,1.70074699291501,1.14224343479947,1.7441474023531,0.0636779057789458,0.76243756849124,1.14382066807034,0.135862823211065,0.615900031629267,0.154220676643207,0.928618722422186,0.226805345242728,1.31150780380579,-0.0979850770819616,0.911231065400264,0.464646301387867,0.899212072174622,1.90118975225329,0.572840867609378,0.80578680757481,1.19748449630889,1.5747593049619,1.17829265352266,1.72175973795848,1.17421700119041,0.81661157275057,1.02525816141477,0.77663990154095,0.864695129873121,0.317715288706376,0.74158248966853,1.34649920276631,-0.813961430055419,2.01732437064112
"Sample_090",-0.311753687638458,-0.0203488332466436,0.151138227609599,-0.331456589118595,-1.3979153978721,-0.181048752261345,-0.0618089318569346,-0.0667814107151452,-0.518814893461229,-0.360112350486088,-0.232430772870135,0.35856608898824,1.41701801792853,0.259928517016357,1.35095144787187,0.755942636142678,0.512853329701868,-0.0508788711908319,0.370412248598073,0.426421456766665,0.0938725984595004,0.341847185381331,-0.178793312865955,-0.216319683328166,0.341432822775452,-0.240678897744107,-0.298019454249866,-0.0772623146859553,-0.621995542526756,0.21907295608751,-1.03629779372738,-0.300143123997956,-0.796190752582075,0.614896618326201,0.0981197999572027,-0.696990987726917,0.635994257862504,-0.158732699363494,-0.458636684844324
"Sample_091",-0.0102197889774592,-0.627936010365913,-0.380971542532784,-0.0845393073796804,0.836447043499333,-0.265609874982241,1.91828058624345,-0.25899493211979,-0.529823380149478,0.542224527000699,1.46112174909821,-0.00751369262581658,0.738293872113856,0.157543735262176,0.645385738231729,0.173761611885069,0.108576276732128,1.12067114589714,0.574006038491122,0.353006486758233,-0.857454159901372,-0.304687540971426,0.191927470765059,-0.545733614225008,-0.625319716184734,0.324438807124115,-0.249640056562448,-0.478432846178551,0.167556503097826,0.469952303876441,-0.167471251216689,-0.849390625560854,-1.00041518224067,-1.02738441411456,-0.357345625514431,-0.534099356320622,-1.24634188076806,0.986586149820722,-0.164466206185551
"Sample_092",0.22595493534873,-0.532443652050171,0.392468072191392,-0.168746897391738,-0.31047733905151,0.99891630390246,-0.79923505494101,-1.37838750716642,-2.01819379173059,-1.32937498144666,-0.858904346315285,-1.60431812860168,0.0252166947471409,1.14834799804731,0.75853379245536,0.60764864150106,0.809356388810296,0.231817953083523,0.759605807117986,1.28766445167988,-0.659230008212642,-0.756806054450103,0.454626158271463,0.405787020298989,0.600942248137312,-2.05455951512555,-1.17920086166768,-2.01951451923827,-1.0295116953544,-1.83869167734615,-0.196811883183506,-1.32014394435989,-0.899417128321799,-1.09312448765132,-1.72356861264752,-0.610078225974984,-1.78205353099179,0.714044499937154,-1.18462188028766
"Sample_093",-0.668705881837414,-0.421995023912849,-0.79467940428924,-1.53088308646555,-0.978375212759447,0.459087392434394,0.899695223989164,-0.140602381027824,-0.649763827063035,-0.477495705350094,-0.786084631350459,-0.653109030265489,-0.100473760590983,-1.32580315355903,0.293565108276304,0.751226538092011,-0.920862156157187,-0.383325429713829,-1.30494709377038,0.525515810632299,0.295853314262631,0.0374451094114227,-0.456896629192544,0.707127213552233,0.416032169471938,0.169815707207594,0.00429545539076515,0.235992220869456,-0.435559290251507,-0.106051373795522,-0.476157974145816,-0.496856817647205,0.457093218992316,0.980311427807462,-0.514307006385973,-1.4151672501207,0.366720038637322,0.778882078128378,0.171199810198469
"Sample_094",-0.564231208137359,-0.488745078359945,-1.27866642153044,-1.93881964844696,-0.606674257213989,-1.33482789468263,0.631829319092273,-1.37516432873543,0.481539440429219,-0.510227319770142,-0.362919327333522,-0.512178938161867,-0.284280550250546,-1.10529343641137,0.517173795389163,0.473481527250158,-0.345930080295681,-0.407786011530063,-0.46022885233563,-0.57312129132915,0.0885884578596717,0.382725403733163,0.213036860746925,1.33939909075906,-1.23501600103918,0.0800679351654653,0.786944241613902,-0.200872834875915,0.370223529463234,0.82078494289872,0.392024577866715,-0.494091454004953,-0.720624414380956,-0.150688739708239,-0.729486419811909,-0.482586763956174,0.782284184323146,-1.41480133051968,-0.248913264866356
"Sample_095",0.397867215416634,0.385990273495233,0.381105383924088,0.81474355141199,1.28791532581552,-0.00328377474780694,1.41750147913422,2.58084383965213,3.48737055798734,1.13657743270898,1.47806284086033,1.30503379479991,-0.17830859480703,-1.45381783959769,-1.25784835577269,-1.57059540699053,-1.08268926046621,-1.96630999599197,-0.295223938937572,-1.89021469363953,-0.658238521860258,-1.16702847775415,-1.35559686203785,-1.96996054353275,-1.25920930312615,1.17754888818087,1.9449454353283,1.57033640424561,1.30174447063463,1.2324610489387,0.814450443913583,0.817075675820467,-0.234180283316592,0.463059541632742,1.0540799713256,0.421384264186102,0.676995969568439,0.351119379550666,0.955688171125414
"Sample_096",-0.478821290196594,-0.441583594912758,-0.648407950758925,-2.22161135182104,-0.858687034697654,-1.23575861339187,-0.133673093379553,-0.31756623231562,-0.605021176562501,-1.16742141866379,-0.144120519517753,0.378298599261776,-1.26677256546804,-0.693823145395492,-1.23640324816176,-0.516586222551219,-0.123695508797673,-0.232088779759388,-0.627920541997255,0.903933807094479,0.0505555392959533,1.1267743086438,1.6105973573303,0.255087151211822,0.29938089089727,-0.385442225787436,-0.667577834854447,1.73051486958731,0.65040833797929,0.0934422794319125,-1.20528448373051,-0.76809296637484,0.802069036936528,-0.570033926832712,-0.508770615076559,-0.110709790131196,-0.0840605601188223,-0.552494760235374,-0.556924195415576
"Sample_097",1.21539763519486,1.79765835837842,1.48844437990532,0.654000105998626,1.00049948220148,1.13829811718552,1.35120619961081,0.588265313310195,1.07514592263033,2.00701257696555,0.203459844363851,0.704106450844657,-1.08526569258006,-0.0186023558262185,-0.673884218397447,-0.271799361545569,-0.787707735477259,-0.426404677917586,-0.836071952272679,0.681750143371464,-0.14446295426611,-1.10606283164967,0.604721401383617,0.312921634505589,0.427254827864309,0.504893572970184,0.926958861477325,0.26411358600686,-0.203161096715903,-0.376490894583755,-0.735191023058162,0.741388176753979,1.29895644231502,1.47925499850183,1.05656382102959,2.00652340558404,0.0802913983516897,1.20652844037602,0.823364192188534
"Sample_098",0.306968750520236,0.0909669693775758,0.679944459861688,0.651235022982476,1.01218615812317,0.0266674093316436,1.21688599009283,-0.18542856872451,1.08136361085135,-0.312711391926212,0.627153044807596,1.46037881886567,0.431527374609053,-0.70643184987751,-0.462987418476957,-0.86001323876181,-0.376546567279369,-0.391044933207743,0.600252053917108,-0.647765403712095,-0.336527586355237,-0.361016227220302,-0.5291523756549,-0.460561643091876,-0.573824911213805,-0.933528818846034,-0.722799037835237,0.33342149019578,0.0807187060997821,0.135065130348168,-0.62917561235316,0.262218144317666,0.834227230844014,0.699594714620531,0.116760660298229,-0.290536166370263,0.797681989774419,-0.384147408432382,1.15897437744293
"Sample_099",-0.102210895167713,0.407793680569554,0.619875225405792,0.771272086752018,1.6523178726405,1.0208576984739,-0.567062611654683,0.212621023928232,0.867696884797445,1.65709031212986,0.429041254438431,1.36573533356042,1.07532401668114,0.167316151355595,0.447553536611033,-0.437958545654349,0.633547401189016,-0.0166583526578492,0.231502740731083,0.00834050047080494,0.298750136939557,-0.0146128369810534,0.532852729809937,0.00278492719713995,0.119217644811544,0.528396997944806,0.0893539415988532,0.553893217969258,0.107288494750066,0.396766282456917,-0.0568700407012601,-0.434023792925733,-0.352665421806037,-0.0358537276088717,-0.0528896896629219,-0.89326448311859,-0.446006868022261,0.253948644018944,0.533144555542225
"Sample_100",0.195159258206783,-0.960675776790293,-0.58894456516814,-0.454920620787662,-0.404006850080712,-1.30591771106384,-1.69110470323189,-1.49712231957666,-0.578569695134127,-0.909758730505338,-0.805125666528635,-1.19161527248786,0.378189986099805,1.09163880140749,-0.111220680039548,0.0848267832306906,1.42810462216615,0.650892575952351,0.381309103838274,0.682909034078702,0.700676494730928,1.54819801555469,0.887732384066387,1.41086613211411,1.50469288648961,-1.17462728730728,-0.934151694126328,-1.27154684878023,-0.182507679069806,-0.701856104324448,-0.119953222987269,0.486949743131429,-0.786100705379878,-1.03680540020147,-0.807811943629008,-0.959166430941523,0.16841419232876,-0.725103023562573,-0.00352686092126975
"Sample_101",-0.308098676940473,-0.0673369810452198,1.04830855980252,-0.367667032143112,0.642510687016662,0.182198297056931,-0.982354700753525,-0.515324211350861,-0.625005537249297,0.492138755930361,-1.36511914412769,-0.569649441883039,0.720590169586826,0.138703176679141,-1.0156805397324,0.83161379951938,-0.502147328603965,0.0346359889904396,0.11324721520755,0.997086200559753,-0.00767294909727656,0.408435922983564,1.36600932527994,0.812988544868841,-0.292527206258878,0.148235016223391,-0.40860798006064,-0.0947363633212504,0.388402237024595,0.564947508936898,0.750183970008881,0.144953222598487,0.242456534565562,0.773214884472374,-0.131004551736441,-0.104577573541316,0.291853680494705,-0.0217933752001375,-0.347593524388363
"Sample_102",2.01163139588903,2.17427338993,1.64063912243701,2.08104303146748,2.53062647569389,1.84548491084072,0.0835934159203454,0.713402526713097,1.03956571141327,0.896308265084899,0.91425484452845,0.400100635601755,-0.592611689643717,-0.828100053758679,-0.211983519439773,-0.717804764334,-0.691793405107117,-0.464151038212539,-0.0276561587765339,-2.42699192728909,-1.35044160498516,-1.86854796451409,-1.79587198630033,-0.57161043467322,-1.48238865741176,0.514941070252022,-0.434182632294814,-0.0398060233922315,-0.17157729834396,-0.361152080663606,-0.382842344174881,-1.83371680302147,-0.220079220682979,-0.541240436488379,-0.691496492869659,0.444318598692397,-1.08778628479377,2.50795148891691,-0.985852332884551
"Sample_103",0.317668787114098,0.458755445666005,1.43104103019486,-0.156455562186527,0.335763651046677,-0.0593799697136003,0.230105209713566,-0.269843546874932,-0.531592091288314,-0.0903451168862849,-0.129783659372944,-1.03889697124862,0.271266723589992,0.131602029721103,0.510914231054986,0.134378668838562,0.92709963021243,0.0682244041409054,0.524935944832892,-0.161884889487242,-0.40948834352385,-0.438543114734589,0.0155598446122632,-0.25404990726178,-0.53815498425622,-1.02212504960061,-0.437176942184575,-1.27506771013098,0.556785793803088,-0.826869851104496,-1.79529557947088,1.30480265634391,0.532256045305878,1.29567119369836,0.910732153891152,0.352346414906644,0.0519861594638893,0.3464588001458,-0.249162511891276
"Sample_104",-0.00299920240739208,0.935688891468674,0.291510960008288,-0.304253406808485,-0.656311824488418,0.299540566370975,0.444961924589774,-0.63347425898791,-0.492718782794523,-0.560374444653013,-0.360959868070081,0.0132033925357163,-0.0274794043732422,-0.0554433913308351,0.46475071094076,0.204132747414088,0.170981725367787,0.016359154277563,0.674742548591117,1.18639905839268,1.58491016312579,-0.16278102186497,0.327758188387173,0.71624229467662,0.983471920910186,0.0974057058346828,-0.75047538996749,-0.699511045097329,-0.131164343807505,0.0404220383350513,-1.2025543858124,-0.0688733890413549,0.491546070724117,-0.429168694647216,0.13756082592429,-0.415619436692068,-0.326559526141349,-1.09768841042887,-0.0428904282740163
"Sample_105",1.27037409678299,0.891664527127331,0.282194681698895,0.0826546296860347,1.72704745951193,1.22419938003595,0.64137358228624,0.553546410574117,1.30082653700427,-0.488556264639543,0.336025958879175,1.06596524189531,0.124963795149341,-0.547395131297281,0.510211611804464,1.48132827839827,0.604646391056044,0.527006985411422,0.793430202294839,-0.0349247092623516,-0.0538234566636779,0.0901762802914273,-0.0718461442106206,-0.741658044164313,-1.10648377578927,1.22354626495207,0.421700976551675,0.10311817935165,1.03805330457037,1.13199046757349,0.938217663973825,-0.253536842472841,-0.363125911691923,-0.826472704826585,0.149387347425124,-0.0871739939220056,-0.631747158039937,1.03227308656248,-0.245392573456353
"Sample_106",-0.76689542627647,0.324661194394237,-0.268997444617919,-0.565723555851488,0.501766005772023,0.382352077659982,0.721853018768017,0.208234027546731,0.745144773082139,0.192993990854955,0.518868132598864,-0.136608642582486,0.636292550051322,-0.174846861089151,0.108954839950915,0.822176149054324,0.680729239816866,0.761498291239446,1.22679638982814,-1.27484767612157,-1.7578172832566,-0.808109873833848,-2.19753145790943,-1.00074767779732,-0.260811611778894,-1.13737459833286,-1.41384094218923,-0.53075834271132,-1.42930998063182,-0.44232565831591,0.0956079728103713,-1.30106101978574,-0.752544901001832,-1.05097655873752,-0.440464071824141,-0.615023506216295,-0.842115797550104,0.578831502159802,-0.801002834511947
"Sample_107",0.895009615195175,-1.21015190671462,0.303090066572119,-0.151026747676719,0.237713784518499,-0.111901330292159,-1.96908798501261,-1.34445311294801,-1.43485797670391,-2.36142715548592,-1.90474564183903,-3.43991369300303,0.303002130041685,0.770398675946487,0.725053027426358,0.0183908581065647,-0.167149308167618,0.64196791335203,-0.838533926927286,1.06302497980094,1.40738140040838,1.21041764387247,0.837437493521533,1.45281855047213,1.34681847277882,-0.669620149737593,0.575898108418967,-0.399946447885461,-0.278577551419385,0.325616007346255,0.585421623591354,0.516515240403716,-0.0235743501452714,0.128629308320582,-0.0500034898396827,-0.710448640266182,-0.247361983338448,-1.38373356221508,-0.23615829175099
"Sample_108",0.50827914843833,0.383717891101205,0.0141524191678856,-0.260775132377365,-1.05218104190453,0.488548884611588,-1.21538661832979,0.00557816410133655,-1.28419997236594,-0.624309350678712,-1.2828793779477,-0.817053800373012,-1.44395239694896,-0.888663148046247,-1.17587883323557,-0.984406767272431,-1.33193277109872,-1.78368580168817,-0.247960845730698,-0.990894651960225,-0.34331961980019,0.222751507903978,-1.48802478552688,-0.0581465502963112,0.259884871524564,0.0796022571547483,0.832126809687717,-0.523332414479683,0.991576586780898,-0.347708293657243,1.12938101099278,0.688602951089959,1.00724666089286,1.72844829483986,0.807431946636365,1.46788821984218,0.427935192508423,0.135815346335187,1.13080829142647
"Sample_109",-0.382720357655603,-0.504468424852006,-0.623893980333061,-0.513505579016957,-0.37264902324461,-0.290043848873894,-0.520299642314768,0.108371593736327,0.113889047214856,-1.11063201572623,-0.724212750602367,-0.145345139467392,0.590040135850667,-0.52470127648214,1.12294377865902,0.535747666127731,1.18008800357429,1.38376412045557,0.637514704851741,0.432714182677758,1.02319390264582,0.985602699880772,1.6805609738958,0.243541042898244,0.207699208138072,-0.103426734096795,-0.0749347347353547,0.143539635979536,0.0693238900143955,0.229684549326961,0.302714183574996,0.688675089455338,-0.613894963265172,-0.0933775298919874,-0.901772408265345,0.419358817659619,0.0962896551335856,-0.766182110619464,0.397652333496215
"Sample_110",0.325978974483016,1.28698557130472,-0.42296565957183,-0.363656159698946,-0.190667252129901,-0.123584049855702,0.0128902717224243,0.137387807292511,1.41506420556846,-1.34156565331383,0.0744344864071876,0.381031188848404,-1.1117610897577,-0.504290647128358,-1.75941736026867,-0.917847270340651,-1.42397304874499,-1.37637297085996,-1.18486865863183,-0.0483968080079302,-0.745423028201692,-0.505841459421833,-0.614081733440741,-0.385063078098354,-0.268771790633171,0.641305895465787,0.247387507193476,1.05726659774152,0.152426500920135,0.75303851644654,0.0742384406524768,0.295879566170315,-0.24203790370354,0.219556263232952,0.224378190375427,0.584771457821511,0.106956748800443,-0.0609072656824133,0.214492152016519
"Sample_111",1.09944069422,1.84839989248384,1.24380093848713,0.964218144533039,0.477252494040393,1.63897691345712,0.559796013460697,0.618444625483106,1.12936694020292,0.853316113201799,0.948829684885995,0.402121593461682,-0.466069468712359,-1.17847932574905,-0.742910771592616,-0.546575876745088,-0.883566146279492,-0.977025317573947,-0.276427853541562,0.390561055234827,0.700261662727217,0.0903932959379776,0.285577304794411,1.14445140815864,-0.2130554409752,0.43039143653435,-0.234748715025564,1.44359236605138,0.710408710382633,-0.519981936900318,1.12477887537885,2.02131181803807,2.26167973920356,1.97114634476033,2.17333179037996,1.89366038078453,0.633656480503195,0.0672060699443131,2.22061856988443
"Sample_112",-0.958820430903729,1.04548069004138,-0.575038364571798,1.74365634234891,0.513349322097603,0.507073300535116,2.30600818671746,2.75138011768129,1.76548655238122,0.833163455197207,1.26202285188678,1.29740810554195,0.0641072701811451,-1.03801810427019,0.318040382876314,-0.979878032008127,-0.656753714561879,-0.444237903331631,-0.988449806538655,-1.06700250915526,-0.722665717323004,-0.124309793566726,0.345734643113111,0.725942776823975,-0.278384654613606,1.90617077536596,1.36725241988007,1.70308676456611,1.84711562577508,0.983537808360119,1.48978713910556,-1.01136638047137,-0.623404861249677,-0.123164383112955,-0.472231475166331,-0.317410716192077,-0.908657675967799,0.265218993102156,-0.337347129288531
"Sample_113",-1.8333468649415,-1.36033012936911,-1.56413846386043,-1.40086445061497,-2.37226444066518,-0.700550883601623,-0.626048396853853,-0.645218381976003,0.1126023279247,-0.00252533823091111,-0.665342233041829,-1.62193554419342,0.0216977636654125,-0.466837278136779,-0.2385199469546,0.52529345656828,0.127063753993904,-1.20679251136358,-0.487883351822493,0.628510015244199,0.061094703802877,0.582027417529691,1.02855693751282,1.43638327261771,0.140651673864748,-0.706017589381598,-1.36651560773345,-0.0733868972801501,-0.594253969624833,-0.477083841962037,0.604818317547347,-0.223779385520874,0.36879464803142,-0.433134564678949,-0.691766539624528,-0.297097880519946,-0.126804463501536,-2.06750060270723,-0.0919948941650197
"Sample_114",-1.25322771867218,-0.295310995426763,0.252249195728023,0.301487885853454,0.0469548611644645,0.35543763345674,-1.26324314498313,0.0105224071918862,0.443302759316966,-0.701283824707849,-0.755097614015191,0.424723874614564,0.878482380715548,0.942927507927468,-0.370009761252739,-0.503415310995479,0.536389409845801,1.00203110716223,-0.0110535040922279,-0.530389675396947,-0.046352914577298,0.0437413419265523,-1.00088174289593,-0.382799929913948,-1.55106468043091,-0.337810250566072,-0.0545753255837002,-0.297760527869693,-0.991025540262926,0.0916987959304768,0.377281330388273,-0.453504539134948,-1.36316474595643,-0.577884835070652,-0.518800517756277,-1.18986905000866,-0.903540941706207,0.573819063485256,-0.97222118368158
"Sample_115",-0.105679702486824,-0.117023773536413,-0.265220209657586,-0.235725669907436,-0.335091139112088,0.230554070926853,0.59524947545379,-0.0167213575418099,-0.61889833412048,0.453515848503612,0.500368232462676,0.386797587762089,0.228476826920892,2.14337172218159,0.416283492126079,0.966237363845374,0.269540224928825,-0.280291669612231,0.736317041787405,-0.37274088521315,0.00443150497024754,0.0691334598675413,0.141765175863358,-1.14148593852637,-0.562841414263744,1.71126123227252,0.553950190973487,1.5457673906167,1.16159058494337,1.67074867352354,2.02875052878968,0.635716707306151,0.465062934939946,-0.000815267177291801,-0.116988570287223,-0.112658273195583,0.519918994491005,0.832310677876743,0.785774873174174
"Sample_116",-1.11100906692918,-1.23750185429606,-0.448277771609766,-1.59518870470595,-1.73643032594918,-0.992558336225036,-2.05238060162958,-1.86740296298295,-1.36880021322369,-0.707900947989159,-1.97918085029169,-0.91019443037053,1.00675182009821,2.51932809479304,0.550075334837035,0.882764552942553,2.37564479055379,1.20872797085424,1.29015233728777,1.18594908010102,1.48218685968866,0.732636389781172,0.693513902773975,1.47500729158914,0.423589473728819,-0.187334836745606,-0.254544741308719,-0.458018258243011,0.998495812367944,0.771414780801838,-0.282338335520649,-0.111326865470131,-0.320961201275683,-1.48332996871342,-0.348429275257834,-0.633850713134091,-0.117539555359865,-0.366380898012933,-1.2671930686982
"Sample_117",0.198363106739264,1.86862071046139,1.19418094190495,0.84163329947824,1.18640384175065,1.139158019185,1.30180494877626,1.2168264065058,2.19905189505404,1.2073127103841,1.53488303393218,2.0837725684891,-0.104186676113515,-0.582140353948605,-1.01207195058635,-0.583115713017366,-0.91796975277196,0.0318272740421359,-0.199022944308938,0.856150515243813,0.221478502173092,-0.323258461530264,-0.527856114657115,-0.00908147368619316,0.115433355227721,0.195747856516875,0.918158303833596,-0.552066023718633,-0.0967442322540854,0.12519652012029,-0.383332149456961,0.156474325529896,0.427438797904903,0.058969073793773,0.98699026631099,0.557007502428622,0.0275891323497394,1.61890071323085,-0.526744380834355
"Sample_118",1.34852708725405,1.17122470952876,1.48219965051969,1.84608944930475,0.653000741530405,1.76540918710119,-0.652603414509637,0.256819692542137,0.118389949180775,0.115024098032273,-0.399507949950941,-0.132953354552817,-0.258072242148226,-1.09946163674987,-0.792892391718992,-1.34485664954668,-0.668346613911501,-1.50266755730803,0.136819786310508,-2.57947762835957,-1.78828907524157,-1.96746121100882,-2.00353362087334,-2.03564445099593,-1.63489630535965,-0.866442428969521,-1.29571043115679,-1.1528976832346,0.0208614372274562,0.00023564415654409,-1.32550139265466,1.10666316988029,0.775577072730692,0.549771366882848,0.70735179031345,1.4138969330371,0.558110452644654,2.96776393967728,0.37234633520599
"Sample_119",-0.122003310108992,-0.744396161785014,-0.346796114753644,-0.352413775141222,-0.245042003358262,0.114668045429087,-0.981708928986313,-1.02147923613847,-0.0850295016916361,0.30127410893889,-0.878154167244821,-1.81601002157263,-1.59848123452293,-1.26076427315583,-0.439269902404028,-2.08135074427562,-1.8688237091835,-0.923871589622497,-1.13517553718672,-0.997932578830419,-0.796019194009372,-1.56808152779521,-0.52094896994696,-0.940723596527474,-0.186742762958319,-0.556870301816518,0.694697733681205,-0.943634450761675,0.195910933048197,-1.04119392967998,-1.45897265466927,1.24221022744455,0.64097974611616,0.383112911717292,0.417929664195279,-0.159905314653322,0.430594176204685,-0.433672746451159,0.11460992071904
"Sample_120",-0.914099398246958,-0.175399244897414,1.17325578867579,0.29726466585752,-0.82318830031534,-0.141929777404296,-0.667195035293916,-0.22154166674963,0.454832064632283,-0.960797430557117,-0.0591661114068188,0.0422271291202383,1.14123242709296,1.34532755467618,2.24908662379377,1.53382255249583,0.874111389364071,0.996241143011693,0.468260416193734,1.81712220908861,1.062827769871,1.1265536473439,1.22616037665461,0.0837532167230121,1.87841162815788,-1.71364970441543,-1.0365734724101,-0.774218182684505,-1.49487112044625,-0.806125810656778,-0.0766664247160167,-1.00059866717418,-1.0712243191379,-0.0883103672503719,-1.36382923383251,-1.87103065946483,-0.510020353153495,-0.153596628629328,-1.06935826705383
"Sample_121",0.0189893230675135,1.14416505579347,-0.113608028575203,0.297141906242872,0.468353266779016,0.434082870919414,-0.607884226362406,0.0355312786455908,0.0145346405744509,0.581560426704049,0.19556469171537,0.292444919334314,0.652855813409522,0.571128949631744,-0.727370207034118,-0.5547381121003,0.299166742733502,0.17511484886058,0.167340441635847,0.216024118596787,-0.388915457427254,0.240462893336086,0.608137406218378,1.07886068686834,1.31662109063934,-0.434533796645334,-0.115519017433848,-0.530405238939115,-0.690738600351542,-0.116386011291572,-0.935560684264812,-0.258214450805931,0.123210080538776,-0.970172840695088,0.106097772009752,0.661302809747739,0.123849199667678,-0.847802981858875,0.801532896606709
"Sample_122",-0.773753096851878,0.429339489066457,-0.0258969299546542,-0.456060346651917,0.152893202288632,0.59362813982058,0.722029030027077,0.0779604752516357,0.65778699122645,0.085672520981373,-0.0149536298243119,1.06940676442064,0.397214541652555,-0.0480102720869311,-0.263964913063027,-0.482683321432402,-0.37121202348975,-0.951094574730017,-0.801122264403928,1.39429621768479,0.540511809640781,-0.15261873372356,0.529113301000791,0.777341976926769,-0.0531019986309043,0.772442111887129,0.25614925032596,0.180764081573434,0.630440749438014,0.329771236809477,-0.468857288644689,1.02669016685326,0.531388123965539,0.305354804969655,0.590778638505371,0.307921707582896,0.0171910442340576,0.02413650204813,-0.155178379435776
"Sample_123",-0.215831556367075,-0.170300822386784,1.17766098127829,0.981731519727588,0.537749097158909,1.57101919063094,0.559301592371151,-0.784132274302305,-0.28804088278272,-0.679464466468089,0.36492232719553,-0.362154201029808,1.57863593047289,0.346548556001992,1.50035672278073,1.13763721280361,0.796903369834097,0.579827915368804,0.0399018016634778,-1.15465272627969,-1.31222685733445,-1.13871745730786,-0.809453541055867,-0.828144023462789,-0.794055893010145,-0.965595728061843,-1.36738110416901,-0.576597880378848,-0.832023218480998,-1.04625787991468,-1.08497006744937,-0.942740372200422,-0.824734311574575,-1.32546339709299,-0.275718184534799,-0.368670469346473,-1.27845159099547,1.25972383997791,-0.561507023056012
"Sample_124",0.26723938125815,-1.15326289287515,-1.47792908774985,-0.526025657426218,-1.35848359557232,-1.24286567383829,-1.01187150040442,-1.26021378077935,0.0569852776904576,-1.38328868190838,-1.27588599591975,-0.598053598908068,-0.394649348092441,0.00489281162366983,0.893810862869786,1.28827458289533,0.8053178477611,1.54569578356626,0.523977056801018,0.251383750637506,-0.37230348605538,0.245134154525155,-0.30498600840321,0.191102092337086,0.698381876668773,0.808780801892789,-0.594369096678192,0.0492400437826374,-0.00405190391597654,-0.000235502381666336,0.213068347976203,-0.130193056896685,-0.884610888894297,-0.338849739649177,-0.652217347050301,-0.750337268199507,0.26343280345958,-0.846361229387579,-0.182875660713239
"Sample_125",0.96745543428044,-0.0928423547196584,-0.574831528942669,-0.044912920696519,0.960300112394601,0.0191153033804987,-0.0226494275006227,0.853529036939751,0.560226708152074,-0.634166782230986,0.0217728257746717,2.05704533959379,-1.97991368473702,-2.0185205468018,0.292313696215575,-1.90760402054368,-2.23390107095877,-2.03677959934674,-0.66708538636641,-0.440315866365173,-0.962041121877567,-2.01342615720521,-1.20538420319177,-1.85756937721267,0.168775321229665,-0.426682751637946,-1.20349348726654,-1.31096270199532,-0.596742364913981,-1.07902250826925,-0.882967866397685,0.786753791379743,1.05140353684674,1.64539872804665,0.686228374816328,-0.0388524036049712,0.47296873603837,0.033893775342794,1.02250067493919
"Sample_126",-1.06275473005414,-0.509019614889817,-1.26620732168733,-1.45612035015679,-1.29346327216514,-1.5035249034185,-0.293414341639622,0.168650008685668,-0.882807216960665,-1.30400454728214,-0.468245427460993,-0.918664770577847,0.121415462223227,0.575845459802634,-0.443325233257845,0.370549821557607,0.78856757869536,-0.209048901032182,0.949207100465874,2.02513311353135,1.3923951852414,1.29691576879993,2.59616445487933,1.68092275006585,0.86897006523543,-0.211902547551842,0.696162266847231,-0.890533116813148,-0.974737778491351,0.318447043551371,-0.0920029755299676,-0.40081072783732,-0.520839805399641,-0.544798434562361,-1.01493580898741,-0.743852916549399,0.147963533151842,-2.06907471957326,0.0627998518294257
"Sample_127",-0.647623010664057,-0.832689407659377,-1.60554731905863,-1.19214761243511,-0.181273799452663,-1.36290179436111,-0.322658359772682,-0.717611127460738,1.03899439880465,-0.31520316380976,-0.486762516619091,0.3379218231596,0.504683552059988,-0.123202985357464,-1.18551480370355,0.0872677739021664,0.169062229165818,1.15415849173966,0.166316461765634,1.66797885189527,0.500076732475099,2.04596030517145,1.65715884979051,2.26288973252896,0.759171461298091,0.473465495876399,-0.302582714296107,-0.006115762416964,0.255504825174157,-0.704905767704121,0.472488887605878,-0.508098909794858,-0.0308493155478441,-1.5091697294766,-0.438035061161626,-0.300521778241742,-0.193478879172037,-1.08825394068772,-0.537332798635919
"Sample_128",-0.492317511280612,0.0212505472197468,0.655699098698309,0.523126096324783,-0.798475871026531,0.086724914464013,-1.77365785333296,0.0293174940942906,-0.979461921515726,-1.23959626494835,-0.514652613217264,-0.733120701004196,0.234028042533694,-1.14347634579644,0.372902055954001,1.05145224156242,0.188928985580556,0.225614769908889,-0.267898784523024,-0.190564935344222,0.115084974336656,1.35211408252377,0.158675424907752,-0.0207642700726448,0.427320727131263,-1.39283886598441,-1.72763153912745,-0.939933915673141,-1.73575429524673,-0.283550099584537,-1.27899371226648,-0.837082672477131,0.0368808616187362,-0.337698092702856,-0.936406347383159,-1.5961710879048,-0.247801280061652,-0.654448468029968,-1.35494920047832
"Sample_129",-0.778162637604157,-1.38701209745154,-1.00362815659828,-0.934652237838723,-1.31130464940863,-0.681138637570943,0.425646919997501,-0.860036499124373,0.494545806397653,0.0480239603737097,0.0774239751488409,-0.173743538388149,0.269995702098383,1.09056643250275,0.733061467665394,-0.0671984649034174,0.678949275791297,1.64794769194832,1.30027502297858,1.06175017014528,0.741076006440538,0.840796675903788,1.02966252945978,0.853204128702721,-0.0902721301952587,1.29537621732944,0.3854665117655,-0.0440829514253452,-0.589902183473629,0.806132469417413,0.414491374590473,0.874262701576256,0.265819825616811,1.24803889331891,0.739390650734775,1.12171676600704,0.798516858794371,-0.532198120561197,0.433643760626344
"Sample_130",-0.391920292815595,-0.524066806081166,-0.52158626603503,-0.830499228404597,-0.267639175849843,-0.802290959266568,-0.0458015806924068,-0.754307464064995,-2.09321097604148,-1.53710366434874,-0.740612367892701,-0.282922151797321,1.16731601172779,0.667667189721916,0.233139746704525,1.43079470627576,0.635538554772607,0.914734105027809,0.556439870431638,1.2392125170046,-0.679968860809274,-0.518895230851014,-0.323429796497439,0.106925298599809,0.0501665450770092,-0.893365567236687,-0.143439536387309,-2.18699097403684,-1.19393346951268,-0.477124559920404,-1.35173236008236,-0.336580113428979,-0.823436165133622,-0.106085211812638,-1.08720968327666,-0.634522138552882,0.236003036641276,0.529194502623177,-0.837561152917182
"Sample_131",-0.156631597026464,1.10924916336164,0.177763717960522,0.918819168359545,0.641435237622214,0.0906251994056444,0.599626514743185,0.661023145972872,0.0150399576283027,1.49666855658723,1.63635138873468,1.32249743553778,1.30364888781717,-0.471603674749689,0.46913255089824,1.02449125629104,0.509406281213992,-0.262729208131133,0.661348170621989,0.871897805255529,-0.145137008777017,0.0203947569117,-0.159928985914128,0.216462823954613,0.687064658087021,-1.1110666780358,-0.752075764309194,-0.106317477246352,-0.844316818501741,-0.149681448827589,-0.925742676425016,-0.659570347768281,-0.232980165092995,0.0803078867935808,-0.0658025935764618,-0.762198462711605,-1.0024962405225,-0.907019547236856,-0.732978420952748
"Sample_132",0.00271088618401299,0.560642723750084,0.0790912602910564,0.848004627185436,-0.232209713538297,0.336796829032853,-1.19753139292518,0.335859067500018,0.192714772410583,-0.857380190686518,-0.895321245942087,-0.057644379373856,-0.78377306704326,-0.549446599928671,0.27806516797174,-0.607830463555056,-1.46172143758557,-0.331587325682873,-0.262012909757529,-0.501411423270024,-0.221645571346253,-0.34449068890444,-0.334442704110205,-0.468219927837072,-0.573653228386479,-0.10276627288633,-0.528266956999321,-0.0498765368551748,-0.232905384362026,0.350375594414735,0.818552194762981,-0.626531998856043,-0.714462494677323,-0.369566608113542,-0.228065895900872,-1.05053784238753,-0.431059414907402,-0.121284158437466,-0.72249389948496
"Sample_133",0.975530598566402,0.523653362574565,0.52206357459042,1.00099658104187,0.559116198781865,0.426549029817349,0.507109502869836,-0.0408319579447139,0.126699954828994,-0.322906632697367,0.607948663589386,0.686311780456846,-1.58128370165568,-0.513257241584251,-0.862446993351161,-0.735732299922968,-1.57326898115448,-0.659126456350547,-0.81184230785483,-0.194590813723065,0.004060104702653,-0.651952724236366,-0.822029275498567,-0.422261179804819,-0.592145926787127,1.64900561378017,0.411036999518648,1.54947863521217,1.83875924755126,0.453628277525869,0.896392306315912,2.81866612555213,3.14396325320074,2.69145001258286,2.34563485044171,1.9931714021175,2.37187293563232,1.04040343998159,2.95786098981693
"Sample_134",-0.00862071034462278,0.290875433026404,-0.836441868489386,-0.187613459139058,0.201148953666728,-0.799899310193311,-0.426462272448865,-0.923785714854167,-1.55937134887678,-1.63558079213756,-1.61097025005418,-1.6888904611848,1.0137299375578,0.0989634096289562,-0.339075724083874,0.603075725659151,1.52448221620401,0.544322308249612,0.545173837019998,-0.89992190496805,-0.80857179237968,-0.0751605918300256,0.873779604176028,1.0892830590092,-1.14784849890977,1.52505281013376,0.545619213775899,1.71241614275833,1.76418711334016,0.63332213010074,0.850550537215763,2.42312946328216,0.815133063622941,0.702209928980477,1.47961367633409,0.0274081248718898,1.27831347427238,-0.546261577801824,0.882433168968279
"Sample_135",3.12184634478264,2.73160164251691,3.20416878288102,3.64655137264231,3.20751767398149,2.63034367953991,0.844181051418343,2.15625510494952,1.2640636260667,2.40928504472848,1.62443489758799,1.20054509874697,-0.187796539293554,-2.2750440682949,-0.287347464950516,-1.43848170149526,-2.09823581968998,-1.32787250390877,-0.160647982703594,-2.76589728504193,-1.893507238535,-2.27651526698117,-2.70840473701916,-0.859687958491482,-1.80965067831122,1.57917635922928,1.20484716573475,1.30899227753498,0.378246375140096,1.36319818266868,0.0124662933096423,0.870641356630686,0.746136840921787,-0.210936328137573,2.47550549556372,1.8520141242832,0.417109400030144,3.63045973704105,1.2181754491668
"Sample_136",0.347574740182015,0.746659602894655,-0.148585524294813,0.678820959223352,0.783349447553754,0.467612884155323,0.260516435100871,-0.502434584223681,0.0906973980496843,-0.213446366238339,-0.277503448242536,-0.757627658073311,1.15724737411973,-0.788115879353381,0.354423878909826,0.136203192597256,-0.615491269873648,0.638687304795128,1.05689285186461,-2.01422350751559,-2.08073565041056,-2.25048915143213,-2.17109928962462,-2.54024489721593,-1.2626595845792,0.0649175317085109,0.218299750644778,0.880740255927324,0.571256848302454,0.124938950619163,0.314439141482879,-0.169535562619629,-0.37177420598218,-0.655167923305643,0.756641571083737,0.149529831344983,-0.821463282875023,0.844508043872228,-0.448656762829499
"Sample_137",-2.26516130551005,-0.747295380420238,-2.20033313586231,-2.57936847336724,-1.58649057070913,-2.14339565451813,0.746506720047098,0.695084217129074,0.402742185054596,0.00822808495115165,1.07635636202053,2.40028710506733,0.962824792236086,1.99017120014845,1.4268712686271,1.09179382923423,2.72132148198048,1.73384691169329,0.490283914951836,1.62489076352588,2.06004699318083,0.909103700656884,2.25422692833477,1.49250314015651,0.895103554824935,0.37872568734474,-0.167114777583341,-0.488793374298327,0.109948386256664,0.16112838028107,-0.421517121742887,0.64385418763374,-0.26364453941919,0.503738353783669,-0.33482918977779,-0.191733113129798,0.039798084874803,-2.48980850142549,0.798041896931578
"Sample_138",0.200815067101719,-0.987707920185014,1.45175413909484,0.989881886423251,-0.178726440191022,1.18023996480608,-0.983589540020811,-2.08228902559124,-2.12270922594893,-2.87750486234841,-2.0223437418871,-1.82996017888357,-0.234969260506236,-0.93178034859804,0.188695523209574,0.257815748853908,-0.33729554348804,-0.449519301950503,-0.48242074662217,-0.604630338359024,-0.581579444000977,0.252209203627559,0.390510904451603,-1.20505960044016,0.39790514536974,-1.08130472691451,-0.425052913858044,0.911375909390556,-0.508091337969329,-1.48513527517174,-0.451543101087432,-0.839982728633044,-0.629731483867474,-1.12487109966151,-0.0711502019851816,-0.321736471108542,-1.08165109587442,0.589165713336474,-1.71152177597634
"Sample_139",-0.679527683031243,-0.572810373247911,-1.71939319937618,-2.13805533059003,-1.72551777395254,-0.615244601944478,-0.962839401072634,-1.47824743913069,-0.689557504536349,-2.12908920739714,-1.45887760393286,-0.608564407033562,0.721200122956208,0.193625640231502,0.845047236095757,1.09748806556974,0.995960630094241,1.72319497546913,1.113409537397,0.0484593299321647,0.256473165385797,-0.123488419475174,0.449851985025807,1.00109281987544,-0.435162695657664,-2.87406266230022,-1.85058306591043,-1.41042519856486,-1.15639905341057,-1.14208757488131,-0.339020696413662,-1.72117165792303,-1.07676015463841,-1.00242285393987,-1.50101189913564,-2.00556939564046,-0.886117557593428,-2.30586852429692,-2.61530096520546
"Sample_140",-1.05267187490117,-0.585529350394137,-0.842882942820879,-0.735988137770555,-0.397175707158559,-0.895481349849516,-1.88250524942777,-1.64764649454907,-1.750899931151,-0.89809368025265,-2.16193246139647,-1.93313151647948,-1.38636350818195,-1.33472531350369,0.220597777334208,-0.373200865756866,-0.848818761142727,-0.919305866477461,0.643469354188999,-0.75871501243491,-0.254394538066899,-0.564791564242,-0.412851085747239,0.220359068838068,0.366173733779473,0.155816859285028,-0.442089599334353,-0.856925369552333,-0.0125020405265917,0.0516641440516027,-0.822589774513216,-0.133749593539513,0.518114964075057,-0.510747352620606,0.177827783764633,-0.142209518096039,0.405807621434079,-1.257014683934,-0.0242699576537318
"Sample_141",-0.0408647317765117,-0.998740880703594,-1.01033245792921,-0.986837858442015,-0.237374232156196,-0.414449829733777,0.568042019214366,0.209634941756999,-0.0369320937196434,-0.149029251595408,0.508769235462433,-0.472350212022384,1.70739908538714,1.00117151612828,2.2552110777406,1.48440526065973,0.960267542335185,1.50266747006153,0.485355513260264,-0.766234568863081,-1.26339525589053,0.323847485545999,-0.103980568520394,0.843255880364743,0.620297113304168,1.00246334773024,0.349262726216535,0.115786851163763,0.651565968408747,0.576554758111972,0.446417822625853,-0.311797750047,0.24210712967997,-0.551989183375483,-0.00713195013246021,-0.114384191886957,-0.0157882646498045,-0.660184674659142,-0.152442861189572
"Sample_142",-1.12536699128526,-1.43113204777813,-0.879038689671956,-1.28627966066486,-1.84564576174433,-0.795153146859175,-0.451828097142901,-0.225648288839244,0.110533352696004,-1.18380138697367,-0.629175586133562,0.0137224009179666,-0.250177533062252,-1.17716548929264,-1.21392842919672,0.0823842444389332,0.0545314496647407,-0.765624788715604,-1.08648660434463,0.0797271571199325,0.941698168514884,0.173927623040396,1.74270122853691,1.12057782934727,1.68191117912006,-0.186693274606663,-0.135186559055487,-0.298317379182651,0.00236701558284827,-0.131663308933682,-0.0896053859701869,-0.214197818111052,-0.640656620452107,-0.0335780537650822,-1.37272300587473,-0.679927205889892,-0.273730282786312,-2.63482467742366,-0.223991843789909
"Sample_143",-0.310267763084317,-1.09288800071919,-0.524736258249919,-1.09494653213586,-0.844407460624864,-0.0667246414051318,-1.1597569346885,-2.72998111834985,-2.45305556872475,-1.6718597016796,-0.424205554864158,-1.80398212059076,0.522276896959329,1.58274148702022,1.07517411886693,0.50075789580955,0.709348338241956,2.34204943092706,0.687722190720515,1.08318675968988,0.701656677619815,1.23717706914153,1.20871873517186,0.978075451997667,0.898121680119582,-0.521990047683143,0.324586708447276,0.180909702225948,-0.341593906173922,0.468819431229028,-0.146751760661531,-0.205669570300859,0.638668771067666,0.0368304800528941,0.0437878955404403,-0.628021677819656,0.717500582537008,-0.573278484432388,-0.112311916949462
"Sample_144",1.13317017927333,0.572438452286709,0.882688228857908,0.752196887069428,0.640571946027742,0.736532842814556,-0.448638228694193,-0.684617930167453,-0.419347555564134,0.346116063059653,-1.35026178758795,-0.306663053351475,-1.41338407993198,-1.34987217495927,-1.1998299513873,-0.508423137453244,-1.006799725622,-0.6592868760417,-1.05569801237802,0.758469770119725,0.435295300574461,-0.41947174869426,-0.367162244851256,0.765998973384748,-0.0106111594358614,-0.507364302660595,-0.947924898710819,-0.638565150003285,-0.18368460197391,-0.681515210550655,-1.32083220180926,-0.278620658231,0.287333578686647,-0.734969138567291,0.836008660493223,0.0959615732885166,0.307296657191209,-0.421202983809294,-0.781646620612807
"Sample_145",-1.43302628052869,-0.694054923068973,-1.35761512222936,-0.970671143224161,-1.51709108452609,-0.685387929333636,-0.122630730291393,0.293289914310822,0.315970088953412,-0.287002222468964,-0.210670046476193,-1.3768440173584,-0.21982296030556,0.0203672730170417,-0.371632635959424,0.533389727733388,0.564366104803406,0.915862760477304,-0.208113096495857,1.03854380302665,1.77876312203902,1.09800649591534,2.19869752128215,1.81245705797906,1.18109424879692,1.27249905445446,1.01109039842196,1.5300712429404,1.76959703253467,0.726026631760335,1.87907945502259,0.130275357548564,0.153699372985037,0.133718830416756,0.496569734035448,0.0977328268599068,0.627268019324503,-1.43289603497811,1.23146465182147
"Sample_146",0.288085689794582,-0.272233594958875,-0.486609620400481,-0.900075993637187,-0.37577841813474,-1.02933212130331,-0.123361477674179,-0.313958169242808,-0.477427119773205,-1.32385830275227,-0.554309662147609,-1.20034407276016,0.114728529022243,0.102512489945371,0.602766442604822,0.337295495728388,0.397896558250594,0.841757507749092,0.611445046746252,-1.07976091950218,-0.118953906830249,0.600543459116535,0.266599523255417,0.46949641688848,0.57549031177123,0.178249775008616,-1.12863035690989,-1.23612610367261,-0.547375389446249,0.0664450982560483,-0.759832535394442,-0.833522228915251,-0.592206274166176,-1.87661114398737,-1.32079447400603,-0.95292203938934,-1.18253711366926,0.122763890581801,-1.45152353999597
"Sample_147",-0.0483307064174454,-0.30067761498575,-0.483581060527033,0.162123606586311,-0.688391320374139,0.692215329409026,0.150032009986071,-0.272281803433023,0.158950517281562,0.113869724556996,0.508100679109814,-0.399367400606767,0.670605732676465,0.241631697724763,0.708915148599017,0.736845927893826,0.656727657405477,-0.884070562899545,0.496306422126274,0.712147310266689,0.330693281811752,1.78579835172737,0.670586875569107,-0.219508889140811,1.12458384463025,0.262773059901558,-0.445357043968386,-1.57669859785451,-0.477089106784955,-0.724886671149802,0.353980247760137,0.126616208596925,0.338632141170717,0.464026958448878,0.801387932734251,0.706659821642943,0.447892394898276,0.146456640628718,1.11430499205418
"Sample_148",0.856951679452234,1.08829958104693,1.11999217216643,1.03154659266169,1.60104078387882,1.23082328647102,0.372640350182432,-0.309584111548694,-0.280677290390706,-0.0513374249587865,-0.230982501150188,-0.937698474072925,1.6708300907731,0.859759992229448,-0.471789723602617,0.116412078343115,0.422795727742524,-0.0580619947769249,0.334665487653304,0.626646555969405,1.12696333192598,1.50390840025815,1.78187232347229,1.50820055556654,1.48595920459465,-1.46287845798533,-0.592894515533229,-1.4527249404112,-0.658986298879385,-0.0581687062431775,-2.05296062260818,-1.08801036501187,-0.818424897251072,-0.975769989870228,0.372069732115262,0.324984297654706,-1.03223098417075,1.92271139641452,-1.01878365522931
"Sample_149",0.501562656732915,0.487577537369603,0.0665216876344169,1.04898665331695,-0.273873042655398,-0.390856819494823,-0.0335617616063801,0.0801568513734713,0.734723256587374,-0.470717509855799,-0.236866618564282,-0.0651041417608584,1.04226390819783,1.27386437013286,0.892351813665193,0.431571574584568,0.958619797841364,1.21572599046175,0.268651607518085,0.94316256777316,1.04174609621869,-0.0782733830600104,0.205256604006123,-0.371325486902452,0.063732916806581,0.609082471341511,-0.0791736783381608,0.924578584571263,1.10819087109874,0.431812726635083,1.05360233000403,-0.123434970678778,-1.37540602523223,-0.981963480676098,-0.392925995012811,-0.30501708758541,-0.555901491170022,-0.510854509505174,0.482811826063125
"Sample_150",-1.33974119430846,-0.485591289132241,-0.936760211647152,-0.679856975034404,-0.429175750477158,-0.275142024639566,-0.297681614811942,-0.24805172333739,-0.803001335696485,-1.62712122727492,0.268014826223213,-0.10354086747263,-0.275276491414893,-1.29816574129484,-1.15083378125422,-1.0205844324766,-0.880150313989441,-0.926980291010361,-0.67919758451866,0.116903085600876,-0.802783915456393,-0.658832002354034,0.210245935075326,-1.35306197760071,-0.213620996483758,0.285766070585697,-0.610188393903281,0.0604695427933909,0.479358729356387,0.86206669826012,-0.343133796844754,-0.574759986027106,-0.395236133720427,0.552982946603198,-0.253500217038949,0.522999477460557,-0.450107895551018,-0.172492396784197,0.358094568461907
"Sample_151",-1.26250901949468,-0.872314161922037,-1.48817515705193,-1.36840413793023,-1.58222935556037,-1.07367497480035,0.975143143566293,-0.0380052436263173,-0.047237627825004,-0.526853646727162,-0.0746256503023279,0.13440505023279,0.253469929744096,1.78192572721703,1.64442651725898,0.896795522247808,1.75633400645166,1.59177828334987,0.044101241166538,2.42125869036931,1.27605209330346,1.18660199048008,3.07233690913539,1.27398709236883,1.20460950403767,-0.137899271936391,-0.888092719292457,0.0420758002492926,-0.697070409896257,-0.759311871569168,-1.38371435277523,-0.332664674109315,0.588243486573354,-0.642272129606446,-0.386661672974559,0.0891191855805628,0.791693333177,-2.08919311067091,0.734324813130125
"Sample_152",1.79848394774231,1.66603120068502,1.06155328075005,2.16275434024798,2.69771431144462,1.35138002728868,0.637725552863912,1.08085646832903,1.22361349721887,-0.503749068798518,0.131918993572661,-0.108495618214866,-0.250850416523358,0.53420753794111,0.593064163203296,0.996555865474112,0.272690939289634,0.581525351425977,-0.0109710405075688,-0.712649904135041,-1.03546917157678,-1.19790177185572,-0.716821929164541,-1.19170392712441,-1.05753207250445,0.232020564448761,0.470965365381182,0.158355764922487,-0.289044387870816,-0.798104534331543,1.20515321837478,-0.755410225752142,-0.451108227278899,-0.420078684462394,-0.235215515844907,0.571980718119905,-0.692056126112005,3.03392585373844,-1.01106667963146
"Sample_153",0.718369473028585,-0.199656833040414,0.588134935034539,0.85223834035459,0.137543951007798,0.530954700775396,-0.419664300903663,0.216415616883434,-0.034689100840677,-0.379042844575069,-0.0540561908495619,0.819745857704678,0.072696331073217,0.318268830657664,0.251184706743954,0.232730383630737,0.0554305395821506,0.867904836260831,0.924623709836452,-0.113878331284503,0.777921963400883,0.478957018511475,-0.849861678461341,-0.148311846915637,-0.83366684508824,-0.0018976179548125,0.775070282991652,-1.42792623052178,-0.169330161125794,-0.194715595667081,0.461663798438113,-0.482761996443495,-0.773708008655568,-0.550945223956823,0.170839645725377,-0.544186792428589,-1.02918323774045,1.1839950213593,-1.23229423930721
"Sample_154",0.534344637215107,-0.545834602560631,-0.231399079117307,1.13533811589383,0.863144565471795,0.210794372430376,1.64382050932916,0.515556712418835,0.165319112985948,0.419880681408072,-0.678057557640063,-0.133008926121781,-0.686578302224669,-1.44938753028397,-1.63126449826365,-0.908282765608742,-1.25537559945696,-1.35136075200839,-1.37810726697634,-0.227407729621396,0.698038725552264,-0.144006900034623,-0.876029220071767,-0.286010094715406,0.739328856957951,-0.644562287283155,-1.32065415434434,-0.604925465644419,-1.20737742758769,-0.151915776215861,-0.707634459014765,-0.209661319891058,0.844097472995115,0.374311317126172,0.915758146365573,0.135568121315071,0.186735753477071,0.866743531827434,0.185584507973417
"Sample_155",-0.801797090503961,-0.47286224667616,-0.90342603565648,-0.503725085892652,0.446878444849812,-0.829386936827612,-0.16260018247606,-0.286869405865203,-0.294843315368832,-0.257761465315259,-0.904891320750482,-0.984731482552602,-1.1749654159597,-1.2581467760514,-0.593704365443399,-0.809657410233243,-0.0977994121157717,-0.145438543131251,-0.234476122959267,-1.72078666964698,0.123109875769638,0.57151485491872,-1.53718063039643,-0.252465115668387,-0.906362849999897,-0.835646299651162,-0.507952883009978,-1.07658941649261,-0.718274490972554,0.264969805778422,0.0117282296303889,-0.520831346434752,-0.566142248655451,0.175078166345683,-0.485458944454026,-0.223934702347187,-0.193450788598701,-0.73389159622642,-0.648007029180948
"Sample_156",-1.09843792968043,-0.671034455149027,-1.9949773750651,-1.63672342450172,-0.321375595321957,-0.304485215470982,1.09484034735212,0.176244139169732,0.191345706419519,0.934344129580823,-0.850857013969612,-0.122472137369507,-0.551497834641905,-1.12313409558919,-0.239031597566007,-0.384124040229185,-0.391672078493611,-1.55587160487587,-0.893009504982324,-0.26403651735076,0.0407528142439501,-0.484836444707977,0.997623689959039,-0.507430838347474,-0.068609256801398,1.22256547286038,-0.0828322933737999,1.10303932959122,1.15279170355538,0.653743168881356,0.928192575083281,1.26675348679649,1.35389878671881,1.09753591400148,0.625551289099926,0.490951877870189,1.37052382864199,-1.78887513885387,0.962456197772263
"Sample_157",-1.44928859774598,-2.37332589082427,-2.2321406619869,-2.10549486952065,-1.64453799714648,-1.87417306521949,-0.276852837637397,-0.351448633159878,0.520260468982067,0.287511023019032,0.393221184420058,0.736822447728874,-0.613448126696478,-1.25105392859844,-1.40187142112756,-1.85399992042277,-0.661761477590768,-0.1235699147248,0.0189867029047808,-0.183137890733661,-0.551789742713,-0.338934324995824,-0.0817712494055076,-0.215352188670785,-1.16402324871732,-0.908413103064315,-2.07474316823404,-0.0383742717642775,-1.37388528510423,-0.632549869212673,-0.957684089920511,-0.0284663880089537,-0.513750825587742,-0.543900253878455,-1.65709364373156,-1.12907481365689,0.756836572002229,-2.26531260283127,-1.25052681432407
"Sample_158",-0.557404210893559,-1.08962300719147,0.101239115327058,-1.21998694530691,-1.2726519547214,-0.897890212255935,-0.313133148589357,-1.19735925068029,-0.664690999213209,-0.389519800791017,-2.10553721581089,-1.29562315705717,-0.0078732633165931,1.70761874832164,0.743932472634508,1.37727957368563,0.580898671889258,-0.025810447163062,-0.0847618045764315,1.20114733705266,0.418240821068805,0.825507664545978,1.86984473919445,0.981073545090527,0.661098093351018,1.0153504873746,1.08478771115257,1.45166592537182,1.75679092313023,1.24112577852998,1.04829294650657,0.503382362613869,0.0180971948821915,0.631612776761611,-0.465208776317664,0.610483458868485,-0.605052267972759,-0.829115274134458,1.04432294625612
"Sample_159",-0.618923569094336,-0.119849007869967,0.0259079081650778,-0.569700372001483,-1.03470371104866,-1.1967628131228,1.75553249385662,0.619656376393441,0.691820841703276,0.523351035043286,0.0224374421686879,0.940372304148405,-0.16197067619493,0.0829219738839703,-0.112783151970859,0.133569568254816,0.326845355665973,0.310099565801071,-0.38385013265461,1.15609456450807,1.77325948747266,0.527748756626503,1.97381819811694,0.555307762728848,1.60697259484324,0.977340697285056,1.86034513121695,1.23727465366295,0.77436771604728,0.818381729759776,0.635361822809545,0.590711479465999,-0.327044124636319,0.461497672061083,0.28334214662056,-0.580226247109327,-0.0912522362982445,-1.36003572090107,-0.200881187710524
"Sample_160",-2.11736762371435,-1.814227162013,-0.815436118677557,-1.89260178387923,-1.44290930418243,-1.50032451454434,-0.726774623626193,-0.336744184301151,-0.594397282441681,-2.48753783675992,-0.0447260511226008,0.431721019120875,0.854414248449288,-0.377529788608182,0.195458090151344,0.507384162485796,1.10427230748307,0.843316178285742,0.813006454958467,1.84325550660502,0.272951980732898,0.708627378254708,0.937360179813201,0.898171337487923,1.39593294690468,-1.87915807329789,-1.7462139397415,-1.31988440699784,-1.95726431540065,-1.39121401574076,-1.49851277620292,-2.1398344959562,-1.01825771663052,-1.23297856347403,-0.1016805391768,-1.13756900299538,-0.96739085824359,-3.00238456750239,-1.61451922059179
"Sample_161",0.570095599899982,0.660140565080143,0.128075441595434,-0.567615984814383,0.758527723884817,0.225681021114373,-0.194121270825592,-0.0210915391790194,-0.17240167137726,-0.180263005923004,-1.34636715378971,-0.883370111432765,0.0900947741414492,-0.056263428687854,0.418267522352621,-0.334586575890443,0.193101388976191,0.901231542557472,1.21986245599094,-0.647833005313912,-1.32610000420275,-1.44059539932217,-0.798063978099476,-1.8014871893715,-0.506992538087254,-2.08989453845177,-1.9804960149815,-2.84606395407805,-1.10567797579471,-0.900045020656846,-1.17989954762423,-0.872233610126034,-1.25165236032492,-1.11501814468107,-0.934451527265235,0.121493235559077,-0.530334593540836,0.228893623477929,-1.73757572876275
"Sample_162",-0.137526819656245,-0.0340254482854415,-0.047951460140856,-0.375807399685528,0.601034319696935,-0.099141945274174,1.52616055313913,0.484108859443531,0.874384494816999,0.0503244730657258,0.30963394297552,0.608685659558291,1.13566199015961,0.818391167048621,1.02195123754069,-0.189769206616277,1.51812252500727,0.534466201883037,1.24226367179104,0.534374316993172,-0.214269648717562,-0.419219703269498,-0.411696149844057,-1.04048169761412,-0.353472977065961,0.498816370390098,0.458666103963113,0.0716956044925195,-0.70017079494401,0.507382635035715,0.119093982852765,0.421770550417864,0.559312509834616,0.386173640825091,0.0469632542706568,-0.0996074180114417,0.36085832289336,0.431607873615987,0.643591298387417
"Sample_163",-1.25453373944392,-0.978720935612711,-1.50290551942834,-1.88076684713164,-1.06894386034743,-1.8172887191033,-1.25709897999366,-0.713655259678221,-1.94822510648004,-2.10881499120171,-0.761803843246884,-1.23680567455703,-1.05375182399735,1.45167829826956,0.194416405490707,-0.579980665349712,0.169051521791917,-0.608279291623767,0.0115216539301818,1.34369582745156,0.319995838825051,-0.000427198420386854,1.00885998486926,0.851527820584081,0.667877127056273,-0.915711618381527,-1.80449403290874,-0.814576480458727,-1.80069745321584,-0.757463435766199,-1.24273854407719,0.57651933474848,-0.512738973375966,-0.470302499185012,0.364774816477519,-0.187220158780007,-0.174078509618165,-1.89507347783201,-0.845870431743771
"Sample_164",-0.804478095092213,-1.35917422553063,-2.08616537719754,-2.00320647708072,-1.65198125555193,-2.11087902740859,-0.929131659014397,-0.96507121529524,-0.242069655974506,-1.74060882338279,-0.0994247750091438,0.192529488013402,1.36218635905975,1.65340008428023,1.61189759277958,1.89081358009372,1.7147104765527,1.79060271890515,1.03469624664162,-0.154167820703575,0.693485916595433,1.11215122763248,1.17376861005764,-1.23322138340064,-0.68485543137971,0.645807241105286,-0.292839188331574,0.613711059486359,-0.730637024676626,0.906956826610536,0.971243926016699,-0.623065554449206,-1.63701520508624,-0.916838095616124,0.264397750082048,-0.480843857785367,-0.656587751604967,-1.28929708727216,-0.694199007097738
"Sample_165",-1.96950214949897,-1.10419066981481,-0.71304339385576,-0.84012695072662,-1.54529352440122,-0.192280618250887,-0.301171348834792,-0.875667709733457,-1.55404003765809,-2.07945007523026,-0.0583058130138283,-0.602595998773924,1.36404576363652,1.30220086724517,-0.0749459250407095,1.41775345701298,1.77388278143469,-0.0129556979381744,0.784166796886938,0.402542610376036,-0.177756856739056,-0.283920206035086,-0.360853559528669,0.729984022079565,-0.0711288499027855,-1.5335383423478,-0.829432130748762,-1.61332660372001,-1.78065250691874,-1.47354739788448,-1.42068524296797,-0.897051390447898,-1.10660941786295,-0.42238100193708,-1.0827052652561,-0.0208838531223644,-0.91155517917628,-0.361782650673623,-0.373642692548444
"Sample_166",-0.764710122832315,0.286794210933908,0.162730672397851,-0.197098546840713,-0.988904409263082,0.3652982018652,-1.00416896865537,-0.182346032050844,-0.932014778722569,-1.27600296786016,-0.993022254095012,-0.711943822938108,-0.28255755075506,-0.82401358665935,0.219252753080582,-0.133915724908471,-0.594101033284491,-1.4813679712626,1.20888643342694,-1.8203147168333,-1.1829503345538,-0.573278005685825,-1.76331776402418,-2.16405233257851,-1.07663289712153,-0.960668021679286,-1.52895374232817,-0.949073736007977,-0.849830946887013,-1.14681773701277,-1.16923691238584,-0.881744065166179,-0.385668224197794,-0.623919407751034,-0.451192062621074,0.381444195279579,-0.135145774611864,0.841157925351246,-1.46500991992072
"Sample_167",0.324661094873715,-0.0566919077789888,-0.419852590062702,1.37466090624223,0.232924213744166,0.288281306943533,0.826237323731545,0.190038234637982,0.276580192467585,-0.194337736982504,0.421070559428928,-1.41609544487163,-0.580913698540758,-0.96125511296355,-0.625121529537028,-1.0537968695779,-0.536182228581451,-1.35267726715829,0.687983321313887,-0.722673009530745,-1.33636178183392,-0.165905113833514,-1.41505151876235,-0.775881935754682,-0.769264285189779,-0.72529186845212,-0.640282662682024,-0.629510512795879,-1.37299674322655,-0.67074833942298,-0.280855579370989,-0.120768169851828,0.248965857722743,0.682564204585555,0.392872858593945,-0.110597395842119,-0.885988285741737,0.210126693023379,-1.36419055502208
"Sample_168",1.16616909228033,0.104934307190278,1.28081900797337,0.699475155859229,0.484058807228891,1.03980487380785,-0.160614920334659,1.04558830142982,0.180783023964362,0.905323849689559,0.492155327084436,1.04205857872596,-1.77684382364563,-1.05438034392451,-1.6758830673262,-0.804138511669842,-0.887963988998373,-2.42501322039125,-0.775927331070335,0.0604852654244946,-0.035525384157805,-0.384924827442962,-1.47362601562793,-1.51389824900579,-0.254017700022359,-0.710578530875537,-0.890484760139251,-1.06437570481795,-0.666224030806212,-0.623135899064887,-0.170893912646066,-1.98569550495542,-1.11053590791954,-1.71014884593322,-1.60134600082773,-0.140792196916308,-0.644681680776979,0.114609043441687,-1.22936511104944
"Sample_169",-0.0930813438232115,0.929830659501345,0.400806545995613,1.40123098852189,0.444272977267975,0.613801883926459,1.74720962981905,1.94838556435522,0.782279526185154,0.887278773224785,0.577189854490908,0.244893838018986,-0.486490049532226,-1.49592182340469,-0.75850802049853,0.244397844603732,-0.775944265520293,-2.94441852905497,-0.0539229094789108,-1.32174273025375,0.501042681458003,-0.955718391311043,-0.446476951322223,-0.88283011182263,-0.85934359810407,0.658552938826313,-0.976980884027396,0.673445473942754,-0.029049454095329,1.1031198130656,0.131354580387878,-0.282165782012233,0.450024033536173,-0.0585605209355477,0.590614882291035,0.373919806044548,-0.191394868750734,0.848968420937631,1.36673636210411
"Sample_170",-0.288452313412535,-0.0396349957119831,-0.380324291111017,-0.336155092390659,0.563108531574285,0.0895877036214774,-0.206580604382574,0.0425214455277872,0.169009536499134,0.415823911535346,0.95078091265254,-0.630136602994307,0.865623251383113,1.864278283473,1.69049059168123,1.01819908175622,1.03187790499035,1.04814602629369,2.06561466668217,-0.657651142417563,-0.836275368244392,-0.137961363147323,-0.0512363396242893,-0.265539204266493,-0.103681693386135,-0.711099463404264,-1.77871916569756,-0.5415094956098,0.483895083365826,-0.637973014893183,0.394532405859378,-0.868870597941128,-0.774822547420217,-0.503835522685465,-0.155634008529668,-1.0770052416419,-0.459076808339284,0.275654649581637,-0.23100832735371
"Sample_171",-1.07980751239631,-0.0713357309503813,-0.181221892511205,-0.157335000094825,-0.473907688306729,0.303128510239424,1.33008453729801,0.643336076228753,1.36351281293687,0.653358856032066,1.80191858437562,2.08626869125021,0.453473789163002,0.208519527786643,0.949597148576423,0.887669308846563,1.16201761703717,0.942378600403659,0.70781718901186,-0.457224441420125,0.362855672605981,0.18136351567031,-0.941609615419479,0.105559334777027,-0.596866041406466,-0.191896960239939,0.197658117225308,-0.9594145850235,-0.591502178898799,-0.200685605701053,-0.885568607808412,-0.344719270471191,-0.0137678279340474,-0.0829763214964257,-0.491985098709986,0.465792296125131,0.071035176680993,0.764133747542269,0.153221357488598
"Sample_172",-0.874292409115667,-0.63304677913529,-1.96414001148871,-1.15780615511,-0.497458318393253,-1.56379877024186,0.613374594884399,-0.359491840707195,0.543088244204152,-0.179998293794051,-0.188293369203266,-0.12956461199218,-0.260913460064364,-1.07197988216612,-0.610608691826643,-0.545103043812888,-0.384159373129145,-1.2087097171883,-0.357958858454811,0.435406729340962,-0.279957571348827,0.903646276833724,0.35944232308099,0.169198153279637,-0.700643474308508,-0.231023320984052,0.637570109416996,-0.379777189340022,-0.161597677255634,-0.554788544109814,0.18127127216683,0.73699329435392,-0.099759909438702,0.165558897660777,-0.868734907115777,-1.63855796307965,0.207295168466628,-1.51294219286694,-0.681322583715398
"Sample_173",0.339998866879788,1.0293979185783,1.04163796584522,0.591162391385893,1.7824075172523,0.626724536832239,0.92509495463309,2.14706423631402,1.31839734269785,2.41727575196754,1.6916274339483,1.25066032142749,-1.26545489184538,-1.81995959400152,-0.881333204219062,-1.20362680882852,-1.7849530352247,-1.6847197682958,-0.992756651491489,-0.714968271730047,0.888878207925697,-0.393388402733842,-0.169783722042945,-0.150692783852858,-0.520118455821565,2.25632167801114,0.564245368810156,0.894118863619738,1.37030100064819,1.05483224822546,1.5355960419053,2.03534694113862,0.272615989307622,1.41306571594006,0.932923124260967,0.469003281846688,1.05393017212884,1.05840099095993,1.83615498882176
"Sample_174",0.452762126407133,1.74859333174286,1.60638004006304,1.25943249107356,0.593747951371099,1.30966264038259,0.775065511463139,1.36750047521962,0.519958801654907,1.25808152158057,0.447866076747217,0.798669562415423,0.798132522190636,-0.220511109255784,-0.207287282448659,0.436321913101144,-0.0644993691385113,-0.642967985715769,-0.547616403061934,1.01880758203469,0.484702995682927,1.44199013318054,0.100624676830772,0.45716436052003,0.156185957525548,1.22800975295708,-0.511256648248036,-0.940424166364218,1.04912019270934,-0.354234583142104,-0.0556702903549788,0.0304201740741298,0.555985833675299,1.66617209326613,1.12230710516832,0.814719254902979,0.28304579151484,0.798592754872365,0.51680616015885
"Sample_175",0.539249343243586,-0.105836320511302,0.0177819056246273,-0.262492552274241,0.223759811174723,-0.527594997569709,0.471603278348528,-0.641218074066013,0.696791840427238,0.759432751662817,-0.861684413547217,0.0392986283730972,-0.741125863984157,-0.62455438987939,-0.548996816226804,-0.860781262066423,-1.06016595503033,-1.31210919362983,-0.436669852816719,-0.844229324007778,-2.06380990444732,-0.572511853542932,-1.3816973276932,-0.981336516660808,-0.231267703282709,-1.69493419363197,-1.91615386284877,-2.32754575520142,-1.95919000623244,-1.43114407952605,-1.47524658835505,-0.190722845030951,-0.817853924937464,-0.0489734860285334,-0.486482389004614,-0.365498920481061,-0.678598165415802,0.0922359154731532,-1.26531400145725
"Sample_176",1.53320235953572,0.890156093075219,1.5024869072437,1.38897269475729,1.82030970642308,1.67217546492874,0.487426229462478,1.29928749941882,1.00125353280044,0.963131926972707,1.40117014394533,1.14353298019823,-0.159692699989641,-0.0940474256771811,0.907107743093094,0.133671232142875,0.251550224804234,0.382699784800052,-0.292986794391587,0.265244434522799,0.7822745078965,0.411976361737781,0.939300782153207,-0.166197565658814,-0.0739675726831655,-0.671740566805365,0.482043291978307,-1.02287647786665,-0.752992146988117,0.104676203060428,-0.490927906854221,1.03325785720338,1.02510970598756,0.719040878770699,0.137928937951685,1.28281206429438,0.365752066038077,1.17752459447901,0.851357018306533
"Sample_177",-1.03027452028276,0.0884355220670489,-0.326658544177254,0.00584795357325005,0.306033849587355,0.0654900005901137,-0.0783597023491631,0.602869246351728,1.38527135787652,0.151572436055358,1.66303415915629,0.643374204497488,0.397946866100157,-0.0918081842714547,0.200022749860646,0.938280124276921,0.180806012746503,1.5624118045272,1.37406762243314,0.586334812703357,0.980844995426386,1.02287345568347,1.40057747789033,0.822342522611067,-0.209963243188823,0.426491328815392,-0.0151033017076317,-0.0932213441913992,1.03862229555246,0.398798899072949,0.601699438143172,0.495317625065955,1.13615113283836,0.483862238521116,1.77177802751055,0.482154043944211,0.999021934178207,-1.18197086573474,-0.0234846608506114
"Sample_178",0.155569350300757,-0.354388609216309,-0.16957205859743,0.901196153029602,1.03358878458266,-0.042783685660114,-0.0375201912700818,-0.516249625708059,0.307381878871844,0.915989034206779,0.191666541364582,0.365217954265991,1.31995008674979,0.549740498858338,-0.4113501229432,0.312693307875856,-0.31153375914966,0.494453488922265,0.919858022076841,-1.29343229776468,-1.94891305381997,-0.899904612416565,-1.58220782908686,-1.02761243876127,-2.14857478405259,0.0713752047346989,-0.138211716385946,-0.715479832758013,0.0506019693761191,-0.975010820485913,0.104146742400639,0.377759161876022,0.946204194797069,0.489328238348494,0.442014940766964,1.17989498074773,0.121573835700771,0.458762018454672,1.54682441961225
"Sample_179",1.58869117050232,1.97330699720477,2.13638982613324,1.70036740490003,1.55162853279558,0.961798284084356,-1.05628530683346,-2.17163977029607,-1.17657211178665,-0.912874600054792,0.192633277772875,-0.275382739579443,0.492930027953898,0.833046759380609,-0.453296357451802,-0.0588903514914787,0.417614030763392,1.76720772322925,0.352118449554462,-0.418079792322504,0.63458119853114,-0.466944908994083,-1.19204657546432,-0.748053915316128,-0.296672930523249,-1.161982659189,-1.37447037983312,-0.70310954830826,-0.913249940191808,-0.0813214805783677,-0.56841880090445,-1.68682122810928,-0.800739874747816,-0.807417498874367,-1.76514561889081,-0.962823902462127,-1.23925867368581,0.387048509623883,-1.32824773144179
"Sample_180",-1.80754130532797,-0.0694601644908727,0.0289559781638231,-0.274150759982907,-0.542311168101115,-0.486464874967476,-0.857201047054232,0.253787038184614,-0.511797052963302,-0.590039547329991,0.653493533248978,0.937809521224889,0.812278020476773,1.7022432527283,0.125929952448845,0.591643122584448,1.33456408931427,1.18407256280086,1.56965177738961,0.183680111624275,-0.387959082435329,-0.208683377448622,-0.289550756208576,-0.271165283669815,-0.737963272192761,0.592431094469841,0.680974301726779,-0.583865786839802,0.326851781212017,0.320999622058899,-0.410314779736627,0.926222422210806,0.743693457859018,0.137658640780827,-0.311722039805879,0.498869237114437,0.218103076083293,-0.395147412142652,1.40149084003579
"Sample_181",0.306433848425315,-0.964602868149215,0.150233478706347,-0.23010739932936,0.412766167163338,0.391321328893123,-0.715255072294458,-0.0560185440383077,-0.226518552820849,-1.25238369403165,-0.676039406817745,-0.278082758468293,-1.86585617814994,-2.27201332376522,-1.08034008571363,-1.92273167925229,-2.18942037862821,-1.07655944942965,-1.27322683302136,-0.112021319427279,-0.498038759982228,-1.34091998506516,-1.46050959304355,-0.710820903196474,-0.188891203725979,-1.67007718984562,-1.2242328147691,-0.253576593609343,-1.22204580243043,-0.735365533795891,-0.133574472966117,-0.0246273289115909,-0.775542644525917,0.123865228791514,0.315447701259523,-0.393295495697707,0.188020989367911,-0.32938095319349,-1.2957822997386
"Sample_182",-0.521975604662651,-1.157189965425,-1.52036413410262,-0.116820675581038,-0.46373056679323,0.321058325566646,0.0118605050040357,0.501892237328841,-0.535732453078794,-0.432053364775454,-0.73831444085368,0.0355028949131204,-0.541587097229318,0.853533922438003,-1.86809840349381,0.162150845449573,0.0664111757408546,0.901089034997282,0.0572529479775144,0.34324478814961,-0.294078809897138,1.02224919369842,0.408110269171722,0.576239970151882,0.985283699431667,-0.839913900683855,0.152895262455124,0.202547535768105,-0.532823943713359,-0.756497296109451,0.0317350356947965,-0.148646238828562,0.286251135407395,0.252329533710229,0.387385626644171,0.248155129659142,-0.0318170404372077,-0.0422537371102151,0.713506197665364
"Sample_183",1.20753777026752,0.630184475350206,0.228129779213186,1.20732257401491,1.03235077022874,0.395730092604941,0.828499747540825,0.80531059370767,0.402456630184666,0.0650689242680244,0.743719749318766,0.343556124834147,0.664478775536763,0.0128022281339118,0.563753428591703,0.527947090777206,0.120473691640946,0.862708857886615,0.0531873376481807,0.407760209587866,-0.865356654070112,-0.589414840740813,0.105667027147399,-0.716826283986076,-0.22350340671659,0.336530947201357,0.0241825926015082,0.651076723842259,-0.669840792848813,0.103258458860739,0.33891349463017,-0.0195924456604241,0.250729023941733,1.13994370925853,0.5305564809685,0.883806785147946,0.911987621365161,-0.254132071480336,0.693756751110943
"Sample_184",0.934863415528589,1.05406959227203,0.922403644903694,1.09241263240153,0.830707686902979,1.16517193431462,1.11079115271279,0.270085703834262,1.52096522509703,0.086082241973323,1.38636630145869,0.652312735494143,0.837749333031896,0.963720377110513,0.841066252557495,-0.3663419607406,0.32739821126753,1.05372253976494,0.416139869657711,1.14716592596666,1.15255476181663,-0.125272956944577,0.296991515499377,0.706455399033076,0.251748560190125,0.967196610876496,0.1167169068918,1.18073571173064,0.739029041018059,0.23799924850402,0.219999898744233,-1.31383095930816,-0.242639121580001,-0.450523875850146,-0.15451226640644,-0.198724782591517,-0.904005902734714,0.32408211026447,-0.878721492587043
"Sample_185",-0.127640446030119,-0.547608256312283,-0.900562079925951,-0.61933258544197,-1.03034592446416,-0.713092453777881,0.71771096728011,-0.502199130282016,0.0346187620365603,-0.0421787931218745,-0.384580946198196,0.606109523475739,0.407596539837416,0.558807472599877,0.980507267598252,0.652629714085573,0.746905906035452,1.05649659954126,-0.0134191147463435,0.162061494100609,0.278744037840191,-0.0387392910352956,-0.708884350623013,0.625246147589804,-0.185645020922916,1.10147431211104,-0.0042166507532494,0.189168128616806,1.09743810251507,0.526861779268896,0.25171999380155,-0.909492724329006,-0.0965728461859689,-0.427748313480999,-0.832783164383164,-0.398913702099253,-0.0452973154728581,-0.9764729619501,0.544538097543955
"Sample_186",-0.480935300603401,0.621088140379175,0.808358002926741,-0.494816953267118,-0.130721683148332,0.0176984138107162,0.280312506608857,0.0379492924209926,-0.754289633495402,0.0939336839713203,-1.32350855097881,0.0545360897331135,-1.75661809594076,-3.01277519214938,-1.16811098553443,-1.79680809219176,-2.58476908193515,-1.79431597736524,-1.25001239398847,-0.122380027716002,-0.044846917036826,-0.0904800328956968,0.385408258827362,-0.570097599852473,0.233268173099868,-0.538418640405338,-1.19706288246897,-0.954938662368657,-1.06536209485906,-0.544501358162811,-1.32666468092091,-0.105592377532336,-0.780286147961601,-0.806003552368458,-0.00348594734380286,0.886193667615484,0.353995792786191,0.50678435871277,-0.798499752561309
"Sample_187",0.0264905549920082,0.867899881714594,-0.646900159438401,1.05619122840078,0.328548474741187,-0.538207101783912,-0.129886167328712,0.274904681734377,-0.169493962309752,-0.167985712957101,0.186408999960166,0.0929928511711659,-0.336099846070104,-0.952850607374624,0.599056923693707,-0.686161701441143,-0.618554701009842,-0.0506071569551131,-0.418340387924992,0.325712247437921,0.0932575902193134,0.504223755750597,0.462679927971309,-0.562067398916284,-1.03886980960245,0.40215136150804,-0.00721224061020492,0.425656853302717,0.907892939302168,1.19906773051324,1.38306442007885,-0.307859957885979,-0.124610775284487,0.381618660887637,0.323427790490058,-0.0814406185246947,0.413461786128787,0.289967495741611,0.169915908285477
"Sample_188",-0.33930500644693,0.831343474022808,-0.0562769384112787,0.13290735767477,-0.256342461828877,0.167272684894116,0.200425850229784,0.183548544370698,-1.05163857011259,-0.225122082785899,0.410680669577047,-0.377766613948906,0.536278657109673,0.709416423203827,0.305944053047914,0.321084351737919,0.485622104876486,1.23319575200198,0.122732220461265,-0.305826362028766,0.997083443629553,-0.0618542504138736,0.416867150448254,-0.25287099467034,0.652754553426092,0.845751812908681,0.719087083095571,1.7443619575067,1.15364611838745,-0.26301585989566,0.433543522397973,0.951874780996971,0.656995179815363,1.16645287547422,0.981307098247518,1.58248397434221,1.467322414507,0.23907078283467,1.32994835643157
"Sample_189",0.980234293839872,-0.208972473300098,-0.309048489937748,0.131278094095455,0.48799183944706,1.13638056427093,0.84701581506772,1.04732708485494,0.818619746440769,1.84893458035779,1.05177414598388,0.115354906182252,-0.561732742625491,-0.0444375178125043,-0.164986200626026,-0.670121672592657,-0.515724997792818,-1.13732343349136,-0.396286384023394,-1.41308878892452,0.612405520812833,-0.256291949164138,-0.175503908224058,-1.33684522202065,-0.406090351044627,-0.658658277365284,0.287165456124258,0.0462134813815732,-0.183477791390128,0.442547996516264,-0.144962823605252,-0.874415056122251,-1.37870114939264,-0.69118848736884,0.545379290881267,0.197305440592081,-1.19242909963965,0.101020986633267,-0.78308643497006
"Sample_190",-0.130000326374629,0.460880625012964,-0.207128365793064,-0.77873643461383,0.555064697887295,0.148075403841288,0.644744597768718,0.993784766069468,1.36851889034999,1.17905084965941,1.24883542711538,0.620991154642777,2.49838811228987,0.453751102587391,1.44457102433458,0.989173363464094,1.83040641580496,1.17856069575719,1.28207144721483,0.43268138664724,1.31857194907119,0.196229536915527,0.576469162682433,-0.0863552972148658,-0.723718907230301,0.185432531741099,0.0952081496610727,-0.168547006214467,-0.0568132860639063,0.288520837112636,0.173991065694869,-0.416931680225043,0.479196860154325,0.0233760103603413,-0.78643949976821,0.467962340576895,0.121651219493519,-0.619389886149225,0.921420921844028
"Sample_191",-1.02936125360443,-1.15884877819574,-0.0822439829199701,-0.55003222840001,-0.630212591499471,-0.922947564071385,-0.0253013163095411,1.27123149513552,0.743249071435041,0.953881937945704,0.28150550800006,0.441220676200461,1.10168314515444,0.61469859020896,0.699326635874396,-0.663537995292315,-0.239168154728794,0.420150348694925,-0.828789246311437,1.00878006747939,-0.512858694092198,0.286701449194153,0.630269717622737,1.55499674971035,0.919061958041201,0.77462992675138,0.11881549320546,0.547432206070716,0.264957005033642,1.34052549016375,0.64585867100149,-0.0115523203727184,-0.745707313993444,-0.147564547545589,0.323963295792673,0.832339022269881,0.10693174059519,-0.674702731899769,0.529955171235951
"Sample_192",-0.851517100427239,0.277982983819987,0.296499848469239,-0.906044164170445,-0.0462371103043092,-0.220904506272947,-0.973878601052197,0.245243134567895,-0.593213473365987,0.407698959073066,-0.741941521819344,0.163756767826047,-0.35617592512749,-1.72399307358965,0.105161002041375,0.112698193813272,-0.592995808172418,0.0188712661316688,0.365919713665072,-0.701192584700822,-0.133597226329706,0.660911220622469,-0.462782112712197,0.76208497070777,0.487879875181386,0.00362759986964761,0.081856984949533,0.204468502895748,-0.331361938313921,0.175696356514443,0.839698383365658,-1.39245798856128,-0.527392430602512,-0.614284559595781,-1.09175622271109,-0.329671699879048,-0.778452123559555,-0.6180247792117,-0.59447498940172
"Sample_193",0.219693146647816,-1.32180454043599,-0.0227087126287767,-0.472509845634495,-0.636223267159814,-0.536937423968777,-1.41532140196696,-0.650091142531411,-0.852336590299061,-1.00780541559376,-0.220554202042621,-0.396794992723594,0.066160458666684,1.88055313746918,0.97119604767261,0.900544109279614,1.42510534595465,0.41412353553207,1.50738409313506,0.214453649211685,0.120387017568313,0.403237618268155,1.1845598190232,1.87849744062878,0.614217478593077,-0.452243387752557,-1.31561105303929,-0.728429582247484,-0.267835908343232,-0.191982629491764,0.0585475487747751,0.267766893550193,0.232895239254763,0.78315235195441,0.782223044937873,1.21831468691462,-0.0718712583837521,-1.02497674654404,-0.670279627972986
"Sample_194",0.05666209905358,1.14175178126345,0.755224919200075,1.73580793614419,0.894471707349274,2.05764319063732,0.799246680917944,1.26581728713812,1.3221013870127,0.838378143945718,0.69877989368859,0.502003924848509,-1.66316277812131,-1.20528171670045,-1.90383423553646,-1.94757493260279,-2.52490277102415,-1.31993983322286,-0.936253664543661,-1.85628153907822,-1.7904945468033,-0.870576789020025,-2.92679237217331,-1.53474499010071,-1.79431850747983,0.233233162156985,0.0852338321947331,-0.193075480146278,0.324319713779324,0.952434673000201,0.471318862928125,1.0181191191192,2.15340565412704,1.71325807622197,1.54575550325547,2.40886069243067,1.81501603212914,0.805860908835239,0.754566015539479
"Sample_195",-0.108598064754585,-0.393848873517572,-0.96873944147894,-1.42954206500341,-1.48246961353583,-0.0367018814681261,-0.11687876146009,-0.134676601305632,0.332463136746966,-0.406863138142916,1.59982866938189,-0.142687650218669,-0.325571892177092,0.0786751432703367,-0.752964767679579,-0.205715141955659,-0.434060432218777,0.338317005793873,-0.866788990040403,0.52811659398523,0.904719084348399,-0.195844627498285,0.119282330815743,0.340254692010016,0.445058766534987,-1.22688953252719,-0.376235041671545,-0.401427933594561,-1.21219070691749,-0.939057000632203,-0.774376152472598,1.08041299805781,-0.697366397964988,0.683393696886382,-0.128817769248701,0.48554196989258,0.876948463515132,-0.81818961237886,-0.465477489334535
"Sample_196",-1.1837976863223,-0.078356273477862,-0.369520608706205,-0.445534976235268,0.290310918246491,-0.133052050626341,-0.812784318706362,-0.544336991706552,-1.13044782965695,-0.384457158243438,-0.511937876263825,0.15792207008532,0.814937848598227,0.142193717137876,1.14210848026368,0.533283819880646,0.934877053216698,0.771420250552001,0.629454052202263,0.0790103701982237,-0.47967363884652,-0.234834729712149,-0.0238723968215845,-0.8371688269214,-0.0364601396638982,-1.11099088166359,-0.0259056229306802,-1.17675848581586,-1.71750877784966,-1.01721676843074,-1.77099841767651,-0.385806135747878,0.0219081748611324,-0.108897286190867,0.513170537719832,0.494206495541403,0.416245222256814,-0.672372337831852,-0.311292582618409
"Sample_197",0.913690850921802,0.0161767099287387,0.520839612806624,-0.926697627065395,0.22861564985153,1.02090425634104,-0.557778401343946,0.824590720868679,0.478575405473653,0.632103587167282,0.0417824678692302,0.331995392101934,-0.890641175594543,-1.30723763504118,-0.798320908482522,-0.513583904383466,0.235303676381955,0.590161279199841,-1.2038524864852,1.87669874786791,0.614945136078184,1.36602272463353,2.28350277931703,0.835801771440221,2.27186056371935,-0.941296704846938,-1.24592165461498,-0.529489812575837,-1.50110668036323,0.167015442402099,0.309314753011509,0.0613059478829638,-0.477922191324641,-0.899721675942145,0.120768551952456,-0.417932861105668,-0.614338090429974,-0.513721196922633,-0.441375490872984
"Sample_198",0.668241484940802,0.286425368072811,0.72722347040009,0.327961338290203,0.889561704900061,1.05633484853236,0.479529486103123,0.628496317697413,0.00439122518419949,-0.145402733532057,-0.264578777301495,1.23237448104334,0.591643317737103,0.406246493109126,0.265722454008,0.677474251041311,0.462003984483049,0.987425460026385,-0.0895013732957455,0.00275505633049367,0.527621033706238,1.06976987216862,0.39377304607067,0.644240133029895,0.434015294327007,-1.25534109970172,-0.516018907396571,-1.00979150606391,-1.48321842292688,-1.52323326923282,-0.379266725975335,0.493798904600578,0.0386956890217216,-0.206372851288734,1.44502209933108,0.171381035200586,-0.303183491070899,-0.364766471530605,-0.804782158783182
"Sample_199",-1.74715167658009,-1.974448556746,-1.92490310528435,-2.14898629576318,-1.9655152028191,-1.18017110748174,-1.32547123162991,-1.35214954771753,-0.8493915361162,-0.988974894714072,0.122469053850098,-1.13722028009506,0.441205577839655,1.10980253052182,0.892628411748781,0.0913427164658408,-0.0777709962801552,0.70837154074119,0.0194407887288599,0.27719031017574,0.129518049514489,-0.0775643874971844,-0.404352869817478,-0.720946960011435,0.641311689589034,-1.58524390171077,-0.606621206873919,-0.748781689271667,-0.868754027499528,0.184589662630401,-0.676164148232389,-0.922172997030936,-0.845137672193788,-0.141067932451959,-0.828505850010823,-2.03176324348702,-0.311306485079492,-2.39042401237053,-0.401580952720847
"Sample_200",0.549020627822655,0.588421056795393,1.10498951571526,-0.221608283897517,1.21719330807471,0.583288348731778,1.05056827014083,1.57945317571326,1.97066843792295,1.70832937944548,1.36054499455592,0.647798840264771,-0.568817729171793,-0.0676215918771754,-1.08810250201393,0.315884120837562,0.797032398971643,0.123453741245357,-0.113671506164783,-0.617012342053089,0.13265765756973,-0.503606622957599,-0.0213563666570681,-0.862532556333762,-0.483251676522248,0.813748809048387,1.26409243351213,0.638043837178445,1.0041880670285,0.315671454822584,0.871189297274949,1.72899295078567,1.99122146714324,1.32113594015688,1.11839711688528,1.67295571686892,1.03521583124089,0.844368749287232,2.21690643541447
"Sample_201",-0.164427507078752,0.241652531567934,0.101163629468942,-0.230913223313828,0.920492753558671,-0.00257034472036118,-0.19014065878259,-0.959791242890327,-0.283031838743361,0.33552458642664,0.164951111472525,-0.201469009238932,-1.04361376151162,-0.233995895931902,0.00723615104604447,-0.859901397491831,-1.10599307460718,-0.943358317467616,-1.05685974136115,0.444519034627934,-0.420355092063894,0.674107223370786,-0.512945683661607,-0.313913647696581,-0.0160105440899695,-1.25429191732436,-1.17630741612593,-0.691479925088947,-1.26761522594936,-1.05092492340905,-1.88293524813806,0.528123819122938,0.24054182923755,0.748862991983334,0.490817337506023,-0.83516769075183,0.533301764367621,-0.995265047888385,1.02698331552009
"Sample_202",0.597926355794202,1.11293379028883,0.725853453008556,0.507812522134508,0.0325729876037887,0.908973999991809,0.324386307313802,0.643806847178221,0.0454389138863803,-0.249203540143773,-0.344729789625564,0.466874567999802,0.818246321827795,-0.960686991020219,-0.419911730683051,0.0790657712847538,-0.533566232239822,-0.65753451160522,-0.266095976123347,-0.40279290284518,-1.64380395702131,-1.12145645726552,-1.78632907199599,-0.370016637144814,-0.510094064833932,-0.951787714518301,-1.11973526772847,0.000775433559147332,-0.50828936768366,-0.618700975447978,0.303923687221055,0.45367540012302,0.70090155823088,0.432511032192583,0.464179234220319,0.775282395097746,-0.208727518224286,1.36422451332434,-1.32827885984269
"Sample_203",1.04513477121231,1.25556636207353,0.222852907608178,1.05293173389128,1.70659242025028,0.70364595155821,1.37144355773722,0.657327793401781,0.648527563038099,1.04805968407123,1.29315864033794,1.88048751364919,-0.0824445651691937,0.157345456919078,-0.914343971522628,-0.649443710375272,-0.101506770750964,-1.06211167719454,-0.182830290470221,-2.14980730108351,-2.45901794913799,-1.54146866168019,-1.23184735529654,-1.88518145164233,-1.3823300211395,-2.29557761317185,-1.3557109016801,-1.94948462822362,-1.09686718015593,-1.24233870811971,-1.90397452816677,0.810850679324938,-0.322780173658779,-0.198091865705671,-0.440970734808724,0.284758939392392,-1.52435704395331,1.77276947247568,-1.34193307374883
"Sample_204",0.521157367198405,-0.416971087379987,0.0732061010075105,-0.231933279010031,-0.917324116438692,-0.540973737109804,-1.31511626231286,-0.453189104999921,-1.34743400778574,-1.49041092966295,-0.186587722564852,-0.79838415359209,-0.35027948296456,-0.457461595889476,-0.450808181225383,-0.0791443172448997,0.325651996131944,-0.983483446683568,-0.434236688892466,1.29071768397922,-0.159654455400191,-0.80256235063769,-0.435510849140893,-0.175902398315191,-0.2904176723862,-0.327556365254409,-0.509708965387359,-1.51665580592752,-1.09672793352341,-0.9333430531781,0.367057133843937,-1.6765411675854,-0.837713523025911,0.264387950390648,-0.62259620871849,-1.01749996702233,-0.510567938910054,0.0499537102106586,-1.25440966706858
"Sample_205",-0.88621173716318,-0.57264946336706,-0.496612225780695,-1.54074136482636,-0.775340680259324,-1.19748993777138,-0.615333130692199,-0.561745096346146,-0.760984938807911,0.0975942895892233,0.100148658455544,0.280695209778081,-0.102343348270449,-0.927578040564356,-0.312739491089216,0.933342568268661,-0.85222269550002,-0.86658410871905,-0.275884381512434,-0.763613147914137,-0.857406829206035,-0.247330291037105,-0.134195763180222,-1.14768467086947,-0.381332338819151,-0.438682281615841,-0.40388421971836,-0.635637365187274,-0.417541361387036,-0.283851254521829,0.633728765653281,-0.105723096669975,-0.0505649992683629,-1.50741531896946,-1.62894549545303,-1.35697252842763,0.362883768409881,-1.05908894334329,0.0836741768708988
"Sample_206",0.246581983778262,0.286365716186026,0.835167072893005,0.992023775399435,0.279900175828534,0.139940536146261,1.29469402850768,1.89288298508383,0.852364997032088,0.77870334705691,0.703638038491153,0.293553581378037,-0.330012472688935,-1.10769810269448,-0.236396370921361,-0.360837321090839,-0.452163974582932,-1.33981633243031,-0.337590469732146,-0.558919411092348,-0.958988112120833,-0.492440624282659,-0.616675910794449,-0.521881142780575,-1.5049266420755,0.446017260595611,0.760000931839615,0.41202418902481,0.907371829957963,0.21505743354846,-0.186240010739254,-1.15587309950101,-0.85101611111363,-0.357745883013678,-0.586572811366317,-0.211288518685248,-0.615467233091966,0.907467164662522,-0.656764741118241
"Sample_207",-0.835917178459813,-0.783133113136676,0.0220803255679554,0.269453705140664,-0.482062410771617,0.160821534019106,-0.581727162945722,-0.950166425402155,-1.12260564726199,-0.167152982653288,0.0378033572702765,-0.226055259271537,-0.329037544583985,-0.51160928005253,0.10248233626075,-1.08986095334623,0.283688767384967,0.106347471420822,-0.694687597229025,-0.289818611892995,-0.677205827759112,-0.197726779592988,-0.375527025662951,-0.736559611476411,0.322883388261785,-0.461125866187889,0.190728041198742,0.381778133645648,0.556559432381971,0.0560878381943181,-1.00447609360227,0.242691178072369,0.467501402583263,0.0245048817005933,0.0661767181876259,-1.07764855565419,0.680605153544218,0.278529312119603,-0.555506638839403
"Sample_208",1.05882422321702,2.1795622493614,1.63483384499692,1.75383728222458,1.40012639919631,1.63303642867779,1.119631978693,0.86919815868857,1.4226867308939,0.377359857369813,0.355063371074527,1.31597857464705,-0.505764292340699,-1.77850010165924,-1.33073590979905,-1.86228979461691,-1.43197939601248,-1.95656468747862,-0.137920338703621,-1.8159440904976,-0.401150875974195,-0.362953206091003,-1.06611861431338,-1.19085928965105,-0.735670569979476,-1.79417167041255,-1.22271789906556,-1.05055613649299,-1.06103457953141,-0.664461401198257,-0.101048880471491,-0.243639698861747,-0.647333148887252,-0.228493286865439,-0.173866602569952,-1.15095957689939,-1.74746538141661,1.80098136222945,-1.81070622616198
"Sample_209",0.777702817398114,-0.77262835942804,0.551156630648947,0.40028848741536,0.672965462149979,0.549498447327059,-0.484010296805568,-0.345927961760226,-0.646386204775673,-0.580708923624602,-0.574732646629275,-1.24318486467723,0.118771294245704,-0.711574521188699,-0.987583931020915,0.291126493845274,-1.3124901502671,-0.318983126372922,-0.0294956819140831,-0.9322688832847,-1.27956739357591,-0.359754070506026,-1.12549269479776,-1.1007034605666,-1.7501505160144,-0.686003871749171,-0.341321924965082,-0.273669103630381,-1.57629934544505,-0.834082028762727,-0.829511390281199,-0.208263904753763,-1.38436210618833,-2.02685801133178,-0.636941696247412,-1.64854736553589,-1.06884362969011,1.18370081708439,-0.962056349848564
"Sample_210",0.833957889961597,1.02992273366392,1.01556122250178,1.27101786343637,0.797321080021355,0.710599757104244,2.02557726813756,1.5492088197722,1.26258591520817,1.768148814229,0.987454677539241,2.42475107110919,-1.86587465939412,-0.789216916921307,-0.618273594470637,-1.85612515025193,-0.450110140337152,-1.01293698237096,-0.77072251751042,-0.111338259888725,-1.17107377219949,-0.220336767518244,-0.0388689923328434,-1.2918817089754,-0.629289337387613,1.27815834001696,0.653748443505639,0.985310260662337,1.63176910075253,0.285830455761292,-0.665520527369232,0.157930775410596,1.13874460484666,2.24191363810395,0.578619138570662,1.45181544961059,1.08225081433779,1.29965587084479,1.57546472371396
"Sample_211",-2.47556351869038,-0.764462193391476,-0.843224404619395,-1.50310406690767,-0.375140663193835,-1.1011866981789,1.30733680092011,1.02935411039795,-0.272030765730456,0.394344599799032,1.20300060383023,2.22381957331109,1.15575486013978,1.18599402279474,1.35830443058848,1.43973847526021,3.02463828254029,2.48990113333802,0.940775874493872,1.24358047288593,0.987054877567584,1.05519493636726,1.947853139529,1.47392854377127,1.64540299742325,0.915401512698841,1.37342900297445,0.722540531910962,1.1949734578972,0.599251784125858,1.35718572250472,-0.139416245161471,0.113800004955071,-0.0717133883772481,-1.00238518334057,-0.386313708424406,0.211656941612727,-1.19896804555894,0.488820748511361
"Sample_212",-0.169662057824934,0.0347555235620502,-0.119384082671538,-0.0548971959706105,-0.601880667910931,-0.676707138284177,0.484803418585099,0.431129402631287,-0.256726938727824,-0.0314769217895866,0.809097426615946,1.09935070163248,0.571159475428642,0.343855274367733,0.660806311625084,1.28573595666516,0.888948340080147,0.918208236322967,-0.133343906309161,-1.04648056123384,-0.692132748419529,-0.726726032448041,0.183611738198278,0.366316324451667,0.522534227144824,-0.4069278702801,0.617516565863651,0.45302298441021,-0.198460901542674,0.110663247777673,-0.673511481972719,-0.669991424483121,-1.13689984718926,-0.389291503683806,-1.24835504281374,-0.288555365150222,-0.782367767594409,-0.443472499164259,-0.559972468307492
"Sample_213",1.517318020012,0.665612707677293,1.55147036256903,1.31667524306358,-0.0307673449142204,1.46125698517988,-0.396697284968265,-0.102223643821577,-0.360526284090885,-0.560609695791334,-0.998590076390911,-0.295484664193318,-0.747022424308045,-0.956812003827285,-0.542731989521452,-0.754463393483411,-1.09630095706731,-0.692587587613314,-0.469260545820608,-1.93820730167585,-0.986505455994071,-2.16788763443159,-2.14100644547703,-2.15315816559224,-1.38162144695101,-2.1470725206747,-1.32980610041193,-0.906037337220998,-1.59839638024909,-2.21537355123764,-0.854006386780921,-1.25658969316758,-1.68936428947037,-0.543064483120612,-0.883657566791563,-1.33720561424301,-0.579167104086233,0.980204047203868,-2.04811563542552
"Sample_214",0.117473393983866,0.430161073057756,-0.0794905977626394,0.203754469085061,-0.780141524293473,-0.487909917333988,0.335602862864674,0.58715695220317,0.78988998538607,-0.737095130448199,0.316879386235796,0.604302939459903,0.249721603470662,0.142608443024718,0.605951741754508,0.5514602322097,1.08136455896295,0.355757493387597,-0.244318023191858,1.17289297171648,-1.02804665158904,0.109435379183397,1.19081348264371,0.925195776002991,0.279731206884649,0.295957710752114,0.0941414281075813,-0.0401196302428385,0.299983815003892,-1.01061952569084,0.376943189121622,0.737848918917382,0.524111944139662,-0.258783668164038,0.967990551043212,0.537037554099809,0.434516874741376,-0.223628554698628,0.999268090578266
"Sample_215",1.24419748867777,0.487694331176412,0.809816254713253,0.910511178921398,1.16011273248513,0.872314184521716,0.124928272047715,-0.260714636384801,-0.465266148884074,-0.0940058427546284,-0.185734381786508,-0.767491396482568,1.48673094856899,0.808792365365524,0.662325575327066,0.600295492146482,0.17048428112639,0.618499112451903,0.283248692772237,-0.545619478323597,-0.645031076007627,0.11621738081968,-0.758271697229122,1.16603014788168,0.353500091772172,-2.03680187761411,-1.36347450338661,-1.66403409448942,-1.51804133916691,-1.21048501226419,-1.47557191734316,-0.810990146011589,-0.28584644804205,-0.291767374424457,-0.878864600212924,-0.251855378832296,-1.4577774511419,1.93305492295085,-0.967645075467615
"Sample_216",-0.593420361279029,-0.930530542786467,-0.0526974884149627,-0.718561211775435,-1.35819361372214,-0.771617980412875,0.0398803505809202,-1.18949910059673,-2.10046623810813,-0.0314928486017513,-1.29508511578585,-1.4700195039924,0.374653216854368,-0.162090182861042,0.684611256090327,-0.407555719116944,0.0303112135805311,0.314124580800992,0.307974862820541,0.457779395719993,-0.122938794980598,0.318175299836254,-0.991668697389194,0.410976302418308,-0.108026585018429,-1.55715047759255,-1.11417805616896,-1.26429570553256,-0.546921374253603,-0.166536052693467,-1.10508143095931,-1.24948143896524,-1.26161661939459,-1.39861784007459,-1.53065144470959,-1.01335845014803,-1.86776903794319,-0.36748498424921,-2.12024390815153
"Sample_217",0.869921308074276,1.18483338496719,0.740697847970465,0.70230251107051,1.4451972491907,0.381420908757217,0.781508605071279,0.619255213490082,0.702844848119537,0.989816837025369,1.06307029205929,0.977235704300569,0.903001288890194,-0.202928480516881,1.54448017912334,-0.361290744219549,0.350039349046616,0.288240725145125,0.57320092060895,-0.415010268914263,-0.579460371112128,-0.82406605858235,-1.0483641326591,-0.250033440262512,-0.0684477198367117,-1.16621426738704,-0.60619666388445,-0.866417098580138,-0.684355606108062,0.655810397791334,-0.236461280905208,-0.751773768682885,-0.553362946181139,-0.726573511268374,-0.705725030130417,-0.885277063686197,-0.583372719529604,1.5501197458128,-0.207105328743671
"Sample_218",0.336969131262824,0.864398762183466,1.0358282441555,2.26130642498804,-0.454121667732336,0.329347564112411,1.00397928418703,-0.195006076007219,-0.894029087259912,0.835180861195453,0.360439965068326,0.682468497416759,0.408067790820203,1.32172790998241,0.881387673086513,1.3435182713122,0.508591736147003,0.508521150124855,1.02917780568184,1.5891323160952,1.09885234082748,1.57748641232492,1.06620087619892,0.133628128160385,1.57034492578155,-0.821647468129029,-1.16979702148768,-1.84596433227528,0.0973507155802678,0.321936279776681,-0.373446715310723,-0.819328244015217,-1.27562273534837,-2.0633860387525,-1.44936779100103,-0.383507420224199,-1.09255752633938,0.943671876688144,-2.21618061034201
"Sample_219",0.111746457934154,-0.494092123278568,0.332549827562643,0.836899804110454,-0.275289867440648,0.228806325559037,0.746360800126906,-0.606341437116142,-0.943418276680931,-0.0511397469010599,-0.31653281635072,-0.959766313295506,0.182663063401215,-0.581239768344418,-0.13165221924815,0.874382728069528,0.653746356527091,-0.225830356664505,0.0667257279148785,0.158344195728156,-0.0469676496984511,0.700366222281593,0.858072695208548,0.412724714149145,-0.71384657498532,-0.185074687609973,-1.63933299325499,0.0398637038464151,-0.520195410910347,-0.962616712381956,0.202688923795186,0.11403727476687,-0.387882431061787,-0.529934478361681,-1.36135453046703,-1.07756399316311,-0.946318437060269,0.381911521030174,-1.01678266525295
"Sample_220",-1.80220443480534,-2.08619172253389,-1.62588763992437,-1.61543316625855,-2.80596219052129,-2.17579541936642,-1.92105049758908,-0.317710655192272,-1.34619172478311,-1.77533228224541,-0.422413365668217,-1.42645908066519,-0.129722584096683,2.22172771490236,0.919651277272135,1.10712027692113,0.612167546158357,1.0843162362215,0.797673895267616,1.05772302667148,0.634025876203232,1.02442751802708,1.18595639456165,2.41489714494673,0.668858816367318,-0.368951383739356,0.739805760444049,-0.519117917092957,-0.194717729429878,-0.459457987813622,-1.06285530065421,0.501602804556692,0.917347607458681,-0.147539984205041,0.454712972067873,0.522160731402171,0.509793650877912,-2.15999380046883,-0.506972032353381
"Sample_221",-0.37878300851217,-2.42008109486748,-1.68207673569164,-1.96680380425539,-1.98205426887228,-1.86179887173994,-0.981590278228144,-0.886082599410435,-2.08882960902486,-2.34685496042243,-1.52051089188067,-1.07928214021804,1.97802435708921,2.48486084221269,0.817867836267073,1.57673341956784,2.06869961447074,-0.0268482459241026,1.18526983798392,1.75987458981629,0.629031897262791,0.30535821606758,1.3821118541956,1.44561538292298,1.11083203528601,-0.921013586284321,-1.24717374835169,-0.112386987201227,-1.12555919785744,-0.544142586112556,-1.39364347676685,-0.0410059146693662,-0.0160659822479079,-0.216332159437389,0.121517190255749,0.461647621863252,1.54989450122286,-1.32672682237916,-0.0792736934949101
"Sample_222",0.0127348408808472,1.14484340786689,1.98741909027979,1.02286149986174,0.480081441557535,0.345942876383598,0.272781553766324,0.748224503667288,-0.21275762281625,1.04108133341127,0.404078263697802,0.646613325731652,-1.40747849972672,0.0732243011814305,-0.642073337792233,-0.84613217921603,-0.0389169492562196,-0.680005549582347,-1.05495831192467,-0.136543472368833,-0.412869419078977,0.342982796555609,1.29109323838162,0.239136913569216,-0.528656134747245,-0.428633122884242,-0.257986480005727,0.405394722942484,-0.823907119798053,0.945080191256868,0.86732114119531,-2.58924098760515,-3.06122792857366,-2.02764728021011,-3.04147931838881,-2.29627216826789,-1.9005668176414,0.867659146864697,-1.61372423570347
"Sample_223",1.12187552492643,0.174505906471967,0.447926011841513,1.10998185420429,0.301946794504084,1.89108256205386,-0.975682416288636,-0.617659848936124,-0.730978083115378,-1.38530980987178,0.102649532086262,0.0465147194771884,-0.259247132501722,0.00424618886476336,-0.277760558731539,-1.25599292022971,-0.513911035429955,-0.498450014207696,-0.978054186325468,0.595092107018946,0.211199796036496,0.2511422998492,1.52702649250982,0.658953508721655,0.16810347939181,-0.675535781182501,-1.43099780005552,-0.872655698852888,-1.35978039852777,0.00427700228607775,0.418086757798168,-1.20342850446041,-0.348691920585686,-1.31308213638111,-0.831911391477495,-1.21116491526577,-0.989940706884781,0.0344335644440649,-1.54121591287526
"Sample_224",-0.989106472443569,0.259883421661098,-1.70204557544277,-0.635634883453266,-0.449675805835613,-0.759742942129104,0.597834934321223,0.640033365613144,0.67306249012403,1.05005698600747,1.29680668860894,0.781040270333941,-1.40997315178749,-0.957819194467962,-0.843805462700926,0.853126535026402,-0.0390897669748109,0.224075450461788,-0.65118585962686,0.983037269070606,1.23999588400043,1.96219856273361,2.37292391438745,1.60975363529607,1.40660361951211,1.13815472454274,-0.102585149911419,1.48825538437901,0.690238365048426,0.546610988160303,0.513336282593903,1.58864326877194,1.45116920889163,1.27636264162725,1.09662068586922,1.53823773160629,1.08355359548492,-0.956713548944442,1.05264031771228
"Sample_225",-0.593583923122294,-1.92018683668547,-1.49057274403681,-1.49906311031158,-2.14460839184192,-1.16831008524114,-1.50193093688293,-0.984879318003274,-1.41508200327179,-0.0597114408296979,-0.900857545136004,-2.09226791711366,1.91260239248309,0.307956615846073,0.446653347339959,-0.0366315646099362,1.68097207968141,2.46371679350356,1.36412155858068,-0.00365633422379202,-0.41708681327488,0.245848191407415,-0.41362124419129,-1.04615507298538,0.147653360616477,-1.3913761683255,-0.893587031406891,-0.297356506647349,-1.43653187251465,-0.295289470539637,-1.03836801163754,-1.97432680246104,-1.41423184113173,-1.56895264992352,-1.75153259755477,-1.94447879915904,0.234398568733342,-2.24403675891706,-1.20258729793113
"Sample_226",-0.379271340696488,0.142873973442097,-0.177948605671804,0.274731220355578,-0.545763835150418,-0.098932985603034,0.165614100565967,0.692150314089502,0.792271041477955,0.651207830445157,0.219981001657531,0.360595458910023,-0.455182834050581,-2.04156291509762,-0.347864203109608,-0.147325993255705,-0.598663066111037,-1.59522077012048,-0.564783318911665,-0.857387293795915,-0.969195376030676,-0.862687666861933,-0.504667113691659,-0.425216064750538,-0.982522599381151,0.697343821759691,-0.536723207767928,0.464235246965644,-0.145873156193189,0.325414706031181,-0.320431957221568,0.482829044542792,-0.119023094546769,-0.408232140743553,0.432578843635601,0.818339561595384,0.94130197324488,-0.097581500969383,0.274032555292866
"Sample_227",1.20801109240469,0.937843852712021,2.04483186737206,0.822611493478217,0.759664925508751,1.43637542450878,0.752573685389585,-0.583050247268121,0.70848453478553,-0.418397172719125,0.075815638033168,0.329912838002993,-1.33442462652611,-2.01276956030379,-2.46472956251327,-1.10497681798429,-1.73766611131179,-0.808777029542616,-1.02544596389479,-0.996704061008173,0.0597728325011861,-0.772205317815425,-0.551763662303804,-1.22158022191587,0.359786725512709,-0.359873543673529,-0.52577619957976,0.028807173874237,-1.00707930338119,-0.396276244360375,0.239726392646725,0.371035507784738,0.234160572661285,0.863048276872685,0.768284525087219,0.314582837573507,0.445018048825272,2.37375583404308,1.12893160356338
"Sample_228",0.964738808670964,-0.0126107943148924,0.694827861698744,1.1728975546215,1.30419344340914,0.97581235598913,-1.67053413395135,-0.485169632547679,-0.256433847017277,0.0393744011665786,-0.388577461715506,1.2730284400314,-0.248896299839692,0.300442283240353,0.920570085205667,0.0278604009089166,0.534769219219159,-0.21246896620275,0.276771610010723,-0.704399672974852,-1.12258436747118,-1.54455371072503,-0.13743724656627,-0.901224953440545,-1.86509966933886,-0.206121386239428,-1.08347041286483,-0.545655650573888,-0.63908437795209,0.0161899943648574,-0.0653946729083902,-0.0861101017779616,-0.282301013703062,0.611027845751741,-0.383396487649863,0.639625051517238,-0.749554055516823,1.62290583367339,0.205252713225753
"Sample_229",-0.833126522416597,-1.62240412508461,-1.86247887187801,-1.35725938638218,-2.16485256652992,-1.54968862076483,-1.02140867222992,-1.68135262711652,-1.77063358573142,-1.47168717156268,-0.634362492119144,-0.773758275425299,0.628702254712876,1.87577702811135,1.24879208320901,1.92764697940411,2.1581024360607,2.12667465641136,0.912845456877902,1.80418253881656,1.70862266360571,1.62529439066045,2.08232701159594,1.51722974562735,1.16261502699253,0.206884111094658,0.409707320645444,-0.133480860830785,0.0909694608571055,-0.877802150080397,1.094751264077,0.139596135385532,-0.469236266433069,0.764975360429659,0.241107577158894,-1.69255688267077,-0.813236964222637,-1.7534201929099,0.577294548405896
"Sample_230",1.42302053512152,1.53996950436572,0.959013183312743,0.731971113377894,1.10082205094443,1.37280574481491,0.15130550506639,-0.651138856844292,-0.00914725839838504,0.531175245024469,-0.108052378664651,-0.538267135050594,1.49107697115297,1.6305871997058,0.612106639183802,0.672374041850913,2.14624448204419,1.7533320546897,1.72952350992047,0.0664567125655615,0.605944274583305,-0.168134019277968,0.162029955781599,-0.212256351978069,-0.309338086541565,0.961107847389593,-0.0340810735144965,0.744724163576094,0.971920165473913,1.12129168755955,0.397470144560972,0.389972166406379,-0.292065589646731,-0.503273202073078,-0.391640760362528,0.0837234650249088,-0.452391851694469,0.845870086585347,-1.42810786687194
"Sample_231",-1.16933496658507,-0.189862246669414,-1.7288808612204,-0.506469305134185,0.0229596662762926,-0.230851186399124,0.578956701145961,0.62570613226861,-0.0900879628564173,-0.338907878170439,0.732365360206093,0.618451026326296,0.294758873074864,-0.55697854153113,0.562230374937996,0.589549689912752,0.870527042053651,1.15780897574465,0.544910120044224,0.0578389839419982,-0.199259829840267,-1.60471293328267,0.605059143127072,0.208349671032263,0.278345325905679,-1.07028359158261,-0.48710395572541,0.535661454548342,-0.17440318468864,0.556275366192313,1.10927505154875,0.215100994516388,-1.42359634275488,-0.659330310554912,-0.600332014031128,-0.146131118768487,-0.340668713227728,-0.73248651418484,-0.409752937557594
"Sample_232",0.568125709409741,0.261730989029881,-0.517128114995674,0.0159558837813056,-0.909171413167313,0.114413610955555,-0.711182728982341,-0.55935724348788,-0.084002501526186,0.428542708179354,-1.19805159392672,-0.300132411589424,-0.0949646966565368,-0.557388337008869,-0.978339883844104,0.246897937001151,-0.26607507649762,-0.0663547373137566,-0.148324316784077,0.365400133060184,1.2893303653555,1.87931341072293,1.77532001121122,2.00248068497116,0.552389252816107,1.33877535498713,1.17531488828356,-0.305670588335341,0.876227825947119,0.956665793638339,0.654454965929761,0.40775997131246,0.506067209194744,-0.305000953995002,0.624694999691936,1.23993279449704,0.239485754004316,-0.163653118931953,0.366410338750874
"Sample_233",-1.99644328053514,-0.193791776739662,-1.61246742725083,-1.72994656128387,-1.16870251211827,-0.700061968716934,-0.131367972157044,1.00739169833671,1.23347108261014,-0.114052210855201,0.612913480677623,-0.393119951424669,1.22747341869945,1.27702875344468,-0.063479501270033,0.397976204376273,1.1561088634104,1.645447114088,0.305423859962854,-0.0260665160947238,0.27762000098149,-0.214120655322756,-1.28834558427839,-0.404794220256401,-0.913770061357648,0.00154136541399957,-0.481572367394861,0.252972050539546,0.358513162618412,-0.184752004104768,-0.74618297615538,0.27378209804588,-0.539137624358627,0.940262335828926,-0.696627030208668,-0.0874663386549159,0.67665794710801,-1.33323148125889,0.834172753596913
"Sample_234",-1.83550165955647,-1.32243328803939,-1.25058422910457,-1.8643963054305,-1.11602432609561,-1.31940230580572,-0.243007476372607,-1.08701192847501,0.327673019413215,-0.0647892071400111,-0.344056659294061,-0.984372600393036,0.881597297842073,2.00599825073641,0.609631770974111,1.52320800043264,2.00108526355765,2.26706533058347,1.06095776158576,1.03929740795325,1.70975918178058,1.52416522156229,2.44582537683102,1.43266876948275,1.82644428395103,0.161187382563456,0.665659188979651,0.733608460203698,0.518000137484381,0.0987894309378937,-0.800761611958736,-0.851768863801939,0.520299743070963,0.680599039883057,0.317526015784327,-0.0195195025503398,0.315475549254621,-1.04294851630438,0.794736268587161
"Sample_235",0.0971093150883836,-0.249446064350403,0.365962865479827,-0.0846775403222988,-0.586670574900298,-0.218430628830334,-1.22447514235108,-0.741403128638836,-0.0753109865622024,-1.19983838777654,-1.39010096784181,-1.83592461420473,-0.212267271246229,-1.23061277812006,-1.96655106241065,-0.609344232895368,-0.716074317250618,0.317630049665489,-0.937667588837713,0.486407602531796,-0.384121092405837,-0.742712994022445,0.123507080718358,-0.632667008790203,-0.278570503371539,-0.165298335894557,-0.66631740703307,-0.208555725017399,-1.05380496149635,0.0908990638924008,0.0929394975775831,-0.958584099138615,0.088075920904193,1.12817420752047,0.649307865408402,0.27672880785907,0.346798265306502,0.73828205546729,-0.118224636352278
"Sample_236",1.4271741282163,0.0881551123646584,-0.126911900525887,0.552895231193524,-0.365159748574938,-0.0997993152108483,0.114302119258135,-0.0116938228276359,-0.332264816830777,0.543914325170394,-0.450911228168524,0.079180528422618,-1.76886937932651,-0.628114293821076,-1.07481261480038,-0.394383013860588,-0.860903245134026,-0.859914515872075,-0.795722952778003,0.0844375034307927,0.175407492981638,1.1844675421825,-0.0888785446799688,-0.0175388619288153,1.01170680481787,-0.818286900317686,-0.179120959774393,-0.923671722109673,-0.454021129244413,0.581741669649885,0.089617662866142,-0.140189391405731,0.126281695063837,-0.00367604219400575,-0.354232811557038,-0.81692166075412,-0.464665585909544,0.42848954082844,-0.752503533852419
"Sample_237",-0.0269315600955698,0.490075056283126,-0.309427597882486,-0.444507501253498,-1.13415010226047,0.466427804696426,-0.707430168515981,-0.299747363332322,-0.790864401214784,0.268675371214828,-0.906504065563384,-0.707123225680385,-1.02757617838511,-0.87609556769034,-1.07446092732566,-0.0626487992993902,-1.30351757454392,-1.15748874288109,-0.924021142520112,1.21696568019941,0.656976558229383,1.51610225885786,1.48264561358501,0.0686860058894979,1.5179862608151,0.300278491334138,-0.347277156084312,0.479455852095137,0.497990292536817,0.482706924729706,-0.114292446654126,-0.343447638218093,-0.483864845802133,0.426421858369823,-0.305936496118151,0.330363448883808,-0.600598599729883,-0.891329677170716,0.780794422475034
"Sample_238",1.54074940902324,1.12244624310663,0.915160816825246,0.43162446984253,1.30148449616575,0.172488389491589,0.244384076322226,-0.805290852324696,-1.48447500772612,-1.05968208439475,-1.37551600665905,0.116726505560943,-0.188490449954211,-0.210562151959203,0.180224106937633,0.371173354819468,-0.140280721277146,0.304275322529322,0.0822422685140349,-0.771211867606533,0.169244814696917,-0.129258673121083,-0.221952988825325,-1.35523358887747,0.92247468438604,0.232699991809445,0.206003642052305,-0.312410075671913,0.522993479818741,0.253776308392241,0.505322005713674,0.019580143214028,0.427596600354509,0.677864085419229,1.03785565692451,1.17207198770728,0.859324782856771,0.378636057155644,0.26461732819897
"Sample_239",-2.00578979217577,-1.86484206280724,-1.91220003476082,-1.97179312588388,-1.87176371200571,-1.71333946167145,-1.76380748482537,-1.52229895546778,-0.491552559662844,-1.38786378130461,-0.915934767898764,-1.28492791413112,0.796177543016549,0.91865510025247,1.76758835501134,0.580268042464218,1.58047943530981,0.77146377031142,1.06469008273929,0.417654410066295,0.779952806855369,0.239189569628308,0.867289711617977,-0.786964528938154,0.492493763842982,-0.271379354546446,-0.607822893482885,-0.284496613361652,-0.962684164408042,-0.677137654511164,-0.313209161577233,-0.780870558137963,-0.374366169474892,-0.125832971243178,-0.136858733684303,-0.991192547220001,-0.68715485070024,-0.730488895210995,-0.533989544004017
"Sample_240",0.932418038613671,-0.772197689425335,0.492763422563063,0.431895746715392,0.480501644764092,0.298656055220431,-2.23470478836852,-1.18058124924366,-0.815650897725894,-0.883192587197607,-0.707739781603054,-0.96799104881562,1.38481975895623,1.03494063785987,0.199319216522662,-0.246041273956164,0.404822213365001,0.0982398940373616,0.381167718327376,0.692106787875759,0.740602664431145,0.105344553635459,-0.446827461564155,0.317045334871388,0.546671173279135,-0.889912646237259,-0.271423976006168,-0.573530718738172,-1.61961780911415,-0.504917221371823,-1.57149051689885,1.33468412843173,0.638470082914268,1.18654686829812,1.22999075511636,0.101974251166786,0.185554216072287,-0.0826685100264855,-0.164947588255431
"Sample_241",1.02816623128875,1.20902379831458,0.586733579604706,0.160867441903209,0.588662553425622,0.0854535614883123,-1.05017787823962,-0.0687312360442477,-0.127207517556258,-0.482719768197493,-0.494782559034716,0.266842926970689,-0.733607235938837,0.319090679970243,-0.880595099478422,0.378406274836841,-0.112166476803955,-0.717424375412859,0.023121543306013,1.0348240022781,0.7765887753624,1.48778725751563,1.42631554574469,1.13483291248825,1.19790304384499,1.05867297583036,0.546655281419819,3.16359863232202,1.53854623338072,1.91676674271356,1.8835034964795,-0.134089876614091,0.693050995555678,0.529133905162772,1.07547125656997,-0.219385713962826,0.295148795146446,0.0555730951206462,0.721985259149561
"Sample_242",-0.269441004981094,1.52240350739239,0.826313721843823,0.828610359396204,0.686010473355816,0.473990620334119,0.876434139878666,0.773364188285512,1.15480540664709,-0.216574500594368,0.830334081000629,-0.417373953708013,0.747525542667353,0.853749281462343,1.9464103892442,1.04047203475865,0.325317836992561,0.337617015395479,0.565856427787854,-0.666962672517707,-0.0526233282658358,-1.6614152216304,-0.410795765830542,-0.861834863559867,-0.344237820556954,0.757713851784465,0.100626701136782,-0.562296743281492,-0.169607816850871,0.315390976710356,-0.306155417788692,0.515694141723086,1.02014115237952,1.04269793146294,0.92460182057988,1.09294687548643,1.09918013798493,0.53231874711759,1.13446971080381
"Sample_243",0.465975496732787,-0.39918362175312,0.212792873958638,0.337157095722719,0.280354604026458,-0.212435065315774,-1.54753951287999,-1.15424223773203,-1.22537993741589,-1.19847663583614,-0.643903686176335,-1.19680523275728,0.478286682392332,1.11909848596572,-0.803439567281266,0.789908114819815,1.07058174283391,1.16994032615644,-0.0610992253048392,0.832504818307723,1.00857663403215,1.71137246918051,1.06511738835715,0.486059915640592,1.19195095947676,-0.341828842368801,0.040373948343036,-0.232710556821243,0.0859243650483543,0.516844319022057,0.502513585515356,0.353673361839063,-0.217153832647997,-0.79641679575724,0.704062026859682,0.17765149514031,0.212480118600728,0.0917436319909384,0.806243453486533
"Sample_244",-1.04197461692686,-0.122221711699487,-0.929398000839732,-0.741009045561214,-1.4317502266858,-0.706678835837202,-1.13572227125898,-2.18241028587202,-0.788721638750034,-0.518635580347153,-1.61942096490337,-1.14338508015207,2.33653029803923,3.22601087332024,2.74346984305033,1.83829391964383,2.21114895258695,1.91060616187706,3.13399959130639,0.685629210885266,-0.589880692916691,-0.364731530216011,-0.763691509489,-0.162577332434757,0.507277774961467,-0.48188957299335,0.65404315188509,0.325639638126175,-0.435562829177476,0.143005174819223,1.15802549948754,-2.4969178770257,-2.45462189349583,-1.19710562143504,-1.0693127618472,-1.55156616910623,-0.940631302581626,-0.8040475616764,-1.92516789757958
"Sample_245",0.432885731671987,0.507773462247367,0.708892402207675,0.593184654285638,0.309901488030544,0.282026690112188,1.08091576745381,0.362085592160011,-0.566516725975287,0.139337995067811,0.840611749439679,0.524938221288604,-0.316694202758771,-1.54339538338293,0.630697960960591,-0.741910528233939,-0.0493902151276716,-0.963566216034147,0.0953975364890594,0.191165097352669,-0.174332350764496,-0.766166791481472,-0.0431311346809825,-0.476849028333878,0.00369371394899667,-1.78691557002332,-0.0969674027771785,-0.737083441987506,-1.11016333116261,-0.701659684320304,0.116371538787816,-0.00108529132154245,-0.605480594517617,-1.2712075389519,-1.32461439787956,-1.21055202010369,-0.540320083122179,0.000426480427786785,-1.02051867265812
"Sample_246",-1.11812308565457,-0.259409504403877,-1.29762225424103,-0.709643897868969,-0.840828546302725,-0.340690685178985,0.71255856634409,1.02794644474356,1.22961472924174,0.82017781951817,0.588218291461401,0.988074394009832,-0.750517270719374,1.35174485177318,-0.796902685398231,0.280104536921422,-0.29930228022375,0.513177581127535,-0.288549633699197,1.22750520190571,0.0928116195708588,0.723272922007082,0.0680597476731077,0.611793950165698,1.05041353906482,-0.341089258775281,-0.189853961312446,-0.553321320227017,-0.913339356631892,-0.645363562355596,-0.313483007873443,-0.309633791863825,-0.862054773521495,-1.16710853832529,-0.975775173182234,-0.458078955243062,-1.25626451271632,-0.6958018975424,-1.93504508682909
"Sample_247",-0.346693025393099,1.16607380548264,0.404516942146023,0.431254242450671,1.86241526731036,0.206668304106977,3.02132768545664,1.43484110696448,2.37670702367589,1.36801037111647,2.27092745238387,1.07871000808141,0.721488759920109,0.142342580113916,0.170845821362584,0.124654974651244,-0.823254287621199,0.225086689631062,-0.112544492406099,-0.995865635736632,0.480606546139019,-0.304045205101653,-0.283547778265755,0.0162907943816607,-1.59220985378687,1.32568504416771,1.1161651883882,2.57304925047217,2.07022957166053,1.62978644962178,1.84088407959191,0.865949425459337,0.60238410040123,1.0864301222284,1.12627514698287,0.646082774196037,0.237677084716028,0.280820409805246,2.28535579212647
"Sample_248",0.380776754011746,0.733791019755523,0.242744421355893,-0.408177084444735,-0.283674978619698,-0.318550089070957,0.714991157992586,-0.299999650499973,0.625297539244928,0.789844068294416,0.735630394875362,0.267680882309686,0.114758545699532,0.107566335455008,-0.142684574455417,0.575085270627975,0.753596380801074,0.42213897371147,-0.905757224533048,1.17023967156119,1.20465637389036,1.8171478382782,1.05366097864341,1.52209917046454,0.706739591764938,-0.00368113854943963,0.384059274601964,-0.715777111387278,-0.0886440623274804,-0.381505824685902,0.727081984468903,1.50902375992239,0.286737151733741,1.97609040277071,-0.0530351840724945,0.64391139296688,0.481781839525239,-0.401996527071107,1.49465789932375
"Sample_249",-0.25190048918519,-0.188790072301401,0.16002239688027,-0.429201209721246,0.132654203849329,0.462220328113585,-1.22212045193995,-0.216938398826003,-0.866791367373574,-0.939676863762972,-0.454571524918801,0.286282933480685,-1.80686330422908,-1.07717702707798,-1.39256554787709,-2.22081148396356,-1.62121223304668,-2.26248142575909,-0.519740682331092,0.4913307420378,-0.522446368918901,-1.01798056787073,-1.64953916223019,-0.611476709313717,-0.956478284352954,-0.932135901106206,-0.608345720888904,-1.69114702999689,-0.207129728067438,-0.617651321926628,-0.637432475662714,-0.840441169528526,0.169027411318013,0.00132049343336212,-0.170792588403983,-1.1963505608938,0.264787612762086,0.524527686134468,-0.03332161010549
"Sample_250",-1.82331041808313,-0.724028714525815,-1.14929279586291,-1.27719677926138,0.407623198039759,-1.41243760640777,0.165041024070252,0.543788023416573,0.764297987788092,0.0221823631132319,-0.103813669719951,-0.0875280694751685,0.192894930925228,0.549191239795965,-0.317024407242965,0.99937528511583,-0.22154012676787,-0.677663529912104,-0.414126252674934,1.94981058055281,1.7226491913425,1.63789903192778,2.00475553905198,1.00870331197727,2.01307580490659,0.639303824735711,0.503555258211362,1.07135554016545,0.651623738643667,0.483563256210191,0.292988880454568,0.800413428916659,1.67076620132123,0.482487466228544,0.979779209705808,-0.0654324745182661,1.28282561434592,-2.45144061020384,1.34597079737388
"Sample_251",-0.297696389864263,-0.787208392818052,-0.602667519474774,-1.11411392237988,-0.286250371546661,0.648214562953245,-0.275955962038256,-0.960245573626339,-1.2330030366709,-1.01306623527834,-0.692964571562019,-0.108440222044115,-0.0749498852414353,-0.499196036617778,-0.503022949303345,0.355127907832015,-0.49193625210607,-0.497402391805842,-0.140997776675632,0.412999218480681,-1.09667557005124,-0.524162514132928,-0.326666265101106,-0.566008377293117,-0.249939565730649,-1.31791698877559,-0.707272551388135,-0.210155241948123,-0.186572568602586,-1.10720629197977,-0.0239733598782854,-0.803836789406421,-1.0467156618236,-0.642751582280439,-0.900155492249974,-0.901392495372525,0.209688916614207,-0.0828658445977452,-1.65600907882153
"Sample_252",0.0960534851755989,0.440073813058954,-1.05263922044151,0.172977608462884,0.783100362011423,0.578495055822065,1.01398462537016,1.55964322249883,0.359178091129695,0.680835012156476,0.461887499745753,0.0282075089480802,-0.236255463788854,0.367670644590286,1.40282553063744,-0.0286559329969719,0.660513300500154,-0.19024915801342,0.34955893479662,-0.48827443526672,0.476095703740733,-0.0968099118772189,-0.329371291679963,1.08327755655714,0.207923422350245,0.87965720303864,1.12959080222117,0.0363544012543671,0.583110707981035,1.04546678048124,0.3650665476481,0.295076974715944,0.232190440565796,-0.409866019886421,1.46109722415804,0.528490592220347,0.825813318888038,1.12543832650325,1.57804995461703
"Sample_253",-0.471979236226256,0.344570072159893,0.719883474645884,0.0228518474049404,0.165254431889106,-0.287591028449748,0.553495575041301,0.265655703202886,0.177198387600814,0.610521680220184,0.524232477885726,-0.489129135096485,-1.28709664292214,-2.05830381996647,-2.21267815947446,-1.48243924928373,-1.18035747167512,-1.96454732650282,-1.80400373198828,0.402264609559807,-0.841415231632036,1.14439661268076,0.508887765393379,0.527360853389698,-0.276698390227754,0.598713291954512,-0.180809453752664,-0.451587569217305,-0.326092606237023,0.606389704213612,-0.224935099855186,0.268184755861199,0.0658230139664011,0.0316909107967025,0.390933626850047,0.0823009244614143,0.688527890924133,-0.777742871486511,0.807936857634121
"Sample_254",-0.548874744152436,0.213821569658324,-0.365456801552313,0.382053748379272,0.51486439589401,-0.745636059700651,0.493630372851478,0.492784793266238,0.440141566616713,-0.563373891520441,0.42115701715286,0.270075229435215,-0.813246576307716,-2.22919018391558,-1.17149331250919,-0.724243093440787,-0.415353288389022,-0.230612287678843,-1.09609083547734,-0.503272129272848,0.898807889090716,-0.0946867964705187,0.684941246312365,0.255091515973366,0.496164677640629,0.573589989705712,0.514161863462905,0.482598572182246,0.0633003776170839,0.622414166877783,-0.0725164496488986,0.698106858494973,0.173006223180281,1.17329558612355,1.46815840786576,0.103611395248684,0.0878495613999847,-0.0449050133785584,0.269015773762378
"Sample_255",-0.158913462552991,0.0978162560667433,0.514565932688599,-0.0550590799352258,0.302210447534458,-0.033733911775095,0.844469866007078,0.601558020534062,1.06634313971843,0.785057637154937,1.51721719750048,0.456826298249116,1.62916001792376,2.71967220529948,1.50445300899309,0.942871225278836,2.61686337705705,1.47265853711183,0.743940924821167,0.824646482493774,0.425245270858366,0.686559646434403,1.33460330783957,0.474456904215373,0.28382699025212,1.13913797395463,1.00342948155308,1.38765070948511,0.941659995061003,1.42025506777333,1.67503576542135,-0.405908635654782,-0.874769404635694,-0.99359436250309,0.366904066857223,-0.105983257351422,-0.329776258628371,0.89828028833083,0.480749595848278
"Sample_256",-0.0260864895542107,-0.322790591952133,-1.26251868174103,-1.98864219862341,-0.818554547705868,-0.853856290718928,-2.17111872910803,-0.891533050625656,-0.843361497168439,-0.729058034178071,-1.34200351814337,-1.04321539852659,1.03127037322333,1.60444810803869,0.882460934950335,1.54471364434922,1.57767596356326,2.13776178860293,1.13777087399569,0.725478389533085,0.470557669968531,0.490506527871615,1.36695561291857,0.966449120402267,-0.301977743288647,-0.147501626788912,-0.69561617312415,-0.874157934168338,-0.692649283279849,-0.18497591175106,-0.739978805319973,0.992108961238137,1.03385865563407,0.511339965050623,0.937425437295896,1.00909988466222,0.809610813311312,-0.529674170458191,0.228969916839292
"Sample_257",-0.648912592761908,-0.199093352262285,-0.105393385534506,-0.073255408231323,0.378205161091381,0.402079720292163,-0.355468212986349,-0.0993246618550315,0.0387494322230944,-0.843739954420885,-0.099308315108261,0.582367312510956,-1.17380657615573,-0.96657336193496,-1.3628284454449,-0.923269232433643,-0.148846448782328,0.837119576187075,-0.780191205547262,0.468044842772545,0.537167792890806,1.00559731928409,2.64011724831103,0.424234489843825,0.890511431177503,0.0555042745296206,0.76951074175242,0.194493988331729,1.14428728381442,0.214122943182972,-1.15432405725054,1.74530316976835,1.50926768000068,1.27793998384967,1.76525013209377,1.22448243354667,1.64948406395995,-0.775744763406163,1.49732039684667
"Sample_258",0.132646733760392,0.287160418128989,-0.742757432628791,-0.781345936201626,-0.520267966993732,-0.671199420711412,-0.0130963490592312,-0.736936040570392,-0.106768694913169,-0.402244190801099,0.211440571630094,0.622759978028213,1.32893944267267,1.83564292943258,2.18364275096423,1.636734210268,1.910297448276,1.92943008243416,1.03722540218044,0.834588277902446,0.958918341829332,1.21402018499938,1.87485818564355,0.428471382004435,1.57005186586117,-0.160112998807556,0.646921121335929,1.42887903370555,-0.261496021527798,0.454106804606955,-1.04126153700159,-0.599855649030681,-0.16931763743605,-0.262662655331235,0.418672626039903,-0.128011885966404,0.285727721592054,0.193462570227951,-0.119184076226551
"Sample_259",0.223488481339237,-0.696254590895989,-0.010809280112357,-0.748047595668779,-1.87485544520969,-0.659986188397544,-2.87534059319878,-2.10823453322478,-2.52470267597668,-1.81611894263312,-2.02209449473979,-1.13529165052597,-0.445283186735665,-0.129515210739813,0.210370952057809,-0.556918173041665,-0.557145357518102,-1.10001457670631,-0.636166787267116,-0.913712894758743,-1.22276456937844,-0.364175768038553,-1.29750202433463,-0.702718447861309,0.213851631990724,-1.01485692978646,-0.0917305619765281,-0.1124768811179,-1.04799045468602,-0.80733626459517,-0.912894218665538,0.543881192552279,0.0476004449069981,0.546689563656488,0.308035752307184,-0.650565159388674,0.462627806926317,-0.197548253001493,-1.07064725184018
"Sample_260",-0.906320413268987,-1.24606377388791,-1.42582381001215,-1.047418282119,-1.82591663269065,-1.47835095249195,-1.46375089343283,-0.427496920950717,-1.28150720578625,-1.28987570477013,-0.714365115252438,-2.78595219306637,0.302903693568691,0.763785685464064,0.539771885776603,0.554145329400138,0.781864011984063,-0.338781849692057,0.341253626100066,-0.195513750770548,0.138675534664239,0.794692755221232,0.837737260253072,0.358955535088674,-0.00574592136809915,0.305671257806188,0.676173562943944,-0.491989798029847,0.702717001309896,-0.162528721286333,-0.364236326645876,1.69365236414452,1.74197989767221,2.8685853339776,0.897202145137459,0.612944441899769,1.25564426509385,-2.80123369592862,1.7714058642509
