"comparison","bootstrap_mean","y","density_group"
"Air - Solvent",1.10105450752427,5,"Air"
"Air - Solvent",0.769793945861598,5,"Air"
"Air - Solvent",0.949767462196346,5,"Air"
"Air - Solvent",0.951857515162139,5,"Air"
"Air - Solvent",0.985970509336475,5,"Air"
"Air - Solvent",1.09484962570808,5,"Air"
"Air - Solvent",0.309769950025941,5,"Air"
"Air - Solvent",1.03355211556354,5,"Air"
"Air - Solvent",1.1479269925326,5,"Air"
"Air - Solvent",0.399338504595488,5,"Air"
"Air - Solvent",1.31745844955387,5,"Air"
"Air - Solvent",0.786055541078796,5,"Air"
"Air - Solvent",0.598637342781185,5,"Air"
"Air - Solvent",1.24433311743221,5,"Air"
"Air - Solvent",1.04156017852883,5,"Air"
"Air - Solvent",1.27198903064513,5,"Air"
"Air - Solvent",0.682831548325025,5,"Air"
"Air - Solvent",0.736965095560773,5,"Air"
"Air - Solvent",0.044493785166621,5,"Air"
"Air - Solvent",0.73651538734515,5,"Air"
"Air - Solvent",1.39093202400109,5,"Air"
"Air - Solvent",0.758838044645966,5,"Air"
"Air - Solvent",0.308255527846161,5,"Air"
"Air - Solvent",1.26402271664985,5,"Air"
"Air - Solvent",1.49690166364666,5,"Air"
"Air - Solvent",0.539488552967033,5,"Air"
"Air - Solvent",1.65640630415656,5,"Air"
"Air - Solvent",0.683009547491902,5,"Air"
"Air - Solvent",0.6182359988625,5,"Air"
"Air - Solvent",0.966265345081694,5,"Air"
"Air - Solvent",0.965051354344352,5,"Air"
"Air - Solvent",0.988734281360585,5,"Air"
"Air - Solvent",0.616630930713174,5,"Air"
"Air - Solvent",0.731605239228644,5,"Air"
"Air - Solvent",1.03446158365654,5,"Air"
"Air - Solvent",1.30647724189775,5,"Air"
"Air - Solvent",0.82765892024363,5,"Air"
"Air - Solvent",1.79037865090366,5,"Air"
"Air - Solvent",1.09266262073135,5,"Air"
"Air - Solvent",0.586779743855762,5,"Air"
"Air - Solvent",0.756782213418646,5,"Air"
"Air - Solvent",0.772763808837071,5,"Air"
"Air - Solvent",1.14381346277498,5,"Air"
"Air - Solvent",1.37959749715738,5,"Air"
"Air - Solvent",0.978646905668108,5,"Air"
"Air - Solvent",1.66248586674519,5,"Air"
"Air - Solvent",1.08947195987324,5,"Air"
"Air - Solvent",0.964386015208281,5,"Air"
"Air - Solvent",1.02107069698109,5,"Air"
"Air - Solvent",0.661812647362403,5,"Air"
"Air - Solvent",0.995689584344368,5,"Air"
"Air - Solvent",0.335924834298186,5,"Air"
"Air - Solvent",0.666745799765678,5,"Air"
"Air - Solvent",1.20241635615574,5,"Air"
"Air - Solvent",1.01154509039468,5,"Air"
"Air - Solvent",0.461796987932102,5,"Air"
"Air - Solvent",0.569956162481593,5,"Air"
"Air - Solvent",0.717037860651793,5,"Air"
"Air - Solvent",1.11042635239254,5,"Air"
"Air - Solvent",1.28145414063901,5,"Air"
"Air - Solvent",0.563909440299702,5,"Air"
"Air - Solvent",0.97304734131652,5,"Air"
"Air - Solvent",1.71113477068505,5,"Air"
"Air - Solvent",1.076198744382,5,"Air"
"Air - Solvent",1.08724761507013,5,"Air"
"Air - Solvent",0.967154186019947,5,"Air"
"Air - Solvent",0.425233473281708,5,"Air"
"Air - Solvent",1.14651433719797,5,"Air"
"Air - Solvent",0.968180706381826,5,"Air"
"Air - Solvent",1.18676960423497,5,"Air"
"Air - Solvent",0.887118894928602,5,"Air"
"Air - Solvent",0.930042927398902,5,"Air"
"Air - Solvent",1.38371861919657,5,"Air"
"Air - Solvent",0.431601313402055,5,"Air"
"Air - Solvent",0.957958140521664,5,"Air"
"Air - Solvent",1.14446626535216,5,"Air"
"Air - Solvent",0.727357966446359,5,"Air"
"Air - Solvent",1.23222874913046,5,"Air"
"Air - Solvent",0.587724426121308,5,"Air"
"Air - Solvent",1.06377082274381,5,"Air"
"Air - Solvent",1.25512034349285,5,"Air"
"Air - Solvent",1.12593210922827,5,"Air"
"Air - Solvent",0.911875446004624,5,"Air"
"Air - Solvent",0.791334853619971,5,"Air"
"Air - Solvent",1.72279277982354,5,"Air"
"Air - Solvent",0.772487548368725,5,"Air"
"Air - Solvent",1.26063216695351,5,"Air"
"Air - Solvent",1.54895121493267,5,"Air"
"Air - Solvent",1.33365527295601,5,"Air"
"Air - Solvent",0.411255595858459,5,"Air"
"Air - Solvent",1.24104044611115,5,"Air"
"Air - Solvent",1.6413289098882,5,"Air"
"Air - Solvent",0.600591995623398,5,"Air"
"Air - Solvent",0.205256099145621,5,"Air"
"Air - Solvent",0.583532753273758,5,"Air"
"Air - Solvent",1.38309104980622,5,"Air"
"Air - Solvent",0.457700349623304,5,"Air"
"Air - Solvent",2.09374067159379,5,"Air"
"Air - Solvent",1.57580884129009,5,"Air"
"Air - Solvent",0.142649497165983,5,"Air"
"Air - Solvent",1.04901446086982,5,"Air"
"Air - Solvent",1.46689320569649,5,"Air"
"Air - Solvent",1.3074728507381,5,"Air"
"Air - Solvent",1.24641581412226,5,"Air"
"Air - Solvent",0.451534272971831,5,"Air"
"Air - Solvent",1.17364034444555,5,"Air"
"Air - Solvent",1.4316110961449,5,"Air"
"Air - Solvent",1.13356260737016,5,"Air"
"Air - Solvent",1.15368603113359,5,"Air"
"Air - Solvent",1.48111662179079,5,"Air"
"Air - Solvent",0.826746547288539,5,"Air"
"Air - Solvent",1.54520428499148,5,"Air"
"Air - Solvent",0.666319684553443,5,"Air"
"Air - Solvent",1.02455796671153,5,"Air"
"Air - Solvent",0.953368419338369,5,"Air"
"Air - Solvent",1.43742634481975,5,"Air"
"Air - Solvent",0.381331182539332,5,"Air"
"Air - Solvent",0.519394817743833,5,"Air"
"Air - Solvent",0.795606384445043,5,"Air"
"Air - Solvent",1.12703239825394,5,"Air"
"Air - Solvent",0.917141676829084,5,"Air"
"Air - Solvent",1.6006831869293,5,"Air"
"Air - Solvent",0.831379456445483,5,"Air"
"Air - Solvent",1.18079644396187,5,"Air"
"Air - Solvent",0.840978875915936,5,"Air"
"Air - Solvent",0.906844193629039,5,"Air"
"Air - Solvent",1.48937552308949,5,"Air"
"Air - Solvent",0.828941862906733,5,"Air"
"Air - Solvent",1.12048601033133,5,"Air"
"Air - Solvent",1.33890865550847,5,"Air"
"Air - Solvent",0.89994469295315,5,"Air"
"Air - Solvent",1.34729631788842,5,"Air"
"Air - Solvent",1.5919305240291,5,"Air"
"Air - Solvent",0.742951982865511,5,"Air"
"Air - Solvent",0.976826084299679,5,"Air"
"Air - Solvent",1.49439436810299,5,"Air"
"Air - Solvent",1.14997909660086,5,"Air"
"Air - Solvent",1.77405442874542,5,"Air"
"Air - Solvent",1.16870385778183,5,"Air"
"Air - Solvent",1.43017130418415,5,"Air"
"Air - Solvent",0.844044157790565,5,"Air"
"Air - Solvent",1.26717921954457,5,"Air"
"Air - Solvent",0.821145012522897,5,"Air"
"Air - Solvent",0.525452427340731,5,"Air"
"Air - Solvent",1.50767296374814,5,"Air"
"Air - Solvent",0.670622799592707,5,"Air"
"Air - Solvent",0.653039245054967,5,"Air"
"Air - Solvent",0.988252641327325,5,"Air"
"Air - Solvent",1.06505086822645,5,"Air"
"Air - Solvent",0.513796993143737,5,"Air"
"Air - Solvent",0.746624648316873,5,"Air"
"Air - Solvent",1.27740953787333,5,"Air"
"Air - Solvent",0.431073718385813,5,"Air"
"Air - Solvent",1.42185365195287,5,"Air"
"Air - Solvent",1.21980845006275,5,"Air"
"Air - Solvent",1.5008559959373,5,"Air"
"Air - Solvent",1.07905411576362,5,"Air"
"Air - Solvent",0.51154701416422,5,"Air"
"Air - Solvent",0.936737329251993,5,"Air"
"Air - Solvent",0.897776443518246,5,"Air"
"Air - Solvent",1.15766448079297,5,"Air"
"Air - Solvent",1.02217799416971,5,"Air"
"Air - Solvent",0.935230486469585,5,"Air"
"Air - Solvent",0.81275199356275,5,"Air"
"Air - Solvent",1.44208459845659,5,"Air"
"Air - Solvent",1.47353736680812,5,"Air"
"Air - Solvent",0.493243610237733,5,"Air"
"Air - Solvent",1.21300878931037,5,"Air"
"Air - Solvent",0.98297833045931,5,"Air"
"Air - Solvent",0.941795968095007,5,"Air"
"Air - Solvent",0.763389960549483,5,"Air"
"Air - Solvent",1.54640676747596,5,"Air"
"Air - Solvent",1.24771360459703,5,"Air"
"Air - Solvent",1.12211136979428,5,"Air"
"Air - Solvent",0.720003928503666,5,"Air"
"Air - Solvent",0.447393483235819,5,"Air"
"Air - Solvent",0.981452166044312,5,"Air"
"Air - Solvent",0.913890940021439,5,"Air"
"Air - Solvent",1.4179809767206,5,"Air"
"Air - Solvent",1.19794182019543,5,"Air"
"Air - Solvent",1.13542017640027,5,"Air"
"Air - Solvent",0.822685434736649,5,"Air"
"Air - Solvent",0.925680427313241,5,"Air"
"Air - Solvent",0.767427948563689,5,"Air"
"Air - Solvent",1.56631279194798,5,"Air"
"Air - Solvent",1.80651422095339,5,"Air"
"Air - Solvent",0.446821348058034,5,"Air"
"Air - Solvent",1.28458524676517,5,"Air"
"Air - Solvent",1.21498761773374,5,"Air"
"Air - Solvent",1.48108600082365,5,"Air"
"Air - Solvent",1.76640015954985,5,"Air"
"Air - Solvent",0.791772537063206,5,"Air"
"Air - Solvent",0.797848932021118,5,"Air"
"Air - Solvent",1.2637210384086,5,"Air"
"Air - Solvent",1.11487987631423,5,"Air"
"Air - Solvent",0.615682460952597,5,"Air"
"Air - Solvent",1.1460531335462,5,"Air"
"Air - Solvent",1.02023497244307,5,"Air"
"Air - Solvent",1.7669974698717,5,"Air"
"Air - Solvent",1.05216599927997,5,"Air"
"Air - Solvent",1.2562541679423,5,"Air"
"Air - Solvent",1.38229868293341,5,"Air"
"Air - Solvent",0.792057406516537,5,"Air"
"Air - Solvent",1.30629255701126,5,"Air"
"Air - Solvent",1.2714373488077,5,"Air"
"Air - Solvent",1.33952082096654,5,"Air"
"Air - Solvent",1.20480779531531,5,"Air"
"Air - Solvent",1.41484453389906,5,"Air"
"Air - Solvent",1.10932379764744,5,"Air"
"Air - Solvent",1.47945440957951,5,"Air"
"Air - Solvent",1.31840966067124,5,"Air"
"Air - Solvent",1.49185544337254,5,"Air"
"Air - Solvent",1.20744860010827,5,"Air"
"Air - Solvent",0.39708567713913,5,"Air"
"Air - Solvent",1.00333133004819,5,"Air"
"Air - Solvent",0.798615208387483,5,"Air"
"Air - Solvent",0.745241379987627,5,"Air"
"Air - Solvent",0.586450022296332,5,"Air"
"Air - Solvent",1.24725600191332,5,"Air"
"Air - Solvent",1.60485698117019,5,"Air"
"Air - Solvent",0.310310076812472,5,"Air"
"Air - Solvent",1.16101797876735,5,"Air"
"Air - Solvent",1.21738030223844,5,"Air"
"Air - Solvent",0.647595564493874,5,"Air"
"Air - Solvent",0.00846165484621844,5,"Air"
"Air - Solvent",0.938567179336949,5,"Air"
"Air - Solvent",1.16216114604296,5,"Air"
"Air - Solvent",0.966159841189087,5,"Air"
"Air - Solvent",1.39485643933633,5,"Air"
"Air - Solvent",0.71499174810915,5,"Air"
"Air - Solvent",0.734063809300331,5,"Air"
"Air - Solvent",1.35525826479193,5,"Air"
"Air - Solvent",1.40409375911852,5,"Air"
"Air - Solvent",1.41499144804947,5,"Air"
"Air - Solvent",1.41576916535267,5,"Air"
"Air - Solvent",0.892754554543093,5,"Air"
"Air - Solvent",1.27486400169219,5,"Air"
"Air - Solvent",1.45869944235392,5,"Air"
"Air - Solvent",1.08516458265717,5,"Air"
"Air - Solvent",0.797912244771451,5,"Air"
"Air - Solvent",0.906004512872683,5,"Air"
"Air - Solvent",0.828154228654239,5,"Air"
"Air - Solvent",0.978704217563648,5,"Air"
"Air - Solvent",1.08960634155297,5,"Air"
"Air - Solvent",1.43432354813568,5,"Air"
"Air - Solvent",1.00018323407132,5,"Air"
"Air - Solvent",1.21240875334036,5,"Air"
"Air - Solvent",1.10978068672969,5,"Air"
"Air - Solvent",0.558761881180273,5,"Air"
"Air - Solvent",1.50818976021934,5,"Air"
"Air - Solvent",1.21059967429985,5,"Air"
"Air - Solvent",1.54916921852043,5,"Air"
"Air - Solvent",1.09709464721409,5,"Air"
"Air - Solvent",0.711018642834762,5,"Air"
"Air - Solvent",1.57516753768707,5,"Air"
"Air - Solvent",0.914714508952587,5,"Air"
"Air - Solvent",0.934318072148572,5,"Air"
"Air - Solvent",0.935765267832,5,"Air"
"Air - Solvent",0.501525896751243,5,"Air"
"Air - Solvent",0.914323397521643,5,"Air"
"Air - Solvent",1.64085640315961,5,"Air"
"Air - Solvent",0.572254944708944,5,"Air"
"Air - Solvent",1.5048783214773,5,"Air"
"Air - Solvent",1.30365783309274,5,"Air"
"Air - Solvent",1.33243755496872,5,"Air"
"Air - Solvent",1.20140812815539,5,"Air"
"Air - Solvent",1.0596840626604,5,"Air"
"Air - Solvent",1.17546394179208,5,"Air"
"Air - Solvent",0.798464808595853,5,"Air"
"Air - Solvent",0.865224084542747,5,"Air"
"Air - Solvent",1.27213702753554,5,"Air"
"Air - Solvent",1.03655485278347,5,"Air"
"Air - Solvent",1.34478532190393,5,"Air"
"Air - Solvent",1.05164735428399,5,"Air"
"Air - Solvent",1.28490577134653,5,"Air"
"Air - Solvent",1.25818686799355,5,"Air"
"Air - Solvent",0.790737791608688,5,"Air"
"Air - Solvent",0.751341032153523,5,"Air"
"Air - Solvent",1.34620043390724,5,"Air"
"Air - Solvent",0.807645870647338,5,"Air"
"Air - Solvent",0.957661619393251,5,"Air"
"Air - Solvent",1.47358392816843,5,"Air"
"Air - Solvent",1.03150315647503,5,"Air"
"Air - Solvent",1.33086576544461,5,"Air"
"Air - Solvent",0.893920772009407,5,"Air"
"Air - Solvent",1.10740535545863,5,"Air"
"Air - Solvent",0.572045464815371,5,"Air"
"Air - Solvent",0.284523751940461,5,"Air"
"Air - Solvent",1.53453709553093,5,"Air"
"Air - Solvent",0.821552978384033,5,"Air"
"Air - Solvent",0.825845477002731,5,"Air"
"Air - Solvent",0.81930342835887,5,"Air"
"Air - Solvent",1.6806888713042,5,"Air"
"Air - Solvent",1.20638575965236,5,"Air"
"Air - Solvent",0.51085924404505,5,"Air"
"Air - Solvent",1.08131902406867,5,"Air"
"Air - Solvent",1.15687665063851,5,"Air"
"Air - Solvent",1.07403747339851,5,"Air"
"Air - Solvent",1.38609742687301,5,"Air"
"Air - Solvent",1.04968386297431,5,"Air"
"Air - Solvent",0.935043171253714,5,"Air"
"Air - Solvent",0.948338811738672,5,"Air"
"Air - Solvent",1.2954138422339,5,"Air"
"Air - Solvent",0.939370707337749,5,"Air"
"Air - Solvent",1.29874347282915,5,"Air"
"Air - Solvent",1.0104905622855,5,"Air"
"Air - Solvent",0.788084192584633,5,"Air"
"Air - Solvent",0.408664805269365,5,"Air"
"Air - Solvent",1.36359826878719,5,"Air"
"Air - Solvent",0.38362512887257,5,"Air"
"Air - Solvent",0.909333821474938,5,"Air"
"Air - Solvent",1.16162505619546,5,"Air"
"Air - Solvent",1.74383493476037,5,"Air"
"Air - Solvent",1.08561029046416,5,"Air"
"Air - Solvent",0.599675650199582,5,"Air"
"Air - Solvent",1.26325629496279,5,"Air"
"Air - Solvent",1.26066345973766,5,"Air"
"Air - Solvent",1.22672692812026,5,"Air"
"Air - Solvent",0.807820923474062,5,"Air"
"Air - Solvent",0.933439572206598,5,"Air"
"Air - Solvent",1.12904482617958,5,"Air"
"Air - Solvent",1.40515160428887,5,"Air"
"Air - Solvent",1.33453655949415,5,"Air"
"Air - Solvent",1.47610745902802,5,"Air"
"Air - Solvent",1.33461532886872,5,"Air"
"Air - Solvent",1.18391687174709,5,"Air"
"Air - Solvent",1.52329947144823,5,"Air"
"Air - Solvent",0.550949599016624,5,"Air"
"Air - Solvent",0.828931988332405,5,"Air"
"Air - Solvent",0.865015432009629,5,"Air"
"Air - Solvent",0.827995876674309,5,"Air"
"Air - Solvent",1.17900674382091,5,"Air"
"Air - Solvent",0.879827957831465,5,"Air"
"Air - Solvent",1.37229042807648,5,"Air"
"Air - Solvent",1.05435573352345,5,"Air"
"Air - Solvent",1.00697513211652,5,"Air"
"Air - Solvent",0.76938604784641,5,"Air"
"Air - Solvent",0.794379650812876,5,"Air"
"Air - Solvent",0.503546318022385,5,"Air"
"Air - Solvent",0.757445999580266,5,"Air"
"Air - Solvent",0.785398193854064,5,"Air"
"Air - Solvent",0.951510420014032,5,"Air"
"Air - Solvent",1.13534634633468,5,"Air"
"Air - Solvent",0.76592365271619,5,"Air"
"Air - Solvent",0.955476675263954,5,"Air"
"Air - Solvent",0.445974792138694,5,"Air"
"Air - Solvent",0.590494287155648,5,"Air"
"Air - Solvent",1.01834114620117,5,"Air"
"Air - Solvent",0.72033146674638,5,"Air"
"Air - Solvent",1.14494507995966,5,"Air"
"Air - Solvent",0.801900174400366,5,"Air"
"Air - Solvent",0.582767773347422,5,"Air"
"Air - Solvent",1.1526250030118,5,"Air"
"Air - Solvent",1.09694029048042,5,"Air"
"Air - Solvent",0.957996061025238,5,"Air"
"Air - Solvent",1.10716794317147,5,"Air"
"Air - Solvent",1.3112024772206,5,"Air"
"Air - Solvent",1.55808705343997,5,"Air"
"Air - Solvent",0.809622796956333,5,"Air"
"Air - Solvent",0.972713563757958,5,"Air"
"Air - Solvent",0.956428080607929,5,"Air"
"Air - Solvent",1.17888650695828,5,"Air"
"Air - Solvent",1.34774144567134,5,"Air"
"Air - Solvent",0.722097750330386,5,"Air"
"Air - Solvent",1.12141534308518,5,"Air"
"Air - Solvent",1.51458084088376,5,"Air"
"Air - Solvent",1.03942949077544,5,"Air"
"Air - Solvent",1.0823767528539,5,"Air"
"Air - Solvent",0.604627553759131,5,"Air"
"Air - Solvent",0.775536251868431,5,"Air"
"Air - Solvent",0.996058770020293,5,"Air"
"Air - Solvent",1.49875886315534,5,"Air"
"Air - Solvent",0.977718460388606,5,"Air"
"Air - Solvent",1.30709065764619,5,"Air"
"Air - Solvent",1.15419005145448,5,"Air"
"Air - Solvent",0.765438384252138,5,"Air"
"Air - Solvent",0.16364983939982,5,"Air"
"Air - Solvent",1.60870634521237,5,"Air"
"Air - Solvent",1.34818846512345,5,"Air"
"Air - Solvent",1.12964263131524,5,"Air"
"Air - Solvent",0.689223729083091,5,"Air"
"Air - Solvent",0.902908593342432,5,"Air"
"Air - Solvent",1.24352772425179,5,"Air"
"Air - Solvent",1.17180196474569,5,"Air"
"Air - Solvent",1.15829616259033,5,"Air"
"Air - Solvent",0.825362075935609,5,"Air"
"Air - Solvent",0.794123244379722,5,"Air"
"Air - Solvent",0.398689398086636,5,"Air"
"Air - Solvent",1.73070491433371,5,"Air"
"Air - Solvent",1.18876867310189,5,"Air"
"Air - Solvent",1.58581078025305,5,"Air"
"Air - Solvent",1.25748077573903,5,"Air"
"Air - Solvent",0.4931827727743,5,"Air"
"Air - Solvent",1.30048587306597,5,"Air"
"Air - Solvent",1.19555691892509,5,"Air"
"Air - Solvent",0.540954846639132,5,"Air"
"Air - Solvent",0.395134649877983,5,"Air"
"Air - Solvent",1.23081169841914,5,"Air"
"Air - Solvent",0.865248145456753,5,"Air"
"Air - Solvent",0.784217979359696,5,"Air"
"Air - Solvent",1.03697573043421,5,"Air"
"Air - Solvent",0.808655591767575,5,"Air"
"Air - Solvent",0.944030982462677,5,"Air"
"Air - Solvent",0.567797849373408,5,"Air"
"Air - Solvent",1.79396219730786,5,"Air"
"Air - Solvent",1.3384356070596,5,"Air"
"Air - Solvent",0.573502996935865,5,"Air"
"Air - Solvent",0.805890134349024,5,"Air"
"Air - Solvent",1.18512225731767,5,"Air"
"Air - Solvent",0.691147123897549,5,"Air"
"Air - Solvent",0.777916125713063,5,"Air"
"Air - Solvent",0.854270891867845,5,"Air"
"Air - Solvent",0.571558123437927,5,"Air"
"Air - Solvent",1.20779519624213,5,"Air"
"Air - Solvent",1.3212580258703,5,"Air"
"Air - Solvent",1.60986704028702,5,"Air"
"Air - Solvent",1.30955185323334,5,"Air"
"Air - Solvent",1.22878002180995,5,"Air"
"Air - Solvent",1.73089847731512,5,"Air"
"Air - Solvent",1.03471439899773,5,"Air"
"Air - Solvent",0.713636991409001,5,"Air"
"Air - Solvent",0.955350256303282,5,"Air"
"Air - Solvent",1.68649380078461,5,"Air"
"Air - Solvent",0.747201387702077,5,"Air"
"Air - Solvent",1.66328825138116,5,"Air"
"Air - Solvent",0.460789208203045,5,"Air"
"Air - Solvent",0.598132936344271,5,"Air"
"Air - Solvent",1.1124541408673,5,"Air"
"Air - Solvent",1.30492055224908,5,"Air"
"Air - Solvent",0.484685326107072,5,"Air"
"Air - Solvent",1.04482460321081,5,"Air"
"Air - Solvent",1.73289983883041,5,"Air"
"Air - Solvent",0.845287655951183,5,"Air"
"Air - Solvent",0.68557660696908,5,"Air"
"Air - Solvent",0.785880463713254,5,"Air"
"Air - Solvent",0.900866174583044,5,"Air"
"Air - Solvent",0.548901022612018,5,"Air"
"Air - Solvent",1.00211488247519,5,"Air"
"Air - Solvent",1.35541709684194,5,"Air"
"Air - Solvent",0.744298672349541,5,"Air"
"Air - Solvent",0.665387210502616,5,"Air"
"Air - Solvent",0.666732763612007,5,"Air"
"Air - Solvent",0.926449589957294,5,"Air"
"Air - Solvent",1.2199286261337,5,"Air"
"Air - Solvent",-0.0132033531228008,5,"Air"
"Air - Solvent",1.38073399732324,5,"Air"
"Air - Solvent",1.23666177726996,5,"Air"
"Air - Solvent",1.04205205549931,5,"Air"
"Air - Solvent",0.863439021228469,5,"Air"
"Air - Solvent",0.822713810403091,5,"Air"
"Air - Solvent",0.574943398591058,5,"Air"
"Air - Solvent",0.762008721185846,5,"Air"
"Air - Solvent",0.843224841757252,5,"Air"
"Air - Solvent",0.394801103738261,5,"Air"
"Air - Solvent",0.756669391153396,5,"Air"
"Air - Solvent",1.17989217105818,5,"Air"
"Air - Solvent",1.12364967450873,5,"Air"
"Air - Solvent",1.1199456953708,5,"Air"
"Air - Solvent",0.662991067364713,5,"Air"
"Air - Solvent",0.43252077070422,5,"Air"
"Air - Solvent",0.636562860958299,5,"Air"
"Air - Solvent",1.04823983734279,5,"Air"
"Air - Solvent",0.666759024954078,5,"Air"
"Air - Solvent",0.763655768800463,5,"Air"
"Air - Solvent",1.51962029507226,5,"Air"
"Air - Solvent",1.33124351531669,5,"Air"
"Air - Solvent",0.934198786456388,5,"Air"
"Air - Solvent",0.697192395719351,5,"Air"
"Air - Solvent",1.42726480541504,5,"Air"
"Air - Solvent",0.892625937265536,5,"Air"
"Air - Solvent",0.760253215765036,5,"Air"
"Air - Solvent",1.06815760747201,5,"Air"
"Air - Solvent",1.57686587258952,5,"Air"
"Air - Solvent",1.56696339303569,5,"Air"
"Air - Solvent",0.488014981117372,5,"Air"
"Air - Solvent",1.05531171348559,5,"Air"
"Air - Solvent",0.723460447770529,5,"Air"
"Air - Solvent",1.22227583252614,5,"Air"
"Air - Solvent",0.216168200951599,5,"Air"
"Air - Solvent",1.21852577727136,5,"Air"
"Air - Solvent",1.21307725054835,5,"Air"
"Air - Solvent",1.07351669757269,5,"Air"
"Air - Solvent",0.160922989024002,5,"Air"
"Air - Solvent",1.01664298271728,5,"Air"
"Air - Solvent",0.35247733795988,5,"Air"
"Air - Solvent",0.314559000648456,5,"Air"
"Air - Solvent",1.14622362315608,5,"Air"
"Air - Solvent",0.831439924771204,5,"Air"
"Air - Solvent",0.898080240505618,5,"Air"
"Air - Solvent",1.33609928959358,5,"Air"
"Air - Solvent",1.09057017975007,5,"Air"
"Air - Solvent",1.38842602709771,5,"Air"
"Air - Solvent",0.951880788284495,5,"Air"
"Air - Solvent",1.56521183973326,5,"Air"
"Air - Solvent",0.835153333800951,5,"Air"
"Air - Solvent",1.13183766725078,5,"Air"
"Air - Solvent",0.779742393436677,5,"Air"
"Air - Solvent",1.27112911853808,5,"Air"
"Air - Solvent",1.47176558192207,5,"Air"
"Air - Solvent",1.11791497336363,5,"Air"
"Air - Solvent",0.749455970483546,5,"Air"
"Air - Solvent",0.806665353629176,5,"Air"
"Air - Solvent",0.67753819432763,5,"Air"
"Air - Solvent",1.52931629506541,5,"Air"
"Air - Solvent",0.491673308960658,5,"Air"
"Air - Solvent",0.443811162407532,5,"Air"
"Air - Solvent",0.92967772045408,5,"Air"
"Air - Solvent",1.95782250224333,5,"Air"
"Air - Solvent",1.20879372311557,5,"Air"
"Air - Solvent",0.418738891619368,5,"Air"
"Air - Solvent",0.79534672411364,5,"Air"
"Air - Solvent",0.882207581255218,5,"Air"
"Air - Solvent",0.592370106502962,5,"Air"
"Air - Solvent",1.49707580076176,5,"Air"
"Air - Solvent",0.95935301824888,5,"Air"
"Air - Solvent",0.868718865061003,5,"Air"
"Air - Solvent",1.42780591747014,5,"Air"
"Air - Solvent",0.778052250429324,5,"Air"
"Air - Solvent",1.63007696538951,5,"Air"
"Air - Solvent",1.18608448118864,5,"Air"
"Air - Solvent",0.992379781032705,5,"Air"
"Air - Solvent",0.933194241282088,5,"Air"
"Air - Solvent",1.52669952083853,5,"Air"
"Air - Solvent",0.840001433444285,5,"Air"
"Air - Solvent",0.373655564453598,5,"Air"
"Air - Solvent",1.1055882043483,5,"Air"
"Air - Solvent",0.649274132374201,5,"Air"
"Air - Solvent",0.98295047992554,5,"Air"
"Air - Solvent",0.910988229167905,5,"Air"
"Air - Solvent",1.38401777017749,5,"Air"
"Air - Solvent",0.865821358004599,5,"Air"
"Air - Solvent",0.225607426461466,5,"Air"
"Air - Solvent",0.760479471097686,5,"Air"
"Air - Solvent",1.09321800487231,5,"Air"
"Air - Solvent",0.865988787816863,5,"Air"
"Air - Solvent",0.464802595744589,5,"Air"
"Air - Solvent",1.48977167698919,5,"Air"
"Air - Solvent",0.589588432126932,5,"Air"
"Air - Solvent",0.67819387868321,5,"Air"
"Air - Solvent",0.744938609512214,5,"Air"
"Air - Solvent",1.08477911683036,5,"Air"
"Air - Solvent",1.11853690454538,5,"Air"
"Air - Solvent",0.757826735310814,5,"Air"
"Air - Solvent",1.02297345601541,5,"Air"
"Air - Solvent",1.00543254773042,5,"Air"
"Air - Solvent",0.762028868230111,5,"Air"
"Air - Solvent",1.88353511453672,5,"Air"
"Air - Solvent",1.23006361162357,5,"Air"
"Air - Solvent",1.0480491997347,5,"Air"
"Air - Solvent",0.627619771624118,5,"Air"
"Air - Solvent",0.771280341919094,5,"Air"
"Air - Solvent",0.722132032430428,5,"Air"
"Air - Solvent",1.42449475150966,5,"Air"
"Air - Solvent",0.997547298589691,5,"Air"
"Air - Solvent",1.39887778296016,5,"Air"
"Air - Solvent",0.880098463648769,5,"Air"
"Air - Solvent",0.753050547936818,5,"Air"
"Air - Solvent",1.31499816012267,5,"Air"
"Air - Solvent",1.36358654671011,5,"Air"
"Air - Solvent",1.52659715985167,5,"Air"
"Air - Solvent",1.06459036707666,5,"Air"
"Air - Solvent",1.25320274140072,5,"Air"
"Air - Solvent",1.19367329330765,5,"Air"
"Air - Solvent",0.88027354001797,5,"Air"
"Air - Solvent",1.20742215900089,5,"Air"
"Air - Solvent",0.850799763233036,5,"Air"
"Air - Solvent",1.27743146485014,5,"Air"
"Air - Solvent",0.617468082541388,5,"Air"
"Air - Solvent",1.15071073062268,5,"Air"
"Air - Solvent",1.13622937864553,5,"Air"
"Air - Solvent",0.79483601589071,5,"Air"
"Air - Solvent",0.568557538889476,5,"Air"
"Air - Solvent",0.59462258970494,5,"Air"
"Air - Solvent",1.13666335867841,5,"Air"
"Air - Solvent",0.546447633845271,5,"Air"
"Air - Solvent",1.26247253358877,5,"Air"
"Air - Solvent",1.10173902135491,5,"Air"
"Air - Solvent",1.23679974049622,5,"Air"
"Air - Solvent",0.974652624402812,5,"Air"
"Air - Solvent",0.754784674395384,5,"Air"
"Air - Solvent",0.41641028866421,5,"Air"
"Air - Solvent",0.734047846137829,5,"Air"
"Air - Solvent",0.329350011771871,5,"Air"
"Air - Solvent",0.755128329561499,5,"Air"
"Air - Solvent",1.10719737636654,5,"Air"
"Air - Solvent",1.4040504152516,5,"Air"
"Air - Solvent",1.17149384092208,5,"Air"
"Air - Solvent",0.995438828978423,5,"Air"
"Air - Solvent",1.75374247715263,5,"Air"
"Air - Solvent",1.0350908396197,5,"Air"
"Air - Solvent",1.13228700795111,5,"Air"
"Air - Solvent",1.50349319183398,5,"Air"
"Air - Solvent",0.929511444596216,5,"Air"
"Air - Solvent",1.06139354548052,5,"Air"
"Air - Solvent",1.17923100432992,5,"Air"
"Air - Solvent",0.533868164893468,5,"Air"
"Air - Solvent",0.822510844063423,5,"Air"
"Air - Solvent",1.37504120216424,5,"Air"
"Air - Solvent",0.856835122384255,5,"Air"
"Air - Solvent",2.04500874055744,5,"Air"
"Air - Solvent",1.23110682141451,5,"Air"
"Air - Solvent",0.898277333173867,5,"Air"
"Air - Solvent",1.04906223105613,5,"Air"
"Air - Solvent",0.701741990668088,5,"Air"
"Air - Solvent",0.845318357904435,5,"Air"
"Air - Solvent",1.16290578987077,5,"Air"
"Air - Solvent",1.26648716670716,5,"Air"
"Air - Solvent",1.51351728368154,5,"Air"
"Air - Solvent",0.0214122458191985,5,"Air"
"Air - Solvent",0.51694319506831,5,"Air"
"Air - Solvent",0.601750328329529,5,"Air"
"Air - Solvent",0.96570237923931,5,"Air"
"Air - Solvent",0.363731622328647,5,"Air"
"Air - Solvent",0.550294764682582,5,"Air"
"Air - Solvent",1.53938447426319,5,"Air"
"Air - Solvent",1.47488927073739,5,"Air"
"Air - Solvent",0.576423391453034,5,"Air"
"Air - Solvent",1.39049931443966,5,"Air"
"Air - Solvent",1.42414369518627,5,"Air"
"Air - Solvent",1.5394858211051,5,"Air"
"Air - Solvent",0.71407209360619,5,"Air"
"Air - Solvent",1.60635276722856,5,"Air"
"Air - Solvent",1.28689100088088,5,"Air"
"Air - Solvent",0.835046157799702,5,"Air"
"Air - Solvent",0.763664887502259,5,"Air"
"Air - Solvent",0.817360137082344,5,"Air"
"Air - Solvent",0.428634542002293,5,"Air"
"Air - Solvent",0.848391830146952,5,"Air"
"Air - Solvent",0.981576749571843,5,"Air"
"Air - Solvent",1.23159726495333,5,"Air"
"Air - Solvent",1.2104828109976,5,"Air"
"Air - Solvent",1.48512455440406,5,"Air"
"Air - Solvent",1.27915084863041,5,"Air"
"Air - Solvent",1.22528777128103,5,"Air"
"Air - Solvent",1.26058437856147,5,"Air"
"Air - Solvent",0.87407945955787,5,"Air"
"Air - Solvent",0.355380931465013,5,"Air"
"Air - Solvent",1.30764069432418,5,"Air"
"Air - Solvent",1.04016844600037,5,"Air"
"Air - Solvent",0.650600673856425,5,"Air"
"Air - Solvent",1.64352630122107,5,"Air"
"Air - Solvent",0.750011451462256,5,"Air"
"Air - Solvent",0.63930919162141,5,"Air"
"Air - Solvent",1.13877223297959,5,"Air"
"Air - Solvent",1.19817317836124,5,"Air"
"Air - Solvent",1.86355581050452,5,"Air"
"Air - Solvent",0.469968391997943,5,"Air"
"Air - Solvent",0.964658948964552,5,"Air"
"Air - Solvent",1.02273360309296,5,"Air"
"Air - Solvent",1.16205349421387,5,"Air"
"Air - Solvent",0.667537850185568,5,"Air"
"Air - Solvent",1.01949716081985,5,"Air"
"Air - Solvent",1.55057514928803,5,"Air"
"Air - Solvent",1.16244688732189,5,"Air"
"Air - Solvent",2.29758441802898,5,"Air"
"Air - Solvent",0.780714775255125,5,"Air"
"Air - Solvent",0.770661139501817,5,"Air"
"Air - Solvent",0.42313655352368,5,"Air"
"Air - Solvent",2.05695594604864,5,"Air"
"Air - Solvent",0.770534116547676,5,"Air"
"Air - Solvent",0.915774545078283,5,"Air"
"Air - Solvent",1.08528123879693,5,"Air"
"Air - Solvent",1.20843211492424,5,"Air"
"Air - Solvent",1.08788171411392,5,"Air"
"Air - Solvent",0.708365389821058,5,"Air"
"Air - Solvent",0.499845144991737,5,"Air"
"Air - Solvent",1.39438438356443,5,"Air"
"Air - Solvent",1.03033573856406,5,"Air"
"Air - Solvent",1.12222110923454,5,"Air"
"Air - Solvent",1.3454685425727,5,"Air"
"Air - Solvent",0.850522694307941,5,"Air"
"Air - Solvent",0.959697266841887,5,"Air"
"Air - Solvent",1.07196426945975,5,"Air"
"Air - Solvent",0.95261232857223,5,"Air"
"Air - Solvent",0.949720105578468,5,"Air"
"Air - Solvent",1.192294173738,5,"Air"
"Air - Solvent",1.67973637872736,5,"Air"
"Air - Solvent",1.23573434189939,5,"Air"
"Air - Solvent",0.810416296677773,5,"Air"
"Air - Solvent",0.867997601661452,5,"Air"
"Air - Solvent",0.513126775995565,5,"Air"
"Air - Solvent",1.31517301800241,5,"Air"
"Air - Solvent",1.46884934436209,5,"Air"
"Air - Solvent",0.792209330906201,5,"Air"
"Air - Solvent",0.883025108080395,5,"Air"
"Air - Solvent",1.29555669858648,5,"Air"
"Air - Solvent",1.03560313546701,5,"Air"
"Air - Solvent",0.881248419671959,5,"Air"
"Air - Solvent",1.17297187845304,5,"Air"
"Air - Solvent",1.0222609961433,5,"Air"
"Air - Solvent",0.91195012289534,5,"Air"
"Air - Solvent",0.454500837345695,5,"Air"
"Air - Solvent",0.583388065171979,5,"Air"
"Air - Solvent",1.65713143814533,5,"Air"
"Air - Solvent",0.569098508959009,5,"Air"
"Air - Solvent",1.48612266034292,5,"Air"
"Air - Solvent",0.426703146444145,5,"Air"
"Air - Solvent",0.828506983307566,5,"Air"
"Air - Solvent",0.582490207849843,5,"Air"
"Air - Solvent",1.06530975148776,5,"Air"
"Air - Solvent",1.03509692445074,5,"Air"
"Air - Solvent",1.92118919279329,5,"Air"
"Air - Solvent",1.32462633596557,5,"Air"
"Air - Solvent",0.532822531917734,5,"Air"
"Air - Solvent",1.55960977992611,5,"Air"
"Air - Solvent",1.22136735249292,5,"Air"
"Air - Solvent",1.27659504246909,5,"Air"
"Air - Solvent",0.892886602624796,5,"Air"
"Air - Solvent",1.24188951885479,5,"Air"
"Air - Solvent",1.12410803604529,5,"Air"
"Air - Solvent",0.801565897816341,5,"Air"
"Air - Solvent",1.06637686556284,5,"Air"
"Air - Solvent",0.775023630859805,5,"Air"
"Air - Solvent",1.15211634915662,5,"Air"
"Air - Solvent",0.956681181900654,5,"Air"
"Air - Solvent",1.27303360114686,5,"Air"
"Air - Solvent",0.99603568243528,5,"Air"
"Air - Solvent",0.922416046091522,5,"Air"
"Air - Solvent",1.11941696906726,5,"Air"
"Air - Solvent",1.11180171260603,5,"Air"
"Air - Solvent",1.161456472107,5,"Air"
"Air - Solvent",0.865304827767171,5,"Air"
"Air - Solvent",0.947982099698473,5,"Air"
"Air - Solvent",0.661409285489043,5,"Air"
"Air - Solvent",0.941757718852081,5,"Air"
"Air - Solvent",1.13720709461016,5,"Air"
"Air - Solvent",1.433016490546,5,"Air"
"Air - Solvent",0.804755481413573,5,"Air"
"Air - Solvent",1.14238268655338,5,"Air"
"Air - Solvent",1.27283204369379,5,"Air"
"Air - Solvent",1.40405585818917,5,"Air"
"Air - Solvent",0.393289253148024,5,"Air"
"Air - Solvent",1.49586862624932,5,"Air"
"Air - Solvent",1.56932103568164,5,"Air"
"Air - Solvent",0.935094438673595,5,"Air"
"Air - Solvent",1.43817356350621,5,"Air"
"Air - Solvent",1.07211632909747,5,"Air"
"Air - Solvent",0.785451157608794,5,"Air"
"Air - Solvent",1.2341838771484,5,"Air"
"Air - Solvent",0.63861885593207,5,"Air"
"Air - Solvent",0.955679584852189,5,"Air"
"Air - Solvent",0.877632515406949,5,"Air"
"Air - Solvent",0.923152661627245,5,"Air"
"Air - Solvent",1.08534160685346,5,"Air"
"Air - Solvent",1.60284213158829,5,"Air"
"Air - Solvent",0.891164760129065,5,"Air"
"Air - Solvent",1.16397340719747,5,"Air"
"Air - Solvent",1.36105806557493,5,"Air"
"Air - Solvent",1.07966310509403,5,"Air"
"Air - Solvent",0.983896289514267,5,"Air"
"Air - Solvent",0.745720917080025,5,"Air"
"Air - Solvent",1.11223765318432,5,"Air"
"Air - Solvent",1.09997399564039,5,"Air"
"Air - Solvent",1.56176549833082,5,"Air"
"Air - Solvent",1.25293033882404,5,"Air"
"Air - Solvent",1.56976624154968,5,"Air"
"Air - Solvent",0.689296663178498,5,"Air"
"Air - Solvent",0.984169995731511,5,"Air"
"Air - Solvent",0.730933588156612,5,"Air"
"Air - Solvent",0.886655346753354,5,"Air"
"Air - Solvent",0.716764074789543,5,"Air"
"Air - Solvent",1.45230442533256,5,"Air"
"Air - Solvent",0.676435270441459,5,"Air"
"Air - Solvent",1.15514391823655,5,"Air"
"Air - Solvent",0.946158774253274,5,"Air"
"Air - Solvent",0.54226819931739,5,"Air"
"Air - Solvent",1.93818948343684,5,"Air"
"Air - Solvent",0.914443948453006,5,"Air"
"Air - Solvent",0.944798586713226,5,"Air"
"Air - Solvent",1.35870363253151,5,"Air"
"Air - Solvent",0.84625680346909,5,"Air"
"Air - Solvent",0.392157145175753,5,"Air"
"Air - Solvent",0.851736782782391,5,"Air"
"Air - Solvent",0.801888289738504,5,"Air"
"Air - Solvent",0.95879447127921,5,"Air"
"Air - Solvent",0.655416237254955,5,"Air"
"Air - Solvent",1.47469793355716,5,"Air"
"Air - Solvent",0.526243966945033,5,"Air"
"Air - Solvent",1.0151942157366,5,"Air"
"Air - Solvent",1.19134931799306,5,"Air"
"Air - Solvent",1.04653791315583,5,"Air"
"Air - Solvent",1.49279118323624,5,"Air"
"Air - Solvent",0.609554146235271,5,"Air"
"Air - Solvent",1.08358129766808,5,"Air"
"Air - Solvent",1.06506934903834,5,"Air"
"Air - Solvent",1.17972206621526,5,"Air"
"Air - Solvent",1.24284073870467,5,"Air"
"Air - Solvent",1.15160718253983,5,"Air"
"Air - Solvent",0.976204565945134,5,"Air"
"Air - Solvent",1.12064336785902,5,"Air"
"Air - Solvent",1.47195655823325,5,"Air"
"Air - Solvent",1.65069529520431,5,"Air"
"Air - Solvent",1.31988915893396,5,"Air"
"Air - Solvent",0.526740573005691,5,"Air"
"Air - Solvent",1.36563617658551,5,"Air"
"Air - Solvent",0.955248667002634,5,"Air"
"Air - Solvent",1.00778286006017,5,"Air"
"Air - Solvent",1.17622274181379,5,"Air"
"Air - Solvent",0.963529106431897,5,"Air"
"Air - Solvent",1.16195604412216,5,"Air"
"Air - Solvent",1.47177197790996,5,"Air"
"Air - Solvent",0.872259249531195,5,"Air"
"Air - Solvent",0.521036820588706,5,"Air"
"Air - Solvent",0.783458912396256,5,"Air"
"Air - Solvent",0.4183999040943,5,"Air"
"Air - Solvent",1.0723251918228,5,"Air"
"Air - Solvent",0.726458292150371,5,"Air"
"Air - Solvent",1.52007517683478,5,"Air"
"Air - Solvent",0.86527198632472,5,"Air"
"Air - Solvent",0.835842532203993,5,"Air"
"Air - Solvent",1.03810225788233,5,"Air"
"Air - Solvent",1.11073000706553,5,"Air"
"Air - Solvent",1.34199951165351,5,"Air"
"Air - Solvent",0.483411691829451,5,"Air"
"Air - Solvent",1.1933822088452,5,"Air"
"Air - Solvent",0.365990295586078,5,"Air"
"Air - Solvent",1.45851234649425,5,"Air"
"Air - Solvent",1.16769655292548,5,"Air"
"Air - Solvent",1.62831096146532,5,"Air"
"Air - Solvent",1.14748732484654,5,"Air"
"Air - Solvent",1.59130858131939,5,"Air"
"Air - Solvent",1.3151236992134,5,"Air"
"Air - Solvent",1.10167653621502,5,"Air"
"Air - Solvent",0.740856327661033,5,"Air"
"Air - Solvent",1.22436659026564,5,"Air"
"Air - Solvent",0.637520228504108,5,"Air"
"Air - Solvent",0.772420924980745,5,"Air"
"Air - Solvent",1.04923561904488,5,"Air"
"Air - Solvent",1.44551048450014,5,"Air"
"Air - Solvent",0.621235729260245,5,"Air"
"Air - Solvent",0.843966412089791,5,"Air"
"Air - Solvent",1.30569095123006,5,"Air"
"Air - Solvent",1.54592308179501,5,"Air"
"Air - Solvent",1.11535378121017,5,"Air"
"Air - Solvent",0.935351805049441,5,"Air"
"Air - Solvent",1.36163006025244,5,"Air"
"Air - Solvent",1.16778237737328,5,"Air"
"Air - Solvent",0.961087983123767,5,"Air"
"Air - Solvent",0.74103952897935,5,"Air"
"Air - Solvent",0.795243524589546,5,"Air"
"Air - Solvent",1.64924807552083,5,"Air"
"Air - Solvent",1.11506722262395,5,"Air"
"Air - Solvent",0.981097971328063,5,"Air"
"Air - Solvent",1.07158708439139,5,"Air"
"Air - Solvent",1.08330702343532,5,"Air"
"Air - Solvent",1.48667802054408,5,"Air"
"Air - Solvent",0.821070698392133,5,"Air"
"Air - Solvent",1.74863377438901,5,"Air"
"Air - Solvent",0.853312383349457,5,"Air"
"Air - Solvent",1.53928801421044,5,"Air"
"Air - Solvent",1.35323425260519,5,"Air"
"Air - Solvent",0.972071872564907,5,"Air"
"Air - Solvent",1.03826647730413,5,"Air"
"Air - Solvent",1.21902401657583,5,"Air"
"Air - Solvent",0.916774380755171,5,"Air"
"Air - Solvent",1.12552602876235,5,"Air"
"Air - Solvent",1.91071990778252,5,"Air"
"Air - Solvent",1.41980121573104,5,"Air"
"Air - Solvent",0.967193089133608,5,"Air"
"Air - Solvent",0.848704746724868,5,"Air"
"Air - Solvent",0.877398279654904,5,"Air"
"Air - Solvent",0.894811990247399,5,"Air"
"Air - Solvent",0.816198242038037,5,"Air"
"Air - Solvent",0.82869299108588,5,"Air"
"Air - Solvent",1.35622429298506,5,"Air"
"Air - Solvent",1.11885386723036,5,"Air"
"Air - Solvent",2.08606005386597,5,"Air"
"Air - Solvent",1.20668147831812,5,"Air"
"Air - Solvent",0.919105818617517,5,"Air"
"Air - Solvent",1.60297355294806,5,"Air"
"Air - Solvent",0.501425415807547,5,"Air"
"Air - Solvent",1.17605992779399,5,"Air"
"Air - Solvent",0.731000198584465,5,"Air"
"Air - Solvent",0.124993653811299,5,"Air"
"Air - Solvent",1.75209731511973,5,"Air"
"Air - Solvent",1.13666464204975,5,"Air"
"Air - Solvent",1.17128574634451,5,"Air"
"Air - Solvent",1.20606297554314,5,"Air"
"Air - Solvent",0.846452545270953,5,"Air"
"Air - Solvent",0.439262376284463,5,"Air"
"Air - Solvent",0.982198106705356,5,"Air"
"Air - Solvent",1.66018160066517,5,"Air"
"Air - Solvent",1.13705831304852,5,"Air"
"Air - Solvent",0.955636425283411,5,"Air"
"Air - Solvent",1.75826378797316,5,"Air"
"Air - Solvent",1.21802631446739,5,"Air"
"Air - Solvent",1.21310505244499,5,"Air"
"Air - Solvent",0.738624819622771,5,"Air"
"Air - Solvent",0.730530106211198,5,"Air"
"Air - Solvent",0.971819396129288,5,"Air"
"Air - Solvent",0.918353313567157,5,"Air"
"Air - Solvent",1.35468216517032,5,"Air"
"Air - Solvent",1.02616230588249,5,"Air"
"Air - Solvent",1.35910513276675,5,"Air"
"Air - Solvent",0.995404900990147,5,"Air"
"Air - Solvent",1.11959226194838,5,"Air"
"Air - Solvent",1.12821852084638,5,"Air"
"Air - Solvent",0.582492630200906,5,"Air"
"Air - Solvent",1.12006546423219,5,"Air"
"Air - Solvent",1.56025230073929,5,"Air"
"Air - Solvent",1.08092808901776,5,"Air"
"Air - Solvent",0.756495545013473,5,"Air"
"Air - Solvent",0.533829051173756,5,"Air"
"Air - Solvent",0.87962185033448,5,"Air"
"Air - Solvent",1.37918045148784,5,"Air"
"Air - Solvent",1.1615898475752,5,"Air"
"Air - Solvent",0.67261115715626,5,"Air"
"Air - Solvent",0.728395568113458,5,"Air"
"Air - Solvent",1.15268859777979,5,"Air"
"Air - Solvent",1.25402486017915,5,"Air"
"Air - Solvent",0.728847520126677,5,"Air"
"Air - Solvent",1.47335864263005,5,"Air"
"Air - Solvent",0.954263590219198,5,"Air"
"Air - Solvent",1.06826620649621,5,"Air"
"Air - Solvent",0.750960052739891,5,"Air"
"Air - Solvent",1.36704203165482,5,"Air"
"Air - Solvent",0.668141775336532,5,"Air"
"Air - Solvent",0.492528744669207,5,"Air"
"Air - Solvent",0.821300156175945,5,"Air"
"Air - Solvent",1.35773845049589,5,"Air"
"Air - Solvent",0.918132662270599,5,"Air"
"Air - Solvent",0.734991365558365,5,"Air"
"Air - Solvent",1.3517537191749,5,"Air"
"Air - Solvent",1.69928039821744,5,"Air"
"Air - Solvent",0.90114478748455,5,"Air"
"Air - Solvent",1.17050187290641,5,"Air"
"Air - Solvent",0.32434234444585,5,"Air"
"Air - Solvent",1.70884246843078,5,"Air"
"Air - Solvent",1.46853358009807,5,"Air"
"Air - Solvent",0.810535498672888,5,"Air"
"Air - Solvent",1.10874591639338,5,"Air"
"Air - Solvent",1.35454402421921,5,"Air"
"Air - Solvent",0.618642471883215,5,"Air"
"Air - Solvent",0.132542896082705,5,"Air"
"Air - Solvent",1.02457687653495,5,"Air"
"Air - Solvent",1.45953279105167,5,"Air"
"Air - Solvent",0.980785749925284,5,"Air"
"Air - Solvent",1.59951158513377,5,"Air"
"Air - Solvent",1.13570434981603,5,"Air"
"Air - Solvent",1.79454740334842,5,"Air"
"Air - Solvent",1.33331684588906,5,"Air"
"Air - Solvent",1.25077772156574,5,"Air"
"Air - Solvent",1.10558682136668,5,"Air"
"Air - Solvent",1.7394879721148,5,"Air"
"Air - Solvent",1.39487350855298,5,"Air"
"Air - Solvent",1.20664359548742,5,"Air"
"Air - Solvent",0.589183830686503,5,"Air"
"Air - Solvent",1.21472728433376,5,"Air"
"Air - Solvent",1.23186683170538,5,"Air"
"Air - Solvent",1.32476680563983,5,"Air"
"Air - Solvent",0.936783587855256,5,"Air"
"Air - Solvent",1.350065393279,5,"Air"
"Air - Solvent",0.591564771723854,5,"Air"
"Air - Solvent",1.70165162640196,5,"Air"
"Air - Solvent",1.66619798955352,5,"Air"
"Air - Solvent",1.24275060916671,5,"Air"
"Air - Solvent",0.497362474295617,5,"Air"
"Air - Solvent",1.27215048515575,5,"Air"
"Air - Solvent",1.5758404872712,5,"Air"
"Air - Solvent",0.743925216632023,5,"Air"
"Air - Solvent",1.2434281942478,5,"Air"
"Air - Solvent",0.744596288271381,5,"Air"
"Air - Solvent",1.23810608267598,5,"Air"
"Air - Solvent",1.33475940802222,5,"Air"
"Air - Solvent",0.517596709049757,5,"Air"
"Air - Solvent",1.23209833372454,5,"Air"
"Air - Solvent",1.22294969891075,5,"Air"
"Air - Solvent",0.66448672828947,5,"Air"
"Air - Solvent",1.17153621352883,5,"Air"
"Air - Solvent",0.491117813997114,5,"Air"
"Air - Solvent",1.10725110785683,5,"Air"
"Air - Solvent",0.109325138851907,5,"Air"
"Air - Solvent",1.17652450182035,5,"Air"
"Air - Solvent",1.379998271189,5,"Air"
"Air - Solvent",1.12647914784407,5,"Air"
"Air - Solvent",1.55468328870193,5,"Air"
"Air - Solvent",0.902602441799235,5,"Air"
"Air - Solvent",0.586063970825386,5,"Air"
"Air - Solvent",1.33393056267312,5,"Air"
"Air - Solvent",0.764319186634816,5,"Air"
"Air - Solvent",0.716758116057806,5,"Air"
"Air - Solvent",1.38690685556161,5,"Air"
"Air - Solvent",0.918855366794058,5,"Air"
"Air - Solvent",1.40367210840526,5,"Air"
"Air - Solvent",1.00499514734688,5,"Air"
"Air - Solvent",1.00450385557843,5,"Air"
"Air - Solvent",0.915155071988185,5,"Air"
"Air - Solvent",0.602501641917656,5,"Air"
"Air - Solvent",1.47778324119616,5,"Air"
"Air - Solvent",0.413758793766507,5,"Air"
"Air - Solvent",0.296597996726411,5,"Air"
"Air - Solvent",1.42342953433177,5,"Air"
"Air - Solvent",0.748829905282088,5,"Air"
"Air - Solvent",1.11867307803857,5,"Air"
"Air - Solvent",0.866270362405709,5,"Air"
"Air - Solvent",0.990615230335438,5,"Air"
"Air - Solvent",1.02887200063442,5,"Air"
"Air - Solvent",1.10100321646332,5,"Air"
"Air - Solvent",1.1026654068545,5,"Air"
"Air - Solvent",0.640298348996355,5,"Air"
"Air - Solvent",-0.171283556424432,5,"Air"
"Air - Solvent",0.908858456284939,5,"Air"
"Air - Solvent",1.9391261115316,5,"Air"
"Air - Solvent",0.914484001958486,5,"Air"
"Air - Solvent",0.715540731928796,5,"Air"
"Air - Solvent",1.25902740401788,5,"Air"
"Air - Solvent",0.620363085125063,5,"Air"
"Air - Solvent",1.00181495724834,5,"Air"
"Air - Solvent",0.432664651075235,5,"Air"
"Air - Solvent",1.21677652167213,5,"Air"
"Air - Solvent",1.32495934396439,5,"Air"
"Air - Solvent",1.28844379878707,5,"Air"
"Air - Solvent",1.10995475910055,5,"Air"
"Air - Solvent",1.20145057799809,5,"Air"
"Air - Solvent",1.59442780090089,5,"Air"
"Air - Solvent",0.738496705053652,5,"Air"
"Air - Solvent",1.41618322020159,5,"Air"
"Air - Solvent",1.3948530557295,5,"Air"
"Air - Solvent",0.971564445718373,5,"Air"
"Air - Solvent",0.868172043494528,5,"Air"
"Air - Solvent",1.58746261972666,5,"Air"
"Air - Solvent",0.765078901188949,5,"Air"
"Air - Solvent",0.68562115804296,5,"Air"
"Air - Solvent",0.642162792412445,5,"Air"
"Air - Solvent",1.72296835046682,5,"Air"
"Air - Solvent",1.27972545338902,5,"Air"
"Air - Solvent",1.19272483988521,5,"Air"
"Air - Solvent",1.4623427722051,5,"Air"
"Air - Solvent",0.441731571780467,5,"Air"
"Air - Solvent",1.68213625275509,5,"Air"
"Air - Solvent",1.70383269005253,5,"Air"
"Air - Solvent",0.839403720654779,5,"Air"
"Air - Solvent",1.55512043588632,5,"Air"
"Air - Solvent",1.04635484709576,5,"Air"
"Air - Solvent",0.881140845363629,5,"Air"
"Air - Solvent",0.830725652188064,5,"Air"
"Air - Solvent",1.05581841068338,5,"Air"
"Air - Solvent",1.03482933850999,5,"Air"
"Air - Solvent",1.16485143123486,5,"Air"
"Air - Solvent",1.17907670654177,5,"Air"
"Air - Solvent",0.550743480448294,5,"Air"
"Air - Solvent",0.905477565388971,5,"Air"
"Air - Solvent",0.929594541686521,5,"Air"
"Air - Solvent",1.73687436625634,5,"Air"
"Air - Solvent",0.872809769722201,5,"Air"
"Air - Solvent",0.934677662090667,5,"Air"
"Air - Solvent",1.37825219741416,5,"Air"
"Air - Solvent",1.03757344195444,5,"Air"
"Air - Solvent",1.51914421904611,5,"Air"
"Air - Solvent",1.57282501299127,5,"Air"
"Air - Solvent",0.897060907463813,5,"Air"
"Air - Solvent",1.0646142599093,5,"Air"
"Air - Solvent",1.90622935834137,5,"Air"
"Air - Solvent",1.57832952847757,5,"Air"
"Air - Solvent",0.564093075688462,5,"Air"
"Air - Solvent",1.09181464560055,5,"Air"
"Air - Solvent",1.42436337147154,5,"Air"
"Air - Solvent",0.755451096615723,5,"Air"
"Air - Solvent",1.24447007421549,5,"Air"
"Air - Solvent",0.850517678120005,5,"Air"
"Air - Solvent",0.955941909221627,5,"Air"
"Air - Solvent",0.526830448652576,5,"Air"
"Air - Solvent",1.49507808354714,5,"Air"
"Air - Solvent",1.69642247769992,5,"Air"
"Air - Solvent",1.17983531857994,5,"Air"
"Air - Solvent",1.35629213770958,5,"Air"
"Air - Solvent",0.455268574336195,5,"Air"
"Air - Solvent",1.4563819626663,5,"Air"
"Air - Solvent",0.665360467054995,5,"Air"
"Air - Solvent",0.927635289507929,5,"Air"
"Air - Solvent",0.812980175680695,5,"Air"
"Air - Solvent",0.741614211008551,5,"Air"
"Air - Solvent",0.851106282357531,5,"Air"
"Air - Solvent",0.87158826522977,5,"Air"
"Air - Solvent",1.4431567396231,5,"Air"
"Air - Solvent",0.705843346823535,5,"Air"
"Air - Solvent",1.32459569551398,5,"Air"
"Air - Solvent",1.09425027869668,5,"Air"
"Air - Solvent",1.4300883243562,5,"Air"
"Air - Solvent",0.96150195719997,5,"Air"
"Air - Solvent",0.960121803982129,5,"Air"
"Air - Solvent",1.13631894051213,5,"Air"
"Air - Solvent",1.58240987372595,5,"Air"
"Air - Solvent",0.666410865466488,5,"Air"
"Air - Solvent",1.13057216946883,5,"Air"
"Air - Solvent",-0.314027349892649,5,"Air"
"Air - Solvent",1.2167943634835,5,"Air"
"Air - Solvent",1.23328702558672,5,"Air"
"Air - Solvent",0.866227196886919,5,"Air"
"Air - Solvent",1.25172022648344,5,"Air"
"Air - Solvent",1.13888640205415,5,"Air"
"Air - Solvent",1.13459224144023,5,"Air"
"Air - Solvent",0.992729421894073,5,"Air"
"Air - Solvent",0.571143318561265,5,"Air"
"Air - Solvent",0.915665957066895,5,"Air"
"Air - Solvent",1.26157940695322,5,"Air"
"Air - Solvent",1.39692132477874,5,"Air"
"Air - Solvent",1.41179114279097,5,"Air"
"Air - Solvent",0.99697796012521,5,"Air"
"Air - Solvent",1.15412881021957,5,"Air"
"Air - Solvent",1.23966147543864,5,"Air"
"Air - Solvent",1.20105145033009,5,"Air"
"Air - Solvent",1.0736934649934,5,"Air"
"Air - Solvent",1.08316635730309,5,"Air"
"Air - Solvent",1.4940882719968,5,"Air"
"Air - Solvent",0.189206537192501,5,"Air"
"Air - Solvent",1.2966467858534,5,"Air"
"Air - Solvent",1.3157331481607,5,"Air"
"Air - Solvent",0.872447252326045,5,"Air"
"Air - Solvent",0.778395714424118,5,"Air"
"Air - Solvent",1.22013505930546,5,"Air"
"Air - Solvent",1.94476435842642,5,"Air"
"Air - Solvent",1.42016664370163,5,"Air"
"Air - Solvent",1.78618903405593,5,"Air"
"Air - Solvent",0.722786150289787,5,"Air"
"Air - Solvent",1.24113277465576,5,"Air"
"Air - Solvent",0.88690046424311,5,"Air"
"Air - Solvent",0.628535582384379,5,"Air"
"Air - Solvent",1.73485611295282,5,"Air"
"Air - Solvent",1.2814113519735,5,"Air"
"Air - Solvent",0.678662178093733,5,"Air"
"Air - Solvent",1.21060629196764,5,"Air"
"Air - Solvent",1.24287625349603,5,"Air"
"Air - Solvent",0.677592240609976,5,"Air"
"Air - Solvent",1.57670349859325,5,"Air"
"Air - Solvent",1.8419389305212,5,"Air"
"Air - Solvent",0.667710663684731,5,"Air"
"Air - Solvent",1.45648911592331,5,"Air"
"Air - Solvent",1.96168072434443,5,"Air"
"Air - Solvent",1.24242266742363,5,"Air"
"Air - Solvent",0.772150032665705,5,"Air"
"Air - Solvent",1.23776002657566,5,"Air"
"Air - Solvent",1.12347372404766,5,"Air"
"Air - Solvent",0.866113816551992,5,"Air"
"Air - Solvent",1.26290823155491,5,"Air"
"Air - Solvent",0.838012319488511,5,"Air"
"Air - Solvent",0.883932251868401,5,"Air"
"Air - Solvent",1.05572554875573,5,"Air"
"Air - Solvent",1.1063623878375,5,"Air"
"Air - Solvent",1.04385525458265,5,"Air"
"Air - Solvent",0.815663153034151,5,"Air"
"Air - Solvent",1.05573838470223,5,"Air"
"Air - Solvent",0.327325590771862,5,"Air"
"Air - Solvent",0.743290891621353,5,"Air"
"Air - Solvent",1.41307677807768,5,"Air"
"Air - Solvent",1.29484921549,5,"Air"
"Air - Solvent",0.535390195472528,5,"Air"
"Air - Solvent",0.685426004682472,5,"Air"
"Air - Solvent",0.998453824878423,5,"Air"
"Air - Solvent",1.4987195078454,5,"Air"
"Air - Solvent",0.889221094843153,5,"Air"
"Air - Solvent",0.597089508050307,5,"Air"
"Air - Solvent",1.00796496439011,5,"Air"
"Air - Solvent",1.33829096302526,5,"Air"
"Air - Solvent",1.20080274588125,5,"Air"
"Air - Solvent",1.03996233751177,5,"Air"
"Air - Solvent",1.27617123150544,5,"Air"
"Air - Solvent",1.49058163790668,5,"Air"
"Air - Solvent",1.01870972051171,5,"Air"
"Air - Solvent",1.30164112169513,5,"Air"
"Air - Solvent",0.647666329985228,5,"Air"
"Air - Solvent",1.05468778613026,5,"Air"
"Air - Solvent",1.12910379183674,5,"Air"
"Air - Solvent",0.716716325207536,5,"Air"
"Air - Solvent",1.49670999304819,5,"Air"
"Air - Solvent",1.21528515439088,5,"Air"
"Air - Solvent",1.26927999625443,5,"Air"
"Air - Solvent",1.16299461698268,5,"Air"
"Air - Solvent",0.613409038520647,5,"Air"
"Air - Solvent",0.906686897604477,5,"Air"
"Air - Solvent",-0.41256118143409,5,"Air"
"Air - Solvent",1.13030591612926,5,"Air"
"Air - Solvent",1.24583852441713,5,"Air"
"Air - Solvent",1.26440839635105,5,"Air"
"Air - Solvent",0.980063552892438,5,"Air"
"Air - Solvent",0.884593443748064,5,"Air"
"Air - Solvent",1.20964612337951,5,"Air"
"Air - Solvent",0.963525013203693,5,"Air"
"Air - Solvent",1.15628978002526,5,"Air"
"Air - Solvent",0.977097781408352,5,"Air"
"Air - Solvent",1.51755487240867,5,"Air"
"Air - Solvent",0.733204294470465,5,"Air"
"Air - Solvent",1.02051015561259,5,"Air"
"Air - Solvent",0.767597429080827,5,"Air"
"Air - Solvent",1.01703771959367,5,"Air"
"Air - Solvent",0.786913565957698,5,"Air"
"Air - Solvent",0.737431313422934,5,"Air"
"Air - Solvent",0.736464243416914,5,"Air"
"Air - Solvent",1.42806864730725,5,"Air"
"Air - Solvent",0.886620137587648,5,"Air"
"Air - Solvent",1.57819845993415,5,"Air"
"Air - Solvent",0.624363814307657,5,"Air"
"Air - Solvent",0.96748739008924,5,"Air"
"Air - Solvent",1.007154774345,5,"Air"
"Air - Solvent",0.962200491840039,5,"Air"
"Air - Solvent",0.164641088683032,5,"Air"
"Air - Solvent",0.902049289737828,5,"Air"
"Air - Solvent",1.26265835102453,5,"Air"
"Air - Solvent",1.36829758424329,5,"Air"
"Air - Solvent",0.946976956038535,5,"Air"
"Air - Solvent",1.1333884947587,5,"Air"
"Air - Solvent",1.62961641043671,5,"Air"
"Air - Solvent",0.779355550172936,5,"Air"
"Air - Solvent",1.21893813929965,5,"Air"
"Air - Solvent",0.586333307376977,5,"Air"
"Air - Solvent",1.65560590293665,5,"Air"
"Air - Solvent",0.64212660554082,5,"Air"
"Air - Solvent",0.634012921817526,5,"Air"
"Air - Solvent",1.3991934947669,5,"Air"
"Air - Solvent",0.617223616701636,5,"Air"
"Air - Solvent",1.02489425164406,5,"Air"
"Air - Solvent",0.92304399178409,5,"Air"
"Air - Solvent",0.748445532513144,5,"Air"
"Air - Solvent",0.960329551988289,5,"Air"
"Air - Solvent",0.976208954621746,5,"Air"
"Air - Solvent",0.995006847570173,5,"Air"
"Air - Solvent",1.2119086365552,5,"Air"
"Air - Solvent",1.28471644419638,5,"Air"
"Air - Solvent",0.714588950493538,5,"Air"
"Air - Solvent",0.496949203467575,5,"Air"
"Air - Solvent",1.34379089378848,5,"Air"
"Air - Solvent",1.55285137075604,5,"Air"
"Air - Solvent",1.03910240834383,5,"Air"
"Air - Solvent",0.869207027097588,5,"Air"
"Air - Solvent",0.891326795930578,5,"Air"
"Air - Solvent",1.47062051325562,5,"Air"
"Air - Solvent",1.4197222756953,5,"Air"
"Air - Solvent",1.46388424809635,5,"Air"
"Air - Solvent",1.60072440036416,5,"Air"
"Air - Solvent",0.621602593627024,5,"Air"
"Air - Solvent",1.13178159454958,5,"Air"
"Air - Solvent",1.42756188765295,5,"Air"
"Air - Solvent",0.81548842008721,5,"Air"
"Air - Solvent",1.14211918147143,5,"Air"
"Air - Solvent",0.877755461484544,5,"Air"
"Air - Solvent",0.515043083771281,5,"Air"
"Air - Solvent",1.11049644996234,5,"Air"
"Air - Solvent",1.04246802268595,5,"Air"
"Air - Solvent",0.70113656294501,5,"Air"
"Air - Solvent",1.01089673349171,5,"Air"
"Air - Solvent",1.78947344643982,5,"Air"
"Air - Solvent",1.49261183835594,5,"Air"
"Air - Solvent",0.61858772460806,5,"Air"
"Air - Solvent",0.679108394817817,5,"Air"
"Air - Solvent",0.77707906954712,5,"Air"
"Air - Solvent",1.00714366100538,5,"Air"
"Air - Solvent",1.37324157050642,5,"Air"
"Air - Solvent",0.888210229704429,5,"Air"
"Air - Solvent",0.928113207743035,5,"Air"
"Air - Solvent",0.813175001211098,5,"Air"
"Air - Solvent",1.6235150835335,5,"Air"
"Air - Solvent",0.976566217118112,5,"Air"
"Air - Solvent",0.841947348961494,5,"Air"
"Air - Solvent",0.586831846577067,5,"Air"
"Air - Solvent",0.8444350503591,5,"Air"
"Air - Solvent",1.06382586447593,5,"Air"
"Air - Solvent",0.940289341210817,5,"Air"
"Air - Solvent",0.837420259816703,5,"Air"
"Air - Solvent",1.36214701380449,5,"Air"
"Air - Solvent",1.37440716825209,5,"Air"
"Air - Solvent",1.6305366523458,5,"Air"
"Air - Solvent",1.08898429535884,5,"Air"
"Air - Solvent",1.67863920313132,5,"Air"
"Air - Solvent",1.22176111496296,5,"Air"
"Air - Solvent",1.10717762902937,5,"Air"
"Air - Solvent",0.805625150705292,5,"Air"
"Air - Solvent",1.19302649251568,5,"Air"
"Air - Solvent",1.82164070244,5,"Air"
"Air - Solvent",1.14433088218001,5,"Air"
"Air - Solvent",0.768892831539766,5,"Air"
"Air - Solvent",1.13371790757785,5,"Air"
"Air - Solvent",1.35971231606363,5,"Air"
"Air - Solvent",1.12485570799109,5,"Air"
"Air - Solvent",1.80653614052159,5,"Air"
"Air - Solvent",0.358643864169704,5,"Air"
"Air - Solvent",1.38342009237011,5,"Air"
"Air - Solvent",1.42981023690424,5,"Air"
"Air - Solvent",1.32512542295856,5,"Air"
"Air - Solvent",1.575960678555,5,"Air"
"Air - Solvent",0.827790799607225,5,"Air"
"Air - Solvent",1.55787539038453,5,"Air"
"Air - Solvent",0.722499135823686,5,"Air"
"Air - Solvent",1.01448959041953,5,"Air"
"Air - Solvent",0.677664090654089,5,"Air"
"Air - Solvent",1.38557928745759,5,"Air"
"Air - Solvent",0.92039453247534,5,"Air"
"Air - Solvent",0.984290395358216,5,"Air"
"Air - Solvent",1.26458421808213,5,"Air"
"Air - Solvent",0.394204533687313,5,"Air"
"Air - Solvent",0.989303216768485,5,"Air"
"Air - Solvent",1.27889186932355,5,"Air"
"Air - Solvent",0.690688072833398,5,"Air"
"Air - Solvent",0.900552909008801,5,"Air"
"Air - Solvent",1.11062034661112,5,"Air"
"Air - Solvent",0.815787611306735,5,"Air"
"Air - Solvent",1.24631969027633,5,"Air"
"Air - Solvent",0.790418956275351,5,"Air"
"Air - Solvent",1.32401599608896,5,"Air"
"Air - Solvent",0.643395553628885,5,"Air"
"Air - Solvent",1.35552866181823,5,"Air"
"Air - Solvent",1.19598392082653,5,"Air"
"Air - Solvent",1.42613348063042,5,"Air"
"Air - Solvent",1.00394021618162,5,"Air"
"Air - Solvent",1.2882439047591,5,"Air"
"Air - Solvent",1.95351477287419,5,"Air"
"Air - Solvent",0.951024921236464,5,"Air"
"Air - Solvent",1.19108914386428,5,"Air"
"Air - Solvent",1.00433028948546,5,"Air"
"Air - Solvent",0.55952690237348,5,"Air"
"Air - Solvent",0.788946397142932,5,"Air"
"Air - Solvent",1.34217344755421,5,"Air"
"Air - Solvent",0.948536835753274,5,"Air"
"Air - Solvent",1.0423275687749,5,"Air"
"Air - Solvent",1.04225942643453,5,"Air"
"Air - Solvent",1.12255728960929,5,"Air"
"Air - Solvent",1.4484749622315,5,"Air"
"Air - Solvent",1.40637713309002,5,"Air"
"Air - Solvent",0.872877073567901,5,"Air"
"Air - Solvent",0.543107746170227,5,"Air"
"Air - Solvent",1.50299467070522,5,"Air"
"Air - Solvent",0.687842407119538,5,"Air"
"Air - Solvent",1.10584214468779,5,"Air"
"Air - Solvent",1.57432355135687,5,"Air"
"Air - Solvent",0.386289948351566,5,"Air"
"Air - Solvent",1.43521390783312,5,"Air"
"Air - Solvent",1.17039587545424,5,"Air"
"Air - Solvent",1.10951825508584,5,"Air"
"Air - Solvent",0.534021443039151,5,"Air"
"Air - Solvent",1.08433280266646,5,"Air"
"Air - Solvent",1.05876467321889,5,"Air"
"Air - Solvent",0.849633362803728,5,"Air"
"Air - Solvent",0.842530293296237,5,"Air"
"Air - Solvent",0.818243908040094,5,"Air"
"Air - Solvent",0.732145109978136,5,"Air"
"Air - Solvent",0.372325048094003,5,"Air"
"Air - Solvent",0.973627976584497,5,"Air"
"Air - Solvent",0.60116535997816,5,"Air"
"Air - Solvent",1.12798222477853,5,"Air"
"Air - Solvent",1.02624768747607,5,"Air"
"Air - Solvent",0.752522668345432,5,"Air"
"Air - Solvent",1.08272566771663,5,"Air"
"Air - Solvent",0.70150581856342,5,"Air"
"Air - Solvent",1.33545312721656,5,"Air"
"Air - Solvent",1.30740332942014,5,"Air"
"Air - Solvent",1.38827286561908,5,"Air"
"Air - Solvent",1.30065822137908,5,"Air"
"Air - Solvent",1.10572141304349,5,"Air"
"Air - Solvent",1.11842719487973,5,"Air"
"Air - Solvent",0.862157275853524,5,"Air"
"Air - Solvent",1.11228435297887,5,"Air"
"Air - Solvent",0.83402048220756,5,"Air"
"Air - Solvent",1.58859266582833,5,"Air"
"Air - Solvent",1.30348192826168,5,"Air"
"Air - Solvent",1.06348665079327,5,"Air"
"Air - Solvent",0.649126405546451,5,"Air"
"Air - Solvent",1.33899287126099,5,"Air"
"Air - Solvent",0.602851439429538,5,"Air"
"Air - Solvent",0.756577520526711,5,"Air"
"Air - Solvent",1.55464522926042,5,"Air"
"Air - Solvent",1.54276375246103,5,"Air"
"Air - Solvent",0.65031981561606,5,"Air"
"Air - Solvent",0.959461241198136,5,"Air"
"Air - Solvent",1.23548587719764,5,"Air"
"Air - Solvent",0.588236918931579,5,"Air"
"Air - Solvent",0.792472877946337,5,"Air"
"Air - Solvent",0.827549723614602,5,"Air"
"Air - Solvent",1.07040320734235,5,"Air"
"Air - Solvent",0.64823508398731,5,"Air"
"Air - Solvent",0.979140710014304,5,"Air"
"Air - Solvent",0.957123529125868,5,"Air"
"Air - Solvent",1.246177818017,5,"Air"
"Air - Solvent",1.38301575888486,5,"Air"
"Air - Solvent",1.39572784636178,5,"Air"
"Air - Solvent",1.53241217671406,5,"Air"
"Air - Solvent",0.272548107429556,5,"Air"
"Air - Solvent",1.52733438842288,5,"Air"
"Air - Solvent",0.75185899626375,5,"Air"
"Air - Solvent",1.34683263333614,5,"Air"
"Air - Solvent",1.43016398853078,5,"Air"
"Air - Solvent",0.250078136459146,5,"Air"
"Air - Solvent",1.20299432629493,5,"Air"
"Air - Solvent",2.29115975788759,5,"Air"
"Air - Solvent",0.941086966780569,5,"Air"
"Air - Solvent",0.625360690775545,5,"Air"
"Air - Solvent",1.11802722233502,5,"Air"
"Air - Solvent",1.8967211699646,5,"Air"
"Air - Solvent",0.676654120712842,5,"Air"
"Air - Solvent",1.13725447091435,5,"Air"
"Air - Solvent",1.19770997112321,5,"Air"
"Air - Solvent",1.46699013560139,5,"Air"
"Air - Solvent",0.897900458697999,5,"Air"
"Air - Solvent",1.29865994411341,5,"Air"
"Air - Solvent",0.45785344933505,5,"Air"
"Air - Solvent",1.3062762066983,5,"Air"
"Air - Solvent",0.881817667237541,5,"Air"
"Air - Solvent",1.1286121986764,5,"Air"
"Air - Solvent",1.31902718849075,5,"Air"
"Air - Solvent",1.35984453591117,5,"Air"
"Air - Solvent",0.877686544514787,5,"Air"
"Air - Solvent",1.50281461378289,5,"Air"
"Air - Solvent",1.18095423245782,5,"Air"
"Air - Solvent",1.28802603040733,5,"Air"
"Air - Solvent",1.10883648765014,5,"Air"
"Air - Solvent",1.20991190338548,5,"Air"
"Air - Solvent",1.2314867500747,5,"Air"
"Air - Solvent",1.0260982318855,5,"Air"
"Air - Solvent",0.48090744117904,5,"Air"
"Air - Solvent",0.572202895332156,5,"Air"
"Air - Solvent",1.08681893623752,5,"Air"
"Air - Solvent",1.3395510489061,5,"Air"
"Air - Solvent",0.86419528175489,5,"Air"
"Air - Solvent",1.14730122185046,5,"Air"
"Air - Solvent",0.987472395792521,5,"Air"
"Air - Solvent",0.636633489060619,5,"Air"
"Air - Solvent",0.912766507595936,5,"Air"
"Air - Solvent",0.730134136764925,5,"Air"
"Air - Solvent",0.264731679320631,5,"Air"
"Air - Solvent",0.596892351490541,5,"Air"
"Air - Solvent",0.938859404138403,5,"Air"
"Air - Solvent",1.1853038322575,5,"Air"
"Air - Solvent",1.06796003101525,5,"Air"
"Air - Solvent",1.16441018154558,5,"Air"
"Air - Solvent",1.17802231145558,5,"Air"
"Air - Solvent",1.20764257025029,5,"Air"
"Air - Solvent",0.569578902273595,5,"Air"
"Air - Solvent",1.06292009156065,5,"Air"
"Air - Solvent",0.958124860007496,5,"Air"
"Air - Solvent",0.668464875969614,5,"Air"
"Air - Solvent",1.17450908978939,5,"Air"
"Air - Solvent",1.31157408935205,5,"Air"
"Air - Solvent",1.23881589033865,5,"Air"
"Air - Solvent",0.48394920738408,5,"Air"
"Air - Solvent",0.388983532139655,5,"Air"
"Air - Solvent",1.52353412321236,5,"Air"
"Air - Solvent",1.4799295187303,5,"Air"
"Air - Solvent",1.29918424170989,5,"Air"
"Air - Solvent",0.664452877132919,5,"Air"
"Air - Solvent",1.00527513370317,5,"Air"
"Air - Solvent",1.22470454165044,5,"Air"
"Air - Solvent",0.814732255508216,5,"Air"
"Air - Solvent",1.82264018757818,5,"Air"
"Air - Solvent",1.27121634184755,5,"Air"
"Air - Solvent",0.818732740405775,5,"Air"
"Air - Solvent",1.35601787037646,5,"Air"
"Air - Solvent",0.783884732766399,5,"Air"
"Air - Solvent",1.2542538267578,5,"Air"
"Air - Solvent",0.808012286491964,5,"Air"
"Air - Solvent",1.08300799581852,5,"Air"
"Air - Solvent",0.845971442285269,5,"Air"
"Air - Solvent",1.90681910094795,5,"Air"
"Air - Solvent",0.462833422963183,5,"Air"
"Air - Solvent",1.26331977679982,5,"Air"
"Air - Solvent",1.63272966829139,5,"Air"
"Air - Solvent",1.49552141921505,5,"Air"
"Air - Solvent",1.20411057441581,5,"Air"
"Air - Solvent",0.630009189814392,5,"Air"
"Air - Solvent",0.74465700774902,5,"Air"
"Air - Solvent",1.3468260399602,5,"Air"
"Air - Solvent",0.799813369427766,5,"Air"
"Air - Solvent",0.325604897947584,5,"Air"
"Air - Solvent",0.806372769696486,5,"Air"
"Air - Solvent",2.07459638220618,5,"Air"
"Air - Solvent",1.8631641146629,5,"Air"
"Air - Solvent",0.727597479357738,5,"Air"
"Air - Solvent",1.14548937697033,5,"Air"
"Air - Solvent",0.889530469163945,5,"Air"
"Air - Solvent",1.14270960155761,5,"Air"
"Air - Solvent",1.22422996941259,5,"Air"
"Air - Solvent",0.39172479841427,5,"Air"
"Air - Solvent",0.859532076612087,5,"Air"
"Air - Solvent",0.988747335200929,5,"Air"
"Air - Solvent",1.07955250239452,5,"Air"
"Air - Solvent",1.18695317539587,5,"Air"
"Air - Solvent",0.379228060960301,5,"Air"
"Air - Solvent",1.52485776899937,5,"Air"
"Air - Solvent",1.07569275818789,5,"Air"
"Air - Solvent",1.2258413682129,5,"Air"
"Air - Solvent",1.65572098967987,5,"Air"
"Air - Solvent",1.42396953905206,5,"Air"
"Air - Solvent",0.574755910418274,5,"Air"
"Air - Solvent",0.581032341766983,5,"Air"
"Air - Solvent",0.862758804715646,5,"Air"
"Air - Solvent",1.32886178163494,5,"Air"
"Air - Solvent",1.32055870868937,5,"Air"
"Air - Solvent",0.814139984275614,5,"Air"
"Air - Solvent",1.33694038215038,5,"Air"
"Air - Solvent",0.968762911585752,5,"Air"
"Air - Solvent",1.23130368808868,5,"Air"
"Air - Solvent",1.30276966900674,5,"Air"
"Air - Solvent",0.593615919761081,5,"Air"
"Air - Solvent",0.851842862549271,5,"Air"
"Air - Solvent",1.37233699830309,5,"Air"
"Air - Solvent",2.08338464502725,5,"Air"
"Air - Solvent",0.721281392677875,5,"Air"
"Air - Solvent",0.622039407038391,5,"Air"
"Air - Solvent",0.896874315855943,5,"Air"
"Air - Solvent",1.17540375364528,5,"Air"
"Air - Solvent",0.666570613136648,5,"Air"
"Air - Solvent",0.912789746957193,5,"Air"
"Air - Solvent",0.895246426192001,5,"Air"
"Air - Solvent",1.08843833186654,5,"Air"
"Air - Solvent",0.918878941236342,5,"Air"
"Air - Solvent",1.64608122021466,5,"Air"
"Air - Solvent",0.976542369670269,5,"Air"
"Air - Solvent",0.711392055228615,5,"Air"
"Air - Solvent",0.771384383143422,5,"Air"
"Air - Solvent",1.12892191824386,5,"Air"
"Air - Solvent",1.59492825012984,5,"Air"
"Air - Solvent",1.45633176955896,5,"Air"
"Air - Solvent",1.63896287708086,5,"Air"
"Air - Solvent",1.10398454339878,5,"Air"
"Air - Solvent",1.21620121657862,5,"Air"
"Air - Solvent",1.42825350729174,5,"Air"
"Air - Solvent",0.94944486947807,5,"Air"
"Air - Solvent",1.21197011135513,5,"Air"
"Air - Solvent",1.26501797375637,5,"Air"
"Air - Solvent",1.29770213312652,5,"Air"
"Air - Solvent",0.97141377936025,5,"Air"
"Air - Solvent",1.20536586609241,5,"Air"
"Air - Solvent",1.55289493655927,5,"Air"
"Air - Solvent",1.49085886176096,5,"Air"
"Air - Solvent",0.886011831037894,5,"Air"
"Air - Solvent",0.455199494007446,5,"Air"
"Air - Solvent",1.11108656395727,5,"Air"
"Air - Solvent",1.16092537453899,5,"Air"
"Air - Solvent",1.11393936983722,5,"Air"
"Air - Solvent",1.57413367663754,5,"Air"
"Air - Solvent",1.15151404613555,5,"Air"
"Air - Solvent",1.07216549057862,5,"Air"
"Air - Solvent",1.3667452753113,5,"Air"
"Air - Solvent",1.40462001364201,5,"Air"
"Air - Solvent",1.50717456143468,5,"Air"
"Air - Solvent",1.2977534166965,5,"Air"
"Air - Solvent",0.668452971994035,5,"Air"
"Air - Solvent",0.702189541825954,5,"Air"
"Air - Solvent",0.69213215705972,5,"Air"
"Air - Solvent",0.699462564879983,5,"Air"
"Air - Solvent",0.904131262509637,5,"Air"
"Air - Solvent",0.715572561304829,5,"Air"
"Air - Solvent",0.588782454628381,5,"Air"
"Air - Solvent",1.38226765459268,5,"Air"
"Air - Solvent",1.59679125721858,5,"Air"
"Air - Solvent",1.4121959501983,5,"Air"
"Air - Solvent",0.80703422280391,5,"Air"
"Air - Solvent",1.21701626342443,5,"Air"
"Air - Solvent",0.990323229857694,5,"Air"
"Air - Solvent",1.19819724251014,5,"Air"
"Air - Solvent",1.14397071607221,5,"Air"
"Air - Solvent",0.566573203073045,5,"Air"
"Air - Solvent",0.616237694558571,5,"Air"
"Air - Solvent",1.46356530294724,5,"Air"
"Air - Solvent",0.889525352042667,5,"Air"
"Air - Solvent",1.24265415596919,5,"Air"
"Air - Solvent",0.668000237191764,5,"Air"
"Air - Solvent",1.60055162097288,5,"Air"
"Air - Solvent",0.636200700119363,5,"Air"
"Air - Solvent",0.547318909775214,5,"Air"
"Air - Solvent",1.06886962918184,5,"Air"
"Air - Solvent",0.730446721871097,5,"Air"
"Air - Solvent",1.34403339183243,5,"Air"
"Air - Solvent",0.564025459471048,5,"Air"
"Air - Solvent",1.39376331900505,5,"Air"
"Air - Solvent",1.16772425787497,5,"Air"
"Air - Solvent",0.321225109810909,5,"Air"
"Air - Solvent",1.47687014191719,5,"Air"
"Air - Solvent",0.659388416779058,5,"Air"
"Air - Solvent",1.13979214174956,5,"Air"
"Air - Solvent",1.00989153480384,5,"Air"
"Air - Solvent",0.92113866487323,5,"Air"
"Air - Solvent",0.135489301461221,5,"Air"
"Air - Solvent",0.793818352796731,5,"Air"
"Air - Solvent",0.862550317330747,5,"Air"
"Air - Solvent",0.890069134244803,5,"Air"
"Air - Solvent",1.95309191428105,5,"Air"
"Air - Solvent",0.853407955116563,5,"Air"
"Air - Solvent",0.61932156520885,5,"Air"
"Air - Solvent",0.940371188378419,5,"Air"
"Air - Solvent",0.736546054363589,5,"Air"
"Air - Solvent",0.940511138869559,5,"Air"
"Air - Solvent",1.11224787406755,5,"Air"
"Air - Solvent",0.675116939817889,5,"Air"
"Air - Solvent",0.819570276064657,5,"Air"
"Air - Solvent",0.800809997968836,5,"Air"
"Air - Solvent",1.05246546740481,5,"Air"
"Air - Solvent",1.25791653085219,5,"Air"
"Air - Solvent",0.903846753774985,5,"Air"
"Air - Solvent",0.978884116809504,5,"Air"
"Air - Solvent",0.884121328708612,5,"Air"
"Air - Solvent",1.10205310020788,5,"Air"
"Air - Solvent",1.06833325288204,5,"Air"
"Air - Solvent",0.620263764503751,5,"Air"
"Air - Solvent",1.25811863283096,5,"Air"
"Air - Solvent",1.50379954290443,5,"Air"
"Air - Solvent",1.06780313321288,5,"Air"
"Air - Solvent",1.05300182574149,5,"Air"
"Air - Solvent",1.21884174825751,5,"Air"
"Air - Solvent",1.11534030754629,5,"Air"
"Air - Solvent",1.09478697011117,5,"Air"
"Air - Solvent",1.10067076991199,5,"Air"
"Air - Solvent",1.88843532285366,5,"Air"
"Air - Solvent",0.653061259385737,5,"Air"
"Air - Solvent",1.45948082951718,5,"Air"
"Air - Solvent",0.864150704169641,5,"Air"
"Air - Solvent",1.00333023408566,5,"Air"
"Air - Solvent",1.54706617564328,5,"Air"
"Air - Solvent",2.13736763484021,5,"Air"
"Air - Solvent",0.924058859843505,5,"Air"
"Air - Solvent",1.1822766226152,5,"Air"
"Air - Solvent",1.56436774629942,5,"Air"
"Air - Solvent",1.39791930857012,5,"Air"
"Air - Solvent",1.8120050803103,5,"Air"
"Air - Solvent",1.20439185824547,5,"Air"
"Air - Solvent",0.59849492130744,5,"Air"
"Air - Solvent",0.896085250422389,5,"Air"
"Air - Solvent",1.34623099247219,5,"Air"
"Air - Solvent",0.993504053419635,5,"Air"
"Air - Solvent",0.626853786034527,5,"Air"
"Air - Solvent",0.710585992022631,5,"Air"
"Air - Solvent",1.6076114730454,5,"Air"
"Air - Solvent",0.966331162766818,5,"Air"
"Air - Solvent",1.11499838544284,5,"Air"
"Air - Solvent",1.44448795650667,5,"Air"
"Air - Solvent",0.867707243224156,5,"Air"
"Air - Solvent",0.926730713080118,5,"Air"
"Air - Solvent",0.884106474822258,5,"Air"
"Air - Solvent",0.537539196363468,5,"Air"
"Air - Solvent",0.561094635076112,5,"Air"
"Air - Solvent",1.35732884367888,5,"Air"
"Air - Solvent",0.111588409300279,5,"Air"
"Air - Solvent",0.846562441073607,5,"Air"
"Air - Solvent",1.09783292233314,5,"Air"
"Air - Solvent",1.52749491819109,5,"Air"
"Air - Solvent",1.58767413411625,5,"Air"
"Air - Solvent",0.64738056994233,5,"Air"
"Air - Solvent",0.763825137880678,5,"Air"
"Air - Solvent",1.24926953803082,5,"Air"
"Air - Solvent",1.74826589165424,5,"Air"
"Air - Solvent",1.4905699541633,5,"Air"
"Air - Solvent",1.58675384546759,5,"Air"
"Air - Solvent",1.90696514722033,5,"Air"
"Air - Solvent",1.21358297042102,5,"Air"
"Air - Solvent",1.28908496066805,5,"Air"
"Air - Solvent",1.77655277368291,5,"Air"
"Air - Solvent",0.897843995115784,5,"Air"
"Air - Solvent",1.04553720384825,5,"Air"
"Air - Solvent",0.263441888096504,5,"Air"
"Air - Solvent",0.718195413713782,5,"Air"
"Air - Solvent",1.08187043975755,5,"Air"
"Air - Solvent",1.17620098295426,5,"Air"
"Air - Solvent",1.59453547153454,5,"Air"
"Air - Solvent",0.905210688131044,5,"Air"
"Air - Solvent",0.861882598098927,5,"Air"
"Air - Solvent",1.06352850787037,5,"Air"
"Air - Solvent",1.21482974895291,5,"Air"
"Air - Solvent",0.774738714446221,5,"Air"
"Air - Solvent",1.18556896059343,5,"Air"
"Air - Solvent",1.28977940201378,5,"Air"
"Air - Solvent",1.19424027598458,5,"Air"
"Air - Solvent",1.04920766928307,5,"Air"
"Air - Solvent",1.28922067792247,5,"Air"
"Air - Solvent",1.3903548860466,5,"Air"
"Air - Solvent",0.95738197444757,5,"Air"
"Air - Solvent",1.17125298658628,5,"Air"
"Air - Solvent",1.44389875205654,5,"Air"
"Air - Solvent",0.700061068817741,5,"Air"
"Air - Solvent",1.20539423825869,5,"Air"
"Air - Solvent",1.16695293210063,5,"Air"
"Air - Solvent",1.83455066600071,5,"Air"
"Air - Solvent",1.2792868765595,5,"Air"
"Air - Solvent",0.683042005433323,5,"Air"
"Air - Solvent",0.919906358102739,5,"Air"
"Air - Solvent",0.683368166888454,5,"Air"
"Air - Solvent",1.18386904539263,5,"Air"
"Air - Solvent",0.771384945372982,5,"Air"
"Air - Solvent",0.744775870058713,5,"Air"
"Air - Solvent",1.54333897188057,5,"Air"
"Air - Solvent",0.458687909602163,5,"Air"
"Air - Solvent",0.9406363343684,5,"Air"
"Air - Solvent",0.816354027375523,5,"Air"
"Air - Solvent",1.02076193133519,5,"Air"
"Air - Solvent",1.26140884220346,5,"Air"
"Air - Solvent",1.14108723397436,5,"Air"
"Air - Solvent",1.26356624715285,5,"Air"
"Air - Solvent",1.33167360721296,5,"Air"
"Air - Solvent",1.08890609705632,5,"Air"
"Air - Solvent",1.44990098839322,5,"Air"
"Air - Solvent",0.955987576418847,5,"Air"
"Air - Solvent",1.62778716621293,5,"Air"
"Air - Solvent",1.76752958541965,5,"Air"
"Air - Solvent",0.693593207695484,5,"Air"
"Air - Solvent",1.56237812024162,5,"Air"
"Air - Solvent",1.4351635613652,5,"Air"
"Air - Solvent",1.21784408394118,5,"Air"
"Air - Solvent",0.418300109182208,5,"Air"
"Air - Solvent",1.64903142022949,5,"Air"
"Air - Solvent",0.910023498692952,5,"Air"
"Air - Solvent",1.70700418108414,5,"Air"
"Air - Solvent",0.450065112470802,5,"Air"
"Air - Solvent",1.01733309062529,5,"Air"
"Air - Solvent",1.4201400030861,5,"Air"
"Air - Solvent",0.779329371667211,5,"Air"
"Air - Solvent",0.55744970557723,5,"Air"
"Air - Solvent",1.01130802612093,5,"Air"
"Air - Solvent",0.727398394476597,5,"Air"
"Air - Solvent",0.840496029915681,5,"Air"
"Air - Solvent",1.41078607885266,5,"Air"
"Air - Solvent",0.647709504504767,5,"Air"
"Air - Solvent",1.45172617166217,5,"Air"
"Air - Solvent",1.28216182756918,5,"Air"
"Air - Solvent",1.12071574794523,5,"Air"
"Air - Solvent",1.02062179121824,5,"Air"
"Air - Solvent",1.8203358849864,5,"Air"
"Air - Solvent",0.684248814376709,5,"Air"
"Air - Solvent",1.65966888248691,5,"Air"
"Air - Solvent",1.05336406491435,5,"Air"
"Air - Solvent",1.00250980674402,5,"Air"
"Air - Solvent",1.12720231907551,5,"Air"
"Air - Solvent",1.16249529556965,5,"Air"
"Air - Solvent",1.01103087735328,5,"Air"
"Air - Solvent",0.566398630579111,5,"Air"
"Air - Solvent",1.23198381208365,5,"Air"
"Air - Solvent",0.658822687572537,5,"Air"
"Air - Solvent",0.637778697904414,5,"Air"
"Air - Solvent",1.44273716935591,5,"Air"
"Air - Solvent",1.45717824358675,5,"Air"
"Air - Solvent",1.03784637677193,5,"Air"
"Air - Solvent",0.543530809435597,5,"Air"
"Air - Solvent",0.783095790811579,5,"Air"
"Air - Solvent",1.3401698066322,5,"Air"
"Air - Solvent",0.963056952044812,5,"Air"
"Air - Solvent",1.63574942911309,5,"Air"
"Air - Solvent",1.58856997578986,5,"Air"
"Air - Solvent",1.07488295501165,5,"Air"
"Air - Solvent",1.27463705948892,5,"Air"
"Air - Solvent",0.808156193569383,5,"Air"
"Air - Solvent",1.62371651468417,5,"Air"
"Air - Solvent",0.707057411953041,5,"Air"
"Air - Solvent",1.03728993692076,5,"Air"
"Air - Solvent",1.26001102800998,5,"Air"
"Air - Solvent",1.14034203765265,5,"Air"
"Air - Solvent",0.775372256430027,5,"Air"
"Air - Solvent",0.64632755131044,5,"Air"
"Air - Solvent",1.22064398741411,5,"Air"
"Air - Solvent",0.0828042579449339,5,"Air"
"Air - Solvent",1.03557988225347,5,"Air"
"Air - Solvent",1.13228956745566,5,"Air"
"Air - Solvent",0.4827683120065,5,"Air"
"Air - Solvent",1.77518571638642,5,"Air"
"Air - Solvent",0.967965629383896,5,"Air"
"Air - Solvent",1.26503863888096,5,"Air"
"Air - Solvent",1.19014331639603,5,"Air"
"Air - Solvent",1.17778088302133,5,"Air"
"Air - Solvent",1.50042989155392,5,"Air"
"Air - Solvent",1.09298953337035,5,"Air"
"Air - Solvent",0.914834655052817,5,"Air"
"Air - Solvent",1.23410536569977,5,"Air"
"Air - Solvent",1.07688954322716,5,"Air"
"Air - Solvent",0.51765756325642,5,"Air"
"Air - Solvent",0.969463745216812,5,"Air"
"Air - Solvent",0.587534598898744,5,"Air"
"Air - Solvent",1.38332771694119,5,"Air"
"Air - Solvent",0.770149599768871,5,"Air"
"Air - Solvent",1.28017952001091,5,"Air"
"Air - Solvent",1.54765494791984,5,"Air"
"Air - Solvent",0.994110823548847,5,"Air"
"Air - Solvent",0.608777271579665,5,"Air"
"Air - Solvent",1.23059925844647,5,"Air"
"Air - Solvent",1.18408727111542,5,"Air"
"Air - Solvent",1.01811378230703,5,"Air"
"Air - Solvent",1.39724126450697,5,"Air"
"Air - Solvent",0.867630122584608,5,"Air"
"Air - Solvent",0.832241645471339,5,"Air"
"Air - Solvent",0.529602506346167,5,"Air"
"Air - Solvent",-0.0890551829358044,5,"Air"
"Air - Solvent",1.64438661602745,5,"Air"
"Air - Solvent",1.18787279921113,5,"Air"
"Air - Solvent",1.94550043304488,5,"Air"
"Air - Solvent",0.456638003320629,5,"Air"
"Air - Solvent",1.24585777647401,5,"Air"
"Air - Solvent",1.35778111691658,5,"Air"
"Air - Solvent",1.20852777129261,5,"Air"
"Air - Solvent",1.32314633338476,5,"Air"
"Air - Solvent",1.20360153340154,5,"Air"
"Air - Solvent",1.50857868211506,5,"Air"
"Air - Solvent",0.645204854011005,5,"Air"
"Air - Solvent",1.07989388978407,5,"Air"
"Air - Solvent",0.828088848143218,5,"Air"
"Air - Solvent",0.928985266168878,5,"Air"
"Air - Solvent",0.738304205654771,5,"Air"
"Air - Solvent",1.24825299365093,5,"Air"
"Air - Solvent",1.30771556907272,5,"Air"
"Air - Solvent",1.59452453014483,5,"Air"
"Air - Solvent",0.874666088543446,5,"Air"
"Air - Solvent",1.40200349235853,5,"Air"
"Air - Solvent",0.955769606187885,5,"Air"
"Air - Solvent",0.856435198866845,5,"Air"
"Air - Solvent",0.355675580087469,5,"Air"
"Air - Solvent",1.01155333638321,5,"Air"
"Air - Solvent",0.856227326048612,5,"Air"
"Air - Solvent",1.01374040167177,5,"Air"
"Air - Solvent",0.804452386246032,5,"Air"
"Air - Solvent",0.172984307935546,5,"Air"
"Air - Solvent",1.44539555488062,5,"Air"
"Air - Solvent",1.89926390838227,5,"Air"
"Air - Solvent",0.804516746715689,5,"Air"
"Air - Solvent",0.754507825778281,5,"Air"
"Air - Solvent",1.24478338206889,5,"Air"
"Air - Solvent",1.31584940189581,5,"Air"
"Air - Solvent",1.11827111348817,5,"Air"
"Air - Solvent",1.13929311035511,5,"Air"
"Air - Solvent",1.58146975753587,5,"Air"
"Air - Solvent",0.971885730185803,5,"Air"
"Air - Solvent",0.167105621007164,5,"Air"
"Air - Solvent",0.603727594256469,5,"Air"
"Air - Solvent",1.28182902739451,5,"Air"
"Air - Solvent",1.43991100363405,5,"Air"
"Air - Solvent",1.7020865743513,5,"Air"
"Air - Solvent",1.72170581865148,5,"Air"
"Air - Solvent",1.14118450859068,5,"Air"
"Air - Solvent",0.709795769706317,5,"Air"
"Air - Solvent",1.19111927345691,5,"Air"
"Air - Solvent",1.37721926334287,5,"Air"
"Air - Solvent",0.481557012663209,5,"Air"
"Air - Solvent",0.854976178813497,5,"Air"
"Air - Solvent",0.924826273074978,5,"Air"
"Air - Solvent",1.17185473261123,5,"Air"
"Air - Solvent",0.594663248495583,5,"Air"
"Air - Solvent",0.672199387721028,5,"Air"
"Air - Solvent",1.23048207279472,5,"Air"
"Air - Solvent",1.40344175742193,5,"Air"
"Air - Solvent",0.747831798726222,5,"Air"
"Air - Solvent",0.735531819152899,5,"Air"
"Air - Solvent",1.33926281606127,5,"Air"
"Air - Solvent",0.719658541427014,5,"Air"
"Air - Solvent",1.3436126538902,5,"Air"
"Air - Solvent",0.930102400750116,5,"Air"
"Air - Solvent",0.582284151394626,5,"Air"
"Air - Solvent",1.09903148641202,5,"Air"
"Air - Solvent",1.07400128673246,5,"Air"
"Air - Solvent",0.469669568511328,5,"Air"
"Air - Solvent",0.635268321352796,5,"Air"
"Air - Solvent",0.847255032755852,5,"Air"
"Air - Solvent",1.15059411293316,5,"Air"
"Air - Solvent",1.41417805746414,5,"Air"
"Air - Solvent",1.12693817996906,5,"Air"
"Air - Solvent",1.32045788115822,5,"Air"
"Air - Solvent",0.687461699904709,5,"Air"
"Air - Solvent",0.519730444883249,5,"Air"
"Air - Solvent",1.26689829706763,5,"Air"
"Air - Solvent",1.76801674706087,5,"Air"
"Air - Solvent",1.18835860372224,5,"Air"
"Air - Solvent",0.552980292565505,5,"Air"
"Air - Solvent",1.0072985734765,5,"Air"
"Air - Solvent",1.80604884334015,5,"Air"
"Air - Solvent",1.012733022725,5,"Air"
"Air - Solvent",0.785167941986463,5,"Air"
"Air - Solvent",1.22958376430472,5,"Air"
"Air - Solvent",1.2472496098068,5,"Air"
"Air - Solvent",0.910032415591697,5,"Air"
"Air - Solvent",1.46861852615745,5,"Air"
"Air - Solvent",0.989927980504614,5,"Air"
"Air - Solvent",1.2865238353023,5,"Air"
"Air - Solvent",1.29409984406912,5,"Air"
"Air - Solvent",1.20724164235693,5,"Air"
"Air - Solvent",1.45631893545506,5,"Air"
"Air - Solvent",1.11399281941075,5,"Air"
"Air - Solvent",1.68141469015648,5,"Air"
"Air - Solvent",0.839113576950048,5,"Air"
"Air - Solvent",1.26995197843983,5,"Air"
"Air - Solvent",1.21271424136628,5,"Air"
"Air - Solvent",1.02983114756615,5,"Air"
"Air - Solvent",0.427100502467006,5,"Air"
"Air - Solvent",0.498930023613171,5,"Air"
"Air - Solvent",1.51373789690798,5,"Air"
"Air - Solvent",0.459042721632822,5,"Air"
"Air - Solvent",0.925868190661916,5,"Air"
"Air - Solvent",1.63112207386705,5,"Air"
"Air - Solvent",0.869652145111831,5,"Air"
"Air - Solvent",0.697335019873347,5,"Air"
"Air - Solvent",1.1136611071772,5,"Air"
"Air - Solvent",1.02526987504654,5,"Air"
"Air - Solvent",0.693459840235473,5,"Air"
"Air - Solvent",0.840903791078204,5,"Air"
"Air - Solvent",0.632569510770714,5,"Air"
"Air - Solvent",1.12221969986143,5,"Air"
"Air - Solvent",0.435579191966654,5,"Air"
"Air - Solvent",1.64693639161826,5,"Air"
"Air - Solvent",1.15402066430695,5,"Air"
"Air - Solvent",1.26601690660033,5,"Air"
"Air - Solvent",1.57936412787588,5,"Air"
"Air - Solvent",0.950645391297457,5,"Air"
"Air - Solvent",0.779826874755532,5,"Air"
"Air - Solvent",1.82641378379366,5,"Air"
"Air - Solvent",1.73237068478149,5,"Air"
"Air - Solvent",0.993298734755817,5,"Air"
"Air - Solvent",0.907899244526688,5,"Air"
"Air - Solvent",1.13688821642121,5,"Air"
"Air - Solvent",1.06764221857096,5,"Air"
"Air - Solvent",0.438923171542191,5,"Air"
"Air - Solvent",1.62302982084649,5,"Air"
"Air - Solvent",1.19178174546041,5,"Air"
"Air - Solvent",0.854612421619544,5,"Air"
"Air - Solvent",1.07746425259313,5,"Air"
"Air - Solvent",0.784146664983011,5,"Air"
"Air - Solvent",1.82878952731596,5,"Air"
"Air - Solvent",1.39508330923785,5,"Air"
"Air - Solvent",1.48562729021782,5,"Air"
"Air - Solvent",0.920915497635865,5,"Air"
"Air - Solvent",0.983286485470967,5,"Air"
"Air - Solvent",1.10757025438996,5,"Air"
"Air - Solvent",0.787760745882423,5,"Air"
"Air - Solvent",1.06486973942117,5,"Air"
"Air - Solvent",0.995793404828823,5,"Air"
"Air - Solvent",0.891129171970019,5,"Air"
"Air - Solvent",0.941168561667626,5,"Air"
"Air - Solvent",1.38780645478153,5,"Air"
"Air - Solvent",1.12512932413739,5,"Air"
"Air - Solvent",0.9430225699316,5,"Air"
"Air - Solvent",1.12720798339668,5,"Air"
"Air - Solvent",0.688286052940986,5,"Air"
"Air - Solvent",0.458065324237062,5,"Air"
"Air - Solvent",0.409018881279032,5,"Air"
"Air - Solvent",0.564177923487843,5,"Air"
"Air - Solvent",1.53747163298973,5,"Air"
"Air - Solvent",0.963046086238749,5,"Air"
"Air - Solvent",1.52597457149954,5,"Air"
"Air - Solvent",1.02161787259137,5,"Air"
"Air - Solvent",1.26667033586536,5,"Air"
"Air - Solvent",1.37343644107543,5,"Air"
"Air - Solvent",1.08791976539516,5,"Air"
"Air - Solvent",1.11223303001517,5,"Air"
"Air - Solvent",1.11360722921574,5,"Air"
"Air - Solvent",0.453535046103076,5,"Air"
"Air - Solvent",0.648547094555569,5,"Air"
"Air - Solvent",1.22791895773809,5,"Air"
"Air - Solvent",0.935161082598896,5,"Air"
"Air - Solvent",0.86959004813374,5,"Air"
"Air - Solvent",0.483072556510778,5,"Air"
"Air - Solvent",1.33559206982635,5,"Air"
"Air - Solvent",1.57460864924942,5,"Air"
"Air - Solvent",0.378059566300073,5,"Air"
"Air - Solvent",1.05563666879215,5,"Air"
"Air - Solvent",1.86258405961168,5,"Air"
"Air - Solvent",0.990327052881353,5,"Air"
"Air - Solvent",1.5487364512916,5,"Air"
"Air - Solvent",1.07330676388327,5,"Air"
"Air - Solvent",1.07173107425907,5,"Air"
"Air - Solvent",1.00139794281976,5,"Air"
"Air - Solvent",0.811616116102381,5,"Air"
"Air - Solvent",1.23739088979674,5,"Air"
"Air - Solvent",1.3834096892051,5,"Air"
"Air - Solvent",1.06424611040608,5,"Air"
"Air - Solvent",0.495100459197758,5,"Air"
"Air - Solvent",1.15383005928606,5,"Air"
"Air - Solvent",1.38475766519951,5,"Air"
"Air - Solvent",0.627000392411072,5,"Air"
"Air - Solvent",1.14382203601625,5,"Air"
"Air - Solvent",0.789135631106972,5,"Air"
"Air - Solvent",0.262128657232781,5,"Air"
"Air - Solvent",1.13179013456941,5,"Air"
"Air - Solvent",1.54692667484458,5,"Air"
"Air - Solvent",1.33062167955641,5,"Air"
"Air - Solvent",0.98460822913115,5,"Air"
"Air - Solvent",1.27154988404615,5,"Air"
"Air - Solvent",0.635099913555469,5,"Air"
"Air - Solvent",1.37252654973487,5,"Air"
"Air - Solvent",0.944075291722472,5,"Air"
"Air - Solvent",1.1638153019318,5,"Air"
"Air - Solvent",1.39865362329953,5,"Air"
"Air - Solvent",1.45144212711813,5,"Air"
"Air - Solvent",0.643055402317586,5,"Air"
"Air - Solvent",0.970226416416095,5,"Air"
"Air - Solvent",1.30082487354157,5,"Air"
"Air - Solvent",0.917564493656618,5,"Air"
"Air - Solvent",1.31296745879056,5,"Air"
"Air - Solvent",1.38903430057954,5,"Air"
"Air - Solvent",1.30986962392026,5,"Air"
"Air - Solvent",1.42362694599462,5,"Air"
"Air - Solvent",1.52645756071133,5,"Air"
"Air - Solvent",0.851175378809313,5,"Air"
"Air - Solvent",1.33661391620587,5,"Air"
"Air - Solvent",1.29766860488952,5,"Air"
"Air - Solvent",1.25367504695674,5,"Air"
"Air - Solvent",0.869527060401365,5,"Air"
"Air - Solvent",0.526106500992034,5,"Air"
"Air - Solvent",1.40112979326911,5,"Air"
"Air - Solvent",1.03702353295983,5,"Air"
"Air - Solvent",1.22816116942022,5,"Air"
"Air - Solvent",0.958009702466358,5,"Air"
"Air - Solvent",0.588935966592765,5,"Air"
"Air - Solvent",1.36757561479547,5,"Air"
"Air - Solvent",1.45836478077599,5,"Air"
"Air - Solvent",1.33150849787616,5,"Air"
"Air - Solvent",0.878098589518188,5,"Air"
"Air - Solvent",1.10199203882431,5,"Air"
"Air - Solvent",1.30954447904801,5,"Air"
"Air - Solvent",0.667216457923131,5,"Air"
"Air - Solvent",0.194432151963042,5,"Air"
"Air - Solvent",1.96405878180724,5,"Air"
"Air - Solvent",1.98049931543018,5,"Air"
"Air - Solvent",0.712589944887526,5,"Air"
"Air - Solvent",1.24831677987575,5,"Air"
"Air - Solvent",0.704579584266154,5,"Air"
"Air - Solvent",1.33858485977771,5,"Air"
"Air - Solvent",1.40565832883339,5,"Air"
"Air - Solvent",0.971496509439214,5,"Air"
"Air - Solvent",1.29721460557278,5,"Air"
"Air - Solvent",1.14879944530365,5,"Air"
"Air - Solvent",1.01456752798967,5,"Air"
"Air - Solvent",0.987553403491279,5,"Air"
"Air - Solvent",1.17551154920963,5,"Air"
"Air - Solvent",0.409373855814472,5,"Air"
"Air - Solvent",0.837654772014566,5,"Air"
"Air - Solvent",1.03136775037796,5,"Air"
"Air - Solvent",1.66916157931835,5,"Air"
"Air - Solvent",1.26652813168763,5,"Air"
"Air - Solvent",1.18329665091197,5,"Air"
"Air - Solvent",1.10758101247386,5,"Air"
"Air - Solvent",1.33447566328544,5,"Air"
"Air - Solvent",1.18156330990148,5,"Air"
"Air - Solvent",1.29200136939146,5,"Air"
"Air - Solvent",0.799155675681407,5,"Air"
"Air - Solvent",0.633173383404617,5,"Air"
"Air - Solvent",0.831844637166832,5,"Air"
"Air - Solvent",1.62319455821455,5,"Air"
"Air - Solvent",1.19379251064554,5,"Air"
"Air - Solvent",0.920104449843654,5,"Air"
"Air - Solvent",1.96024568750091,5,"Air"
"Air - Solvent",0.920126499968036,5,"Air"
"Air - Solvent",0.876967979511456,5,"Air"
"Air - Solvent",1.220866603055,5,"Air"
"Air - Solvent",0.822786780327567,5,"Air"
"Air - Solvent",1.64568952728283,5,"Air"
"Air - Solvent",1.24506434685509,5,"Air"
"Air - Solvent",1.18496295931105,5,"Air"
"Air - Solvent",1.31065916986749,5,"Air"
"Air - Solvent",0.940826295645885,5,"Air"
"Air - Solvent",0.808802361207458,5,"Air"
"Air - Solvent",0.809550706680696,5,"Air"
"Air - Solvent",0.842047560463814,5,"Air"
"Air - Solvent",1.02411379519739,5,"Air"
"Air - Solvent",0.942533415093011,5,"Air"
"Air - Solvent",1.41624579296938,5,"Air"
"Air - Solvent",1.58837667783345,5,"Air"
"Air - Solvent",1.04667160907678,5,"Air"
"Air - Solvent",1.28344710243302,5,"Air"
"Air - Solvent",1.04908438053122,5,"Air"
"Air - Solvent",1.29203787827652,5,"Air"
"Air - Solvent",1.05539733209618,5,"Air"
"Air - Solvent",1.20903254485074,5,"Air"
"Air - Solvent",1.78005658195447,5,"Air"
"Air - Solvent",0.843223919738115,5,"Air"
"Air - Solvent",1.13435176859879,5,"Air"
"Air - Solvent",1.79663151203444,5,"Air"
"Air - Solvent",0.945695996553357,5,"Air"
"Air - Solvent",1.19344615901729,5,"Air"
"Air - Solvent",0.452730764775507,5,"Air"
"Air - Solvent",1.58206291713714,5,"Air"
"Air - Solvent",0.538711077253775,5,"Air"
"Air - Solvent",0.81046634464419,5,"Air"
"Air - Solvent",1.048383009229,5,"Air"
"Air - Solvent",0.561576812618892,5,"Air"
"Air - Solvent",1.21524685498373,5,"Air"
"Air - Solvent",1.13268273557696,5,"Air"
"Air - Solvent",0.797291434968844,5,"Air"
"Air - Solvent",1.68417379009226,5,"Air"
"Air - Solvent",1.26689294731865,5,"Air"
"Air - Solvent",1.10203513528348,5,"Air"
"Air - Solvent",0.764147671010828,5,"Air"
"Air - Solvent",1.20713309495664,5,"Air"
"Air - Solvent",1.03655173158249,5,"Air"
"Air - Solvent",1.52720354366273,5,"Air"
"Air - Solvent",1.03457271444734,5,"Air"
"Air - Solvent",1.08339912706983,5,"Air"
"Air - Solvent",1.55701683015675,5,"Air"
"Air - Solvent",1.01817256945224,5,"Air"
"Air - Solvent",1.43104849598283,5,"Air"
"Air - Solvent",1.44716435418917,5,"Air"
"Air - Solvent",0.868750638993652,5,"Air"
"Air - Solvent",0.424914839985404,5,"Air"
"Air - Solvent",1.35498578309299,5,"Air"
"Air - Solvent",1.24852116903141,5,"Air"
"Air - Solvent",0.819090530243768,5,"Air"
"Air - Solvent",0.827664411573166,5,"Air"
"Air - Solvent",1.57901641894094,5,"Air"
"Air - Solvent",0.599765602233971,5,"Air"
"Air - Solvent",0.780279341905272,5,"Air"
"Air - Solvent",1.21399601044701,5,"Air"
"Air - Solvent",0.802568074966945,5,"Air"
"Air - Solvent",0.67631047097757,5,"Air"
"Air - Solvent",0.810610008755936,5,"Air"
"Air - Solvent",1.25439353799719,5,"Air"
"Air - Solvent",1.49701666538399,5,"Air"
"Air - Solvent",1.0167303519945,5,"Air"
"Air - Solvent",1.05605480687975,5,"Air"
"Air - Solvent",1.84316328408455,5,"Air"
"Air - Solvent",1.34705903919087,5,"Air"
"Air - Solvent",0.942254397010463,5,"Air"
"Air - Solvent",0.76981910230996,5,"Air"
"Air - Solvent",0.55144560063696,5,"Air"
"Air - Solvent",0.802978179589647,5,"Air"
"Air - Solvent",1.26551551783059,5,"Air"
"Air - Solvent",1.15851268815019,5,"Air"
"Air - Solvent",0.668134733663985,5,"Air"
"Air - Solvent",1.33549141684232,5,"Air"
"Air - Solvent",1.19012957301298,5,"Air"
"Air - Solvent",0.762310239821172,5,"Air"
"Air - Solvent",1.36908215467669,5,"Air"
"Air - Solvent",1.31534360425772,5,"Air"
"Air - Solvent",1.40589332154973,5,"Air"
"Air - Solvent",1.63106952914022,5,"Air"
"Air - Solvent",0.789354159582318,5,"Air"
"Air - Solvent",0.674507107962846,5,"Air"
"Air - Solvent",2.26684887154596,5,"Air"
"Air - Solvent",1.0616875629447,5,"Air"
"Air - Solvent",0.303718520640359,5,"Air"
"Air - Solvent",1.16787405408434,5,"Air"
"Air - Solvent",1.10416918674581,5,"Air"
"Air - Solvent",0.833741926736936,5,"Air"
"Air - Solvent",0.875510468533791,5,"Air"
"Air - Solvent",0.81239397093061,5,"Air"
"Air - Solvent",0.8457916982923,5,"Air"
"Air - Solvent",1.54326395309754,5,"Air"
"Air - Solvent",0.863331185806537,5,"Air"
"Air - Solvent",0.741587826261867,5,"Air"
"Air - Solvent",1.37139655349535,5,"Air"
"Air - Solvent",1.035666362072,5,"Air"
"Air - Solvent",0.863079576129352,5,"Air"
"Air - Solvent",0.739693147941108,5,"Air"
"Air - Solvent",1.03495627529922,5,"Air"
"Air - Solvent",1.30962212223004,5,"Air"
"Air - Solvent",1.13716015870483,5,"Air"
"Air - Solvent",1.07330220621247,5,"Air"
"Air - Solvent",0.739649095867231,5,"Air"
"Air - Solvent",0.996920309988151,5,"Air"
"Air - Solvent",2.19229193084397,5,"Air"
"Air - Solvent",1.32990899332472,5,"Air"
"Air - Solvent",1.03839819207335,5,"Air"
"Air - Solvent",1.80265953217357,5,"Air"
"Air - Solvent",0.931576310303888,5,"Air"
"Air - Solvent",0.520058711335115,5,"Air"
"Air - Solvent",0.939760999464777,5,"Air"
"Air - Solvent",0.58351728069736,5,"Air"
"Air - Solvent",0.739339209361976,5,"Air"
"Air - Solvent",1.06418736757186,5,"Air"
"Air - Solvent",1.18210622065096,5,"Air"
"Air - Solvent",0.628063345024372,5,"Air"
"Air - Solvent",1.16942557827687,5,"Air"
"Air - Solvent",1.54111590499913,5,"Air"
"Air - Solvent",0.852000568320479,5,"Air"
"Air - Solvent",1.31330785906309,5,"Air"
"Air - Solvent",1.46933039373287,5,"Air"
"Air - Solvent",0.777982481592041,5,"Air"
"Air - Solvent",0.667521619311688,5,"Air"
"Air - Solvent",0.486151175633386,5,"Air"
"Air - Solvent",0.463227696267726,5,"Air"
"Air - Solvent",1.11536726283065,5,"Air"
"Air - Solvent",1.40865272385765,5,"Air"
"Air - Solvent",1.6323654245842,5,"Air"
"Air - Solvent",0.833114194919919,5,"Air"
"Air - Solvent",0.904692222406888,5,"Air"
"Air - Solvent",0.91325343138623,5,"Air"
"Air - Solvent",1.05251486457127,5,"Air"
"Air - Solvent",1.1334453175995,5,"Air"
"Air - Solvent",1.07139477228102,5,"Air"
"Air - Solvent",0.41734630128088,5,"Air"
"Air - Solvent",0.844923157729822,5,"Air"
"Air - Solvent",0.976914277971419,5,"Air"
"Air - Solvent",0.754913754108013,5,"Air"
"Air - Solvent",1.59101776001678,5,"Air"
"Air - Solvent",1.21918636120057,5,"Air"
"Air - Solvent",0.818376588112672,5,"Air"
"Air - Solvent",1.2725567530412,5,"Air"
"Air - Solvent",0.789906341274274,5,"Air"
"Air - Solvent",1.30694266236632,5,"Air"
"Air - Solvent",1.20737116688906,5,"Air"
"Air - Solvent",1.26004367237871,5,"Air"
"Air - Solvent",1.30669279177069,5,"Air"
"Air - Solvent",0.745146932335952,5,"Air"
"Air - Solvent",0.556529630177428,5,"Air"
"Air - Solvent",1.54512059457494,5,"Air"
"Air - Solvent",1.5917403920999,5,"Air"
"Air - Solvent",0.214121004307752,5,"Air"
"Air - Solvent",0.790734186182023,5,"Air"
"Air - Solvent",1.08702900062082,5,"Air"
"Air - Solvent",1.47028060679048,5,"Air"
"Air - Solvent",1.03636404457202,5,"Air"
"Air - Solvent",0.811125323463873,5,"Air"
"Air - Solvent",0.957899671844668,5,"Air"
"Air - Solvent",1.38491258137592,5,"Air"
"Air - Solvent",1.1369673602158,5,"Air"
"Air - Solvent",0.960013064507685,5,"Air"
"Air - Solvent",1.03699164662522,5,"Air"
"Air - Solvent",1.2701727461176,5,"Air"
"Air - Solvent",1.25220746221584,5,"Air"
"Air - Solvent",0.938038526243887,5,"Air"
"Air - Solvent",0.873721902672828,5,"Air"
"Air - Solvent",0.614666977856838,5,"Air"
"Air - Solvent",0.79209800017683,5,"Air"
"Air - Solvent",1.7248548803559,5,"Air"
"Air - Solvent",1.46009367950877,5,"Air"
"Air - Solvent",0.50548112105199,5,"Air"
"Air - Solvent",1.37374900351937,5,"Air"
"Air - Solvent",1.19621791940428,5,"Air"
"Air - Solvent",1.22389004035941,5,"Air"
"Air - Solvent",0.886027173727789,5,"Air"
"Air - Solvent",0.822974320144912,5,"Air"
"Air - Solvent",1.47207114595707,5,"Air"
"Air - Solvent",0.726429183790376,5,"Air"
"Air - Solvent",1.06096785764857,5,"Air"
"Air - Solvent",1.79295572509014,5,"Air"
"Air - Solvent",0.72364857121057,5,"Air"
"Air - Solvent",1.05384275901286,5,"Air"
"Air - Solvent",1.25397389016121,5,"Air"
"Air - Solvent",1.55388482990261,5,"Air"
"Air - Solvent",1.18848826256986,5,"Air"
"Air - Solvent",1.47872047323337,5,"Air"
"Air - Solvent",0.885620426833304,5,"Air"
"Air - Solvent",0.783333805088899,5,"Air"
"Air - Solvent",1.08415015558105,5,"Air"
"Air - Solvent",0.63376797750051,5,"Air"
"Air - Solvent",0.806580031995556,5,"Air"
"Air - Solvent",0.847477941166465,5,"Air"
"Air - Solvent",0.657438957325229,5,"Air"
"Air - Solvent",0.94092220090948,5,"Air"
"Air - Solvent",0.597407448815663,5,"Air"
"Air - Solvent",1.37171356218202,5,"Air"
"Air - Solvent",0.694185872470915,5,"Air"
"Air - Solvent",0.774223327729282,5,"Air"
"Air - Solvent",1.33873046778328,5,"Air"
"Air - Solvent",0.767524541572527,5,"Air"
"Air - Solvent",1.04484204514676,5,"Air"
"Air - Solvent",1.30789373605768,5,"Air"
"Air - Solvent",1.42434345968746,5,"Air"
"Air - Solvent",1.20129611487333,5,"Air"
"Air - Solvent",1.32725041768086,5,"Air"
"Air - Solvent",0.311475303409213,5,"Air"
"Air - Solvent",0.985635406279912,5,"Air"
"Air - Solvent",0.937631584052658,5,"Air"
"Air - Solvent",0.839683177093856,5,"Air"
"Air - Solvent",0.809195075957619,5,"Air"
"Air - Solvent",1.4388243299756,5,"Air"
"Air - Solvent",0.829111609846256,5,"Air"
"Air - Solvent",1.54022519062209,5,"Air"
"Air - Solvent",0.878150065265841,5,"Air"
"Air - Solvent",1.53911752433805,5,"Air"
"Air - Solvent",-0.116929438219088,5,"Air"
"Air - Solvent",1.05489184452488,5,"Air"
"Air - Solvent",1.63603116313706,5,"Air"
"Air - Solvent",0.669723021176069,5,"Air"
"Air - Solvent",0.84830946045693,5,"Air"
"Air - Solvent",1.31843377933392,5,"Air"
"Air - Solvent",0.66527951820552,5,"Air"
"Air - Solvent",0.552399410315121,5,"Air"
"Air - Solvent",1.52293700282826,5,"Air"
"Air - Solvent",1.16733782148149,5,"Air"
"Air - Solvent",0.991265706690697,5,"Air"
"Air - Solvent",1.25282962554489,5,"Air"
"Air - Solvent",1.37154369419334,5,"Air"
"Air - Solvent",1.35700454027091,5,"Air"
"Air - Solvent",1.06620993774278,5,"Air"
"Air - Solvent",0.551158849752131,5,"Air"
"Air - Solvent",1.20425781352642,5,"Air"
"Air - Solvent",1.2507122938943,5,"Air"
"Air - Solvent",0.742411867270174,5,"Air"
"Air - Solvent",1.44992123104451,5,"Air"
"Air - Solvent",0.894110285637662,5,"Air"
"Air - Solvent",1.2716693296322,5,"Air"
"Air - Solvent",1.24903131728388,5,"Air"
"Air - Solvent",1.61130659263151,5,"Air"
"Air - Solvent",0.823480377740077,5,"Air"
"Air - Solvent",0.512278810092437,5,"Air"
"Air - Solvent",0.790138082088751,5,"Air"
"Air - Solvent",0.590476371607852,5,"Air"
"Air - Solvent",1.35272712831226,5,"Air"
"Air - Solvent",1.42068725770259,5,"Air"
"Air - Solvent",0.998711149354528,5,"Air"
"Air - Solvent",1.21284193007605,5,"Air"
"Air - Solvent",0.852329195052371,5,"Air"
"Air - Solvent",1.02481969202229,5,"Air"
"Air - Solvent",0.947019556128913,5,"Air"
"Air - Solvent",1.4246194873141,5,"Air"
"Air - Solvent",0.661195990460135,5,"Air"
"Air - Solvent",1.45919909473596,5,"Air"
"Air - Solvent",0.598051634099481,5,"Air"
"Air - Solvent",1.14667248514374,5,"Air"
"Air - Solvent",0.874962805677756,5,"Air"
"Air - Solvent",1.38617596795027,5,"Air"
"Air - Solvent",0.682536823087054,5,"Air"
"Air - Solvent",1.46023864725013,5,"Air"
"Air - Solvent",1.59207395556046,5,"Air"
"Air - Solvent",0.834513122499989,5,"Air"
"Air - Solvent",1.13390351959624,5,"Air"
"Air - Solvent",1.54777867885652,5,"Air"
"Air - Solvent",1.36879092428986,5,"Air"
"Air - Solvent",0.608531850806536,5,"Air"
"Air - Solvent",0.762148214823071,5,"Air"
"Air - Solvent",1.34039782512753,5,"Air"
"Air - Solvent",0.519001854459598,5,"Air"
"Air - Solvent",1.225119475165,5,"Air"
"Air - Solvent",0.977925757147907,5,"Air"
"Air - Solvent",1.45536884172489,5,"Air"
"Air - Solvent",1.18458386041551,5,"Air"
"Air - Solvent",0.919234143592445,5,"Air"
"Air - Solvent",0.870511603256869,5,"Air"
"Air - Solvent",1.05140094571763,5,"Air"
"Air - Solvent",0.775230837992831,5,"Air"
"Air - Solvent",0.683056914728124,5,"Air"
"Air - Solvent",1.55564133331838,5,"Air"
"Air - Solvent",0.40900311959381,5,"Air"
"Air - Solvent",1.04497616848406,5,"Air"
"Air - Solvent",1.16755547971737,5,"Air"
"Air - Solvent",1.07170494775099,5,"Air"
"Air - Solvent",1.27225025568551,5,"Air"
"Air - Solvent",0.706751014146883,5,"Air"
"Air - Solvent",1.59214009275982,5,"Air"
"Air - Solvent",1.43241647078302,5,"Air"
"Air - Solvent",0.815260434134207,5,"Air"
"Air - Solvent",1.27707951959971,5,"Air"
"Air - Solvent",0.999634601320267,5,"Air"
"Air - Solvent",0.875830063518188,5,"Air"
"Air - Solvent",1.44249767084503,5,"Air"
"Air - Solvent",1.33727292928834,5,"Air"
"Air - Solvent",1.10369904130733,5,"Air"
"Air - Solvent",1.04336632631845,5,"Air"
"Air - Solvent",1.12221738009116,5,"Air"
"Air - Solvent",1.24882870568662,5,"Air"
"Air - Solvent",1.3626073467569,5,"Air"
"Air - Solvent",0.667878497068738,5,"Air"
"Air - Solvent",0.768170682048136,5,"Air"
"Air - Solvent",1.34200772984951,5,"Air"
"Air - Solvent",1.2800963961649,5,"Air"
"Air - Solvent",0.538457289500603,5,"Air"
"Air - Solvent",1.29758318767618,5,"Air"
"Air - Solvent",1.41555791966074,5,"Air"
"Air - Solvent",1.04874410815601,5,"Air"
"Air - Solvent",1.02508127378958,5,"Air"
"Air - Solvent",0.883458219820985,5,"Air"
"Air - Solvent",0.679230173780889,5,"Air"
"Air - Solvent",1.19070891501262,5,"Air"
"Air - Solvent",0.975222893313181,5,"Air"
"Air - Solvent",1.11365113027254,5,"Air"
"Air - Solvent",1.50330737163588,5,"Air"
"Air - Solvent",0.712807983697838,5,"Air"
"Air - Solvent",1.39886596115997,5,"Air"
"Air - Solvent",0.901439810707467,5,"Air"
"Air - Solvent",0.889145633066596,5,"Air"
"Air - Solvent",0.9957349935107,5,"Air"
"Air - Solvent",1.22010066884229,5,"Air"
"Air - Solvent",1.28626444982794,5,"Air"
"Air - Solvent",0.373720593047119,5,"Air"
"Air - Solvent",1.25981190857995,5,"Air"
"Air - Solvent",1.7991122624397,5,"Air"
"Air - Solvent",0.764543468395218,5,"Air"
"Air - Solvent",0.985038065702551,5,"Air"
"Air - Solvent",1.51421579148006,5,"Air"
"Air - Solvent",0.840493898252258,5,"Air"
"Air - Solvent",1.09451107502114,5,"Air"
"Air - Solvent",1.7698957108517,5,"Air"
"Air - Solvent",1.3740064836506,5,"Air"
"Air - Solvent",1.15806368733963,5,"Air"
"Air - Solvent",1.70416216282157,5,"Air"
"Air - Solvent",0.883794821188422,5,"Air"
"Air - Solvent",1.18986328017017,5,"Air"
"Air - Solvent",1.50860653165009,5,"Air"
"Air - Solvent",1.36651114431826,5,"Air"
"Air - Solvent",0.905223730308729,5,"Air"
"Air - Solvent",1.48408423141497,5,"Air"
"Air - Solvent",0.615293809806615,5,"Air"
"Air - Solvent",1.3603024648669,5,"Air"
"Air - Solvent",1.01561204011565,5,"Air"
"Air - Solvent",0.766903974136481,5,"Air"
"Air - Solvent",1.18922203224021,5,"Air"
"Air - Solvent",1.14418842994638,5,"Air"
"Air - Solvent",1.31949115986261,5,"Air"
"Air - Solvent",1.06811602516663,5,"Air"
"Air - Solvent",0.461772290212646,5,"Air"
"Air - Solvent",1.02973625042433,5,"Air"
"Air - Solvent",1.36574999318408,5,"Air"
"Air - Solvent",0.241068028638531,5,"Air"
"Air - Solvent",1.19764090125241,5,"Air"
"Air - Solvent",0.795837857829763,5,"Air"
"Air - Solvent",0.671887340564876,5,"Air"
"Air - Solvent",0.808067631389394,5,"Air"
"Air - Solvent",0.972716839839815,5,"Air"
"Air - Solvent",1.50145024140071,5,"Air"
"Air - Solvent",1.28235173430526,5,"Air"
"Air - Solvent",0.845885382728296,5,"Air"
"Air - Solvent",0.950567319135299,5,"Air"
"Air - Solvent",0.874195434136795,5,"Air"
"Air - Solvent",1.16330253418359,5,"Air"
"Air - Solvent",1.07598935759921,5,"Air"
"Air - Solvent",1.02206815517537,5,"Air"
"Air - Solvent",1.14064071714804,5,"Air"
"Air - Solvent",1.13565516092247,5,"Air"
"Air - Solvent",1.28210805984135,5,"Air"
"Air - Solvent",1.07122038611648,5,"Air"
"Air - Solvent",0.818050084245251,5,"Air"
"Air - Solvent",1.08173444281957,5,"Air"
"Air - Solvent",0.734765465661103,5,"Air"
"Air - Solvent",1.15283358566468,5,"Air"
"Air - Solvent",0.216789054814234,5,"Air"
"Air - Solvent",0.177372558926357,5,"Air"
"Air - Solvent",1.42672486891711,5,"Air"
"Air - Solvent",1.14837848027728,5,"Air"
"Air - Solvent",1.09399223901326,5,"Air"
"Air - Solvent",1.27726512473403,5,"Air"
"Air - Solvent",0.8162776765847,5,"Air"
"Air - Solvent",1.00348893436008,5,"Air"
"Air - Solvent",0.737904275082496,5,"Air"
"Air - Solvent",1.27544772547194,5,"Air"
"Air - Solvent",1.19743462662447,5,"Air"
"Air - Solvent",0.388786653687173,5,"Air"
"Air - Solvent",0.965689329682154,5,"Air"
"Air - Solvent",1.58627147025616,5,"Air"
"Air - Solvent",1.35501178850022,5,"Air"
"Air - Solvent",1.06863942926789,5,"Air"
"Air - Solvent",0.708884542627338,5,"Air"
"Air - Solvent",1.00552379255564,5,"Air"
"Air - Solvent",1.03794557814355,5,"Air"
"Air - Solvent",0.783367297905215,5,"Air"
"Air - Solvent",1.19920902351217,5,"Air"
"Air - Solvent",1.78584548262729,5,"Air"
"Air - Solvent",1.26522632555004,5,"Air"
"Air - Solvent",1.38313637816168,5,"Air"
"Air - Solvent",0.951512213653173,5,"Air"
"Air - Solvent",0.488370480357939,5,"Air"
"Air - Solvent",0.748390485020638,5,"Air"
"Air - Solvent",1.01261436070169,5,"Air"
"Air - Solvent",1.23155596025126,5,"Air"
"Air - Solvent",0.508631478546151,5,"Air"
"Air - Solvent",1.08694346918625,5,"Air"
"Air - Solvent",0.645331416480419,5,"Air"
"Air - Solvent",1.21263056525902,5,"Air"
"Air - Solvent",1.20971855847678,5,"Air"
"Air - Solvent",1.18874828346303,5,"Air"
"Air - Solvent",0.523239825259487,5,"Air"
"Air - Solvent",0.0174378017180696,5,"Air"
"Air - Solvent",1.32771473212526,5,"Air"
"Air - Solvent",1.13335685486686,5,"Air"
"Air - Solvent",0.992537833664662,5,"Air"
"Air - Solvent",0.405698623056739,5,"Air"
"Air - Solvent",1.52669000101958,5,"Air"
"Air - Solvent",1.31026044510918,5,"Air"
"Air - Solvent",1.13657691330911,5,"Air"
"Air - Solvent",1.04874283245548,5,"Air"
"Air - Solvent",0.951564544578609,5,"Air"
"Air - Solvent",0.783373546913232,5,"Air"
"Air - Solvent",1.06951509866861,5,"Air"
"Air - Solvent",0.696395574509949,5,"Air"
"Air - Solvent",1.13684990101055,5,"Air"
"Air - Solvent",0.523044268842254,5,"Air"
"Air - Solvent",1.63745433931469,5,"Air"
"Air - Solvent",0.790440733707607,5,"Air"
"Air - Solvent",1.28290335353188,5,"Air"
"Air - Solvent",1.31502256959123,5,"Air"
"Air - Solvent",1.21678312665189,5,"Air"
"Air - Solvent",1.41703672385476,5,"Air"
"Air - Solvent",0.995844793738109,5,"Air"
"Air - Solvent",0.942943218734416,5,"Air"
"Air - Solvent",0.971183883939372,5,"Air"
"Air - Solvent",1.49274041184545,5,"Air"
"Air - Solvent",1.91375730010504,5,"Air"
"Air - Solvent",1.17236349367794,5,"Air"
"Air - Solvent",1.04016656644718,5,"Air"
"Air - Solvent",1.35001725189838,5,"Air"
"Air - Solvent",0.495323439476162,5,"Air"
"Air - Solvent",1.41975378956828,5,"Air"
"Air - Solvent",0.899516911338261,5,"Air"
"Air - Solvent",1.07211915030118,5,"Air"
"Air - Solvent",1.21638103647861,5,"Air"
"Air - Solvent",1.28592530513282,5,"Air"
"Air - Solvent",0.401004045521539,5,"Air"
"Air - Solvent",0.959761992239987,5,"Air"
"Air - Solvent",1.39567747700098,5,"Air"
"Air - Solvent",0.7909784622112,5,"Air"
"Air - Solvent",0.948186959916079,5,"Air"
"Air - Solvent",1.09948756799106,5,"Air"
"Air - Solvent",1.42554946261191,5,"Air"
"Air - Solvent",1.27888739118039,5,"Air"
"Air - Solvent",1.03057628008301,5,"Air"
"Air - Solvent",0.73462212654159,5,"Air"
"Air - Solvent",1.07578253004092,5,"Air"
"Air - Solvent",1.08650718797075,5,"Air"
"Air - Solvent",1.35342462467936,5,"Air"
"Air - Solvent",1.0970474646437,5,"Air"
"Air - Solvent",1.16757144820545,5,"Air"
"Air - Solvent",1.35355362152694,5,"Air"
"Air - Solvent",1.6794175191784,5,"Air"
"Air - Solvent",0.334643987819782,5,"Air"
"Air - Solvent",0.709687683252036,5,"Air"
"Air - Solvent",1.09706392391362,5,"Air"
"Air - Solvent",0.830586165965263,5,"Air"
"Air - Solvent",0.353497906606284,5,"Air"
"Air - Solvent",1.1649096906534,5,"Air"
"Air - Solvent",0.96121717786351,5,"Air"
"Air - Solvent",1.39804890317024,5,"Air"
"Air - Solvent",1.40033464683035,5,"Air"
"Air - Solvent",0.630755556292496,5,"Air"
"Air - Solvent",0.72644733934089,5,"Air"
"Air - Solvent",1.21149386847884,5,"Air"
"Air - Solvent",1.47308201996718,5,"Air"
"Air - Solvent",0.908926610363686,5,"Air"
"Air - Solvent",0.29829670875649,5,"Air"
"Air - Solvent",1.18587032814236,5,"Air"
"Air - Solvent",1.08231402922886,5,"Air"
"Air - Solvent",1.28281655293712,5,"Air"
"Air - Solvent",0.590010453173676,5,"Air"
"Air - Solvent",0.526242653634966,5,"Air"
"Air - Solvent",1.55851376603537,5,"Air"
"Air - Solvent",0.98554664104654,5,"Air"
"Air - Solvent",0.860689812050918,5,"Air"
"Air - Solvent",0.88457452408591,5,"Air"
"Air - Solvent",0.984598706041788,5,"Air"
"Air - Solvent",1.04137601337115,5,"Air"
"Air - Solvent",0.8013344088075,5,"Air"
"Air - Solvent",1.64343357368341,5,"Air"
"Air - Solvent",1.42449607576313,5,"Air"
"Air - Solvent",1.27378814712303,5,"Air"
"Air - Solvent",0.850815872387393,5,"Air"
"Air - Solvent",1.05862691394369,5,"Air"
"Air - Solvent",1.51490538396536,5,"Air"
"Air - Solvent",1.00975506301463,5,"Air"
"Air - Solvent",1.14977558846298,5,"Air"
"Air - Solvent",0.646257396288271,5,"Air"
"Air - Solvent",0.863893129687,5,"Air"
"Air - Solvent",0.760587597596357,5,"Air"
"Air - Solvent",0.923262106591828,5,"Air"
"Air - Solvent",0.824120249953139,5,"Air"
"Air - Solvent",1.4133331416222,5,"Air"
"Air - Solvent",0.476802852546831,5,"Air"
"Air - Solvent",1.61316273855781,5,"Air"
"Air - Solvent",0.730989810089158,5,"Air"
"Air - Solvent",1.64550191220815,5,"Air"
"Air - Solvent",1.49828846035414,5,"Air"
"Air - Solvent",0.309796214615691,5,"Air"
"Air - Solvent",1.45077802556776,5,"Air"
"Air - Solvent",1.25376415169542,5,"Air"
"Air - Solvent",1.37635447923779,5,"Air"
"Air - Solvent",1.03488771426223,5,"Air"
"Air - Solvent",0.627707258198011,5,"Air"
"Air - Solvent",1.12340158168765,5,"Air"
"Air - Solvent",0.527619738668554,5,"Air"
"Air - Solvent",0.956235568532259,5,"Air"
"Air - Solvent",0.935196439848757,5,"Air"
"Air - Solvent",1.16042945187849,5,"Air"
"Air - Solvent",0.745193355502319,5,"Air"
"Air - Solvent",0.65043873376356,5,"Air"
"Air - Solvent",1.58527604470157,5,"Air"
"Air - Solvent",1.04704849815398,5,"Air"
"Air - Solvent",0.520570636698061,5,"Air"
"Air - Solvent",0.934610437497353,5,"Air"
"Air - Solvent",0.766134163715913,5,"Air"
"Air - Solvent",1.55334408974634,5,"Air"
"Air - Solvent",1.27564908144212,5,"Air"
"Air - Solvent",0.987811372824099,5,"Air"
"Air - Solvent",0.769062991995904,5,"Air"
"Air - Solvent",0.795493592553833,5,"Air"
"Air - Solvent",0.850364230129079,5,"Air"
"Air - Solvent",1.12556656327172,5,"Air"
"Air - Solvent",1.53164497853726,5,"Air"
"Air - Solvent",0.637563559446917,5,"Air"
"Air - Solvent",0.794631648771986,5,"Air"
"Air - Solvent",0.989199742547792,5,"Air"
"Air - Solvent",0.775710793387408,5,"Air"
"Air - Solvent",1.10717485869767,5,"Air"
"Air - Solvent",0.511386468933832,5,"Air"
"Air - Solvent",0.82363962530532,5,"Air"
"Air - Solvent",0.558184605819521,5,"Air"
"Air - Solvent",1.27723024099092,5,"Air"
"Air - Solvent",0.0605565350306576,5,"Air"
"Air - Solvent",0.848997798852971,5,"Air"
"Air - Solvent",0.920147451048032,5,"Air"
"Air - Solvent",0.858671985805875,5,"Air"
"Air - Solvent",1.35158596977797,5,"Air"
"Air - Solvent",0.317326709821985,5,"Air"
"Air - Solvent",0.616024868651402,5,"Air"
"Air - Solvent",0.676059506398923,5,"Air"
"Air - Solvent",0.615195601735349,5,"Air"
"Air - Solvent",0.8037732024218,5,"Air"
"Air - Solvent",0.883789633214549,5,"Air"
"Air - Solvent",0.803942624847857,5,"Air"
"Air - Solvent",1.26036592918496,5,"Air"
"Air - Solvent",0.769462175119434,5,"Air"
"Air - Solvent",1.1223519854658,5,"Air"
"Air - Solvent",0.83153159294112,5,"Air"
"Air - Solvent",1.11234632309532,5,"Air"
"Air - Solvent",1.03427151925853,5,"Air"
"Air - Solvent",0.475037417749068,5,"Air"
"Air - Solvent",0.894730250532462,5,"Air"
"Air - Solvent",0.700112698760024,5,"Air"
"Air - Solvent",1.24642593056012,5,"Air"
"Air - Solvent",1.24741310872712,5,"Air"
"Air - Solvent",0.937625039931225,5,"Air"
"Air - Solvent",1.17706401453258,5,"Air"
"Air - Solvent",0.824313071459997,5,"Air"
"Air - Solvent",1.27964397729463,5,"Air"
"Air - Solvent",0.688397955721337,5,"Air"
"Air - Solvent",0.886011784988411,5,"Air"
"Air - Solvent",1.11605654153981,5,"Air"
"Air - Solvent",1.22969867545415,5,"Air"
"Air - Solvent",1.11792856426845,5,"Air"
"Air - Solvent",1.4315681511386,5,"Air"
"Air - Solvent",1.14974500175689,5,"Air"
"Air - Solvent",0.591079564692891,5,"Air"
"Air - Solvent",0.925514886318,5,"Air"
"Air - Solvent",0.653204549131914,5,"Air"
"Air - Solvent",1.46053771380445,5,"Air"
"Air - Solvent",1.13600645011373,5,"Air"
"Air - Solvent",1.18593193782484,5,"Air"
"Air - Solvent",1.52054134112389,5,"Air"
"Air - Solvent",0.915606813096358,5,"Air"
"Air - Solvent",1.24769146475322,5,"Air"
"Air - Solvent",1.13632837312555,5,"Air"
"Air - Solvent",0.90784188776045,5,"Air"
"Air - Solvent",1.01808326047205,5,"Air"
"Air - Solvent",1.14883805943032,5,"Air"
"Air - Solvent",0.920196884327187,5,"Air"
"Air - Solvent",1.02505415866103,5,"Air"
"Air - Solvent",1.13140393886493,5,"Air"
"Air - Solvent",1.46850598973478,5,"Air"
"Air - Solvent",0.547413522899806,5,"Air"
"Air - Solvent",1.04379904159901,5,"Air"
"Air - Solvent",1.1568414911336,5,"Air"
"Air - Solvent",0.918540043115833,5,"Air"
"Air - Solvent",1.07516063605523,5,"Air"
"Air - Solvent",0.517527775749799,5,"Air"
"Air - Solvent",0.71076401016531,5,"Air"
"Air - Solvent",0.819675130486761,5,"Air"
"Air - Solvent",0.753835333095824,5,"Air"
"Air - Solvent",0.931161310050311,5,"Air"
"Air - Solvent",0.725960154843451,5,"Air"
"Air - Solvent",1.14971317253995,5,"Air"
"Air - Solvent",1.46616949039204,5,"Air"
"Air - Solvent",1.48006722167993,5,"Air"
"Air - Solvent",0.83479413585595,5,"Air"
"Air - Solvent",0.997059602652827,5,"Air"
"Air - Solvent",1.30917724112866,5,"Air"
"Air - Solvent",1.1515104545841,5,"Air"
"Air - Solvent",2.20683571039213,5,"Air"
"Air - Solvent",1.78090283272527,5,"Air"
"Air - Solvent",1.68307235801052,5,"Air"
"Air - Solvent",1.47091117776805,5,"Air"
"Air - Solvent",0.946645009435114,5,"Air"
"Air - Solvent",1.15872601009033,5,"Air"
"Air - Solvent",1.1425564521044,5,"Air"
"Air - Solvent",0.764609808063439,5,"Air"
"Air - Solvent",1.0299276364372,5,"Air"
"Air - Solvent",0.920004152195205,5,"Air"
"Air - Solvent",1.10714642985318,5,"Air"
"Air - Solvent",1.50319838186546,5,"Air"
"Air - Solvent",0.970899686892163,5,"Air"
"Air - Solvent",1.26182514064642,5,"Air"
"Air - Solvent",1.67507435656454,5,"Air"
"Air - Solvent",0.583424527490899,5,"Air"
"Air - Solvent",0.896776738874086,5,"Air"
"Air - Solvent",1.15033625436208,5,"Air"
"Air - Solvent",1.57406227202802,5,"Air"
"Air - Solvent",1.45705193495912,5,"Air"
"Air - Solvent",1.05376206262783,5,"Air"
"Air - Solvent",0.910694315151402,5,"Air"
"Air - Solvent",1.60821722927245,5,"Air"
"Air - Solvent",1.43693657814066,5,"Air"
"Air - Solvent",1.15276037141266,5,"Air"
"Air - Solvent",1.4956445639304,5,"Air"
"Air - Solvent",1.03691756775256,5,"Air"
"Air - Solvent",1.23024321537382,5,"Air"
"Air - Solvent",1.12669731729576,5,"Air"
"Air - Solvent",1.15675949162726,5,"Air"
"Air - Solvent",1.24402311214944,5,"Air"
"Air - Solvent",1.63327557473486,5,"Air"
"Air - Solvent",1.3749157779148,5,"Air"
"Air - Solvent",0.817255620780485,5,"Air"
"Air - Solvent",0.462832408870971,5,"Air"
"Air - Solvent",1.11960164735854,5,"Air"
"Air - Solvent",1.37394755162081,5,"Air"
"Air - Solvent",1.20421509308323,5,"Air"
"Air - Solvent",1.47653112470245,5,"Air"
"Air - Solvent",0.829306124877981,5,"Air"
"Air - Solvent",1.11839302642474,5,"Air"
"Air - Solvent",0.894446528145171,5,"Air"
"Air - Solvent",0.910878882088457,5,"Air"
"Air - Solvent",1.59955622148786,5,"Air"
"Air - Solvent",1.22709313599885,5,"Air"
"Air - Solvent",1.23047945408523,5,"Air"
"Air - Solvent",0.432242528078109,5,"Air"
"Air - Solvent",1.80208088641023,5,"Air"
"Air - Solvent",1.68867651482273,5,"Air"
"Air - Solvent",1.21870803716118,5,"Air"
"Air - Solvent",0.334986553839912,5,"Air"
"Air - Solvent",1.62394134074873,5,"Air"
"Air - Solvent",0.632370374325825,5,"Air"
"Air - Solvent",1.08358989581934,5,"Air"
"Air - Solvent",1.30915224425549,5,"Air"
"Air - Solvent",0.660153582622919,5,"Air"
"Air - Solvent",1.76604651501107,5,"Air"
"Air - Solvent",0.0199518897869062,5,"Air"
"Air - Solvent",0.583922714097291,5,"Air"
"Air - Solvent",0.929483230937643,5,"Air"
"Air - Solvent",1.16729901098479,5,"Air"
"Air - Solvent",1.18760432302007,5,"Air"
"Air - Solvent",1.54389153179033,5,"Air"
"Air - Solvent",1.21478114000488,5,"Air"
"Air - Solvent",0.209292413236271,5,"Air"
"Air - Solvent",0.888933468988314,5,"Air"
"Air - Solvent",0.817040463027191,5,"Air"
"Air - Solvent",0.929072883817395,5,"Air"
"Air - Solvent",1.42420478530101,5,"Air"
"Air - Solvent",0.719380177376388,5,"Air"
"Air - Solvent",0.934913750646303,5,"Air"
"Air - Solvent",1.09081662810157,5,"Air"
"Air - Solvent",1.52721915221249,5,"Air"
"Air - Solvent",1.61478097659659,5,"Air"
"Air - Solvent",0.899407100541243,5,"Air"
"Air - Solvent",1.52520671327305,5,"Air"
"Air - Solvent",0.952685067612006,5,"Air"
"Air - Solvent",1.06481330050194,5,"Air"
"Air - Solvent",1.56366258612542,5,"Air"
"Air - Solvent",0.799541942018404,5,"Air"
"Air - Solvent",0.731266402955596,5,"Air"
"Air - Solvent",1.05394346460866,5,"Air"
"Air - Solvent",1.58106645685901,5,"Air"
"Air - Solvent",0.351050502212795,5,"Air"
"Air - Solvent",0.571096269924012,5,"Air"
"Air - Solvent",1.49885722908287,5,"Air"
"Air - Solvent",1.45707022342024,5,"Air"
"Air - Solvent",1.04534787424013,5,"Air"
"Air - Solvent",0.844841382510345,5,"Air"
"Air - Solvent",1.4979967300501,5,"Air"
"Air - Solvent",0.852517350544262,5,"Air"
"Air - Solvent",1.41767379793523,5,"Air"
"Air - Solvent",0.927160066721391,5,"Air"
"Air - Solvent",1.54387685973501,5,"Air"
"Air - Solvent",1.19207898030852,5,"Air"
"Air - Solvent",0.66948175661564,5,"Air"
"Air - Solvent",0.677103960982757,5,"Air"
"Air - Solvent",1.39010756466736,5,"Air"
"Air - Solvent",0.990358908401128,5,"Air"
"Air - Solvent",1.37136949551111,5,"Air"
"Air - Solvent",0.733666499368415,5,"Air"
"Air - Solvent",0.837373398493162,5,"Air"
"Air - Solvent",0.971819752115138,5,"Air"
"Air - Solvent",1.3188815125432,5,"Air"
"Air - Solvent",0.956324904926769,5,"Air"
"Air - Solvent",1.01010762747071,5,"Air"
"Air - Solvent",1.25056577078623,5,"Air"
"Air - Solvent",0.326888988182097,5,"Air"
"Air - Solvent",0.764037597930803,5,"Air"
"Air - Solvent",1.09356917680503,5,"Air"
"Air - Solvent",1.17875598143341,5,"Air"
"Air - Solvent",0.723198934221874,5,"Air"
"Air - Solvent",1.19886433605381,5,"Air"
"Air - Solvent",0.651778027411353,5,"Air"
"Air - Solvent",1.18938738367374,5,"Air"
"Air - Solvent",1.09017614905123,5,"Air"
"Air - Solvent",0.625053219855813,5,"Air"
"Air - Solvent",2.07509827389293,5,"Air"
"Air - Solvent",0.986803317046243,5,"Air"
"Air - Solvent",0.573013054115787,5,"Air"
"Air - Solvent",1.47615781135488,5,"Air"
"Air - Solvent",1.47874253740886,5,"Air"
"Air - Solvent",1.3292669642804,5,"Air"
"Air - Solvent",1.44882597596044,5,"Air"
"Air - Solvent",1.14319584198488,5,"Air"
"Air - Solvent",0.966399001895764,5,"Air"
"Air - Solvent",0.99989043225865,5,"Air"
"Air - Solvent",1.36428457116148,5,"Air"
"Air - Solvent",0.678080944262083,5,"Air"
"Air - Solvent",1.12304546716189,5,"Air"
"Air - Solvent",0.556702533910423,5,"Air"
"Air - Solvent",0.936121873388121,5,"Air"
"Air - Solvent",0.727451109769953,5,"Air"
"Air - Solvent",0.932801563822228,5,"Air"
"Air - Solvent",1.10889079727846,5,"Air"
"Air - Solvent",1.81206909537845,5,"Air"
"Air - Solvent",1.28401038821791,5,"Air"
"Air - Solvent",0.285942120680571,5,"Air"
"Air - Solvent",1.14658831062003,5,"Air"
"Air - Solvent",1.58274195394962,5,"Air"
"Air - Solvent",1.07206498799086,5,"Air"
"Air - Solvent",0.97883639027194,5,"Air"
"Air - Solvent",0.339666718288621,5,"Air"
"Air - Solvent",0.87033556546148,5,"Air"
"Air - Solvent",1.48760776628728,5,"Air"
"Air - Solvent",1.3083712384883,5,"Air"
"Air - Solvent",1.05294911587041,5,"Air"
"Air - Solvent",1.17186490904077,5,"Air"
"Air - Solvent",0.469935968964891,5,"Air"
"Air - Solvent",1.692575677584,5,"Air"
"Air - Solvent",0.767863937982369,5,"Air"
"Air - Solvent",0.949600666751202,5,"Air"
"Air - Solvent",0.659994600775151,5,"Air"
"Air - Solvent",1.06500061878349,5,"Air"
"Air - Solvent",0.824553432946663,5,"Air"
"Air - Solvent",1.00349070294233,5,"Air"
"Air - Solvent",1.32515094610194,5,"Air"
"Air - Solvent",1.27778400347708,5,"Air"
"Air - Solvent",1.48121624751962,5,"Air"
"Air - Solvent",0.52111678318402,5,"Air"
"Air - Solvent",0.642460058544067,5,"Air"
"Air - Solvent",1.04189369107876,5,"Air"
"Air - Solvent",0.979005594802919,5,"Air"
"Air - Solvent",1.28293738763243,5,"Air"
"Air - Solvent",1.33789792779153,5,"Air"
"Air - Solvent",0.736435429843463,5,"Air"
"Air - Solvent",0.911966450641033,5,"Air"
"Air - Solvent",1.20144391221934,5,"Air"
"Air - Solvent",0.834471747277676,5,"Air"
"Air - Solvent",1.30751813926351,5,"Air"
"Air - Solvent",0.0609605576723492,5,"Air"
"Air - Solvent",1.2394599437422,5,"Air"
"Air - Solvent",0.797166551901365,5,"Air"
"Air - Solvent",1.13841603158435,5,"Air"
"Air - Solvent",1.34997879924517,5,"Air"
"Air - Solvent",0.635636490742592,5,"Air"
"Air - Solvent",0.820019404005709,5,"Air"
"Air - Solvent",0.86572309524041,5,"Air"
"Air - Solvent",1.1145625132421,5,"Air"
"Air - Solvent",1.23207737703699,5,"Air"
"Air - Solvent",1.04132498429162,5,"Air"
"Air - Solvent",1.2099517166547,5,"Air"
"Air - Solvent",0.219460386200484,5,"Air"
"Air - Solvent",1.47378240756124,5,"Air"
"Air - Solvent",1.7243275785141,5,"Air"
"Air - Solvent",1.26125995187715,5,"Air"
"Air - Solvent",1.11939948222645,5,"Air"
"Air - Solvent",0.576538452083456,5,"Air"
"Air - Solvent",1.10687369680314,5,"Air"
"Air - Solvent",1.43246577366558,5,"Air"
"Air - Solvent",1.16572680966899,5,"Air"
"Air - Solvent",0.708873705831416,5,"Air"
"Air - Solvent",1.17945076486028,5,"Air"
"Air - Solvent",0.801074410946347,5,"Air"
"Air - Solvent",0.767137381586683,5,"Air"
"Air - Solvent",1.19237465330061,5,"Air"
"Air - Solvent",1.16470614770761,5,"Air"
"Air - Solvent",1.39595596216424,5,"Air"
"Air - Solvent",0.962853308692853,5,"Air"
"Air - Solvent",1.50756175528855,5,"Air"
"Air - Solvent",1.18997798181873,5,"Air"
"Air - Solvent",1.63389139421963,5,"Air"
"Air - Solvent",1.57022855904174,5,"Air"
"Air - Solvent",1.02852816014814,5,"Air"
"Air - Solvent",1.33312392487978,5,"Air"
"Air - Solvent",1.55548206055212,5,"Air"
"Air - Solvent",0.960346625594101,5,"Air"
"Air - Solvent",0.250203550054774,5,"Air"
"Air - Solvent",1.38132154371555,5,"Air"
"Air - Solvent",0.874719355202722,5,"Air"
"Air - Solvent",1.37359840967692,5,"Air"
"Air - Solvent",1.1468670602951,5,"Air"
"Air - Solvent",1.57275178688313,5,"Air"
"Air - Solvent",0.689771051134043,5,"Air"
"Air - Solvent",0.70077054752556,5,"Air"
"Air - Solvent",1.28212301178566,5,"Air"
"Air - Solvent",1.12569041403444,5,"Air"
"Air - Solvent",0.919649597414244,5,"Air"
"Air - Solvent",0.685731365881695,5,"Air"
"Air - Solvent",1.01909626609625,5,"Air"
"Air - Solvent",1.25652998681621,5,"Air"
"Air - Solvent",2.17365214594243,5,"Air"
"Air - Solvent",0.993107103984542,5,"Air"
"Air - Solvent",1.22416857574265,5,"Air"
"Air - Solvent",1.3358303975617,5,"Air"
"Air - Solvent",1.32490831714246,5,"Air"
"Air - Solvent",0.873494467729386,5,"Air"
"Air - Solvent",1.26801141679975,5,"Air"
"Air - Solvent",1.16359097330269,5,"Air"
"Air - Solvent",1.07405936065054,5,"Air"
"Air - Solvent",0.781222469700662,5,"Air"
"Air - Solvent",1.58217598996317,5,"Air"
"Air - Solvent",0.876124787710379,5,"Air"
"Air - Solvent",0.958130909739992,5,"Air"
"Air - Solvent",1.49332379522756,5,"Air"
"Air - Solvent",0.504135460608542,5,"Air"
"Air - Solvent",1.67737015909414,5,"Air"
"Air - Solvent",0.776471320651983,5,"Air"
"Air - Solvent",1.52941912866429,5,"Air"
"Air - Solvent",0.583450197536738,5,"Air"
"Air - Solvent",1.40790703224519,5,"Air"
"Air - Solvent",1.30425942802156,5,"Air"
"Air - Solvent",1.56981168644159,5,"Air"
"Air - Solvent",0.640204132263044,5,"Air"
"Air - Solvent",1.89300117154905,5,"Air"
"Air - Solvent",0.819704983320307,5,"Air"
"Air - Solvent",0.721420421953374,5,"Air"
"Air - Solvent",0.986741991627296,5,"Air"
"Air - Solvent",1.44412941358832,5,"Air"
"Air - Solvent",1.22235144886444,5,"Air"
"Air - Solvent",0.940692468414237,5,"Air"
"Air - Solvent",0.774961983665756,5,"Air"
"Air - Solvent",1.42240628823509,5,"Air"
"Air - Solvent",0.927857326055567,5,"Air"
"Air - Solvent",1.15915973208394,5,"Air"
"Air - Solvent",0.975148261542178,5,"Air"
"Air - Solvent",0.770424474489921,5,"Air"
"Air - Solvent",0.958469397466879,5,"Air"
"Air - Solvent",1.85283121233225,5,"Air"
"Air - Solvent",1.59556837351485,5,"Air"
"Air - Solvent",1.40268020030263,5,"Air"
"Air - Solvent",1.46906153286303,5,"Air"
"Air - Solvent",0.437908317029867,5,"Air"
"Air - Solvent",0.375765791020661,5,"Air"
"Air - Solvent",1.49695070344467,5,"Air"
"Air - Solvent",1.18345884088587,5,"Air"
"Air - Solvent",1.07003063879436,5,"Air"
"Air - Solvent",1.35922021308991,5,"Air"
"Air - Solvent",0.778235523095539,5,"Air"
"Air - Solvent",0.792959015848682,5,"Air"
"Air - Solvent",1.20519684445251,5,"Air"
"Air - Solvent",2.35442881217785,5,"Air"
"Air - Solvent",1.39959221197929,5,"Air"
"Air - Solvent",1.01361535047892,5,"Air"
"Air - Solvent",1.72813826414886,5,"Air"
"Air - Solvent",0.848502156313046,5,"Air"
"Air - Solvent",0.600588825480372,5,"Air"
"Air - Solvent",0.926034016250704,5,"Air"
"Air - Solvent",1.33632334897456,5,"Air"
"Air - Solvent",0.804020055956007,5,"Air"
"Air - Solvent",1.13544397497682,5,"Air"
"Air - Solvent",1.60137052336248,5,"Air"
"Air - Solvent",0.977883772488267,5,"Air"
"Air - Solvent",1.13206832842321,5,"Air"
"Air - Solvent",0.854153460198176,5,"Air"
"Air - Solvent",1.29697546213412,5,"Air"
"Air - Solvent",0.885486450258989,5,"Air"
"Air - Solvent",0.94628589993841,5,"Air"
"Air - Solvent",1.18832241476158,5,"Air"
"Air - Solvent",1.21727799833156,5,"Air"
"Air - Solvent",0.774721904319068,5,"Air"
"Air - Solvent",0.134345436600567,5,"Air"
"Air - Solvent",0.731087909879319,5,"Air"
"Air - Solvent",0.974156898319996,5,"Air"
"Air - Solvent",0.923820304584785,5,"Air"
"Air - Solvent",1.37591399473115,5,"Air"
"Air - Solvent",1.42213949208468,5,"Air"
"Air - Solvent",0.740158324895044,5,"Air"
"Air - Solvent",1.32780215245172,5,"Air"
"Air - Solvent",1.14525648483509,5,"Air"
"Air - Solvent",1.39071293346302,5,"Air"
"Air - Solvent",0.77698100105095,5,"Air"
"Air - Solvent",0.849027390464029,5,"Air"
"Air - Solvent",0.429808093335397,5,"Air"
"Air - Solvent",0.515503565596917,5,"Air"
"Air - Solvent",1.09330093988443,5,"Air"
"Air - Solvent",1.61409395457764,5,"Air"
"Air - Solvent",1.66266760920909,5,"Air"
"Air - Solvent",0.596036780436813,5,"Air"
"Air - Solvent",1.05630322853258,5,"Air"
"Air - Solvent",1.33378434986669,5,"Air"
"Air - Solvent",1.58454688588087,5,"Air"
"Air - Solvent",1.18572023149893,5,"Air"
"Air - Solvent",0.552977217259456,5,"Air"
"Air - Solvent",1.4238257438531,5,"Air"
"Air - Solvent",1.34943775720995,5,"Air"
"Air - Solvent",1.40360695175113,5,"Air"
"Air - Solvent",1.29265147047392,5,"Air"
"Air - Solvent",1.40695673596001,5,"Air"
"Air - Solvent",0.814817359658528,5,"Air"
"Air - Solvent",1.13015222400416,5,"Air"
"Air - Solvent",0.769896758890698,5,"Air"
"Air - Solvent",0.787785937369511,5,"Air"
"Air - Solvent",1.18146498205994,5,"Air"
"Air - Solvent",0.777758960394903,5,"Air"
"Air - Solvent",1.67956364983526,5,"Air"
"Air - Solvent",0.85338171544768,5,"Air"
"Air - Solvent",1.39689748382348,5,"Air"
"Air - Solvent",1.18221771577943,5,"Air"
"Air - Solvent",1.49648001228078,5,"Air"
"Air - Solvent",1.47113903437701,5,"Air"
"Air - Solvent",0.635453512791797,5,"Air"
"Air - Solvent",0.648453881455728,5,"Air"
"Air - Solvent",1.2118290616703,5,"Air"
"Air - Solvent",1.09496228951683,5,"Air"
"Air - Solvent",1.0122700617761,5,"Air"
"Air - Solvent",0.988101159077351,5,"Air"
"Air - Solvent",1.4584357028419,5,"Air"
"Air - Solvent",0.922011389881548,5,"Air"
"Air - Solvent",1.12910176127313,5,"Air"
"Air - Solvent",0.817322320904944,5,"Air"
"Air - Solvent",1.24696750500932,5,"Air"
"Air - Solvent",1.23828174416152,5,"Air"
"Air - Solvent",1.22358643459459,5,"Air"
"Air - Solvent",0.908104788031603,5,"Air"
"Air - Solvent",0.414243552979004,5,"Air"
"Air - Solvent",0.291051971121103,5,"Air"
"Air - Solvent",1.63550594146593,5,"Air"
"Air - Solvent",1.66892423561673,5,"Air"
"Air - Solvent",0.922837058514783,5,"Air"
"Air - Solvent",0.850861286826139,5,"Air"
"Air - Solvent",1.01274147600017,5,"Air"
"Air - Solvent",0.426324492249238,5,"Air"
"Air - Solvent",1.33547144276763,5,"Air"
"Air - Solvent",1.70650813137659,5,"Air"
"Air - Solvent",1.55735080576409,5,"Air"
"Air - Solvent",0.7993846954661,5,"Air"
"Air - Solvent",0.8423432151203,5,"Air"
"Air - Solvent",0.442640192051736,5,"Air"
"Air - Solvent",1.00287998005922,5,"Air"
"Air - Solvent",1.1240808992507,5,"Air"
"Air - Solvent",0.914277491482236,5,"Air"
"Air - Solvent",1.42715672027612,5,"Air"
"Air - Solvent",1.50299145082316,5,"Air"
"Air - Solvent",0.982019521492112,5,"Air"
"Air - Solvent",0.853555542552866,5,"Air"
"Air - Solvent",1.28270072476989,5,"Air"
"Air - Solvent",1.41641029289246,5,"Air"
"Air - Solvent",0.343601225270918,5,"Air"
"Air - Solvent",1.53904069865924,5,"Air"
"Air - Solvent",0.602577994371469,5,"Air"
"Air - Solvent",0.695110525898271,5,"Air"
"Air - Solvent",1.4095290228863,5,"Air"
"Air - Solvent",0.776862044056869,5,"Air"
"Air - Solvent",0.712347731738031,5,"Air"
"Air - Solvent",0.678505115142172,5,"Air"
"Air - Solvent",1.01286178985544,5,"Air"
"Air - Solvent",1.95692011888546,5,"Air"
"Air - Solvent",1.29930751376994,5,"Air"
"Air - Solvent",1.02069576791442,5,"Air"
"Air - Solvent",0.73838983258723,5,"Air"
"Air - Solvent",1.14000995164549,5,"Air"
"Air - Solvent",2.08295118723082,5,"Air"
"Air - Solvent",0.848375074177511,5,"Air"
"Air - Solvent",0.827320424503964,5,"Air"
"Air - Solvent",1.05311068405059,5,"Air"
"Air - Solvent",0.729715150904785,5,"Air"
"Air - Solvent",1.06540495535306,5,"Air"
"Air - Solvent",0.908976811190095,5,"Air"
"Air - Solvent",1.13514653112024,5,"Air"
"Air - Solvent",0.79263168277228,5,"Air"
"Air - Solvent",1.44740083955279,5,"Air"
"Air - Solvent",0.62761452002155,5,"Air"
"Air - Solvent",1.17301340614671,5,"Air"
"Air - Solvent",0.906424576064718,5,"Air"
"Air - Solvent",0.173857923441972,5,"Air"
"Air - Solvent",1.2522825957924,5,"Air"
"Air - Solvent",0.734291151457901,5,"Air"
"Air - Solvent",0.618980369373008,5,"Air"
"Air - Solvent",1.03029372139059,5,"Air"
"Air - Solvent",1.23794219667373,5,"Air"
"Air - Solvent",1.50765906768979,5,"Air"
"Air - Solvent",1.09191345280946,5,"Air"
"Air - Solvent",1.31318584116205,5,"Air"
"Air - Solvent",0.923886529749164,5,"Air"
"Air - Solvent",0.866502502774202,5,"Air"
"Air - Solvent",1.38742458001723,5,"Air"
"Air - Solvent",1.12852416141522,5,"Air"
"Air - Solvent",1.09314052466601,5,"Air"
"Air - Solvent",0.747846070130336,5,"Air"
"Air - Solvent",1.41173779046328,5,"Air"
"Air - Solvent",1.20860904285761,5,"Air"
"Air - Solvent",1.53862510615342,5,"Air"
"Air - Solvent",1.4853509408113,5,"Air"
"Air - Solvent",0.688729632007516,5,"Air"
"Air - Solvent",0.446012082044597,5,"Air"
"Air - Solvent",1.40688412968537,5,"Air"
"Air - Solvent",0.871313792297031,5,"Air"
"Air - Solvent",0.988994867473291,5,"Air"
"Air - Solvent",1.56141577682231,5,"Air"
"Air - Solvent",1.2410934885236,5,"Air"
"Air - Solvent",0.304833596554413,5,"Air"
"Air - Solvent",1.06148428843745,5,"Air"
"Air - Solvent",0.676238379437335,5,"Air"
"Air - Solvent",1.45650773823456,5,"Air"
"Air - Solvent",0.801675573630529,5,"Air"
"Air - Solvent",0.91511334570673,5,"Air"
"Air - Solvent",1.70585573284779,5,"Air"
"Air - Solvent",0.827930368508783,5,"Air"
"Air - Solvent",0.259890169371302,5,"Air"
"Air - Solvent",1.00759456707048,5,"Air"
"Air - Solvent",1.15695675148318,5,"Air"
"Air - Solvent",0.727457299743167,5,"Air"
"Air - Solvent",0.649653980808551,5,"Air"
"Air - Solvent",1.39520501220762,5,"Air"
"Air - Solvent",1.17811173330193,5,"Air"
"Air - Solvent",1.24124829421046,5,"Air"
"Air - Solvent",1.58042250157167,5,"Air"
"Air - Solvent",1.06586726590302,5,"Air"
"Air - Solvent",1.00340519594892,5,"Air"
"Air - Solvent",1.16676242264678,5,"Air"
"Air - Solvent",1.04147119257272,5,"Air"
"Air - Solvent",1.48428141074687,5,"Air"
"Air - Solvent",0.891028631429708,5,"Air"
"Air - Solvent",1.44766427522414,5,"Air"
"Air - Solvent",1.20827826631461,5,"Air"
"Air - Solvent",1.76604246123613,5,"Air"
"Air - Solvent",1.18926692492661,5,"Air"
"Air - Solvent",1.1901762377064,5,"Air"
"Air - Solvent",0.66143449409784,5,"Air"
"Air - Solvent",0.889526409443043,5,"Air"
"Air - Solvent",1.09160186185125,5,"Air"
"Air - Solvent",1.20876896929857,5,"Air"
"Air - Solvent",1.6333098369844,5,"Air"
"Air - Solvent",0.951767316312877,5,"Air"
"Air - Solvent",1.1064225556071,5,"Air"
"Air - Solvent",1.11422912409578,5,"Air"
"Air - Solvent",1.29022356187707,5,"Air"
"Air - Solvent",1.36782243978673,5,"Air"
"Air - Solvent",1.42007518331133,5,"Air"
"Air - Solvent",1.34111528555511,5,"Air"
"Air - Solvent",1.21438057027312,5,"Air"
"Air - Solvent",1.27450272616591,5,"Air"
"Air - Solvent",1.33019794958482,5,"Air"
"Air - Solvent",1.7158920270652,5,"Air"
"Air - Solvent",1.02171721238343,5,"Air"
"Air - Solvent",1.45405881681698,5,"Air"
"Air - Solvent",1.42332261538913,5,"Air"
"Air - Solvent",1.28629641779727,5,"Air"
"Air - Solvent",1.1743743413342,5,"Air"
"Air - Solvent",1.15107650103731,5,"Air"
"Air - Solvent",0.935481175824784,5,"Air"
"Air - Solvent",0.869045568264132,5,"Air"
"Air - Solvent",0.709795581109151,5,"Air"
"Air - Solvent",0.548176754208005,5,"Air"
"Air - Solvent",1.3772727084152,5,"Air"
"Air - Solvent",1.3965153351407,5,"Air"
"Air - Solvent",1.22519727584123,5,"Air"
"Air - Solvent",1.35843348749581,5,"Air"
"Air - Solvent",1.3263811511158,5,"Air"
"Air - Solvent",1.06921066255094,5,"Air"
"Air - Solvent",1.36668389561751,5,"Air"
"Air - Solvent",0.108585021221458,5,"Air"
"Air - Solvent",0.934440620101105,5,"Air"
"Air - Solvent",1.46139433317396,5,"Air"
"Air - Solvent",1.1653761765806,5,"Air"
"Air - Solvent",0.833945484546392,5,"Air"
"Air - Solvent",0.489924480486996,5,"Air"
"Air - Solvent",0.783628794037495,5,"Air"
"Air - Solvent",1.49868953922076,5,"Air"
"Air - Solvent",1.1943844722938,5,"Air"
"Air - Solvent",0.725748756566921,5,"Air"
"Air - Solvent",0.825949172465865,5,"Air"
"Air - Solvent",0.760614465840682,5,"Air"
"Air - Solvent",0.664845833233253,5,"Air"
"Air - Solvent",0.892258872833063,5,"Air"
"Air - Solvent",1.02981857054315,5,"Air"
"Air - Solvent",1.47989024345827,5,"Air"
"Air - Solvent",-0.084435797515222,5,"Air"
"Air - Solvent",1.35855464495349,5,"Air"
"Air - Solvent",1.07289888114879,5,"Air"
"Air - Solvent",0.469475455304118,5,"Air"
"Air - Solvent",1.03108743701929,5,"Air"
"Air - Solvent",0.589606083437735,5,"Air"
"Air - Solvent",1.06730312527334,5,"Air"
"Air - Solvent",0.918051107374433,5,"Air"
"Air - Solvent",1.17123538324036,5,"Air"
"Air - Solvent",0.692439306546504,5,"Air"
"Air - Solvent",0.934647249449603,5,"Air"
"Air - Solvent",1.52579750336197,5,"Air"
"Air - Solvent",1.4885739984942,5,"Air"
"Air - Solvent",0.908264970152519,5,"Air"
"Air - Solvent",1.13857728267893,5,"Air"
"Air - Solvent",1.13416317093744,5,"Air"
"Air - Solvent",0.831901143824995,5,"Air"
"Air - Solvent",1.15276143604602,5,"Air"
"Air - Solvent",1.14012647600889,5,"Air"
"Air - Solvent",1.48592395041668,5,"Air"
"Air - Solvent",1.04663375053393,5,"Air"
"Air - Solvent",1.3295859519091,5,"Air"
"Air - Solvent",0.946337683100261,5,"Air"
"Air - Solvent",0.926385776329374,5,"Air"
"Air - Solvent",0.948316196235252,5,"Air"
"Air - Solvent",1.2077315996401,5,"Air"
"Air - Solvent",1.12016725215377,5,"Air"
"Air - Solvent",1.02505541116484,5,"Air"
"Air - Solvent",0.75139566395867,5,"Air"
"Air - Solvent",1.10383315331782,5,"Air"
"Air - Solvent",1.18971496965791,5,"Air"
"Air - Solvent",0.377857196056139,5,"Air"
"Air - Solvent",1.39935275454525,5,"Air"
"Air - Solvent",0.807704993539678,5,"Air"
"Air - Solvent",1.14646298709749,5,"Air"
"Air - Solvent",1.38442950394816,5,"Air"
"Air - Solvent",0.905648215127125,5,"Air"
"Air - Solvent",1.24042124726961,5,"Air"
"Air - Solvent",0.941327315025461,5,"Air"
"Air - Solvent",1.42136937155952,5,"Air"
"Air - Solvent",1.2805931063518,5,"Air"
"Air - Solvent",0.840532911932873,5,"Air"
"Air - Solvent",0.848608194998941,5,"Air"
"Air - Solvent",1.52363650113651,5,"Air"
"Air - Solvent",0.77772476092976,5,"Air"
"Air - Solvent",1.23676156804808,5,"Air"
"Air - Solvent",0.555041724006286,5,"Air"
"Air - Solvent",0.306213534124177,5,"Air"
"Air - Solvent",1.14130712765062,5,"Air"
"Air - Solvent",0.738799879110005,5,"Air"
"Air - Solvent",0.661831748304806,5,"Air"
"Air - Solvent",1.14189184400613,5,"Air"
"Air - Solvent",0.778525730830974,5,"Air"
"Air - Solvent",1.17712347222944,5,"Air"
"Air - Solvent",1.33665334697328,5,"Air"
"Air - Solvent",1.01855258208967,5,"Air"
"Air - Solvent",0.111588264534117,5,"Air"
"Air - Solvent",1.79311457686481,5,"Air"
"Air - Solvent",1.1657674341835,5,"Air"
"Air - Solvent",1.23754512514379,5,"Air"
"Air - Solvent",0.602763830152762,5,"Air"
"Air - Solvent",0.987659657716619,5,"Air"
"Air - Solvent",1.08216714160518,5,"Air"
"Air - Solvent",1.61254747807719,5,"Air"
"Air - Solvent",0.516075323199659,5,"Air"
"Air - Solvent",1.17783869024329,5,"Air"
"Air - Solvent",0.888948429041814,5,"Air"
"Air - Solvent",1.51526120881529,5,"Air"
"Air - Solvent",0.964342039374836,5,"Air"
"Air - Solvent",0.883939451965026,5,"Air"
"Air - Solvent",1.1338260556579,5,"Air"
"Air - Solvent",1.16176657050365,5,"Air"
"Air - Solvent",0.878983885501108,5,"Air"
"Air - Solvent",1.36192947591005,5,"Air"
"Air - Solvent",1.582357347418,5,"Air"
"Air - Solvent",1.35766549125917,5,"Air"
"Air - Solvent",0.622271932733194,5,"Air"
"Air - Solvent",0.69273855897984,5,"Air"
"Air - Solvent",1.19330929163066,5,"Air"
"Air - Solvent",1.74704289379517,5,"Air"
"Air - Solvent",0.63176883189802,5,"Air"
"Air - Solvent",0.68021052898446,5,"Air"
"Air - Solvent",0.787270123350359,5,"Air"
"Air - Solvent",0.592046611598283,5,"Air"
"Air - Solvent",0.973998826287179,5,"Air"
"Air - Solvent",0.830432453940602,5,"Air"
"Air - Solvent",1.12697757237119,5,"Air"
"Air - Solvent",0.583446176144691,5,"Air"
"Air - Solvent",1.33533213492962,5,"Air"
"Air - Solvent",0.753652888932689,5,"Air"
"Air - Solvent",0.950570697303061,5,"Air"
"Air - Solvent",0.680953565072218,5,"Air"
"Air - Solvent",1.25985350674601,5,"Air"
"Air - Solvent",1.27249563545545,5,"Air"
"Air - Solvent",1.41235829455577,5,"Air"
"Air - Solvent",0.726254387774908,5,"Air"
"Air - Solvent",0.891275291613604,5,"Air"
"Air - Solvent",1.28563511994438,5,"Air"
"Air - Solvent",1.5721354015737,5,"Air"
"Air - Solvent",1.52970501773663,5,"Air"
"Air - Solvent",0.590525673739273,5,"Air"
"Air - Solvent",1.45502408740434,5,"Air"
"Air - Solvent",1.13672990526882,5,"Air"
"Air - Solvent",1.2910694075486,5,"Air"
"Air - Solvent",1.33721321936063,5,"Air"
"Air - Solvent",0.750256002892098,5,"Air"
"Air - Solvent",1.14257814832232,5,"Air"
"Air - Solvent",0.704943499520434,5,"Air"
"Air - Solvent",1.1163793839184,5,"Air"
"Air - Solvent",1.61792169398755,5,"Air"
"Air - Solvent",0.626464941426649,5,"Air"
"Air - Solvent",0.782740954464981,5,"Air"
"Air - Solvent",1.01489868017447,5,"Air"
"Air - Solvent",0.722424484742939,5,"Air"
"Air - Solvent",1.29539349548539,5,"Air"
"Air - Solvent",1.17354459171362,5,"Air"
"Air - Solvent",1.28896003816692,5,"Air"
"Air - Solvent",1.85361341004573,5,"Air"
"Air - Solvent",0.415459071044537,5,"Air"
"Air - Solvent",0.844013629521913,5,"Air"
"Air - Solvent",1.19134731643443,5,"Air"
"Air - Solvent",0.435916562538037,5,"Air"
"Air - Solvent",1.244056393195,5,"Air"
"Air - Solvent",1.20862112317036,5,"Air"
"Air - Solvent",1.49131624795733,5,"Air"
"Air - Solvent",1.48891246756834,5,"Air"
"Air - Solvent",0.61872045595187,5,"Air"
"Air - Solvent",1.2774698896574,5,"Air"
"Air - Solvent",1.48815216779145,5,"Air"
"Air - Solvent",1.52023053033589,5,"Air"
"Air - Solvent",1.23630709641307,5,"Air"
"Air - Solvent",0.870167071628807,5,"Air"
"Air - Solvent",1.73246544948916,5,"Air"
"Air - Solvent",0.896336555205767,5,"Air"
"Air - Solvent",1.08415721637766,5,"Air"
"Air - Solvent",0.735277585594965,5,"Air"
"Air - Solvent",0.879648166228704,5,"Air"
"Air - Solvent",1.6880162551591,5,"Air"
"Air - Solvent",1.13776720908539,5,"Air"
"Air - Solvent",1.14233636876779,5,"Air"
"Air - Solvent",1.5248401014424,5,"Air"
"Air - Solvent",0.741091223498494,5,"Air"
"Air - Solvent",0.959627368156018,5,"Air"
"Air - Solvent",1.37466560663452,5,"Air"
"Air - Solvent",1.70427084232004,5,"Air"
"Air - Solvent",1.05487534170822,5,"Air"
"Air - Solvent",1.13881940864061,5,"Air"
"Air - Solvent",1.20726412242257,5,"Air"
"Air - Solvent",0.81998516909733,5,"Air"
"Air - Solvent",1.1986065760853,5,"Air"
"Air - Solvent",1.43038759292245,5,"Air"
"Air - Solvent",1.20367426154156,5,"Air"
"Air - Solvent",1.71613168954584,5,"Air"
"Air - Solvent",1.23270739213476,5,"Air"
"Air - Solvent",0.730304259157791,5,"Air"
"Air - Solvent",0.897089426804085,5,"Air"
"Air - Solvent",0.343837735447634,5,"Air"
"Air - Solvent",1.06198065627584,5,"Air"
"Air - Solvent",1.3566930075737,5,"Air"
"Air - Solvent",1.63826009635944,5,"Air"
"Air - Solvent",1.24062074766733,5,"Air"
"Air - Solvent",1.10326578835373,5,"Air"
"Air - Solvent",1.40234555105503,5,"Air"
"Air - Solvent",1.00957413401882,5,"Air"
"Air - Solvent",0.913602075989426,5,"Air"
"Air - Solvent",1.34414498766118,5,"Air"
"Air - Solvent",1.32090593512322,5,"Air"
"Air - Solvent",0.319326309945754,5,"Air"
"Air - Solvent",0.841363444892366,5,"Air"
"Air - Solvent",0.913882242671474,5,"Air"
"Air - Solvent",1.6138652727467,5,"Air"
"Air - Solvent",1.2222817169825,5,"Air"
"Air - Solvent",0.599354289099532,5,"Air"
"Air - Solvent",0.838380580196022,5,"Air"
"Air - Solvent",0.257579634498589,5,"Air"
"Air - Solvent",1.08677021174765,5,"Air"
"Air - Solvent",1.646617465792,5,"Air"
"Air - Solvent",0.776461664299642,5,"Air"
"Air - Solvent",1.48238036375294,5,"Air"
"Air - Solvent",1.05334666132148,5,"Air"
"Air - Solvent",1.56573151004549,5,"Air"
"Air - Solvent",0.758573600001973,5,"Air"
"Air - Solvent",1.06179766032344,5,"Air"
"Air - Solvent",1.3108847738247,5,"Air"
"Air - Solvent",1.65781579884851,5,"Air"
"Air - Solvent",0.85015639103834,5,"Air"
"Air - Solvent",1.23068217578193,5,"Air"
"Air - Solvent",0.898301456487805,5,"Air"
"Air - Solvent",1.40169848560902,5,"Air"
"Air - Solvent",0.895290593756697,5,"Air"
"Air - Solvent",1.15409451048026,5,"Air"
"Air - Solvent",1.02317754551662,5,"Air"
"Air - Solvent",0.717437985266223,5,"Air"
"Air - Solvent",1.31024513364808,5,"Air"
"Air - Solvent",0.39516342161309,5,"Air"
"Air - Solvent",1.16360801821121,5,"Air"
"Air - Solvent",0.163830594741046,5,"Air"
"Air - Solvent",1.24620491028165,5,"Air"
"Air - Solvent",1.05873404226156,5,"Air"
"Air - Solvent",1.2488276507845,5,"Air"
"Air - Solvent",1.53122842299225,5,"Air"
"Air - Solvent",0.841907825384898,5,"Air"
"Air - Solvent",1.65084163174423,5,"Air"
"Air - Solvent",1.24752667586934,5,"Air"
"Air - Solvent",1.41538475218242,5,"Air"
"Air - Solvent",1.14342129961091,5,"Air"
"Air - Solvent",1.02461094165557,5,"Air"
"Air - Solvent",1.46975671211061,5,"Air"
"Air - Solvent",1.01801383629194,5,"Air"
"Air - Solvent",1.46581468148828,5,"Air"
"Air - Solvent",1.30009679027626,5,"Air"
"Air - Solvent",1.02463717868891,5,"Air"
"Air - Solvent",1.2866938086836,5,"Air"
"Air - Solvent",0.814404042957363,5,"Air"
"Air - Solvent",0.631721655605531,5,"Air"
"Air - Solvent",0.642078664154749,5,"Air"
"Air - Solvent",0.729319167844326,5,"Air"
"Air - Solvent",0.940998343683501,5,"Air"
"Air - Solvent",1.62108341403482,5,"Air"
"Air - Solvent",1.42599122773324,5,"Air"
"Air - Solvent",1.3242237032367,5,"Air"
"Air - Solvent",1.31765675661461,5,"Air"
"Air - Solvent",1.23810300562256,5,"Air"
"Air - Solvent",1.00304194255059,5,"Air"
"Air - Solvent",0.595372220738152,5,"Air"
"Air - Solvent",0.472307951221417,5,"Air"
"Air - Solvent",0.196986972613067,5,"Air"
"Air - Solvent",1.09947225822519,5,"Air"
"Air - Solvent",0.83151738154039,5,"Air"
"Air - Solvent",0.315914362279734,5,"Air"
"Air - Solvent",1.25033812443702,5,"Air"
"Air - Solvent",1.36342789549234,5,"Air"
"Air - Solvent",0.638963560211272,5,"Air"
"Air - Solvent",1.12598869359994,5,"Air"
"Air - Solvent",0.201827677618571,5,"Air"
"Air - Solvent",1.27353796235067,5,"Air"
"Air - Solvent",1.85156558019343,5,"Air"
"Air - Solvent",0.506792028129793,5,"Air"
"Air - Solvent",1.87555290316883,5,"Air"
"Air - Solvent",1.37884779294138,5,"Air"
"Air - Solvent",1.34083648192722,5,"Air"
"Air - Solvent",1.06426063934279,5,"Air"
"Air - Solvent",1.24323411755424,5,"Air"
"Air - Solvent",1.00007206915962,5,"Air"
"Air - Solvent",0.686420039273577,5,"Air"
"Air - Solvent",0.937923861137395,5,"Air"
"Air - Solvent",0.134601029981289,5,"Air"
"Air - Solvent",1.16386325255818,5,"Air"
"Air - Solvent",1.42830227869993,5,"Air"
"Air - Solvent",1.04293863132188,5,"Air"
"Air - Solvent",0.876388396311973,5,"Air"
"Air - Solvent",0.917502402902711,5,"Air"
"Air - Solvent",0.736690108262129,5,"Air"
"Air - Solvent",1.28640634467656,5,"Air"
"Air - Solvent",1.44944165521963,5,"Air"
"Air - Solvent",1.72833510298914,5,"Air"
"Air - Solvent",1.49617322922937,5,"Air"
"Air - Solvent",0.940191850427695,5,"Air"
"Air - Solvent",1.88853464910373,5,"Air"
"Air - Solvent",1.03124248691654,5,"Air"
"Air - Solvent",1.58296627596905,5,"Air"
"Air - Solvent",1.15800061728839,5,"Air"
"Air - Solvent",0.874398477604702,5,"Air"
"Air - Solvent",0.84054531061368,5,"Air"
"Air - Solvent",1.55930082427393,5,"Air"
"Air - Solvent",1.49747435294431,5,"Air"
"Air - Solvent",1.29187507112882,5,"Air"
"Air - Solvent",1.32265328758564,5,"Air"
"Air - Solvent",1.11506980786412,5,"Air"
"Air - Solvent",0.593434118956437,5,"Air"
"Air - Solvent",0.987081136784232,5,"Air"
"Air - Solvent",0.945826544086228,5,"Air"
"Air - Solvent",1.30285072318498,5,"Air"
"Air - Solvent",0.637465484880928,5,"Air"
"Air - Solvent",1.15144996272182,5,"Air"
"Air - Solvent",1.5517940252719,5,"Air"
"Air - Solvent",1.39239741376929,5,"Air"
"Air - Solvent",1.11641286036094,5,"Air"
"Air - Solvent",1.02735250555138,5,"Air"
"Air - Solvent",1.36692820336916,5,"Air"
"Air - Solvent",0.811080098244329,5,"Air"
"Air - Solvent",1.69946278175193,5,"Air"
"Air - Solvent",0.799801445191003,5,"Air"
"Air - Solvent",1.28290822735692,5,"Air"
"Air - Solvent",1.30247403439828,5,"Air"
"Air - Solvent",1.13817497578055,5,"Air"
"Air - Solvent",0.936828949161185,5,"Air"
"Air - Solvent",1.26792747446646,5,"Air"
"Air - Solvent",1.19719055353096,5,"Air"
"Air - Solvent",0.966518734656696,5,"Air"
"Air - Solvent",1.75385105028738,5,"Air"
"Air - Solvent",1.82180722623413,5,"Air"
"Air - Solvent",1.00041881425457,5,"Air"
"Air - Solvent",0.619057803586662,5,"Air"
"Air - Solvent",0.932816126017182,5,"Air"
"Air - Solvent",0.956287951355145,5,"Air"
"Air - Solvent",0.605980577015895,5,"Air"
"Air - Solvent",0.722355551505905,5,"Air"
"Air - Solvent",1.60921794499453,5,"Air"
"Air - Solvent",1.25797608892283,5,"Air"
"Air - Solvent",1.08970404820467,5,"Air"
"Air - Solvent",0.991485406673371,5,"Air"
"Air - Solvent",0.869273507278643,5,"Air"
"Air - Solvent",1.43622637804015,5,"Air"
"Air - Solvent",0.835863348996261,5,"Air"
"Air - Solvent",0.916736480026597,5,"Air"
"Air - Solvent",1.24037721500692,5,"Air"
"Air - Solvent",1.39916592692079,5,"Air"
"Air - Solvent",1.2314201577544,5,"Air"
"Air - Solvent",1.02946600525261,5,"Air"
"Air - Solvent",1.1074185020472,5,"Air"
"Air - Solvent",1.26387822009764,5,"Air"
"Air - Solvent",1.10192631614825,5,"Air"
"Air - Solvent",1.47974983838613,5,"Air"
"Air - Solvent",0.880455682085188,5,"Air"
"Air - Solvent",0.904612369288037,5,"Air"
"Air - Solvent",1.11590321213903,5,"Air"
"Air - Solvent",0.767759513897205,5,"Air"
"Air - Solvent",1.61540739250344,5,"Air"
"Air - Solvent",0.956063714289785,5,"Air"
"Air - Solvent",0.702684677868341,5,"Air"
"Air - Solvent",0.943326858357124,5,"Air"
"Air - Solvent",1.27171595640263,5,"Air"
"Air - Solvent",1.05398751773608,5,"Air"
"Air - Solvent",1.08539590432427,5,"Air"
"Air - Solvent",1.07504320200694,5,"Air"
"Air - Solvent",1.11688136218388,5,"Air"
"Air - Solvent",1.62553531636747,5,"Air"
"Air - Solvent",1.42584608398567,5,"Air"
"Air - Solvent",0.498803673213489,5,"Air"
"Air - Solvent",1.37980127650567,5,"Air"
"Air - Solvent",0.634773681373323,5,"Air"
"Air - Solvent",1.13689821774142,5,"Air"
"Air - Solvent",1.65924844845505,5,"Air"
"Air - Solvent",0.515871670192186,5,"Air"
"Air - Solvent",0.505597664845524,5,"Air"
"Air - Solvent",0.955232782326236,5,"Air"
"Air - Solvent",1.14623967291345,5,"Air"
"Air - Solvent",1.62423769315997,5,"Air"
"Air - Solvent",0.69755166487754,5,"Air"
"Air - Solvent",0.824346177135624,5,"Air"
"Air - Solvent",1.42943632221566,5,"Air"
"Air - Solvent",1.8325335342442,5,"Air"
"Air - Solvent",0.637851539990317,5,"Air"
"Air - Solvent",0.821103294894046,5,"Air"
"Air - Solvent",0.800377286481096,5,"Air"
"Air - Solvent",1.27794840323691,5,"Air"
"Air - Solvent",1.4633987234146,5,"Air"
"Air - Solvent",0.775639922969322,5,"Air"
"Air - Solvent",1.70714243997327,5,"Air"
"Air - Solvent",0.798090741255512,5,"Air"
"Air - Solvent",1.30123184523362,5,"Air"
"Air - Solvent",1.01178761307452,5,"Air"
"Air - Solvent",1.27690290835425,5,"Air"
"Air - Solvent",0.429474011967537,5,"Air"
"Air - Solvent",0.556483999653415,5,"Air"
"Air - Solvent",1.75356617598957,5,"Air"
"Air - Solvent",1.71115236550758,5,"Air"
"Air - Solvent",0.740761653557453,5,"Air"
"Air - Solvent",1.30024092226408,5,"Air"
"Air - Solvent",1.30528532067835,5,"Air"
"Air - Solvent",0.992572704932581,5,"Air"
"Air - Solvent",1.82452755967513,5,"Air"
"Air - Solvent",0.887278399384353,5,"Air"
"Air - Solvent",1.09905894925005,5,"Air"
"Air - Solvent",1.19856805412579,5,"Air"
"Air - Solvent",1.18237380503186,5,"Air"
"Air - Solvent",1.30974296396486,5,"Air"
"Air - Solvent",0.330878838305391,5,"Air"
"Air - Solvent",0.880810751779255,5,"Air"
"Air - Solvent",0.90630915132579,5,"Air"
"Air - Solvent",1.10922359944987,5,"Air"
"Air - Solvent",1.19020093344194,5,"Air"
"Air - Solvent",1.32587837969417,5,"Air"
"Air - Solvent",0.715973759931118,5,"Air"
"Air - Solvent",0.975324849881939,5,"Air"
"Air - Solvent",1.29387329333272,5,"Air"
"Air - Solvent",1.37572448416816,5,"Air"
"Air - Solvent",1.57431987421289,5,"Air"
"Air - Solvent",0.878548709491884,5,"Air"
"Air - Solvent",1.44198748117178,5,"Air"
"Air - Solvent",1.20867429810564,5,"Air"
"Air - Solvent",0.804443691270821,5,"Air"
"Air - Solvent",1.52449269318988,5,"Air"
"Air - Solvent",0.978818170226516,5,"Air"
"Air - Solvent",0.781391103466268,5,"Air"
"Air - Solvent",0.84007491322558,5,"Air"
"Air - Solvent",0.854376597262998,5,"Air"
"Air - Solvent",1.30009257831993,5,"Air"
"Air - Solvent",1.75247632334581,5,"Air"
"Air - Solvent",0.887794913694642,5,"Air"
"Air - Solvent",0.98456752667634,5,"Air"
"Air - Solvent",1.74065066761623,5,"Air"
"Air - Solvent",0.666693013720644,5,"Air"
"Air - Solvent",1.39388635880292,5,"Air"
"Air - Solvent",1.19906267466916,5,"Air"
"Air - Solvent",1.00929664305264,5,"Air"
"Air - Solvent",1.33750305549743,5,"Air"
"Air - Solvent",0.574304587493861,5,"Air"
"Air - Solvent",1.08421381298116,5,"Air"
"Air - Solvent",0.862963584039139,5,"Air"
"Air - Solvent",0.695979292368989,5,"Air"
"Air - Solvent",1.44660519946512,5,"Air"
"Air - Solvent",1.50612663226018,5,"Air"
"Air - Solvent",1.47582702993125,5,"Air"
"Air - Solvent",0.966176449343657,5,"Air"
"Air - Solvent",1.17598114537276,5,"Air"
"Air - Solvent",1.42264793523968,5,"Air"
"Air - Solvent",1.73163212965606,5,"Air"
"Air - Solvent",0.806964931844525,5,"Air"
"Air - Solvent",1.47455016796938,5,"Air"
"Air - Solvent",0.726400974787484,5,"Air"
"Air - Solvent",1.27911393318379,5,"Air"
"Air - Solvent",1.02437276958654,5,"Air"
"Air - Solvent",0.635827584909816,5,"Air"
"Air - Solvent",1.45585851344273,5,"Air"
"Air - Solvent",1.30587072020572,5,"Air"
"Air - Solvent",1.64259592449,5,"Air"
"Air - Solvent",0.996971163531742,5,"Air"
"Air - Solvent",1.31098094688138,5,"Air"
"Air - Solvent",1.32979899357744,5,"Air"
"Air - Solvent",0.774268687560995,5,"Air"
"Air - Solvent",1.23113659533476,5,"Air"
"Air - Solvent",1.17324032924489,5,"Air"
"Air - Solvent",0.246553455477838,5,"Air"
"Air - Solvent",0.89392535913499,5,"Air"
"Air - Solvent",0.56833161887122,5,"Air"
"Air - Solvent",1.23331823221527,5,"Air"
"Air - Solvent",1.6471697165545,5,"Air"
"Air - Solvent",1.53923433865654,5,"Air"
"Air - Solvent",1.07929726812868,5,"Air"
"Air - Solvent",1.5579201299922,5,"Air"
"Air - Solvent",1.25544900901151,5,"Air"
"Air - Solvent",0.970868928618373,5,"Air"
"Air - Solvent",0.648572048390649,5,"Air"
"Air - Solvent",1.11877769931344,5,"Air"
"Air - Solvent",0.784177831292324,5,"Air"
"Air - Solvent",0.741357780627202,5,"Air"
"Air - Solvent",1.05535901916188,5,"Air"
"Air - Solvent",0.576992910212773,5,"Air"
"Air - Solvent",0.514198348490007,5,"Air"
"Air - Solvent",0.55092956699967,5,"Air"
"Air - Solvent",1.1617184385134,5,"Air"
"Air - Solvent",0.856347810508321,5,"Air"
"Air - Solvent",1.0597061163314,5,"Air"
"Air - Solvent",0.428077735245039,5,"Air"
"Air - Solvent",1.40415625037271,5,"Air"
"Air - Solvent",1.20703129942726,5,"Air"
"Air - Solvent",0.769171209973953,5,"Air"
"Air - Solvent",0.548331950684646,5,"Air"
"Air - Solvent",1.52793413214858,5,"Air"
"Air - Solvent",0.863229406336358,5,"Air"
"Air - Solvent",0.461374345374827,5,"Air"
"Air - Solvent",0.748812914295469,5,"Air"
"Air - Solvent",0.355866095687807,5,"Air"
"Air - Solvent",1.28511126152215,5,"Air"
"Air - Solvent",0.672961011374756,5,"Air"
"Air - Solvent",0.742962247487109,5,"Air"
"Air - Solvent",1.0915790757243,5,"Air"
"Air - Solvent",0.54046261577757,5,"Air"
"Air - Solvent",0.556761197708652,5,"Air"
"Air - Solvent",0.578880437499788,5,"Air"
"Air - Solvent",1.39972212864822,5,"Air"
"Air - Solvent",0.34364946673987,5,"Air"
"Air - Solvent",0.953920193367603,5,"Air"
"Air - Solvent",1.45672456113368,5,"Air"
"Air - Solvent",0.253745554817833,5,"Air"
"Air - Solvent",1.03568184881559,5,"Air"
"Air - Solvent",0.588192957924321,5,"Air"
"Air - Solvent",1.35454501725692,5,"Air"
"Air - Solvent",0.839140635351688,5,"Air"
"Air - Solvent",0.801812292542116,5,"Air"
"Air - Solvent",1.07390827549096,5,"Air"
"Air - Solvent",0.931112994462075,5,"Air"
"Air - Solvent",0.851808546336625,5,"Air"
"Air - Solvent",0.829575190960773,5,"Air"
"Air - Solvent",0.53561608904948,5,"Air"
"Air - Solvent",0.708712927972264,5,"Air"
"Air - Solvent",1.55152867105118,5,"Air"
"Air - Solvent",0.608797756388216,5,"Air"
"Air - Solvent",0.926667361925916,5,"Air"
"Air - Solvent",0.615484957574832,5,"Air"
"Air - Solvent",1.10363542809359,5,"Air"
"Air - Solvent",0.648338773123632,5,"Air"
"Air - Solvent",1.47116006046241,5,"Air"
"Air - Solvent",0.913874159542993,5,"Air"
"Air - Solvent",1.37348289939382,5,"Air"
"Air - Solvent",0.936599898693826,5,"Air"
"Air - Solvent",0.925495955077272,5,"Air"
"Air - Solvent",1.02596690457947,5,"Air"
"Air - Solvent",0.618043356085459,5,"Air"
"Air - Solvent",-0.0151792267756582,5,"Air"
"Air - Solvent",1.39662906809057,5,"Air"
"Air - Solvent",1.11174197060566,5,"Air"
"Air - Solvent",1.58287298883122,5,"Air"
"Air - Solvent",0.563288640168212,5,"Air"
"Air - Solvent",0.907441619366946,5,"Air"
"Air - Solvent",1.46863684477673,5,"Air"
"Air - Solvent",0.686005780117156,5,"Air"
"Air - Solvent",0.943464833894045,5,"Air"
"Air - Solvent",1.29370268606644,5,"Air"
"Air - Solvent",0.830954361333408,5,"Air"
"Air - Solvent",1.00375522350795,5,"Air"
"Air - Solvent",1.24063216036317,5,"Air"
"Air - Solvent",1.05324649871508,5,"Air"
"Air - Solvent",0.559135486211835,5,"Air"
"Air - Solvent",1.42714391167864,5,"Air"
"Air - Solvent",1.60895160453744,5,"Air"
"Air - Solvent",1.63730473233397,5,"Air"
"Air - Solvent",0.684270665163852,5,"Air"
"Air - Solvent",0.447143292791873,5,"Air"
"Air - Solvent",1.42305804217233,5,"Air"
"Air - Solvent",-0.365448756420656,5,"Air"
"Air - Solvent",1.16623119477085,5,"Air"
"Air - Solvent",0.972645234148835,5,"Air"
"Air - Solvent",0.839511650885641,5,"Air"
"Air - Solvent",1.08281806059794,5,"Air"
"Air - Solvent",0.760405571305925,5,"Air"
"Air - Solvent",1.93630211217372,5,"Air"
"Air - Solvent",1.09401271727441,5,"Air"
"Air - Solvent",1.04909837534575,5,"Air"
"Air - Solvent",0.713179359068546,5,"Air"
"Air - Solvent",1.12478257473662,5,"Air"
"Air - Solvent",0.676268204865308,5,"Air"
"Air - Solvent",0.542738454829836,5,"Air"
"Air - Solvent",1.3466854810339,5,"Air"
"Air - Solvent",1.0054938938729,5,"Air"
"Air - Solvent",0.801882116151124,5,"Air"
"Air - Solvent",1.59957025648299,5,"Air"
"Air - Solvent",1.42917447419963,5,"Air"
"Air - Solvent",0.616710191053356,5,"Air"
"Air - Solvent",0.599043942445285,5,"Air"
"Air - Solvent",0.459819081092722,5,"Air"
"Air - Solvent",0.54037412154193,5,"Air"
"Air - Solvent",1.08508224517894,5,"Air"
"Air - Solvent",0.630831044519206,5,"Air"
"Air - Solvent",1.55568367418391,5,"Air"
"Air - Solvent",1.13143887887614,5,"Air"
"Air - Solvent",0.531366356798414,5,"Air"
"Air - Solvent",0.875677690607887,5,"Air"
"Air - Solvent",0.43351632481834,5,"Air"
"Air - Solvent",1.08478281477573,5,"Air"
"Air - Solvent",0.582571227069549,5,"Air"
"Air - Solvent",0.942340016462643,5,"Air"
"Air - Solvent",1.03143208518499,5,"Air"
"Air - Solvent",1.24908445352961,5,"Air"
"Air - Solvent",1.01509535965966,5,"Air"
"Air - Solvent",1.6706481996652,5,"Air"
"Air - Solvent",1.13347654142732,5,"Air"
"Air - Solvent",0.796864893061399,5,"Air"
"Air - Solvent",1.36071352151924,5,"Air"
"Air - Solvent",0.868989874792172,5,"Air"
"Air - Solvent",0.744507286888424,5,"Air"
"Air - Solvent",1.71323728384776,5,"Air"
"Air - Solvent",1.1568100372198,5,"Air"
"Air - Solvent",0.664654650431524,5,"Air"
"Air - Solvent",0.870169036900562,5,"Air"
"Air - Solvent",1.41535143421109,5,"Air"
"Air - Solvent",1.89855069609846,5,"Air"
"Air - Solvent",1.77469807078946,5,"Air"
"Air - Solvent",0.866679500399704,5,"Air"
"Air - Solvent",1.1624002949835,5,"Air"
"Air - Solvent",1.04200022849174,5,"Air"
"Air - Solvent",1.28585784631966,5,"Air"
"Air - Solvent",0.760882943723042,5,"Air"
"Air - Solvent",1.40396422327149,5,"Air"
"Air - Solvent",0.925232194150369,5,"Air"
"Air - Solvent",1.08071256207174,5,"Air"
"Air - Solvent",0.62004575462231,5,"Air"
"Air - Solvent",1.36620551921313,5,"Air"
"Air - Solvent",0.92159249323467,5,"Air"
"Air - Solvent",1.26345817436508,5,"Air"
"Air - Solvent",1.06393579486699,5,"Air"
"Air - Solvent",1.01175316756254,5,"Air"
"Air - Solvent",1.26442898395559,5,"Air"
"Air - Solvent",0.666515648648402,5,"Air"
"Air - Solvent",0.697789561429883,5,"Air"
"Air - Solvent",1.41041266650714,5,"Air"
"Air - Solvent",0.842670228319799,5,"Air"
"Air - Solvent",1.18344690522461,5,"Air"
"Air - Solvent",1.00741141878395,5,"Air"
"Air - Solvent",1.80561299571833,5,"Air"
"Air - Solvent",1.66427569690463,5,"Air"
"Air - Solvent",0.817343111952497,5,"Air"
"Air - Solvent",0.756195206104067,5,"Air"
"Air - Solvent",1.24676733716948,5,"Air"
"Air - Solvent",1.2908216115993,5,"Air"
"Air - Solvent",1.64988244084406,5,"Air"
"Air - Solvent",1.55052634407023,5,"Air"
"Air - Solvent",0.797292593183516,5,"Air"
"Air - Solvent",0.538756448734963,5,"Air"
"Air - Solvent",1.24188476456031,5,"Air"
"Air - Solvent",0.542465814549903,5,"Air"
"Air - Solvent",0.974282368199761,5,"Air"
"Air - Solvent",1.13903375687556,5,"Air"
"Air - Solvent",0.60510744157391,5,"Air"
"Air - Solvent",0.594679958461026,5,"Air"
"Air - Solvent",0.678717021498163,5,"Air"
"Air - Solvent",0.621145464589147,5,"Air"
"Air - Solvent",1.01663575372987,5,"Air"
"Air - Solvent",1.45977487323277,5,"Air"
"Air - Solvent",1.02938770255115,5,"Air"
"Air - Solvent",0.779398150749186,5,"Air"
"Air - Solvent",0.766797269115655,5,"Air"
"Air - Solvent",1.00863641093134,5,"Air"
"Air - Solvent",0.989115724476787,5,"Air"
"Air - Solvent",1.64138864613891,5,"Air"
"Air - Solvent",1.11467587558726,5,"Air"
"Air - Solvent",1.25006254982327,5,"Air"
"Air - Solvent",0.509042012375138,5,"Air"
"Air - Solvent",0.729794802180364,5,"Air"
"Air - Solvent",1.13971848271014,5,"Air"
"Air - Solvent",1.43051077728938,5,"Air"
"Air - Solvent",0.677091247091024,5,"Air"
"Air - Solvent",0.723184753710796,5,"Air"
"Air - Solvent",0.991428034751524,5,"Air"
"Air - Solvent",1.03340740468915,5,"Air"
"Air - Solvent",1.24900812252311,5,"Air"
"Air - Solvent",1.03581959332801,5,"Air"
"Air - Solvent",1.07664896563308,5,"Air"
"Air - Solvent",1.44424809465735,5,"Air"
"Air - Solvent",1.70564946652921,5,"Air"
"Air - Solvent",0.879400428160743,5,"Air"
"Air - Solvent",0.574331002841235,5,"Air"
"Air - Solvent",1.25305817163508,5,"Air"
"Air - Solvent",1.87198062143466,5,"Air"
"Air - Solvent",1.52302594896516,5,"Air"
"Air - Solvent",0.609885808740148,5,"Air"
"Air - Solvent",0.826417236721165,5,"Air"
"Air - Solvent",1.10873831260043,5,"Air"
"Air - Solvent",0.320485518761135,5,"Air"
"Air - Solvent",1.22876807831418,5,"Air"
"Air - Solvent",1.2232705544282,5,"Air"
"Air - Solvent",1.613836579261,5,"Air"
"Air - Solvent",1.52136462602041,5,"Air"
"Air - Solvent",1.24669635413569,5,"Air"
"Air - Solvent",0.630794060138507,5,"Air"
"Air - Solvent",0.767262500386801,5,"Air"
"Air - Solvent",0.584508600527645,5,"Air"
"Air - Solvent",1.08829919962228,5,"Air"
"Air - Solvent",1.06131311580029,5,"Air"
"Air - Solvent",1.83717435972796,5,"Air"
"Air - Solvent",0.42415321730186,5,"Air"
"Air - Solvent",0.857392969414398,5,"Air"
"Air - Solvent",1.32345594001907,5,"Air"
"Air - Solvent",1.57462955011174,5,"Air"
"Air - Solvent",0.956367672802656,5,"Air"
"Air - Solvent",0.967699290178651,5,"Air"
"Air - Solvent",1.37613292328687,5,"Air"
"Air - Solvent",1.26885165336096,5,"Air"
"Air - Solvent",0.930812074039555,5,"Air"
"Air - Solvent",0.968030316893204,5,"Air"
"Air - Solvent",1.30740711470931,5,"Air"
"Air - Solvent",1.50248356068702,5,"Air"
"Air - Solvent",1.06808131490781,5,"Air"
"Air - Solvent",1.73518935688077,5,"Air"
"Air - Solvent",1.24084862262544,5,"Air"
"Air - Solvent",1.15011038603436,5,"Air"
"Air - Solvent",0.91654737579,5,"Air"
"Air - Solvent",0.810608999494401,5,"Air"
"Air - Solvent",1.58231760617809,5,"Air"
"Air - Solvent",0.403390422348865,5,"Air"
"Air - Solvent",0.931594832124632,5,"Air"
"Air - Solvent",1.14552810668006,5,"Air"
"Air - Solvent",1.19339675804726,5,"Air"
"Air - Solvent",0.611608191501901,5,"Air"
"Air - Solvent",1.38434013521335,5,"Air"
"Air - Solvent",1.29318429463333,5,"Air"
"Air - Solvent",1.29263136036657,5,"Air"
"Air - Solvent",1.12949059322282,5,"Air"
"Air - Solvent",0.663539746880377,5,"Air"
"Air - Solvent",1.23986030232875,5,"Air"
"Air - Solvent",1.15112000919527,5,"Air"
"Air - Solvent",0.841950868150632,5,"Air"
"Air - Solvent",1.31141188217296,5,"Air"
"Air - Solvent",1.12166538385066,5,"Air"
"Air - Solvent",1.16002001620051,5,"Air"
"Air - Solvent",1.17168364832554,5,"Air"
"Air - Solvent",1.00716624970893,5,"Air"
"Air - Solvent",0.606567263479792,5,"Air"
"Air - Solvent",1.48600753190568,5,"Air"
"Air - Solvent",1.28099790821371,5,"Air"
"Air - Solvent",1.34372891724485,5,"Air"
"Air - Solvent",0.61375126516121,5,"Air"
"Air - Solvent",1.12138345244531,5,"Air"
"Air - Solvent",1.4695829093548,5,"Air"
"Air - Solvent",0.674511812387027,5,"Air"
"Air - Solvent",1.07384206630596,5,"Air"
"Air - Solvent",0.981312900928457,5,"Air"
"Air - Solvent",1.22026051205153,5,"Air"
"Air - Solvent",1.79499955313409,5,"Air"
"Air - Solvent",0.964001643815878,5,"Air"
"Air - Solvent",1.06098817541054,5,"Air"
"Air - Solvent",0.565285790954442,5,"Air"
"Air - Solvent",1.46466581311168,5,"Air"
"Air - Solvent",1.37418045765591,5,"Air"
"Air - Solvent",0.813645475338197,5,"Air"
"Air - Solvent",0.811487180929736,5,"Air"
"Air - Solvent",1.07790966052611,5,"Air"
"Air - Solvent",1.26648617999236,5,"Air"
"Air - Solvent",1.66014098258529,5,"Air"
"Air - Solvent",1.14187680548669,5,"Air"
"Air - Solvent",1.29772478260251,5,"Air"
"Air - Solvent",0.491964063898699,5,"Air"
"Air - Solvent",1.00716883204241,5,"Air"
"Air - Solvent",1.17202134374126,5,"Air"
"Air - Solvent",0.81112934140231,5,"Air"
"Air - Solvent",1.19189036528948,5,"Air"
"Air - Solvent",1.06640352635161,5,"Air"
"Air - Solvent",0.963758728036978,5,"Air"
"Air - Solvent",0.946214712433975,5,"Air"
"Air - Solvent",1.41833171153858,5,"Air"
"Air - Solvent",1.41155763869012,5,"Air"
"Air - Solvent",1.2995701247812,5,"Air"
"Air - Solvent",1.25496173097671,5,"Air"
"Air - Solvent",0.644584684592002,5,"Air"
"Air - Solvent",1.21137478199645,5,"Air"
"Air - Solvent",1.11454573148463,5,"Air"
"Air - Solvent",1.18159696839739,5,"Air"
"Air - Solvent",1.53097910853778,5,"Air"
"Air - Solvent",1.34993028208357,5,"Air"
"Air - Solvent",1.39787402814356,5,"Air"
"Air - Solvent",0.33881637005394,5,"Air"
"Air - Solvent",1.17789870093445,5,"Air"
"Air - Solvent",0.724713520677324,5,"Air"
"Air - Solvent",0.81872843843788,5,"Air"
"Air - Solvent",1.30356999150436,5,"Air"
"Air - Solvent",0.654106668486217,5,"Air"
"Air - Solvent",1.07849438772148,5,"Air"
"Air - Solvent",0.544783520876487,5,"Air"
"Air - Solvent",1.31014674729967,5,"Air"
"Air - Solvent",1.4364576222159,5,"Air"
"Air - Solvent",1.08838182824833,5,"Air"
"Air - Solvent",1.24227432393452,5,"Air"
"Air - Solvent",1.13083562667955,5,"Air"
"Air - Solvent",0.403420102443572,5,"Air"
"Air - Solvent",1.39271263988349,5,"Air"
"Air - Solvent",0.949333326327157,5,"Air"
"Air - Solvent",0.995727184475618,5,"Air"
"Air - Solvent",1.65981068343016,5,"Air"
"Air - Solvent",0.885664153917083,5,"Air"
"Air - Solvent",0.28993120278808,5,"Air"
"Air - Solvent",1.37486785504593,5,"Air"
"Air - Solvent",1.05638526243596,5,"Air"
"Air - Solvent",1.22523084775994,5,"Air"
"Air - Solvent",1.26958810752374,5,"Air"
"Air - Solvent",1.24049779375327,5,"Air"
"Air - Solvent",0.987502792109872,5,"Air"
"Air - Solvent",0.956281682901303,5,"Air"
"Air - Solvent",0.78063457626489,5,"Air"
"Air - Solvent",0.713248770806449,5,"Air"
"Air - Solvent",1.32276544574814,5,"Air"
"Air - Solvent",0.845344599922798,5,"Air"
"Air - Solvent",1.04054753993819,5,"Air"
"Air - Solvent",1.16455523792673,5,"Air"
"Air - Solvent",1.67303452863926,5,"Air"
"Air - Solvent",1.34777081267213,5,"Air"
"Air - Solvent",0.883908294958488,5,"Air"
"Air - Solvent",1.30434791506098,5,"Air"
"Air - Solvent",0.96061199572479,5,"Air"
"Air - Solvent",1.27935274473209,5,"Air"
"Air - Solvent",1.26621549970641,5,"Air"
"Air - Solvent",0.872655308885149,5,"Air"
"Air - Solvent",1.01740751854564,5,"Air"
"Air - Solvent",0.75692178977662,5,"Air"
"Air - Solvent",0.557257158885152,5,"Air"
"Air - Solvent",0.967310875671358,5,"Air"
"Air - Solvent",1.63268397701812,5,"Air"
"Air - Solvent",0.893167841650645,5,"Air"
"Air - Solvent",1.60951204228566,5,"Air"
"Air - Solvent",1.52953050052331,5,"Air"
"Air - Solvent",1.15665851804702,5,"Air"
"Air - Solvent",0.738340335868649,5,"Air"
"Air - Solvent",0.353960999624551,5,"Air"
"Air - Solvent",0.748885996180644,5,"Air"
"Air - Solvent",0.705298829824057,5,"Air"
"Air - Solvent",1.10348506096645,5,"Air"
"Air - Solvent",1.21291126466547,5,"Air"
"Air - Solvent",0.766035017392323,5,"Air"
"Air - Solvent",1.06371049874594,5,"Air"
"Air - Solvent",1.24923541818365,5,"Air"
"Air - Solvent",1.18370564424997,5,"Air"
"Air - Solvent",1.22374525619321,5,"Air"
"Air - Solvent",1.34655712608579,5,"Air"
"Air - Solvent",1.07741604378254,5,"Air"
"Air - Solvent",1.13652863551276,5,"Air"
"Air - Solvent",0.309283936748676,5,"Air"
"Air - Solvent",1.3917143618599,5,"Air"
"Air - Solvent",1.11100836786679,5,"Air"
"Air - Solvent",0.44073530746225,5,"Air"
"Air - Solvent",0.404451791000339,5,"Air"
"Air - Solvent",1.23806045487801,5,"Air"
"Air - Solvent",1.02203524452094,5,"Air"
"Air - Solvent",1.02892667810168,5,"Air"
"Air - Solvent",1.43369176227808,5,"Air"
"Air - Solvent",0.865313271305466,5,"Air"
"Air - Solvent",0.823360703649739,5,"Air"
"Air - Solvent",0.735010304405286,5,"Air"
"Air - Solvent",1.46148770525266,5,"Air"
"Air - Solvent",1.19660831183551,5,"Air"
"Air - Solvent",1.05491940278284,5,"Air"
"Air - Solvent",1.02077569028017,5,"Air"
"Air - Solvent",0.45366055379196,5,"Air"
"Air - Solvent",0.226221826350131,5,"Air"
"Air - Solvent",1.24100515378126,5,"Air"
"Air - Solvent",1.43870267402296,5,"Air"
"Air - Solvent",1.14343671781801,5,"Air"
"Air - Solvent",1.24845384383405,5,"Air"
"Air - Solvent",1.07946049088378,5,"Air"
"Air - Solvent",0.801953580603242,5,"Air"
"Air - Solvent",0.777269033391577,5,"Air"
"Air - Solvent",1.37922756311517,5,"Air"
"Air - Solvent",0.951311017402768,5,"Air"
"Air - Solvent",1.08520112149286,5,"Air"
"Air - Solvent",1.60387592442711,5,"Air"
"Air - Solvent",1.31537794521151,5,"Air"
"Air - Solvent",0.941517984239242,5,"Air"
"Air - Solvent",0.950330329761691,5,"Air"
"Air - Solvent",0.998894414648238,5,"Air"
"Air - Solvent",1.15993090763471,5,"Air"
"Air - Solvent",1.11174986165738,5,"Air"
"Air - Solvent",1.02053216857514,5,"Air"
"Air - Solvent",0.891949319294531,5,"Air"
"Air - Solvent",1.27328282102982,5,"Air"
"Air - Solvent",1.86598789995398,5,"Air"
"Air - Solvent",1.2101160123866,5,"Air"
"Air - Solvent",0.83392224257307,5,"Air"
"Air - Solvent",0.666554363995798,5,"Air"
"Air - Solvent",0.984079383941345,5,"Air"
"Air - Solvent",1.00474670552779,5,"Air"
"Air - Solvent",0.840720670949103,5,"Air"
"Air - Solvent",0.576113433522071,5,"Air"
"Air - Solvent",1.29033967392922,5,"Air"
"Air - Solvent",1.22190936131887,5,"Air"
"Air - Solvent",1.19909175553338,5,"Air"
"Air - Solvent",0.958783179482076,5,"Air"
"Air - Solvent",1.07436920706595,5,"Air"
"Air - Solvent",0.80131043330327,5,"Air"
"Air - Solvent",0.323945237274888,5,"Air"
"Air - Solvent",0.905574636511106,5,"Air"
"Air - Solvent",0.781768771883134,5,"Air"
"Air - Solvent",1.43945885484016,5,"Air"
"Air - Solvent",1.4339346491936,5,"Air"
"Air - Solvent",1.09564530248055,5,"Air"
"Air - Solvent",1.22423157468901,5,"Air"
"Air - Solvent",1.33401698019465,5,"Air"
"Air - Solvent",0.884355816350865,5,"Air"
"Air - Solvent",1.85601790453484,5,"Air"
"Air - Solvent",0.652209988193554,5,"Air"
"Air - Solvent",1.11362319084506,5,"Air"
"Air - Solvent",1.64110429982911,5,"Air"
"Air - Solvent",0.549798042089346,5,"Air"
"Air - Solvent",1.19669839340544,5,"Air"
"Air - Solvent",1.00825148136294,5,"Air"
"Air - Solvent",0.716790528802705,5,"Air"
"Air - Solvent",1.26579047153374,5,"Air"
"Air - Solvent",1.52056970771363,5,"Air"
"Air - Solvent",1.16554411202439,5,"Air"
"Air - Solvent",1.5309114269954,5,"Air"
"Air - Solvent",1.4104031691336,5,"Air"
"Air - Solvent",1.23403526922822,5,"Air"
"Air - Solvent",1.0083026085635,5,"Air"
"Air - Solvent",1.14447620860727,5,"Air"
"IPM - Air",16.0188914350235,1,"IPM"
"IPM - Air",16.7363856705182,1,"IPM"
"IPM - Air",16.6780307225884,1,"IPM"
"IPM - Air",16.2437180388512,1,"IPM"
"IPM - Air",17.8595026755039,1,"IPM"
"IPM - Air",14.7767652458488,1,"IPM"
"IPM - Air",15.1557181815219,1,"IPM"
"IPM - Air",17.1357131375762,1,"IPM"
"IPM - Air",16.6921376153928,1,"IPM"
"IPM - Air",17.7617777004177,1,"IPM"
"IPM - Air",17.3690267410762,1,"IPM"
"IPM - Air",17.3977680329253,1,"IPM"
"IPM - Air",15.5286642834446,1,"IPM"
"IPM - Air",17.103285682701,1,"IPM"
"IPM - Air",15.4251242280228,1,"IPM"
"IPM - Air",16.4536482975208,1,"IPM"
"IPM - Air",14.8374519536922,1,"IPM"
"IPM - Air",14.8454433820741,1,"IPM"
"IPM - Air",17.8013549127889,1,"IPM"
"IPM - Air",16.5220364812889,1,"IPM"
"IPM - Air",16.6012112574093,1,"IPM"
"IPM - Air",16.8704095552839,1,"IPM"
"IPM - Air",17.6252344226093,1,"IPM"
"IPM - Air",16.969413677817,1,"IPM"
"IPM - Air",16.3929063241537,1,"IPM"
"IPM - Air",17.2867988222308,1,"IPM"
"IPM - Air",15.5400685255309,1,"IPM"
"IPM - Air",16.0884989361328,1,"IPM"
"IPM - Air",16.7895469464048,1,"IPM"
"IPM - Air",16.331486058693,1,"IPM"
"IPM - Air",15.6491239186893,1,"IPM"
"IPM - Air",16.3652428674333,1,"IPM"
"IPM - Air",18.5723888963667,1,"IPM"
"IPM - Air",15.5249939303042,1,"IPM"
"IPM - Air",16.8132713316346,1,"IPM"
"IPM - Air",16.6282485470559,1,"IPM"
"IPM - Air",17.443983464048,1,"IPM"
"IPM - Air",15.9610865013027,1,"IPM"
"IPM - Air",16.2974754601167,1,"IPM"
"IPM - Air",15.8832695902533,1,"IPM"
"IPM - Air",17.3667958238799,1,"IPM"
"IPM - Air",16.6973743045777,1,"IPM"
"IPM - Air",18.1543303613738,1,"IPM"
"IPM - Air",16.042942188445,1,"IPM"
"IPM - Air",17.3478212504805,1,"IPM"
"IPM - Air",15.4563276889672,1,"IPM"
"IPM - Air",16.2687068804728,1,"IPM"
"IPM - Air",17.8981404253045,1,"IPM"
"IPM - Air",16.2574394632435,1,"IPM"
"IPM - Air",14.755177209385,1,"IPM"
"IPM - Air",16.1733332968646,1,"IPM"
"IPM - Air",16.0283667224368,1,"IPM"
"IPM - Air",15.5142139037621,1,"IPM"
"IPM - Air",16.2352600485994,1,"IPM"
"IPM - Air",15.8794826874096,1,"IPM"
"IPM - Air",15.434031680572,1,"IPM"
"IPM - Air",17.0149252597947,1,"IPM"
"IPM - Air",14.4321591386025,1,"IPM"
"IPM - Air",16.0913722079579,1,"IPM"
"IPM - Air",16.6489737222697,1,"IPM"
"IPM - Air",15.782789194051,1,"IPM"
"IPM - Air",16.0182398733853,1,"IPM"
"IPM - Air",17.1206467336706,1,"IPM"
"IPM - Air",16.3062622923865,1,"IPM"
"IPM - Air",16.5460607451129,1,"IPM"
"IPM - Air",15.6578209840505,1,"IPM"
"IPM - Air",17.2908248848006,1,"IPM"
"IPM - Air",16.0614309550934,1,"IPM"
"IPM - Air",16.253263206536,1,"IPM"
"IPM - Air",17.9944645329937,1,"IPM"
"IPM - Air",15.85681645723,1,"IPM"
"IPM - Air",15.5137871148722,1,"IPM"
"IPM - Air",17.2327238999068,1,"IPM"
"IPM - Air",17.2186717089584,1,"IPM"
"IPM - Air",17.4216291410521,1,"IPM"
"IPM - Air",17.1647253222307,1,"IPM"
"IPM - Air",14.8471407091449,1,"IPM"
"IPM - Air",16.278563088057,1,"IPM"
"IPM - Air",17.0941921668405,1,"IPM"
"IPM - Air",16.6069885930652,1,"IPM"
"IPM - Air",15.2326237826694,1,"IPM"
"IPM - Air",16.029714026378,1,"IPM"
"IPM - Air",16.495353378592,1,"IPM"
"IPM - Air",16.246994120778,1,"IPM"
"IPM - Air",15.5298945395279,1,"IPM"
"IPM - Air",18.072068606367,1,"IPM"
"IPM - Air",15.0251118394247,1,"IPM"
"IPM - Air",15.9767267115053,1,"IPM"
"IPM - Air",16.3702784192909,1,"IPM"
"IPM - Air",16.0065754686113,1,"IPM"
"IPM - Air",16.5958786482262,1,"IPM"
"IPM - Air",17.8620770204961,1,"IPM"
"IPM - Air",15.8365242194665,1,"IPM"
"IPM - Air",16.3162448196074,1,"IPM"
"IPM - Air",15.4618367085304,1,"IPM"
"IPM - Air",16.7642371082964,1,"IPM"
"IPM - Air",16.6608800738958,1,"IPM"
"IPM - Air",15.8012583550082,1,"IPM"
"IPM - Air",15.8767830861803,1,"IPM"
"IPM - Air",17.5304090941075,1,"IPM"
"IPM - Air",16.8858746086855,1,"IPM"
"IPM - Air",17.0349152978928,1,"IPM"
"IPM - Air",15.2165588310941,1,"IPM"
"IPM - Air",15.8695978485902,1,"IPM"
"IPM - Air",16.8228109650036,1,"IPM"
"IPM - Air",17.4305611762716,1,"IPM"
"IPM - Air",17.1341261252096,1,"IPM"
"IPM - Air",17.145518550483,1,"IPM"
"IPM - Air",15.5446734823489,1,"IPM"
"IPM - Air",15.6193558338467,1,"IPM"
"IPM - Air",15.7747834690423,1,"IPM"
"IPM - Air",15.3553247007462,1,"IPM"
"IPM - Air",15.2108976101721,1,"IPM"
"IPM - Air",15.9017186571073,1,"IPM"
"IPM - Air",15.1658039112511,1,"IPM"
"IPM - Air",16.2811947240652,1,"IPM"
"IPM - Air",16.4489257775596,1,"IPM"
"IPM - Air",16.3713232054274,1,"IPM"
"IPM - Air",18.3153103759895,1,"IPM"
"IPM - Air",15.189706701597,1,"IPM"
"IPM - Air",15.0844237323301,1,"IPM"
"IPM - Air",16.8561135489762,1,"IPM"
"IPM - Air",15.3979337056361,1,"IPM"
"IPM - Air",15.9460295641097,1,"IPM"
"IPM - Air",15.0205748386811,1,"IPM"
"IPM - Air",16.5573991890318,1,"IPM"
"IPM - Air",17.3948400663206,1,"IPM"
"IPM - Air",17.1457977820274,1,"IPM"
"IPM - Air",16.3718165450213,1,"IPM"
"IPM - Air",15.580446237148,1,"IPM"
"IPM - Air",16.0470794319327,1,"IPM"
"IPM - Air",15.1004288337131,1,"IPM"
"IPM - Air",16.7612720638124,1,"IPM"
"IPM - Air",14.8990628932997,1,"IPM"
"IPM - Air",16.9474093670085,1,"IPM"
"IPM - Air",16.4888035654928,1,"IPM"
"IPM - Air",17.3246646688939,1,"IPM"
"IPM - Air",16.5598627076809,1,"IPM"
"IPM - Air",16.7739637969031,1,"IPM"
"IPM - Air",17.0574216453191,1,"IPM"
"IPM - Air",17.273763390395,1,"IPM"
"IPM - Air",16.0605681976784,1,"IPM"
"IPM - Air",15.3332587342937,1,"IPM"
"IPM - Air",16.3356118255135,1,"IPM"
"IPM - Air",17.1537328335081,1,"IPM"
"IPM - Air",16.2299701524506,1,"IPM"
"IPM - Air",16.1429319289187,1,"IPM"
"IPM - Air",16.31860497933,1,"IPM"
"IPM - Air",16.5836273048632,1,"IPM"
"IPM - Air",17.7975046981361,1,"IPM"
"IPM - Air",16.9904963324841,1,"IPM"
"IPM - Air",16.6089017388509,1,"IPM"
"IPM - Air",15.3553488426889,1,"IPM"
"IPM - Air",16.0855733618472,1,"IPM"
"IPM - Air",17.0416971810568,1,"IPM"
"IPM - Air",16.5890437636955,1,"IPM"
"IPM - Air",16.1831794532606,1,"IPM"
"IPM - Air",15.7633374233506,1,"IPM"
"IPM - Air",16.1922621845578,1,"IPM"
"IPM - Air",16.0157190557052,1,"IPM"
"IPM - Air",15.1655196890428,1,"IPM"
"IPM - Air",17.1498150106151,1,"IPM"
"IPM - Air",16.7510304550292,1,"IPM"
"IPM - Air",14.7171917590917,1,"IPM"
"IPM - Air",15.9168509275134,1,"IPM"
"IPM - Air",16.9695252947496,1,"IPM"
"IPM - Air",15.9764470446801,1,"IPM"
"IPM - Air",15.9040409588215,1,"IPM"
"IPM - Air",16.4598379880203,1,"IPM"
"IPM - Air",16.1519099876814,1,"IPM"
"IPM - Air",17.2027073680897,1,"IPM"
"IPM - Air",16.226897292118,1,"IPM"
"IPM - Air",16.4988865911945,1,"IPM"
"IPM - Air",16.6147119542867,1,"IPM"
"IPM - Air",17.1654378373847,1,"IPM"
"IPM - Air",17.2224464546296,1,"IPM"
"IPM - Air",17.528021064074,1,"IPM"
"IPM - Air",15.0910802942037,1,"IPM"
"IPM - Air",15.844516130205,1,"IPM"
"IPM - Air",15.3324321144657,1,"IPM"
"IPM - Air",17.3235273466134,1,"IPM"
"IPM - Air",17.1859498962291,1,"IPM"
"IPM - Air",15.856746667215,1,"IPM"
"IPM - Air",16.9069967481052,1,"IPM"
"IPM - Air",17.6317593036211,1,"IPM"
"IPM - Air",14.6891076367871,1,"IPM"
"IPM - Air",15.5960207455104,1,"IPM"
"IPM - Air",16.0622348224472,1,"IPM"
"IPM - Air",16.3439130464688,1,"IPM"
"IPM - Air",15.4126568126909,1,"IPM"
"IPM - Air",15.6506221635295,1,"IPM"
"IPM - Air",16.0648047476835,1,"IPM"
"IPM - Air",15.6875484104646,1,"IPM"
"IPM - Air",16.3812301210017,1,"IPM"
"IPM - Air",16.509136466912,1,"IPM"
"IPM - Air",16.0160456448429,1,"IPM"
"IPM - Air",16.0068167420222,1,"IPM"
"IPM - Air",16.530644144838,1,"IPM"
"IPM - Air",16.76674385874,1,"IPM"
"IPM - Air",16.6433260476877,1,"IPM"
"IPM - Air",16.2968066517778,1,"IPM"
"IPM - Air",17.2362087209002,1,"IPM"
"IPM - Air",14.4679740346677,1,"IPM"
"IPM - Air",16.7310646106918,1,"IPM"
"IPM - Air",15.4962729389267,1,"IPM"
"IPM - Air",17.3915435059573,1,"IPM"
"IPM - Air",15.7527847761888,1,"IPM"
"IPM - Air",18.0357760072295,1,"IPM"
"IPM - Air",15.720530840463,1,"IPM"
"IPM - Air",17.85414786575,1,"IPM"
"IPM - Air",16.2393749867812,1,"IPM"
"IPM - Air",16.0840367854954,1,"IPM"
"IPM - Air",16.1226649375305,1,"IPM"
"IPM - Air",15.5756980283651,1,"IPM"
"IPM - Air",17.7090497787785,1,"IPM"
"IPM - Air",17.3032168384954,1,"IPM"
"IPM - Air",16.9531524461811,1,"IPM"
"IPM - Air",17.1433571056283,1,"IPM"
"IPM - Air",16.0100255780203,1,"IPM"
"IPM - Air",15.8534702497866,1,"IPM"
"IPM - Air",14.6016246924003,1,"IPM"
"IPM - Air",15.4730690662129,1,"IPM"
"IPM - Air",16.1058631369308,1,"IPM"
"IPM - Air",16.9710758656775,1,"IPM"
"IPM - Air",16.9146393659183,1,"IPM"
"IPM - Air",16.1787396874493,1,"IPM"
"IPM - Air",16.2295172349705,1,"IPM"
"IPM - Air",16.5209728738833,1,"IPM"
"IPM - Air",17.5549831021538,1,"IPM"
"IPM - Air",16.9263012540393,1,"IPM"
"IPM - Air",15.7494460352027,1,"IPM"
"IPM - Air",16.539356645284,1,"IPM"
"IPM - Air",15.9428872907818,1,"IPM"
"IPM - Air",15.3127202546589,1,"IPM"
"IPM - Air",15.4068174053827,1,"IPM"
"IPM - Air",16.2655162786373,1,"IPM"
"IPM - Air",16.2837541749477,1,"IPM"
"IPM - Air",15.9312271334759,1,"IPM"
"IPM - Air",16.3665450974291,1,"IPM"
"IPM - Air",16.0742696595535,1,"IPM"
"IPM - Air",17.7802134521202,1,"IPM"
"IPM - Air",16.7179319497111,1,"IPM"
"IPM - Air",15.7072835213941,1,"IPM"
"IPM - Air",16.4677629371988,1,"IPM"
"IPM - Air",16.6154406491407,1,"IPM"
"IPM - Air",15.4503827605103,1,"IPM"
"IPM - Air",15.6259490668041,1,"IPM"
"IPM - Air",16.1928017278981,1,"IPM"
"IPM - Air",15.6362846848909,1,"IPM"
"IPM - Air",16.5224308236416,1,"IPM"
"IPM - Air",16.0545937099242,1,"IPM"
"IPM - Air",16.4892744121603,1,"IPM"
"IPM - Air",15.9081114685056,1,"IPM"
"IPM - Air",16.0688242838486,1,"IPM"
"IPM - Air",14.9876536466422,1,"IPM"
"IPM - Air",17.495728833716,1,"IPM"
"IPM - Air",13.7110561558746,1,"IPM"
"IPM - Air",16.8679470007447,1,"IPM"
"IPM - Air",16.0219271537795,1,"IPM"
"IPM - Air",16.0770875505015,1,"IPM"
"IPM - Air",14.806033976375,1,"IPM"
"IPM - Air",14.8999802927091,1,"IPM"
"IPM - Air",16.6334004097335,1,"IPM"
"IPM - Air",17.7238553350097,1,"IPM"
"IPM - Air",15.1691435792983,1,"IPM"
"IPM - Air",16.9938680564222,1,"IPM"
"IPM - Air",16.4392695744737,1,"IPM"
"IPM - Air",16.9375210439131,1,"IPM"
"IPM - Air",16.905016986327,1,"IPM"
"IPM - Air",16.6585002454858,1,"IPM"
"IPM - Air",16.0225321028964,1,"IPM"
"IPM - Air",16.530373004612,1,"IPM"
"IPM - Air",16.2673034510713,1,"IPM"
"IPM - Air",16.5922919842533,1,"IPM"
"IPM - Air",16.6585188728409,1,"IPM"
"IPM - Air",16.7907982852478,1,"IPM"
"IPM - Air",17.5683673439532,1,"IPM"
"IPM - Air",16.2657921768475,1,"IPM"
"IPM - Air",16.4489491841784,1,"IPM"
"IPM - Air",15.7539075841551,1,"IPM"
"IPM - Air",15.1034502126109,1,"IPM"
"IPM - Air",17.116560754971,1,"IPM"
"IPM - Air",16.0759168220859,1,"IPM"
"IPM - Air",16.527040096201,1,"IPM"
"IPM - Air",16.234098078256,1,"IPM"
"IPM - Air",16.3194066789714,1,"IPM"
"IPM - Air",16.573640950687,1,"IPM"
"IPM - Air",17.0419286706939,1,"IPM"
"IPM - Air",15.5223027663879,1,"IPM"
"IPM - Air",16.5185276210345,1,"IPM"
"IPM - Air",15.7465095855912,1,"IPM"
"IPM - Air",16.1560688553222,1,"IPM"
"IPM - Air",16.2712811760348,1,"IPM"
"IPM - Air",15.9335868019554,1,"IPM"
"IPM - Air",16.5784216615084,1,"IPM"
"IPM - Air",16.6903479993829,1,"IPM"
"IPM - Air",15.9547619721073,1,"IPM"
"IPM - Air",14.6622967126352,1,"IPM"
"IPM - Air",16.1744089777386,1,"IPM"
"IPM - Air",15.316102749942,1,"IPM"
"IPM - Air",15.5559731517261,1,"IPM"
"IPM - Air",17.0286394473408,1,"IPM"
"IPM - Air",16.6852604511762,1,"IPM"
"IPM - Air",17.1271787739957,1,"IPM"
"IPM - Air",15.8755573469523,1,"IPM"
"IPM - Air",16.4718367419826,1,"IPM"
"IPM - Air",16.8103170941622,1,"IPM"
"IPM - Air",16.3417042414371,1,"IPM"
"IPM - Air",16.3410713033259,1,"IPM"
"IPM - Air",16.4973246625551,1,"IPM"
"IPM - Air",16.1147474384298,1,"IPM"
"IPM - Air",15.3499826425141,1,"IPM"
"IPM - Air",17.9714397309609,1,"IPM"
"IPM - Air",16.5453662981459,1,"IPM"
"IPM - Air",16.8559015627138,1,"IPM"
"IPM - Air",16.1831470916371,1,"IPM"
"IPM - Air",16.7616338757239,1,"IPM"
"IPM - Air",16.644673680192,1,"IPM"
"IPM - Air",15.7287138247724,1,"IPM"
"IPM - Air",17.1598994527142,1,"IPM"
"IPM - Air",15.8332188798228,1,"IPM"
"IPM - Air",17.1818150335202,1,"IPM"
"IPM - Air",16.6184521650333,1,"IPM"
"IPM - Air",16.3359051635807,1,"IPM"
"IPM - Air",15.7505068568639,1,"IPM"
"IPM - Air",16.909948596664,1,"IPM"
"IPM - Air",18.0468912613783,1,"IPM"
"IPM - Air",17.3499944775948,1,"IPM"
"IPM - Air",15.6787879890583,1,"IPM"
"IPM - Air",16.9872033500305,1,"IPM"
"IPM - Air",15.6391109611522,1,"IPM"
"IPM - Air",17.5420056845354,1,"IPM"
"IPM - Air",17.2674400329327,1,"IPM"
"IPM - Air",16.280878549542,1,"IPM"
"IPM - Air",15.9724889079389,1,"IPM"
"IPM - Air",16.7901260924209,1,"IPM"
"IPM - Air",16.5479304451903,1,"IPM"
"IPM - Air",17.2945341499482,1,"IPM"
"IPM - Air",16.7628501324155,1,"IPM"
"IPM - Air",17.2463592739811,1,"IPM"
"IPM - Air",17.5401641789495,1,"IPM"
"IPM - Air",15.7108298503684,1,"IPM"
"IPM - Air",15.2562105255702,1,"IPM"
"IPM - Air",17.4219810377608,1,"IPM"
"IPM - Air",16.0644924926193,1,"IPM"
"IPM - Air",17.3779776762522,1,"IPM"
"IPM - Air",15.5390390936313,1,"IPM"
"IPM - Air",16.0078492376049,1,"IPM"
"IPM - Air",17.075079734143,1,"IPM"
"IPM - Air",14.7271189510023,1,"IPM"
"IPM - Air",15.45347925522,1,"IPM"
"IPM - Air",16.5714863267622,1,"IPM"
"IPM - Air",16.3243344379105,1,"IPM"
"IPM - Air",14.5894809141868,1,"IPM"
"IPM - Air",16.9035425643344,1,"IPM"
"IPM - Air",16.8391802012374,1,"IPM"
"IPM - Air",14.4863791031993,1,"IPM"
"IPM - Air",15.9488492542416,1,"IPM"
"IPM - Air",16.6912582838293,1,"IPM"
"IPM - Air",17.5484511818971,1,"IPM"
"IPM - Air",17.3363904431432,1,"IPM"
"IPM - Air",16.4183870638335,1,"IPM"
"IPM - Air",16.8453093107952,1,"IPM"
"IPM - Air",16.366293532551,1,"IPM"
"IPM - Air",16.6040638158468,1,"IPM"
"IPM - Air",16.3479075825006,1,"IPM"
"IPM - Air",16.0069184037331,1,"IPM"
"IPM - Air",16.3938506271176,1,"IPM"
"IPM - Air",15.002292150581,1,"IPM"
"IPM - Air",17.6516811747603,1,"IPM"
"IPM - Air",16.1000925334832,1,"IPM"
"IPM - Air",15.6586875375452,1,"IPM"
"IPM - Air",15.8042129594695,1,"IPM"
"IPM - Air",15.1039002828063,1,"IPM"
"IPM - Air",16.4200860977288,1,"IPM"
"IPM - Air",15.8191200333403,1,"IPM"
"IPM - Air",16.6951564480079,1,"IPM"
"IPM - Air",16.0772341623898,1,"IPM"
"IPM - Air",15.9813953811808,1,"IPM"
"IPM - Air",16.3239137043402,1,"IPM"
"IPM - Air",16.8502518389146,1,"IPM"
"IPM - Air",16.9765503593483,1,"IPM"
"IPM - Air",15.5850877375424,1,"IPM"
"IPM - Air",14.6508050400349,1,"IPM"
"IPM - Air",16.0454406918481,1,"IPM"
"IPM - Air",17.789450749188,1,"IPM"
"IPM - Air",15.5715057802462,1,"IPM"
"IPM - Air",16.1190364064054,1,"IPM"
"IPM - Air",17.41132086884,1,"IPM"
"IPM - Air",17.6159296636792,1,"IPM"
"IPM - Air",16.5177789911008,1,"IPM"
"IPM - Air",17.2464859856928,1,"IPM"
"IPM - Air",16.6289120047096,1,"IPM"
"IPM - Air",15.5747794078259,1,"IPM"
"IPM - Air",15.2982479843507,1,"IPM"
"IPM - Air",17.1220193108071,1,"IPM"
"IPM - Air",15.7237161009721,1,"IPM"
"IPM - Air",17.0653767420526,1,"IPM"
"IPM - Air",16.2931517178329,1,"IPM"
"IPM - Air",16.4289088126218,1,"IPM"
"IPM - Air",17.3307559568421,1,"IPM"
"IPM - Air",16.0539210710939,1,"IPM"
"IPM - Air",17.3429938506288,1,"IPM"
"IPM - Air",15.4062930200005,1,"IPM"
"IPM - Air",15.3911874922901,1,"IPM"
"IPM - Air",16.5218372674153,1,"IPM"
"IPM - Air",16.0566958077013,1,"IPM"
"IPM - Air",16.8618456165033,1,"IPM"
"IPM - Air",15.805786636609,1,"IPM"
"IPM - Air",15.5380932695922,1,"IPM"
"IPM - Air",16.9474604897964,1,"IPM"
"IPM - Air",15.7108093344353,1,"IPM"
"IPM - Air",17.0434871560095,1,"IPM"
"IPM - Air",15.797090142308,1,"IPM"
"IPM - Air",16.7934285549326,1,"IPM"
"IPM - Air",16.1520535377644,1,"IPM"
"IPM - Air",17.0405155138298,1,"IPM"
"IPM - Air",15.3947005045626,1,"IPM"
"IPM - Air",17.5656538081215,1,"IPM"
"IPM - Air",16.9995458597834,1,"IPM"
"IPM - Air",16.5200236933283,1,"IPM"
"IPM - Air",16.1891603091561,1,"IPM"
"IPM - Air",16.0125918046475,1,"IPM"
"IPM - Air",16.4909311501767,1,"IPM"
"IPM - Air",17.1816158064361,1,"IPM"
"IPM - Air",16.9563723521016,1,"IPM"
"IPM - Air",17.2861875141314,1,"IPM"
"IPM - Air",17.1364781660705,1,"IPM"
"IPM - Air",16.7894383350858,1,"IPM"
"IPM - Air",16.3800474302958,1,"IPM"
"IPM - Air",16.1382217770103,1,"IPM"
"IPM - Air",15.5162117388448,1,"IPM"
"IPM - Air",14.8910065456655,1,"IPM"
"IPM - Air",16.6918807578571,1,"IPM"
"IPM - Air",17.2401052574296,1,"IPM"
"IPM - Air",17.4358258034862,1,"IPM"
"IPM - Air",17.6737177882041,1,"IPM"
"IPM - Air",16.1003783095013,1,"IPM"
"IPM - Air",15.9672993946739,1,"IPM"
"IPM - Air",17.1695375989134,1,"IPM"
"IPM - Air",15.4017983785958,1,"IPM"
"IPM - Air",16.4525987307089,1,"IPM"
"IPM - Air",17.194899461149,1,"IPM"
"IPM - Air",17.1415778711672,1,"IPM"
"IPM - Air",16.6755209939552,1,"IPM"
"IPM - Air",14.9713214680127,1,"IPM"
"IPM - Air",16.9556301014134,1,"IPM"
"IPM - Air",16.5899401590896,1,"IPM"
"IPM - Air",17.2994681981036,1,"IPM"
"IPM - Air",16.5572115349159,1,"IPM"
"IPM - Air",15.8516801872125,1,"IPM"
"IPM - Air",16.1098266241295,1,"IPM"
"IPM - Air",17.437826922641,1,"IPM"
"IPM - Air",16.7116151172616,1,"IPM"
"IPM - Air",16.9172461100019,1,"IPM"
"IPM - Air",16.0379034212315,1,"IPM"
"IPM - Air",18.1152535354592,1,"IPM"
"IPM - Air",15.9191302799548,1,"IPM"
"IPM - Air",15.6444883224221,1,"IPM"
"IPM - Air",17.1220869787412,1,"IPM"
"IPM - Air",16.5985661385438,1,"IPM"
"IPM - Air",16.1983327802794,1,"IPM"
"IPM - Air",16.4574871636243,1,"IPM"
"IPM - Air",17.0777473198392,1,"IPM"
"IPM - Air",16.6655288527329,1,"IPM"
"IPM - Air",16.9102851830312,1,"IPM"
"IPM - Air",15.489516720446,1,"IPM"
"IPM - Air",14.5880174269125,1,"IPM"
"IPM - Air",17.0672612723601,1,"IPM"
"IPM - Air",16.9183312252014,1,"IPM"
"IPM - Air",15.9235493933448,1,"IPM"
"IPM - Air",15.9873762460745,1,"IPM"
"IPM - Air",14.9876377292958,1,"IPM"
"IPM - Air",16.6608235924035,1,"IPM"
"IPM - Air",15.9007628204866,1,"IPM"
"IPM - Air",15.7460135697354,1,"IPM"
"IPM - Air",15.5254921855139,1,"IPM"
"IPM - Air",15.7700924516254,1,"IPM"
"IPM - Air",17.1491365697223,1,"IPM"
"IPM - Air",16.4050893510254,1,"IPM"
"IPM - Air",15.5085405396491,1,"IPM"
"IPM - Air",15.6418623171209,1,"IPM"
"IPM - Air",15.6026495399699,1,"IPM"
"IPM - Air",16.130834711454,1,"IPM"
"IPM - Air",15.7777498354791,1,"IPM"
"IPM - Air",15.5912318446568,1,"IPM"
"IPM - Air",15.4229847942181,1,"IPM"
"IPM - Air",16.5498211569852,1,"IPM"
"IPM - Air",16.6420397722521,1,"IPM"
"IPM - Air",17.4524225945737,1,"IPM"
"IPM - Air",15.6524528622038,1,"IPM"
"IPM - Air",15.8922909547054,1,"IPM"
"IPM - Air",15.804196709897,1,"IPM"
"IPM - Air",15.6788534672756,1,"IPM"
"IPM - Air",14.9886548211307,1,"IPM"
"IPM - Air",16.8106983989876,1,"IPM"
"IPM - Air",16.6052816131776,1,"IPM"
"IPM - Air",16.9432061844784,1,"IPM"
"IPM - Air",15.5039575202766,1,"IPM"
"IPM - Air",16.1848373460891,1,"IPM"
"IPM - Air",15.7197641418563,1,"IPM"
"IPM - Air",15.8735214314732,1,"IPM"
"IPM - Air",16.9994041127351,1,"IPM"
"IPM - Air",16.98445370353,1,"IPM"
"IPM - Air",16.6646245772689,1,"IPM"
"IPM - Air",14.6065755139537,1,"IPM"
"IPM - Air",17.8716722238967,1,"IPM"
"IPM - Air",17.1036561807011,1,"IPM"
"IPM - Air",14.8021672080057,1,"IPM"
"IPM - Air",17.901338049801,1,"IPM"
"IPM - Air",17.132542763245,1,"IPM"
"IPM - Air",17.3595229956567,1,"IPM"
"IPM - Air",16.0568323257821,1,"IPM"
"IPM - Air",16.8083096523626,1,"IPM"
"IPM - Air",16.3616424351428,1,"IPM"
"IPM - Air",17.4871266685679,1,"IPM"
"IPM - Air",16.1199147968909,1,"IPM"
"IPM - Air",16.261720170678,1,"IPM"
"IPM - Air",17.586381179389,1,"IPM"
"IPM - Air",17.6775733471674,1,"IPM"
"IPM - Air",15.8357648187695,1,"IPM"
"IPM - Air",14.2939272721339,1,"IPM"
"IPM - Air",16.6294554159115,1,"IPM"
"IPM - Air",14.6132880636536,1,"IPM"
"IPM - Air",16.2742176436376,1,"IPM"
"IPM - Air",16.9602576928066,1,"IPM"
"IPM - Air",16.0355856907005,1,"IPM"
"IPM - Air",17.4261734215487,1,"IPM"
"IPM - Air",16.2707777658524,1,"IPM"
"IPM - Air",16.9059412149182,1,"IPM"
"IPM - Air",15.8778339569495,1,"IPM"
"IPM - Air",16.7302157311493,1,"IPM"
"IPM - Air",15.2150681195638,1,"IPM"
"IPM - Air",16.0597278253236,1,"IPM"
"IPM - Air",16.4758151087052,1,"IPM"
"IPM - Air",16.5869116037155,1,"IPM"
"IPM - Air",15.9479396446548,1,"IPM"
"IPM - Air",15.341470787538,1,"IPM"
"IPM - Air",15.7846641777366,1,"IPM"
"IPM - Air",15.8930277793156,1,"IPM"
"IPM - Air",15.2832698554622,1,"IPM"
"IPM - Air",16.6795217383548,1,"IPM"
"IPM - Air",15.832957622771,1,"IPM"
"IPM - Air",15.3782519115482,1,"IPM"
"IPM - Air",16.6440866817923,1,"IPM"
"IPM - Air",15.5065137229263,1,"IPM"
"IPM - Air",14.9768425319354,1,"IPM"
"IPM - Air",16.9150500161554,1,"IPM"
"IPM - Air",15.8010420759877,1,"IPM"
"IPM - Air",15.8031073108242,1,"IPM"
"IPM - Air",16.4128216101259,1,"IPM"
"IPM - Air",16.5200534024227,1,"IPM"
"IPM - Air",15.5370539631962,1,"IPM"
"IPM - Air",15.5021505898657,1,"IPM"
"IPM - Air",15.6241877357273,1,"IPM"
"IPM - Air",16.4909236347104,1,"IPM"
"IPM - Air",15.6492114947594,1,"IPM"
"IPM - Air",15.3535074674685,1,"IPM"
"IPM - Air",16.6990166166512,1,"IPM"
"IPM - Air",16.7911756456198,1,"IPM"
"IPM - Air",15.3038143638577,1,"IPM"
"IPM - Air",15.6845963469102,1,"IPM"
"IPM - Air",16.6597120916846,1,"IPM"
"IPM - Air",16.919681990942,1,"IPM"
"IPM - Air",16.033024477387,1,"IPM"
"IPM - Air",16.1364071826887,1,"IPM"
"IPM - Air",17.7991195073963,1,"IPM"
"IPM - Air",16.4727591926474,1,"IPM"
"IPM - Air",17.2018655336078,1,"IPM"
"IPM - Air",18.3036950224947,1,"IPM"
"IPM - Air",17.5737888734893,1,"IPM"
"IPM - Air",17.1647399013536,1,"IPM"
"IPM - Air",15.4903667141755,1,"IPM"
"IPM - Air",17.0615002517584,1,"IPM"
"IPM - Air",16.6967045396477,1,"IPM"
"IPM - Air",15.82118864326,1,"IPM"
"IPM - Air",16.5414806645898,1,"IPM"
"IPM - Air",18.1258578735626,1,"IPM"
"IPM - Air",17.6935314390653,1,"IPM"
"IPM - Air",15.5431165830362,1,"IPM"
"IPM - Air",16.2149430335864,1,"IPM"
"IPM - Air",16.4720236365825,1,"IPM"
"IPM - Air",16.8889097442321,1,"IPM"
"IPM - Air",15.1559048271693,1,"IPM"
"IPM - Air",15.8148445803748,1,"IPM"
"IPM - Air",14.6682689396514,1,"IPM"
"IPM - Air",15.7642872081297,1,"IPM"
"IPM - Air",16.1844515684647,1,"IPM"
"IPM - Air",15.4303443581232,1,"IPM"
"IPM - Air",15.4495020068297,1,"IPM"
"IPM - Air",16.837946971634,1,"IPM"
"IPM - Air",16.4705313470849,1,"IPM"
"IPM - Air",17.1533772736165,1,"IPM"
"IPM - Air",16.4288601533668,1,"IPM"
"IPM - Air",15.9376997500674,1,"IPM"
"IPM - Air",16.7340889005802,1,"IPM"
"IPM - Air",16.8252916771734,1,"IPM"
"IPM - Air",16.6981861668107,1,"IPM"
"IPM - Air",15.8879678224039,1,"IPM"
"IPM - Air",14.8531380257592,1,"IPM"
"IPM - Air",16.9718665382024,1,"IPM"
"IPM - Air",15.735063630931,1,"IPM"
"IPM - Air",16.1423157179966,1,"IPM"
"IPM - Air",16.0372959170591,1,"IPM"
"IPM - Air",15.886392006566,1,"IPM"
"IPM - Air",16.7446498327647,1,"IPM"
"IPM - Air",16.5256608461484,1,"IPM"
"IPM - Air",16.5037636618187,1,"IPM"
"IPM - Air",16.0477140661186,1,"IPM"
"IPM - Air",15.0972701925595,1,"IPM"
"IPM - Air",15.376303233213,1,"IPM"
"IPM - Air",16.5083338045564,1,"IPM"
"IPM - Air",17.6360351127832,1,"IPM"
"IPM - Air",16.2677096953118,1,"IPM"
"IPM - Air",16.6528009957987,1,"IPM"
"IPM - Air",16.5513280349197,1,"IPM"
"IPM - Air",16.0228370164297,1,"IPM"
"IPM - Air",15.5081812493461,1,"IPM"
"IPM - Air",17.0157900385904,1,"IPM"
"IPM - Air",16.2130822270572,1,"IPM"
"IPM - Air",18.0786368631945,1,"IPM"
"IPM - Air",16.8497269711501,1,"IPM"
"IPM - Air",16.3401675026812,1,"IPM"
"IPM - Air",16.0810740854196,1,"IPM"
"IPM - Air",15.4477590688834,1,"IPM"
"IPM - Air",16.5995994513654,1,"IPM"
"IPM - Air",15.2695799523789,1,"IPM"
"IPM - Air",16.7632031632932,1,"IPM"
"IPM - Air",15.005757920661,1,"IPM"
"IPM - Air",16.3413297059349,1,"IPM"
"IPM - Air",16.6764262339831,1,"IPM"
"IPM - Air",16.3122581610099,1,"IPM"
"IPM - Air",15.51547394484,1,"IPM"
"IPM - Air",15.096676744667,1,"IPM"
"IPM - Air",15.4466674238878,1,"IPM"
"IPM - Air",16.394222094685,1,"IPM"
"IPM - Air",15.8133126725043,1,"IPM"
"IPM - Air",15.8040938092179,1,"IPM"
"IPM - Air",17.0672755425943,1,"IPM"
"IPM - Air",16.1170903069959,1,"IPM"
"IPM - Air",15.9091242452008,1,"IPM"
"IPM - Air",15.2526958164052,1,"IPM"
"IPM - Air",15.3819686866226,1,"IPM"
"IPM - Air",16.3582429232518,1,"IPM"
"IPM - Air",17.3013368881594,1,"IPM"
"IPM - Air",16.7813847561164,1,"IPM"
"IPM - Air",16.0587300429712,1,"IPM"
"IPM - Air",15.3015275206879,1,"IPM"
"IPM - Air",16.4373223747111,1,"IPM"
"IPM - Air",16.5440134249959,1,"IPM"
"IPM - Air",15.6700337043006,1,"IPM"
"IPM - Air",16.3845314211103,1,"IPM"
"IPM - Air",17.0390944949648,1,"IPM"
"IPM - Air",14.9344019486607,1,"IPM"
"IPM - Air",14.0125329667459,1,"IPM"
"IPM - Air",15.1783717804971,1,"IPM"
"IPM - Air",15.8384012776708,1,"IPM"
"IPM - Air",17.07922142043,1,"IPM"
"IPM - Air",16.2683430574947,1,"IPM"
"IPM - Air",16.2069461545265,1,"IPM"
"IPM - Air",16.155963532624,1,"IPM"
"IPM - Air",16.4955390653138,1,"IPM"
"IPM - Air",16.1235136781712,1,"IPM"
"IPM - Air",16.1879866252507,1,"IPM"
"IPM - Air",15.4781444433671,1,"IPM"
"IPM - Air",17.1293290983715,1,"IPM"
"IPM - Air",16.3245170323105,1,"IPM"
"IPM - Air",15.9167397006461,1,"IPM"
"IPM - Air",16.5065724044186,1,"IPM"
"IPM - Air",15.5184220979091,1,"IPM"
"IPM - Air",17.2052631977155,1,"IPM"
"IPM - Air",16.2615605416057,1,"IPM"
"IPM - Air",15.1465822733943,1,"IPM"
"IPM - Air",15.0378800011527,1,"IPM"
"IPM - Air",16.8195431154209,1,"IPM"
"IPM - Air",15.5931254492275,1,"IPM"
"IPM - Air",15.1758440390926,1,"IPM"
"IPM - Air",16.2111595513726,1,"IPM"
"IPM - Air",15.5695047334939,1,"IPM"
"IPM - Air",18.0881025953398,1,"IPM"
"IPM - Air",16.4601319235797,1,"IPM"
"IPM - Air",15.8844057491164,1,"IPM"
"IPM - Air",17.9692980905318,1,"IPM"
"IPM - Air",14.9033286542731,1,"IPM"
"IPM - Air",17.6660713101565,1,"IPM"
"IPM - Air",15.1424139517886,1,"IPM"
"IPM - Air",15.2595040766416,1,"IPM"
"IPM - Air",16.498074690635,1,"IPM"
"IPM - Air",17.0830082105562,1,"IPM"
"IPM - Air",17.078277985277,1,"IPM"
"IPM - Air",15.4706493615921,1,"IPM"
"IPM - Air",17.4904421802261,1,"IPM"
"IPM - Air",15.6044082613719,1,"IPM"
"IPM - Air",16.2954414439953,1,"IPM"
"IPM - Air",16.5044064516797,1,"IPM"
"IPM - Air",17.1914115159128,1,"IPM"
"IPM - Air",16.7230652009438,1,"IPM"
"IPM - Air",17.4340447168305,1,"IPM"
"IPM - Air",16.2707935546249,1,"IPM"
"IPM - Air",16.3450851094153,1,"IPM"
"IPM - Air",16.4846645587217,1,"IPM"
"IPM - Air",15.2492742880138,1,"IPM"
"IPM - Air",16.3317050336993,1,"IPM"
"IPM - Air",15.8761963776996,1,"IPM"
"IPM - Air",16.5615550353632,1,"IPM"
"IPM - Air",15.9735556809714,1,"IPM"
"IPM - Air",15.7300140937832,1,"IPM"
"IPM - Air",18.8588034740101,1,"IPM"
"IPM - Air",17.1202743866507,1,"IPM"
"IPM - Air",17.6396479280813,1,"IPM"
"IPM - Air",16.0845321501692,1,"IPM"
"IPM - Air",16.6025888077576,1,"IPM"
"IPM - Air",15.6444159618664,1,"IPM"
"IPM - Air",16.8864023217562,1,"IPM"
"IPM - Air",16.6057021600019,1,"IPM"
"IPM - Air",16.5887110175853,1,"IPM"
"IPM - Air",15.7130596399312,1,"IPM"
"IPM - Air",16.2613072320356,1,"IPM"
"IPM - Air",16.8205937329987,1,"IPM"
"IPM - Air",14.4062801726778,1,"IPM"
"IPM - Air",17.4701747107049,1,"IPM"
"IPM - Air",15.2445448914436,1,"IPM"
"IPM - Air",16.0391761160157,1,"IPM"
"IPM - Air",16.639878068756,1,"IPM"
"IPM - Air",15.6346135697262,1,"IPM"
"IPM - Air",16.0638947608163,1,"IPM"
"IPM - Air",16.1440931873942,1,"IPM"
"IPM - Air",16.5438112075495,1,"IPM"
"IPM - Air",15.9829739934902,1,"IPM"
"IPM - Air",17.996580739196,1,"IPM"
"IPM - Air",15.1311594493785,1,"IPM"
"IPM - Air",15.877228008683,1,"IPM"
"IPM - Air",16.0117877102962,1,"IPM"
"IPM - Air",16.2703871436737,1,"IPM"
"IPM - Air",17.5654514130485,1,"IPM"
"IPM - Air",15.7772615106316,1,"IPM"
"IPM - Air",16.2207569611637,1,"IPM"
"IPM - Air",15.2879134405596,1,"IPM"
"IPM - Air",16.7291596318561,1,"IPM"
"IPM - Air",15.7858329908369,1,"IPM"
"IPM - Air",17.0262282973931,1,"IPM"
"IPM - Air",16.5374092157487,1,"IPM"
"IPM - Air",17.1478055975244,1,"IPM"
"IPM - Air",15.0445128794309,1,"IPM"
"IPM - Air",15.267500891612,1,"IPM"
"IPM - Air",16.4873515993227,1,"IPM"
"IPM - Air",16.1759202057468,1,"IPM"
"IPM - Air",15.5330694421791,1,"IPM"
"IPM - Air",17.3648105449884,1,"IPM"
"IPM - Air",17.2780574692655,1,"IPM"
"IPM - Air",16.8719781807078,1,"IPM"
"IPM - Air",16.5417987217545,1,"IPM"
"IPM - Air",16.5703594373094,1,"IPM"
"IPM - Air",16.941123316056,1,"IPM"
"IPM - Air",15.6990682430288,1,"IPM"
"IPM - Air",17.1868886161954,1,"IPM"
"IPM - Air",16.6432866674738,1,"IPM"
"IPM - Air",15.8133065071383,1,"IPM"
"IPM - Air",16.2530695302559,1,"IPM"
"IPM - Air",15.1291070700637,1,"IPM"
"IPM - Air",16.3746517157333,1,"IPM"
"IPM - Air",16.3176368636433,1,"IPM"
"IPM - Air",15.9174848844331,1,"IPM"
"IPM - Air",16.8618836544468,1,"IPM"
"IPM - Air",17.1537245634585,1,"IPM"
"IPM - Air",16.8733882601877,1,"IPM"
"IPM - Air",16.2930310914726,1,"IPM"
"IPM - Air",18.0442028470718,1,"IPM"
"IPM - Air",18.2451245392193,1,"IPM"
"IPM - Air",17.1052825880392,1,"IPM"
"IPM - Air",16.7416789485225,1,"IPM"
"IPM - Air",16.241650101415,1,"IPM"
"IPM - Air",16.32186331221,1,"IPM"
"IPM - Air",16.7391238329459,1,"IPM"
"IPM - Air",15.6517600366565,1,"IPM"
"IPM - Air",17.5048568705947,1,"IPM"
"IPM - Air",16.664382506843,1,"IPM"
"IPM - Air",16.8148140606159,1,"IPM"
"IPM - Air",16.0332730639379,1,"IPM"
"IPM - Air",17.0256587449408,1,"IPM"
"IPM - Air",16.2056278263344,1,"IPM"
"IPM - Air",15.9615912591753,1,"IPM"
"IPM - Air",17.2633535960951,1,"IPM"
"IPM - Air",17.0358863984089,1,"IPM"
"IPM - Air",15.7778827105939,1,"IPM"
"IPM - Air",16.7434838417464,1,"IPM"
"IPM - Air",16.5214617734704,1,"IPM"
"IPM - Air",17.0594443906345,1,"IPM"
"IPM - Air",17.0944363728737,1,"IPM"
"IPM - Air",15.2746425514332,1,"IPM"
"IPM - Air",15.583403104175,1,"IPM"
"IPM - Air",16.8676272254874,1,"IPM"
"IPM - Air",16.3517024488266,1,"IPM"
"IPM - Air",16.3201842741152,1,"IPM"
"IPM - Air",16.4103918277073,1,"IPM"
"IPM - Air",17.801166959444,1,"IPM"
"IPM - Air",14.6539900091954,1,"IPM"
"IPM - Air",16.3116195000639,1,"IPM"
"IPM - Air",17.2064644645578,1,"IPM"
"IPM - Air",17.0090959145908,1,"IPM"
"IPM - Air",15.1715294588461,1,"IPM"
"IPM - Air",16.4972319685672,1,"IPM"
"IPM - Air",17.6832531569495,1,"IPM"
"IPM - Air",16.0866093284524,1,"IPM"
"IPM - Air",16.9983714649005,1,"IPM"
"IPM - Air",17.3816281018222,1,"IPM"
"IPM - Air",16.9765346046049,1,"IPM"
"IPM - Air",16.0999573357124,1,"IPM"
"IPM - Air",16.352436199547,1,"IPM"
"IPM - Air",15.5622448909347,1,"IPM"
"IPM - Air",16.2253879949348,1,"IPM"
"IPM - Air",16.5914974402469,1,"IPM"
"IPM - Air",18.126706373334,1,"IPM"
"IPM - Air",16.1640622269808,1,"IPM"
"IPM - Air",18.1712487604372,1,"IPM"
"IPM - Air",17.1033424388047,1,"IPM"
"IPM - Air",16.2067453111448,1,"IPM"
"IPM - Air",17.9532195373321,1,"IPM"
"IPM - Air",17.3784467464317,1,"IPM"
"IPM - Air",15.7311290132796,1,"IPM"
"IPM - Air",15.0579343373603,1,"IPM"
"IPM - Air",15.9017302126164,1,"IPM"
"IPM - Air",16.9951980775598,1,"IPM"
"IPM - Air",16.1865195645417,1,"IPM"
"IPM - Air",16.0574474849574,1,"IPM"
"IPM - Air",15.8515617565904,1,"IPM"
"IPM - Air",16.9527763815609,1,"IPM"
"IPM - Air",15.0633939917198,1,"IPM"
"IPM - Air",17.1929651506058,1,"IPM"
"IPM - Air",17.9259857294408,1,"IPM"
"IPM - Air",17.7927204003458,1,"IPM"
"IPM - Air",17.7793148913181,1,"IPM"
"IPM - Air",16.364425467837,1,"IPM"
"IPM - Air",16.9548272418823,1,"IPM"
"IPM - Air",15.9774562465581,1,"IPM"
"IPM - Air",14.9916854203313,1,"IPM"
"IPM - Air",17.7281132554252,1,"IPM"
"IPM - Air",15.0992361816319,1,"IPM"
"IPM - Air",16.1692389894569,1,"IPM"
"IPM - Air",16.1341535140717,1,"IPM"
"IPM - Air",17.2704675845219,1,"IPM"
"IPM - Air",16.9411754255756,1,"IPM"
"IPM - Air",15.9834281714932,1,"IPM"
"IPM - Air",15.3492052462883,1,"IPM"
"IPM - Air",16.9355809261691,1,"IPM"
"IPM - Air",16.3566983801459,1,"IPM"
"IPM - Air",16.2321336886082,1,"IPM"
"IPM - Air",17.3646125323763,1,"IPM"
"IPM - Air",15.2896162551981,1,"IPM"
"IPM - Air",15.8247800235346,1,"IPM"
"IPM - Air",15.7188727402372,1,"IPM"
"IPM - Air",17.2696150197026,1,"IPM"
"IPM - Air",17.3133515192301,1,"IPM"
"IPM - Air",17.1323590866905,1,"IPM"
"IPM - Air",17.6688460875674,1,"IPM"
"IPM - Air",16.0737211644758,1,"IPM"
"IPM - Air",17.4623472646927,1,"IPM"
"IPM - Air",16.9659311914526,1,"IPM"
"IPM - Air",15.6447334096713,1,"IPM"
"IPM - Air",15.9503846467317,1,"IPM"
"IPM - Air",16.6209896819508,1,"IPM"
"IPM - Air",16.3433230050056,1,"IPM"
"IPM - Air",16.705541063245,1,"IPM"
"IPM - Air",16.0576844090434,1,"IPM"
"IPM - Air",15.66148318415,1,"IPM"
"IPM - Air",17.6036246570317,1,"IPM"
"IPM - Air",17.1779638557826,1,"IPM"
"IPM - Air",16.5621779308412,1,"IPM"
"IPM - Air",16.7971363693409,1,"IPM"
"IPM - Air",16.2932260447634,1,"IPM"
"IPM - Air",16.7680389664505,1,"IPM"
"IPM - Air",18.1120149669739,1,"IPM"
"IPM - Air",14.9605328283884,1,"IPM"
"IPM - Air",14.5678700975922,1,"IPM"
"IPM - Air",15.5200486712181,1,"IPM"
"IPM - Air",16.0732471017,1,"IPM"
"IPM - Air",16.5436470242382,1,"IPM"
"IPM - Air",17.6403083818295,1,"IPM"
"IPM - Air",16.7940427768174,1,"IPM"
"IPM - Air",16.8205460570506,1,"IPM"
"IPM - Air",15.6752407463991,1,"IPM"
"IPM - Air",17.0537272150683,1,"IPM"
"IPM - Air",16.5712404715335,1,"IPM"
"IPM - Air",16.8167570676091,1,"IPM"
"IPM - Air",16.6699583056026,1,"IPM"
"IPM - Air",16.1830631781552,1,"IPM"
"IPM - Air",16.7787952993445,1,"IPM"
"IPM - Air",16.6228994681639,1,"IPM"
"IPM - Air",16.3531364390234,1,"IPM"
"IPM - Air",16.4121996599755,1,"IPM"
"IPM - Air",16.7818220572431,1,"IPM"
"IPM - Air",17.4560838445307,1,"IPM"
"IPM - Air",17.5017704227361,1,"IPM"
"IPM - Air",15.6843819558259,1,"IPM"
"IPM - Air",17.0113392857266,1,"IPM"
"IPM - Air",15.9741040132504,1,"IPM"
"IPM - Air",17.081989531882,1,"IPM"
"IPM - Air",15.4254481937615,1,"IPM"
"IPM - Air",16.0685071107252,1,"IPM"
"IPM - Air",15.6033624257422,1,"IPM"
"IPM - Air",17.5973337245943,1,"IPM"
"IPM - Air",14.4047817662609,1,"IPM"
"IPM - Air",17.2511449748585,1,"IPM"
"IPM - Air",17.1896622769143,1,"IPM"
"IPM - Air",16.9100006635704,1,"IPM"
"IPM - Air",17.3040987772678,1,"IPM"
"IPM - Air",16.9269731058157,1,"IPM"
"IPM - Air",17.1662492867722,1,"IPM"
"IPM - Air",15.4181217406628,1,"IPM"
"IPM - Air",16.7343611051616,1,"IPM"
"IPM - Air",15.9254912038987,1,"IPM"
"IPM - Air",15.3130141983317,1,"IPM"
"IPM - Air",16.6129533878383,1,"IPM"
"IPM - Air",16.1341904308423,1,"IPM"
"IPM - Air",16.3660287074313,1,"IPM"
"IPM - Air",16.1218998998708,1,"IPM"
"IPM - Air",17.0612642551999,1,"IPM"
"IPM - Air",17.2271720178099,1,"IPM"
"IPM - Air",16.2782418848159,1,"IPM"
"IPM - Air",16.2196115411053,1,"IPM"
"IPM - Air",15.9685380671851,1,"IPM"
"IPM - Air",17.2822622425546,1,"IPM"
"IPM - Air",15.2842429442488,1,"IPM"
"IPM - Air",15.3791740999741,1,"IPM"
"IPM - Air",17.1941033007393,1,"IPM"
"IPM - Air",17.6274700626049,1,"IPM"
"IPM - Air",15.9619925632771,1,"IPM"
"IPM - Air",16.3210459780775,1,"IPM"
"IPM - Air",15.517607914876,1,"IPM"
"IPM - Air",17.2033428833505,1,"IPM"
"IPM - Air",16.0444447494687,1,"IPM"
"IPM - Air",16.1948052237884,1,"IPM"
"IPM - Air",16.5107884551037,1,"IPM"
"IPM - Air",15.7848343968065,1,"IPM"
"IPM - Air",17.0138461479411,1,"IPM"
"IPM - Air",16.867666452607,1,"IPM"
"IPM - Air",16.3656286616039,1,"IPM"
"IPM - Air",16.4367044728168,1,"IPM"
"IPM - Air",16.7969880903273,1,"IPM"
"IPM - Air",14.8630009382998,1,"IPM"
"IPM - Air",15.9442633024363,1,"IPM"
"IPM - Air",19.3073736636681,1,"IPM"
"IPM - Air",16.7410281924311,1,"IPM"
"IPM - Air",15.4229045031869,1,"IPM"
"IPM - Air",16.9246225934042,1,"IPM"
"IPM - Air",15.5798294975946,1,"IPM"
"IPM - Air",16.5233890869085,1,"IPM"
"IPM - Air",15.7765406912502,1,"IPM"
"IPM - Air",16.0924471765582,1,"IPM"
"IPM - Air",15.9334355119496,1,"IPM"
"IPM - Air",16.3060116167734,1,"IPM"
"IPM - Air",18.3843650807752,1,"IPM"
"IPM - Air",14.6395082719908,1,"IPM"
"IPM - Air",16.7442409525262,1,"IPM"
"IPM - Air",16.3505190964812,1,"IPM"
"IPM - Air",15.8955739297829,1,"IPM"
"IPM - Air",17.4772346608915,1,"IPM"
"IPM - Air",15.3636137766589,1,"IPM"
"IPM - Air",15.0343976297325,1,"IPM"
"IPM - Air",15.8560247408957,1,"IPM"
"IPM - Air",17.4859639308548,1,"IPM"
"IPM - Air",15.7242423805239,1,"IPM"
"IPM - Air",15.3198010097226,1,"IPM"
"IPM - Air",16.1250328102442,1,"IPM"
"IPM - Air",17.3198327245295,1,"IPM"
"IPM - Air",15.6430750221668,1,"IPM"
"IPM - Air",16.8869640434812,1,"IPM"
"IPM - Air",15.3322265899079,1,"IPM"
"IPM - Air",16.7975694515124,1,"IPM"
"IPM - Air",15.6248064085716,1,"IPM"
"IPM - Air",16.7371227153214,1,"IPM"
"IPM - Air",16.1502449831911,1,"IPM"
"IPM - Air",17.8209060819684,1,"IPM"
"IPM - Air",15.8170422337599,1,"IPM"
"IPM - Air",16.8673526099534,1,"IPM"
"IPM - Air",16.6966108867514,1,"IPM"
"IPM - Air",17.5959448785946,1,"IPM"
"IPM - Air",15.5361400515247,1,"IPM"
"IPM - Air",15.973956273227,1,"IPM"
"IPM - Air",17.2822193625421,1,"IPM"
"IPM - Air",16.7826398315441,1,"IPM"
"IPM - Air",16.5954851915843,1,"IPM"
"IPM - Air",15.2384344311393,1,"IPM"
"IPM - Air",16.6047153333366,1,"IPM"
"IPM - Air",17.698345685957,1,"IPM"
"IPM - Air",16.0893490461228,1,"IPM"
"IPM - Air",16.7504451326724,1,"IPM"
"IPM - Air",15.7122891583036,1,"IPM"
"IPM - Air",15.6653468894742,1,"IPM"
"IPM - Air",16.8168784659212,1,"IPM"
"IPM - Air",17.4187610122216,1,"IPM"
"IPM - Air",14.5704193891654,1,"IPM"
"IPM - Air",17.1922666163952,1,"IPM"
"IPM - Air",16.1446288392509,1,"IPM"
"IPM - Air",16.204161960403,1,"IPM"
"IPM - Air",15.677601440161,1,"IPM"
"IPM - Air",15.7561525395573,1,"IPM"
"IPM - Air",16.0035566724107,1,"IPM"
"IPM - Air",15.7347738216017,1,"IPM"
"IPM - Air",15.3574139825401,1,"IPM"
"IPM - Air",18.1822803104155,1,"IPM"
"IPM - Air",15.9279933804022,1,"IPM"
"IPM - Air",16.9534703921232,1,"IPM"
"IPM - Air",17.9872333720499,1,"IPM"
"IPM - Air",15.8855811575731,1,"IPM"
"IPM - Air",16.4137550007988,1,"IPM"
"IPM - Air",16.4259332434592,1,"IPM"
"IPM - Air",15.1779076009685,1,"IPM"
"IPM - Air",17.0184999964104,1,"IPM"
"IPM - Air",16.7287057989138,1,"IPM"
"IPM - Air",16.331354150582,1,"IPM"
"IPM - Air",15.8286022038924,1,"IPM"
"IPM - Air",16.134789760887,1,"IPM"
"IPM - Air",16.5605286744771,1,"IPM"
"IPM - Air",16.4235037182805,1,"IPM"
"IPM - Air",16.141674599617,1,"IPM"
"IPM - Air",16.1687373390933,1,"IPM"
"IPM - Air",16.250515521449,1,"IPM"
"IPM - Air",16.9074509966445,1,"IPM"
"IPM - Air",16.8707502770794,1,"IPM"
"IPM - Air",16.6889333843466,1,"IPM"
"IPM - Air",15.7230816745825,1,"IPM"
"IPM - Air",14.9875288930908,1,"IPM"
"IPM - Air",17.0566002588304,1,"IPM"
"IPM - Air",17.0238846496991,1,"IPM"
"IPM - Air",17.0497830278824,1,"IPM"
"IPM - Air",15.5202780617059,1,"IPM"
"IPM - Air",17.8551016639427,1,"IPM"
"IPM - Air",16.527070854764,1,"IPM"
"IPM - Air",16.0750904996787,1,"IPM"
"IPM - Air",17.7605982690914,1,"IPM"
"IPM - Air",17.3960002434802,1,"IPM"
"IPM - Air",17.7040505661708,1,"IPM"
"IPM - Air",16.3001807238924,1,"IPM"
"IPM - Air",15.7822517375422,1,"IPM"
"IPM - Air",15.7732441048284,1,"IPM"
"IPM - Air",15.7568249156175,1,"IPM"
"IPM - Air",17.3007225677496,1,"IPM"
"IPM - Air",16.6858222493698,1,"IPM"
"IPM - Air",16.2183237641992,1,"IPM"
"IPM - Air",15.9021876049717,1,"IPM"
"IPM - Air",16.799059387245,1,"IPM"
"IPM - Air",17.1023479276704,1,"IPM"
"IPM - Air",17.2046226855552,1,"IPM"
"IPM - Air",16.1136837507067,1,"IPM"
"IPM - Air",16.835627646421,1,"IPM"
"IPM - Air",15.7584458384638,1,"IPM"
"IPM - Air",16.7486250282207,1,"IPM"
"IPM - Air",16.4760427353842,1,"IPM"
"IPM - Air",16.8322644166218,1,"IPM"
"IPM - Air",17.6805546456908,1,"IPM"
"IPM - Air",16.3302372163601,1,"IPM"
"IPM - Air",15.7643703104779,1,"IPM"
"IPM - Air",16.3053015286376,1,"IPM"
"IPM - Air",16.117391195219,1,"IPM"
"IPM - Air",17.3410631094844,1,"IPM"
"IPM - Air",16.1640626810618,1,"IPM"
"IPM - Air",15.2003880295113,1,"IPM"
"IPM - Air",15.8833894216548,1,"IPM"
"IPM - Air",15.157607458257,1,"IPM"
"IPM - Air",16.5726830291388,1,"IPM"
"IPM - Air",17.2663290107742,1,"IPM"
"IPM - Air",16.8491247495531,1,"IPM"
"IPM - Air",17.2995381634424,1,"IPM"
"IPM - Air",17.9574192947308,1,"IPM"
"IPM - Air",16.3161329705015,1,"IPM"
"IPM - Air",16.1971929409762,1,"IPM"
"IPM - Air",16.5984686541025,1,"IPM"
"IPM - Air",15.8011838392535,1,"IPM"
"IPM - Air",15.2102103894947,1,"IPM"
"IPM - Air",17.060043527157,1,"IPM"
"IPM - Air",17.0725166435754,1,"IPM"
"IPM - Air",16.2702202950155,1,"IPM"
"IPM - Air",17.182926578845,1,"IPM"
"IPM - Air",15.1030099356507,1,"IPM"
"IPM - Air",16.2401952368396,1,"IPM"
"IPM - Air",16.3490536782806,1,"IPM"
"IPM - Air",18.1685268594202,1,"IPM"
"IPM - Air",15.4042769674307,1,"IPM"
"IPM - Air",17.0868808206539,1,"IPM"
"IPM - Air",15.3839185268203,1,"IPM"
"IPM - Air",15.7659266789008,1,"IPM"
"IPM - Air",16.2615649690973,1,"IPM"
"IPM - Air",16.338120355093,1,"IPM"
"IPM - Air",16.8176824439541,1,"IPM"
"IPM - Air",16.2218204441137,1,"IPM"
"IPM - Air",15.2878787140417,1,"IPM"
"IPM - Air",15.1787183450797,1,"IPM"
"IPM - Air",17.8419528254039,1,"IPM"
"IPM - Air",16.3393229605323,1,"IPM"
"IPM - Air",15.2615904171429,1,"IPM"
"IPM - Air",16.7750902651038,1,"IPM"
"IPM - Air",15.7123110772332,1,"IPM"
"IPM - Air",15.838149758216,1,"IPM"
"IPM - Air",16.5402983009306,1,"IPM"
"IPM - Air",15.5119705110103,1,"IPM"
"IPM - Air",15.6694188478232,1,"IPM"
"IPM - Air",17.6908856331112,1,"IPM"
"IPM - Air",17.0162640072047,1,"IPM"
"IPM - Air",17.2138834947341,1,"IPM"
"IPM - Air",17.2460526074832,1,"IPM"
"IPM - Air",17.299975005702,1,"IPM"
"IPM - Air",16.0223040692149,1,"IPM"
"IPM - Air",15.86216764608,1,"IPM"
"IPM - Air",15.1756189567279,1,"IPM"
"IPM - Air",15.797794667941,1,"IPM"
"IPM - Air",15.7118265511441,1,"IPM"
"IPM - Air",16.5844390644573,1,"IPM"
"IPM - Air",15.1753916885435,1,"IPM"
"IPM - Air",16.8753460802678,1,"IPM"
"IPM - Air",15.2748216816782,1,"IPM"
"IPM - Air",15.0879948435826,1,"IPM"
"IPM - Air",16.89897965631,1,"IPM"
"IPM - Air",17.0414238909091,1,"IPM"
"IPM - Air",17.4754679007288,1,"IPM"
"IPM - Air",16.2183211258366,1,"IPM"
"IPM - Air",16.4407959056458,1,"IPM"
"IPM - Air",16.3786493114475,1,"IPM"
"IPM - Air",16.3120616839278,1,"IPM"
"IPM - Air",15.7396997840857,1,"IPM"
"IPM - Air",16.5478710535732,1,"IPM"
"IPM - Air",17.7068266613985,1,"IPM"
"IPM - Air",15.863010249282,1,"IPM"
"IPM - Air",15.7171111166235,1,"IPM"
"IPM - Air",15.9786947594232,1,"IPM"
"IPM - Air",17.0250230883073,1,"IPM"
"IPM - Air",16.7982060797948,1,"IPM"
"IPM - Air",16.319919428154,1,"IPM"
"IPM - Air",16.0215195475382,1,"IPM"
"IPM - Air",16.1383252322896,1,"IPM"
"IPM - Air",16.0382339567284,1,"IPM"
"IPM - Air",16.2096777831892,1,"IPM"
"IPM - Air",17.4350692969098,1,"IPM"
"IPM - Air",17.4085678969358,1,"IPM"
"IPM - Air",17.18024819489,1,"IPM"
"IPM - Air",16.4114178044055,1,"IPM"
"IPM - Air",16.3717591275682,1,"IPM"
"IPM - Air",17.1523028892221,1,"IPM"
"IPM - Air",15.3086159631276,1,"IPM"
"IPM - Air",16.6885919694285,1,"IPM"
"IPM - Air",16.7529273668693,1,"IPM"
"IPM - Air",18.2317119029956,1,"IPM"
"IPM - Air",15.8375121761965,1,"IPM"
"IPM - Air",16.3056007669732,1,"IPM"
"IPM - Air",17.1199307554434,1,"IPM"
"IPM - Air",15.5404637742819,1,"IPM"
"IPM - Air",14.9361451018456,1,"IPM"
"IPM - Air",17.1502933508725,1,"IPM"
"IPM - Air",15.6095312082676,1,"IPM"
"IPM - Air",15.5298556145926,1,"IPM"
"IPM - Air",17.4838417510014,1,"IPM"
"IPM - Air",16.7893916295601,1,"IPM"
"IPM - Air",16.7754674559522,1,"IPM"
"IPM - Air",15.8133996084883,1,"IPM"
"IPM - Air",15.4743836653056,1,"IPM"
"IPM - Air",16.7413720603406,1,"IPM"
"IPM - Air",15.7159175451741,1,"IPM"
"IPM - Air",16.4541093387905,1,"IPM"
"IPM - Air",16.6363908008498,1,"IPM"
"IPM - Air",14.7103164792645,1,"IPM"
"IPM - Air",15.7080471782602,1,"IPM"
"IPM - Air",15.9910423964774,1,"IPM"
"IPM - Air",17.245767311763,1,"IPM"
"IPM - Air",17.7889692029728,1,"IPM"
"IPM - Air",16.07256061177,1,"IPM"
"IPM - Air",16.715386750468,1,"IPM"
"IPM - Air",16.3765025641859,1,"IPM"
"IPM - Air",14.8859936073319,1,"IPM"
"IPM - Air",16.6640554638598,1,"IPM"
"IPM - Air",15.6744601234768,1,"IPM"
"IPM - Air",17.5940237928943,1,"IPM"
"IPM - Air",15.5632121046404,1,"IPM"
"IPM - Air",16.0003749435273,1,"IPM"
"IPM - Air",14.598172098527,1,"IPM"
"IPM - Air",16.7782920496414,1,"IPM"
"IPM - Air",17.2346615619891,1,"IPM"
"IPM - Air",16.9350389588238,1,"IPM"
"IPM - Air",16.05314104831,1,"IPM"
"IPM - Air",16.413086380992,1,"IPM"
"IPM - Air",15.80665904717,1,"IPM"
"IPM - Air",15.3102135858531,1,"IPM"
"IPM - Air",17.3241628831554,1,"IPM"
"IPM - Air",16.3552357293838,1,"IPM"
"IPM - Air",16.735272023993,1,"IPM"
"IPM - Air",17.891958048285,1,"IPM"
"IPM - Air",16.4382072246375,1,"IPM"
"IPM - Air",16.7961829615681,1,"IPM"
"IPM - Air",16.7471926202797,1,"IPM"
"IPM - Air",15.6361242642709,1,"IPM"
"IPM - Air",15.8249160483072,1,"IPM"
"IPM - Air",16.6040484697067,1,"IPM"
"IPM - Air",16.4096161171243,1,"IPM"
"IPM - Air",15.722667727731,1,"IPM"
"IPM - Air",16.8666863644889,1,"IPM"
"IPM - Air",16.9204045719531,1,"IPM"
"IPM - Air",17.0091881023263,1,"IPM"
"IPM - Air",16.9607511166149,1,"IPM"
"IPM - Air",16.2815920430482,1,"IPM"
"IPM - Air",15.0943160933961,1,"IPM"
"IPM - Air",17.0578140564087,1,"IPM"
"IPM - Air",16.4680862114301,1,"IPM"
"IPM - Air",16.862333948456,1,"IPM"
"IPM - Air",17.1339802872863,1,"IPM"
"IPM - Air",16.1310801184407,1,"IPM"
"IPM - Air",16.0723267997971,1,"IPM"
"IPM - Air",16.7771432255071,1,"IPM"
"IPM - Air",16.6300895407502,1,"IPM"
"IPM - Air",16.38248618209,1,"IPM"
"IPM - Air",15.2792122239778,1,"IPM"
"IPM - Air",16.9134620107506,1,"IPM"
"IPM - Air",15.9348493949755,1,"IPM"
"IPM - Air",16.6283531542341,1,"IPM"
"IPM - Air",16.1417110813474,1,"IPM"
"IPM - Air",16.558488044833,1,"IPM"
"IPM - Air",15.6958536613483,1,"IPM"
"IPM - Air",16.6433252803195,1,"IPM"
"IPM - Air",17.1777616417103,1,"IPM"
"IPM - Air",16.8191442203876,1,"IPM"
"IPM - Air",13.6882853975522,1,"IPM"
"IPM - Air",16.4532575791535,1,"IPM"
"IPM - Air",16.034878163637,1,"IPM"
"IPM - Air",15.7156497347836,1,"IPM"
"IPM - Air",15.5054972560071,1,"IPM"
"IPM - Air",17.0490216516319,1,"IPM"
"IPM - Air",17.9102859749017,1,"IPM"
"IPM - Air",15.4458378009216,1,"IPM"
"IPM - Air",15.405056500836,1,"IPM"
"IPM - Air",16.8419923827135,1,"IPM"
"IPM - Air",15.2732964338814,1,"IPM"
"IPM - Air",16.8024234479248,1,"IPM"
"IPM - Air",16.7107767714826,1,"IPM"
"IPM - Air",17.0266197996851,1,"IPM"
"IPM - Air",15.8724833950451,1,"IPM"
"IPM - Air",16.9911973211948,1,"IPM"
"IPM - Air",15.2901807475791,1,"IPM"
"IPM - Air",15.9777985582658,1,"IPM"
"IPM - Air",17.1205573956873,1,"IPM"
"IPM - Air",16.6594995202627,1,"IPM"
"IPM - Air",15.3107120957801,1,"IPM"
"IPM - Air",16.5258701491563,1,"IPM"
"IPM - Air",16.9383997046262,1,"IPM"
"IPM - Air",16.6728058685074,1,"IPM"
"IPM - Air",16.5879465475863,1,"IPM"
"IPM - Air",14.4239592380927,1,"IPM"
"IPM - Air",16.204419760823,1,"IPM"
"IPM - Air",15.7991922280085,1,"IPM"
"IPM - Air",17.3370558500357,1,"IPM"
"IPM - Air",15.9872998355119,1,"IPM"
"IPM - Air",14.9898657625549,1,"IPM"
"IPM - Air",15.5245308364912,1,"IPM"
"IPM - Air",17.0780980426762,1,"IPM"
"IPM - Air",15.3087329459887,1,"IPM"
"IPM - Air",16.6240604644852,1,"IPM"
"IPM - Air",16.0165862455645,1,"IPM"
"IPM - Air",16.1525352333101,1,"IPM"
"IPM - Air",16.1417730533378,1,"IPM"
"IPM - Air",15.4224206437296,1,"IPM"
"IPM - Air",15.5894527723031,1,"IPM"
"IPM - Air",16.0130244334695,1,"IPM"
"IPM - Air",17.1165128207234,1,"IPM"
"IPM - Air",15.5828442265559,1,"IPM"
"IPM - Air",15.5364875789462,1,"IPM"
"IPM - Air",17.3669034105888,1,"IPM"
"IPM - Air",16.4487361188633,1,"IPM"
"IPM - Air",15.6139959038294,1,"IPM"
"IPM - Air",15.746853226742,1,"IPM"
"IPM - Air",16.5126553119655,1,"IPM"
"IPM - Air",16.4534585126388,1,"IPM"
"IPM - Air",16.5614324649293,1,"IPM"
"IPM - Air",16.4091490511795,1,"IPM"
"IPM - Air",15.5071196781049,1,"IPM"
"IPM - Air",16.2778212508893,1,"IPM"
"IPM - Air",15.9314011573308,1,"IPM"
"IPM - Air",16.1309983835763,1,"IPM"
"IPM - Air",18.4138159397175,1,"IPM"
"IPM - Air",16.6749122116684,1,"IPM"
"IPM - Air",16.9044145308595,1,"IPM"
"IPM - Air",16.7487747401761,1,"IPM"
"IPM - Air",16.8319570331075,1,"IPM"
"IPM - Air",15.9716256350319,1,"IPM"
"IPM - Air",15.8282327408626,1,"IPM"
"IPM - Air",16.7320343626361,1,"IPM"
"IPM - Air",16.7915860898464,1,"IPM"
"IPM - Air",18.4018779964472,1,"IPM"
"IPM - Air",16.0766897051168,1,"IPM"
"IPM - Air",16.5107284386282,1,"IPM"
"IPM - Air",17.0657169518405,1,"IPM"
"IPM - Air",16.6017847033179,1,"IPM"
"IPM - Air",16.3053442688437,1,"IPM"
"IPM - Air",17.2944754578936,1,"IPM"
"IPM - Air",16.7641237138331,1,"IPM"
"IPM - Air",16.4001110286315,1,"IPM"
"IPM - Air",17.6711144230406,1,"IPM"
"IPM - Air",14.9431731697049,1,"IPM"
"IPM - Air",16.2198455765445,1,"IPM"
"IPM - Air",16.5408319654321,1,"IPM"
"IPM - Air",17.1004633125161,1,"IPM"
"IPM - Air",15.8373068007192,1,"IPM"
"IPM - Air",16.8271376033583,1,"IPM"
"IPM - Air",16.7225713392175,1,"IPM"
"IPM - Air",17.5684873788476,1,"IPM"
"IPM - Air",16.4067778189298,1,"IPM"
"IPM - Air",16.2279859405521,1,"IPM"
"IPM - Air",16.3907255832255,1,"IPM"
"IPM - Air",16.5437566201521,1,"IPM"
"IPM - Air",16.1382689929762,1,"IPM"
"IPM - Air",16.2575999702736,1,"IPM"
"IPM - Air",16.4667771512147,1,"IPM"
"IPM - Air",16.1252566253546,1,"IPM"
"IPM - Air",16.3936296724995,1,"IPM"
"IPM - Air",15.8924607760247,1,"IPM"
"IPM - Air",15.4333942995205,1,"IPM"
"IPM - Air",15.8296004090206,1,"IPM"
"IPM - Air",15.6399847726183,1,"IPM"
"IPM - Air",15.6808107972711,1,"IPM"
"IPM - Air",15.4805994113766,1,"IPM"
"IPM - Air",16.4754885259603,1,"IPM"
"IPM - Air",16.7572647120519,1,"IPM"
"IPM - Air",15.776501865034,1,"IPM"
"IPM - Air",16.2467838275327,1,"IPM"
"IPM - Air",17.7441462962945,1,"IPM"
"IPM - Air",14.806816192555,1,"IPM"
"IPM - Air",17.6824662121096,1,"IPM"
"IPM - Air",17.9036748086597,1,"IPM"
"IPM - Air",16.4276373239833,1,"IPM"
"IPM - Air",14.7374492529455,1,"IPM"
"IPM - Air",16.1116558562495,1,"IPM"
"IPM - Air",16.9201092849749,1,"IPM"
"IPM - Air",15.2731685336759,1,"IPM"
"IPM - Air",16.4469804135945,1,"IPM"
"IPM - Air",17.0714521799425,1,"IPM"
"IPM - Air",15.5118365099946,1,"IPM"
"IPM - Air",15.934347203007,1,"IPM"
"IPM - Air",14.7799124281962,1,"IPM"
"IPM - Air",17.1712437724722,1,"IPM"
"IPM - Air",17.1205331151892,1,"IPM"
"IPM - Air",16.8876626619837,1,"IPM"
"IPM - Air",15.6977716746826,1,"IPM"
"IPM - Air",17.2360526278446,1,"IPM"
"IPM - Air",15.8302515250706,1,"IPM"
"IPM - Air",17.7444465816029,1,"IPM"
"IPM - Air",15.4184115275005,1,"IPM"
"IPM - Air",16.3757495104463,1,"IPM"
"IPM - Air",16.3250841222672,1,"IPM"
"IPM - Air",14.9162602441377,1,"IPM"
"IPM - Air",17.4085576924649,1,"IPM"
"IPM - Air",17.0949264455772,1,"IPM"
"IPM - Air",16.3174339610475,1,"IPM"
"IPM - Air",16.8731809747264,1,"IPM"
"IPM - Air",16.6601204877567,1,"IPM"
"IPM - Air",15.1884142173289,1,"IPM"
"IPM - Air",15.8281796828415,1,"IPM"
"IPM - Air",16.1183056701706,1,"IPM"
"IPM - Air",16.6635200835409,1,"IPM"
"IPM - Air",15.988871375542,1,"IPM"
"IPM - Air",15.5374428027642,1,"IPM"
"IPM - Air",17.0761723464469,1,"IPM"
"IPM - Air",15.8710959367791,1,"IPM"
"IPM - Air",16.1479856975838,1,"IPM"
"IPM - Air",16.1117016302853,1,"IPM"
"IPM - Air",14.9950527736704,1,"IPM"
"IPM - Air",16.9556843320551,1,"IPM"
"IPM - Air",16.0389203722491,1,"IPM"
"IPM - Air",16.0988980770865,1,"IPM"
"IPM - Air",17.7763859662169,1,"IPM"
"IPM - Air",16.123734295834,1,"IPM"
"IPM - Air",17.0110841982083,1,"IPM"
"IPM - Air",17.1062554836767,1,"IPM"
"IPM - Air",15.7106037945026,1,"IPM"
"IPM - Air",16.1865603966483,1,"IPM"
"IPM - Air",16.7918794618456,1,"IPM"
"IPM - Air",15.8114105871756,1,"IPM"
"IPM - Air",16.1968470030452,1,"IPM"
"IPM - Air",16.8534624672112,1,"IPM"
"IPM - Air",17.0761509937031,1,"IPM"
"IPM - Air",17.1314235672625,1,"IPM"
"IPM - Air",16.9527158757717,1,"IPM"
"IPM - Air",15.2418889343497,1,"IPM"
"IPM - Air",16.5523982088525,1,"IPM"
"IPM - Air",15.7206035327033,1,"IPM"
"IPM - Air",15.5686341145672,1,"IPM"
"IPM - Air",16.3610862372215,1,"IPM"
"IPM - Air",17.2188304026971,1,"IPM"
"IPM - Air",16.629296821125,1,"IPM"
"IPM - Air",16.5295304822509,1,"IPM"
"IPM - Air",15.9366412495995,1,"IPM"
"IPM - Air",15.7779018291951,1,"IPM"
"IPM - Air",15.754223866559,1,"IPM"
"IPM - Air",15.8271399629157,1,"IPM"
"IPM - Air",17.6185084322311,1,"IPM"
"IPM - Air",17.5884653974237,1,"IPM"
"IPM - Air",16.2236216274454,1,"IPM"
"IPM - Air",16.4360289928299,1,"IPM"
"IPM - Air",16.7949772784696,1,"IPM"
"IPM - Air",16.5404537204497,1,"IPM"
"IPM - Air",16.7695406458605,1,"IPM"
"IPM - Air",16.8773185061711,1,"IPM"
"IPM - Air",16.9085551768055,1,"IPM"
"IPM - Air",16.3851169722321,1,"IPM"
"IPM - Air",15.677127799546,1,"IPM"
"IPM - Air",15.1665164203076,1,"IPM"
"IPM - Air",15.5190201601451,1,"IPM"
"IPM - Air",15.4908551599618,1,"IPM"
"IPM - Air",15.4374721149995,1,"IPM"
"IPM - Air",16.4414034567267,1,"IPM"
"IPM - Air",15.5415611032456,1,"IPM"
"IPM - Air",15.1460350234958,1,"IPM"
"IPM - Air",15.4553525285554,1,"IPM"
"IPM - Air",16.3531358003208,1,"IPM"
"IPM - Air",15.8360316313214,1,"IPM"
"IPM - Air",15.7031140734452,1,"IPM"
"IPM - Air",17.1511715686178,1,"IPM"
"IPM - Air",15.2697294461531,1,"IPM"
"IPM - Air",18.2598680123485,1,"IPM"
"IPM - Air",16.5075306014547,1,"IPM"
"IPM - Air",16.5271448007291,1,"IPM"
"IPM - Air",17.2794860536011,1,"IPM"
"IPM - Air",15.2082473814796,1,"IPM"
"IPM - Air",17.0285247949892,1,"IPM"
"IPM - Air",16.2889792042203,1,"IPM"
"IPM - Air",15.8412694637453,1,"IPM"
"IPM - Air",16.9509770989867,1,"IPM"
"IPM - Air",16.7169067303583,1,"IPM"
"IPM - Air",15.4963290096525,1,"IPM"
"IPM - Air",15.8800061993738,1,"IPM"
"IPM - Air",16.6324562675047,1,"IPM"
"IPM - Air",15.3084310879571,1,"IPM"
"IPM - Air",15.4297177309143,1,"IPM"
"IPM - Air",15.6538884068614,1,"IPM"
"IPM - Air",16.2672706213728,1,"IPM"
"IPM - Air",17.5258768269213,1,"IPM"
"IPM - Air",16.644551857957,1,"IPM"
"IPM - Air",17.0079782114446,1,"IPM"
"IPM - Air",16.4053516943726,1,"IPM"
"IPM - Air",17.0859278819862,1,"IPM"
"IPM - Air",17.6823065904611,1,"IPM"
"IPM - Air",15.1613435475845,1,"IPM"
"IPM - Air",17.4719368959117,1,"IPM"
"IPM - Air",15.3401245711443,1,"IPM"
"IPM - Air",14.8827002264809,1,"IPM"
"IPM - Air",16.2495546993887,1,"IPM"
"IPM - Air",16.0318717082498,1,"IPM"
"IPM - Air",15.676104123016,1,"IPM"
"IPM - Air",16.9224267057153,1,"IPM"
"IPM - Air",16.1378974149489,1,"IPM"
"IPM - Air",15.0080186391622,1,"IPM"
"IPM - Air",16.3035613067738,1,"IPM"
"IPM - Air",16.0211262816802,1,"IPM"
"IPM - Air",16.2510147393376,1,"IPM"
"IPM - Air",16.5566868681988,1,"IPM"
"IPM - Air",16.9360668243413,1,"IPM"
"IPM - Air",17.1754727393098,1,"IPM"
"IPM - Air",14.6032945284104,1,"IPM"
"IPM - Air",15.7903851355386,1,"IPM"
"IPM - Air",16.9108575991025,1,"IPM"
"IPM - Air",15.0739648929534,1,"IPM"
"IPM - Air",18.0672096479354,1,"IPM"
"IPM - Air",15.4959175872907,1,"IPM"
"IPM - Air",16.5838163081149,1,"IPM"
"IPM - Air",16.2839325588893,1,"IPM"
"IPM - Air",16.9196739665383,1,"IPM"
"IPM - Air",15.8311931510178,1,"IPM"
"IPM - Air",17.5853228564436,1,"IPM"
"IPM - Air",17.2279124702317,1,"IPM"
"IPM - Air",16.3949918607497,1,"IPM"
"IPM - Air",16.2597851618211,1,"IPM"
"IPM - Air",17.272820202856,1,"IPM"
"IPM - Air",17.1110360818586,1,"IPM"
"IPM - Air",16.5165650552491,1,"IPM"
"IPM - Air",15.2780177997483,1,"IPM"
"IPM - Air",15.7863323564795,1,"IPM"
"IPM - Air",17.7883816239743,1,"IPM"
"IPM - Air",16.4758513249493,1,"IPM"
"IPM - Air",15.3019325538553,1,"IPM"
"IPM - Air",15.5843854946464,1,"IPM"
"IPM - Air",16.183349794547,1,"IPM"
"IPM - Air",16.1893113828262,1,"IPM"
"IPM - Air",16.4089797567664,1,"IPM"
"IPM - Air",16.4988278079361,1,"IPM"
"IPM - Air",15.9167291484245,1,"IPM"
"IPM - Air",16.8490205081484,1,"IPM"
"IPM - Air",17.1703979038483,1,"IPM"
"IPM - Air",16.2733927729468,1,"IPM"
"IPM - Air",17.3306336178207,1,"IPM"
"IPM - Air",16.46327854015,1,"IPM"
"IPM - Air",17.2287779121178,1,"IPM"
"IPM - Air",14.5465102183857,1,"IPM"
"IPM - Air",15.5269505773197,1,"IPM"
"IPM - Air",14.1462821491006,1,"IPM"
"IPM - Air",17.1401255169022,1,"IPM"
"IPM - Air",15.7961167835818,1,"IPM"
"IPM - Air",14.9123620987753,1,"IPM"
"IPM - Air",15.9757191345832,1,"IPM"
"IPM - Air",16.8061045287564,1,"IPM"
"IPM - Air",15.600534014056,1,"IPM"
"IPM - Air",16.6587225756126,1,"IPM"
"IPM - Air",16.0303900039593,1,"IPM"
"IPM - Air",15.5784807750477,1,"IPM"
"IPM - Air",14.7401617189408,1,"IPM"
"IPM - Air",16.2874047327101,1,"IPM"
"IPM - Air",13.2634150655752,1,"IPM"
"IPM - Air",16.1018946774913,1,"IPM"
"IPM - Air",15.3988996951793,1,"IPM"
"IPM - Air",15.7674904744088,1,"IPM"
"IPM - Air",15.7770963253644,1,"IPM"
"IPM - Air",17.6815531228917,1,"IPM"
"IPM - Air",17.0279558167186,1,"IPM"
"IPM - Air",14.9834859310135,1,"IPM"
"IPM - Air",15.4047781659782,1,"IPM"
"IPM - Air",16.9284544439188,1,"IPM"
"IPM - Air",17.3661767647238,1,"IPM"
"IPM - Air",17.2707381465782,1,"IPM"
"IPM - Air",17.7240029884976,1,"IPM"
"IPM - Air",16.1481716896728,1,"IPM"
"IPM - Air",16.2943840641646,1,"IPM"
"IPM - Air",16.1767625657811,1,"IPM"
"IPM - Air",16.6065586280103,1,"IPM"
"IPM - Air",17.3597510208764,1,"IPM"
"IPM - Air",16.8829597838069,1,"IPM"
"IPM - Air",16.629546836173,1,"IPM"
"IPM - Air",16.5393516483858,1,"IPM"
"IPM - Air",17.5790990161489,1,"IPM"
"IPM - Air",15.7445796044298,1,"IPM"
"IPM - Air",15.7237453447845,1,"IPM"
"IPM - Air",15.1454194321508,1,"IPM"
"IPM - Air",16.3036701260204,1,"IPM"
"IPM - Air",16.0493106572722,1,"IPM"
"IPM - Air",17.0272700065537,1,"IPM"
"IPM - Air",16.6703186889526,1,"IPM"
"IPM - Air",15.9573025720193,1,"IPM"
"IPM - Air",15.7409153390232,1,"IPM"
"IPM - Air",16.1789708976733,1,"IPM"
"IPM - Air",16.5337384805129,1,"IPM"
"IPM - Air",16.5538860252685,1,"IPM"
"IPM - Air",16.4507508842589,1,"IPM"
"IPM - Air",15.8777693054115,1,"IPM"
"IPM - Air",15.1715818467386,1,"IPM"
"IPM - Air",16.156894013887,1,"IPM"
"IPM - Air",16.6598926178869,1,"IPM"
"IPM - Air",16.744010143306,1,"IPM"
"IPM - Air",15.8427562305603,1,"IPM"
"IPM - Air",16.8174691767633,1,"IPM"
"IPM - Air",16.2995657664905,1,"IPM"
"IPM - Air",17.8249399600213,1,"IPM"
"IPM - Air",15.7985862484265,1,"IPM"
"IPM - Air",16.1743171729943,1,"IPM"
"IPM - Air",15.1613785648367,1,"IPM"
"IPM - Air",16.7767332829482,1,"IPM"
"IPM - Air",16.9801975805245,1,"IPM"
"IPM - Air",16.2590809662065,1,"IPM"
"IPM - Air",16.6452872567461,1,"IPM"
"IPM - Air",16.2754388614954,1,"IPM"
"IPM - Air",15.0699999523991,1,"IPM"
"IPM - Air",16.3418993405959,1,"IPM"
"IPM - Air",14.9652144968259,1,"IPM"
"IPM - Air",15.8556241099644,1,"IPM"
"IPM - Air",17.0052957032302,1,"IPM"
"IPM - Air",17.4603964623422,1,"IPM"
"IPM - Air",15.7681452336074,1,"IPM"
"IPM - Air",16.6422251427498,1,"IPM"
"IPM - Air",16.2012699589231,1,"IPM"
"IPM - Air",15.708737388197,1,"IPM"
"IPM - Air",15.9191147844659,1,"IPM"
"IPM - Air",16.0102691831066,1,"IPM"
"IPM - Air",15.231936272149,1,"IPM"
"IPM - Air",15.7753347999531,1,"IPM"
"IPM - Air",16.3767129773759,1,"IPM"
"IPM - Air",17.5820754134268,1,"IPM"
"IPM - Air",16.4303704866951,1,"IPM"
"IPM - Air",15.3046656284612,1,"IPM"
"IPM - Air",17.2646804600083,1,"IPM"
"IPM - Air",16.5223713503141,1,"IPM"
"IPM - Air",15.77808527673,1,"IPM"
"IPM - Air",16.4491073639548,1,"IPM"
"IPM - Air",16.4513888949867,1,"IPM"
"IPM - Air",16.266888224775,1,"IPM"
"IPM - Air",16.6912293070217,1,"IPM"
"IPM - Air",16.0285667130918,1,"IPM"
"IPM - Air",17.2559423581617,1,"IPM"
"IPM - Air",16.4466890040457,1,"IPM"
"IPM - Air",17.0632562166332,1,"IPM"
"IPM - Air",16.8639141363212,1,"IPM"
"IPM - Air",17.0251983256327,1,"IPM"
"IPM - Air",15.7357920073846,1,"IPM"
"IPM - Air",16.1256253444779,1,"IPM"
"IPM - Air",16.8488271151951,1,"IPM"
"IPM - Air",16.3696701221623,1,"IPM"
"IPM - Air",16.5916150659221,1,"IPM"
"IPM - Air",17.0027062164655,1,"IPM"
"IPM - Air",15.7400785614611,1,"IPM"
"IPM - Air",15.8194855401043,1,"IPM"
"IPM - Air",16.1559105178462,1,"IPM"
"IPM - Air",16.0942683554974,1,"IPM"
"IPM - Air",18.2355514728563,1,"IPM"
"IPM - Air",16.8524908194652,1,"IPM"
"IPM - Air",15.589917638287,1,"IPM"
"IPM - Air",16.7973617621324,1,"IPM"
"IPM - Air",16.5348282739798,1,"IPM"
"IPM - Air",15.8940418772944,1,"IPM"
"IPM - Air",14.8744348967243,1,"IPM"
"IPM - Air",16.5448655050137,1,"IPM"
"IPM - Air",16.3977887388575,1,"IPM"
"IPM - Air",17.637189040026,1,"IPM"
"IPM - Air",16.2579009596698,1,"IPM"
"IPM - Air",16.6450923466087,1,"IPM"
"IPM - Air",15.9949032724998,1,"IPM"
"IPM - Air",16.6733320343304,1,"IPM"
"IPM - Air",15.50933480579,1,"IPM"
"IPM - Air",15.7852393488199,1,"IPM"
"IPM - Air",17.0975257594506,1,"IPM"
"IPM - Air",16.0489293334224,1,"IPM"
"IPM - Air",18.2581213835327,1,"IPM"
"IPM - Air",16.5504090816935,1,"IPM"
"IPM - Air",16.271816780695,1,"IPM"
"IPM - Air",16.0912044641083,1,"IPM"
"IPM - Air",15.1825927085089,1,"IPM"
"IPM - Air",16.3689833769466,1,"IPM"
"IPM - Air",16.8442385003148,1,"IPM"
"IPM - Air",19.0061090012279,1,"IPM"
"IPM - Air",16.9103241593599,1,"IPM"
"IPM - Air",15.8661333417716,1,"IPM"
"IPM - Air",17.3533915561927,1,"IPM"
"IPM - Air",16.7839169576225,1,"IPM"
"IPM - Air",15.0414609892942,1,"IPM"
"IPM - Air",16.1171468914421,1,"IPM"
"IPM - Air",15.4243724015663,1,"IPM"
"IPM - Air",15.752561460527,1,"IPM"
"IPM - Air",17.2134594325492,1,"IPM"
"IPM - Air",16.2559740585233,1,"IPM"
"IPM - Air",16.6178966478364,1,"IPM"
"IPM - Air",15.5022577188547,1,"IPM"
"IPM - Air",15.9448210191724,1,"IPM"
"IPM - Air",16.0037141646839,1,"IPM"
"IPM - Air",14.4959098791177,1,"IPM"
"IPM - Air",16.3297295699442,1,"IPM"
"IPM - Air",16.6984681249723,1,"IPM"
"IPM - Air",15.6358428554635,1,"IPM"
"IPM - Air",16.9348996170226,1,"IPM"
"IPM - Air",17.3035368971072,1,"IPM"
"IPM - Air",17.1127491094587,1,"IPM"
"IPM - Air",17.4317596973502,1,"IPM"
"IPM - Air",17.6170390882165,1,"IPM"
"IPM - Air",15.1559656127754,1,"IPM"
"IPM - Air",14.5263399546596,1,"IPM"
"IPM - Air",16.0322341238959,1,"IPM"
"IPM - Air",16.4954225914439,1,"IPM"
"IPM - Air",16.0411011132285,1,"IPM"
"IPM - Air",15.9827850499673,1,"IPM"
"IPM - Air",17.4901038726794,1,"IPM"
"IPM - Air",16.9378429693678,1,"IPM"
"IPM - Air",16.8991645724708,1,"IPM"
"IPM - Air",16.25371889591,1,"IPM"
"IPM - Air",15.6517177874429,1,"IPM"
"IPM - Air",16.044136068006,1,"IPM"
"IPM - Air",17.7359811142317,1,"IPM"
"IPM - Air",17.6459628972845,1,"IPM"
"IPM - Air",15.0990335680497,1,"IPM"
"IPM - Air",15.4940478519035,1,"IPM"
"IPM - Air",16.3231161989548,1,"IPM"
"IPM - Air",17.2995668900227,1,"IPM"
"IPM - Air",16.3948440016899,1,"IPM"
"IPM - Air",16.4964793442638,1,"IPM"
"IPM - Air",16.7027362452932,1,"IPM"
"IPM - Air",16.1616899237902,1,"IPM"
"IPM - Air",15.8340210508074,1,"IPM"
"IPM - Air",15.5797598797619,1,"IPM"
"IPM - Air",15.8753649128072,1,"IPM"
"IPM - Air",17.5730915441071,1,"IPM"
"IPM - Air",16.4815553264916,1,"IPM"
"IPM - Air",15.1028328114521,1,"IPM"
"IPM - Air",16.7420546839041,1,"IPM"
"IPM - Air",15.7938256022636,1,"IPM"
"IPM - Air",16.702776378806,1,"IPM"
"IPM - Air",16.6244182280703,1,"IPM"
"IPM - Air",15.3496796387912,1,"IPM"
"IPM - Air",15.8808080282538,1,"IPM"
"IPM - Air",16.6157011375509,1,"IPM"
"IPM - Air",16.6400526469753,1,"IPM"
"IPM - Air",15.7586192619634,1,"IPM"
"IPM - Air",16.8697249609048,1,"IPM"
"IPM - Air",17.1507966115173,1,"IPM"
"IPM - Air",15.7884201857918,1,"IPM"
"IPM - Air",16.6791194825109,1,"IPM"
"IPM - Air",16.6644921043236,1,"IPM"
"IPM - Air",16.2315953405159,1,"IPM"
"IPM - Air",17.9520292829457,1,"IPM"
"IPM - Air",17.921435869536,1,"IPM"
"IPM - Air",15.922877731795,1,"IPM"
"IPM - Air",17.2926411761081,1,"IPM"
"IPM - Air",16.8546691044106,1,"IPM"
"IPM - Air",17.2656241990405,1,"IPM"
"IPM - Air",16.9356358770768,1,"IPM"
"IPM - Air",15.2826633621427,1,"IPM"
"IPM - Air",16.9416225841954,1,"IPM"
"IPM - Air",17.893434302117,1,"IPM"
"IPM - Air",15.8191900596302,1,"IPM"
"IPM - Air",16.6925475091694,1,"IPM"
"IPM - Air",15.5162224337819,1,"IPM"
"IPM - Air",17.1670849854093,1,"IPM"
"IPM - Air",15.2834582084288,1,"IPM"
"IPM - Air",16.5827748641789,1,"IPM"
"IPM - Air",17.1964621700152,1,"IPM"
"IPM - Air",17.4825632891771,1,"IPM"
"IPM - Air",15.5083493085622,1,"IPM"
"IPM - Air",16.1625247707613,1,"IPM"
"IPM - Air",16.9597296829646,1,"IPM"
"IPM - Air",15.9831235633353,1,"IPM"
"IPM - Air",16.7628434921037,1,"IPM"
"IPM - Air",16.8877840320986,1,"IPM"
"IPM - Air",16.751903748474,1,"IPM"
"IPM - Air",15.4974240472106,1,"IPM"
"IPM - Air",14.6207392644175,1,"IPM"
"IPM - Air",17.3247014764455,1,"IPM"
"IPM - Air",14.8477973733288,1,"IPM"
"IPM - Air",14.6150545699603,1,"IPM"
"IPM - Air",16.2614258859648,1,"IPM"
"IPM - Air",16.3590812899749,1,"IPM"
"IPM - Air",16.4909271989337,1,"IPM"
"IPM - Air",15.2050285917356,1,"IPM"
"IPM - Air",15.4312236812991,1,"IPM"
"IPM - Air",16.8436191047975,1,"IPM"
"IPM - Air",16.1223054302087,1,"IPM"
"IPM - Air",15.7507598632157,1,"IPM"
"IPM - Air",15.5465083904078,1,"IPM"
"IPM - Air",16.5479786670621,1,"IPM"
"IPM - Air",16.6873338450895,1,"IPM"
"IPM - Air",15.8803326561188,1,"IPM"
"IPM - Air",15.1561770158776,1,"IPM"
"IPM - Air",18.3381319958029,1,"IPM"
"IPM - Air",15.5692894503194,1,"IPM"
"IPM - Air",15.3390687792971,1,"IPM"
"IPM - Air",15.3823157777356,1,"IPM"
"IPM - Air",15.9510955373859,1,"IPM"
"IPM - Air",15.9097989408981,1,"IPM"
"IPM - Air",17.6080253416014,1,"IPM"
"IPM - Air",15.064173243104,1,"IPM"
"IPM - Air",15.1166372996963,1,"IPM"
"IPM - Air",15.314153022516,1,"IPM"
"IPM - Air",16.9472033847449,1,"IPM"
"IPM - Air",16.0590070099783,1,"IPM"
"IPM - Air",15.3535764118203,1,"IPM"
"IPM - Air",17.0095306356582,1,"IPM"
"IPM - Air",14.8009817688334,1,"IPM"
"IPM - Air",14.6458780792714,1,"IPM"
"IPM - Air",17.1296593837552,1,"IPM"
"IPM - Air",16.5121589789984,1,"IPM"
"IPM - Air",16.0107108281205,1,"IPM"
"IPM - Air",16.106437061184,1,"IPM"
"IPM - Air",17.2319737682433,1,"IPM"
"IPM - Air",15.4191653987211,1,"IPM"
"IPM - Air",17.313993912296,1,"IPM"
"IPM - Air",15.8039822541833,1,"IPM"
"IPM - Air",17.1931777926103,1,"IPM"
"IPM - Air",16.6310652124148,1,"IPM"
"IPM - Air",16.1845743912473,1,"IPM"
"IPM - Air",16.3211403310476,1,"IPM"
"IPM - Air",15.7517259933494,1,"IPM"
"IPM - Air",18.0258629225861,1,"IPM"
"IPM - Air",16.472753996661,1,"IPM"
"IPM - Air",16.4254638120977,1,"IPM"
"IPM - Air",16.4007665169567,1,"IPM"
"IPM - Air",15.92335767742,1,"IPM"
"IPM - Air",15.4177736155338,1,"IPM"
"IPM - Air",15.8571361820899,1,"IPM"
"IPM - Air",15.6944782174135,1,"IPM"
"IPM - Air",16.0277241400514,1,"IPM"
"IPM - Air",16.6371171975759,1,"IPM"
"IPM - Air",16.3742358313985,1,"IPM"
"IPM - Air",16.9081285828586,1,"IPM"
"IPM - Air",17.356602701616,1,"IPM"
"IPM - Air",16.7160728453925,1,"IPM"
"IPM - Air",16.8633502369306,1,"IPM"
"IPM - Air",15.4631086491959,1,"IPM"
"IPM - Air",15.7471524366864,1,"IPM"
"IPM - Air",16.555836870657,1,"IPM"
"IPM - Air",18.1421771858271,1,"IPM"
"IPM - Air",16.8061257327418,1,"IPM"
"IPM - Air",16.2991157685641,1,"IPM"
"IPM - Air",16.9130109799123,1,"IPM"
"IPM - Air",16.2735319977595,1,"IPM"
"IPM - Air",15.5163413025173,1,"IPM"
"IPM - Air",17.3107580441038,1,"IPM"
"IPM - Air",14.4447946483628,1,"IPM"
"IPM - Air",17.3375553708154,1,"IPM"
"IPM - Air",15.1828619541801,1,"IPM"
"IPM - Air",16.3902066187496,1,"IPM"
"IPM - Air",16.908733158483,1,"IPM"
"IPM - Air",15.5510351773229,1,"IPM"
"IPM - Air",16.537200801259,1,"IPM"
"IPM - Air",17.2291727612881,1,"IPM"
"IPM - Air",17.4054772416293,1,"IPM"
"IPM - Air",16.5083351628503,1,"IPM"
"IPM - Air",15.1674888908916,1,"IPM"
"IPM - Air",15.9822234216814,1,"IPM"
"IPM - Air",16.8187426564049,1,"IPM"
"IPM - Air",16.912478946325,1,"IPM"
"IPM - Air",15.0896554179102,1,"IPM"
"IPM - Air",16.7495508495083,1,"IPM"
"IPM - Air",16.0472461642531,1,"IPM"
"IPM - Air",16.5107720851236,1,"IPM"
"IPM - Air",16.9477039683418,1,"IPM"
"IPM - Air",15.5365166852516,1,"IPM"
"IPM - Air",16.4264839790484,1,"IPM"
"IPM - Air",16.3366652785467,1,"IPM"
"IPM - Air",15.3169439531096,1,"IPM"
"IPM - Air",16.9065676577776,1,"IPM"
"IPM - Air",16.5678752563943,1,"IPM"
"IPM - Air",15.1226344525373,1,"IPM"
"IPM - Air",16.7349109058926,1,"IPM"
"IPM - Air",16.6124803653964,1,"IPM"
"IPM - Air",17.3979660674631,1,"IPM"
"IPM - Air",17.1302768150156,1,"IPM"
"IPM - Air",15.4710377504497,1,"IPM"
"IPM - Air",15.9101588849616,1,"IPM"
"IPM - Air",14.248285892632,1,"IPM"
"IPM - Air",16.8195282638374,1,"IPM"
"IPM - Air",17.1304636255355,1,"IPM"
"IPM - Air",15.0242704325084,1,"IPM"
"IPM - Air",16.7863517026439,1,"IPM"
"IPM - Air",15.0926390691206,1,"IPM"
"IPM - Air",15.5941028539354,1,"IPM"
"IPM - Air",16.160427659792,1,"IPM"
"IPM - Air",16.4508674073513,1,"IPM"
"IPM - Air",15.779297843432,1,"IPM"
"IPM - Air",15.5014954620257,1,"IPM"
"IPM - Air",16.9097553996338,1,"IPM"
"IPM - Air",15.2376284471985,1,"IPM"
"IPM - Air",17.1265720468119,1,"IPM"
"IPM - Air",15.4427109591309,1,"IPM"
"IPM - Air",15.6152243409386,1,"IPM"
"IPM - Air",16.3454643701944,1,"IPM"
"IPM - Air",16.1618826085072,1,"IPM"
"IPM - Air",15.2848467715387,1,"IPM"
"IPM - Air",15.6166193652178,1,"IPM"
"IPM - Air",15.6716459441026,1,"IPM"
"IPM - Air",16.1036912118162,1,"IPM"
"IPM - Air",15.5870638213053,1,"IPM"
"IPM - Air",16.5999717499949,1,"IPM"
"IPM - Air",16.5365465041876,1,"IPM"
"IPM - Air",15.9783927319772,1,"IPM"
"IPM - Air",16.6086740265425,1,"IPM"
"IPM - Air",15.8329248015841,1,"IPM"
"IPM - Air",17.2137958364366,1,"IPM"
"IPM - Air",16.178080085734,1,"IPM"
"IPM - Air",17.1384424338495,1,"IPM"
"IPM - Air",15.4533393016898,1,"IPM"
"IPM - Air",16.73163863542,1,"IPM"
"IPM - Air",17.2732273112302,1,"IPM"
"IPM - Air",16.2909211164689,1,"IPM"
"IPM - Air",17.015465060703,1,"IPM"
"IPM - Air",17.5290001466581,1,"IPM"
"IPM - Air",15.4833520006834,1,"IPM"
"IPM - Air",16.5158591712955,1,"IPM"
"IPM - Air",17.0054893770801,1,"IPM"
"IPM - Air",17.8796935682206,1,"IPM"
"IPM - Air",17.2842028993834,1,"IPM"
"IPM - Air",17.2447506111866,1,"IPM"
"IPM - Air",16.0473445229879,1,"IPM"
"IPM - Air",17.1101001223083,1,"IPM"
"IPM - Air",17.2389897839312,1,"IPM"
"IPM - Air",16.6755037676022,1,"IPM"
"IPM - Air",16.2562462889019,1,"IPM"
"IPM - Air",16.3405457284718,1,"IPM"
"IPM - Air",16.2428669001162,1,"IPM"
"IPM - Air",15.5237304755894,1,"IPM"
"IPM - Air",16.421662979819,1,"IPM"
"IPM - Air",18.331539352891,1,"IPM"
"IPM - Air",16.5615396168562,1,"IPM"
"IPM - Air",17.0276359624488,1,"IPM"
"IPM - Air",16.2275583838913,1,"IPM"
"IPM - Air",16.5210783511114,1,"IPM"
"IPM - Air",18.3569932657841,1,"IPM"
"IPM - Air",16.9178301441846,1,"IPM"
"IPM - Air",16.8507962060921,1,"IPM"
"IPM - Air",16.5450793303335,1,"IPM"
"IPM - Air",15.0765497070014,1,"IPM"
"IPM - Air",16.0918453860409,1,"IPM"
"IPM - Air",14.6792638592849,1,"IPM"
"IPM - Air",17.5101356597241,1,"IPM"
"IPM - Air",15.1048893889137,1,"IPM"
"IPM - Air",16.1640618211002,1,"IPM"
"IPM - Air",16.62084304446,1,"IPM"
"IPM - Air",16.2741922067928,1,"IPM"
"IPM - Air",17.6399348713214,1,"IPM"
"IPM - Air",16.3180979075738,1,"IPM"
"IPM - Air",17.4202239042269,1,"IPM"
"IPM - Air",14.4882172877065,1,"IPM"
"IPM - Air",16.7418895523192,1,"IPM"
"IPM - Air",16.9354787794728,1,"IPM"
"IPM - Air",14.7676895125652,1,"IPM"
"IPM - Air",15.4682999946053,1,"IPM"
"IPM - Air",16.3796695555967,1,"IPM"
"IPM - Air",17.3788178396451,1,"IPM"
"IPM - Air",16.1403886037495,1,"IPM"
"IPM - Air",16.2876975118434,1,"IPM"
"IPM - Air",15.8139675683483,1,"IPM"
"IPM - Air",16.680771872667,1,"IPM"
"IPM - Air",14.6093165255997,1,"IPM"
"IPM - Air",15.289889643639,1,"IPM"
"IPM - Air",17.548993019223,1,"IPM"
"IPM - Air",17.0957239282559,1,"IPM"
"IPM - Air",16.2671410905984,1,"IPM"
"IPM - Air",15.5161883147728,1,"IPM"
"IPM - Air",15.9014280808853,1,"IPM"
"IPM - Air",15.8748770689493,1,"IPM"
"IPM - Air",15.7555652703074,1,"IPM"
"IPM - Air",16.564590117859,1,"IPM"
"IPM - Air",17.21143497073,1,"IPM"
"IPM - Air",15.0899140807156,1,"IPM"
"IPM - Air",16.7284702357797,1,"IPM"
"IPM - Air",15.99194340734,1,"IPM"
"IPM - Air",17.5872493387733,1,"IPM"
"IPM - Air",16.5596322507304,1,"IPM"
"IPM - Air",16.3641344810937,1,"IPM"
"IPM - Air",16.7665604716308,1,"IPM"
"IPM - Air",16.1415316582614,1,"IPM"
"IPM - Air",14.8332797720707,1,"IPM"
"IPM - Air",15.6836741452956,1,"IPM"
"IPM - Air",17.8592640451485,1,"IPM"
"IPM - Air",16.1663798363119,1,"IPM"
"IPM - Air",16.0426298292,1,"IPM"
"IPM - Air",16.7991134038721,1,"IPM"
"IPM - Air",16.1593144378363,1,"IPM"
"IPM - Air",15.5643258147131,1,"IPM"
"IPM - Air",15.9500313206309,1,"IPM"
"IPM - Air",17.0140379663901,1,"IPM"
"IPM - Air",17.6592167827682,1,"IPM"
"IPM - Air",17.7999515096988,1,"IPM"
"IPM - Air",16.080289278806,1,"IPM"
"IPM - Air",17.1991413925319,1,"IPM"
"IPM - Air",15.6994539138202,1,"IPM"
"IPM - Air",16.6022989214999,1,"IPM"
"IPM - Air",16.5605130108341,1,"IPM"
"IPM - Air",15.9790811184867,1,"IPM"
"IPM - Air",17.6541324073698,1,"IPM"
"IPM - Air",16.511366379202,1,"IPM"
"IPM - Air",16.924705110287,1,"IPM"
"IPM - Air",15.9930820584255,1,"IPM"
"IPM - Air",16.9449104042839,1,"IPM"
"IPM - Air",16.9027052852834,1,"IPM"
"IPM - Air",16.5949972009181,1,"IPM"
"IPM - Air",15.6045611970511,1,"IPM"
"IPM - Air",16.2752701397234,1,"IPM"
"IPM - Air",16.157168646347,1,"IPM"
"IPM - Air",15.8206697971606,1,"IPM"
"IPM - Air",15.8965940635379,1,"IPM"
"IPM - Air",15.8258751815313,1,"IPM"
"IPM - Air",15.2774464518989,1,"IPM"
"IPM - Air",18.1852730811777,1,"IPM"
"IPM - Air",15.2719025835805,1,"IPM"
"IPM - Air",16.4077355665996,1,"IPM"
"IPM - Air",15.8727495965931,1,"IPM"
"IPM - Air",17.7011443871628,1,"IPM"
"IPM - Air",14.636070524972,1,"IPM"
"IPM - Air",17.9292107594526,1,"IPM"
"IPM - Air",16.0558748443537,1,"IPM"
"IPM - Air",16.1265376545702,1,"IPM"
"IPM - Air",15.4046445650861,1,"IPM"
"IPM - Air",14.9120005879102,1,"IPM"
"IPM - Air",14.837941245883,1,"IPM"
"IPM - Air",16.1246284110648,1,"IPM"
"IPM - Air",16.1115647099689,1,"IPM"
"IPM - Air",17.5334030697357,1,"IPM"
"IPM - Air",16.1745342416383,1,"IPM"
"IPM - Air",16.3535018585372,1,"IPM"
"IPM - Air",16.9884446138213,1,"IPM"
"IPM - Air",15.6733263402837,1,"IPM"
"IPM - Air",16.9818293314736,1,"IPM"
"IPM - Air",18.0296634146887,1,"IPM"
"IPM - Air",14.6086069936717,1,"IPM"
"IPM - Air",15.4180055405289,1,"IPM"
"IPM - Air",16.7467663413729,1,"IPM"
"IPM - Air",15.3530138537025,1,"IPM"
"IPM - Air",16.1569848841211,1,"IPM"
"IPM - Air",16.4445280530669,1,"IPM"
"IPM - Air",16.3235746663132,1,"IPM"
"IPM - Air",17.3565147161077,1,"IPM"
"IPM - Air",16.3692564427731,1,"IPM"
"IPM - Air",16.9133434335881,1,"IPM"
"IPM - Air",16.4806339245462,1,"IPM"
"IPM - Air",15.1494810580312,1,"IPM"
"IPM - Air",15.8906890361881,1,"IPM"
"IPM - Air",16.8833281684412,1,"IPM"
"IPM - Air",16.5374167458111,1,"IPM"
"IPM - Air",16.953552737107,1,"IPM"
"IPM - Air",14.5813389172721,1,"IPM"
"IPM - Air",15.8757824756441,1,"IPM"
"IPM - Air",17.382111128287,1,"IPM"
"IPM - Air",15.2168206285314,1,"IPM"
"IPM - Air",16.7589710470647,1,"IPM"
"IPM - Air",17.1058183056404,1,"IPM"
"IPM - Air",16.7976158547241,1,"IPM"
"IPM - Air",15.7914262142813,1,"IPM"
"IPM - Air",17.1909461487255,1,"IPM"
"IPM - Air",14.5119107480047,1,"IPM"
"IPM - Air",16.0244755487057,1,"IPM"
"IPM - Air",15.0277070601803,1,"IPM"
"IPM - Air",15.2198249559411,1,"IPM"
"IPM - Air",18.130737935073,1,"IPM"
"IPM - Air",17.0358143328664,1,"IPM"
"IPM - Air",17.013056426295,1,"IPM"
"IPM - Air",15.1825852525789,1,"IPM"
"IPM - Air",16.1757297798036,1,"IPM"
"IPM - Air",16.1377151280331,1,"IPM"
"IPM - Air",17.1633389521524,1,"IPM"
"IPM - Air",17.8594775693584,1,"IPM"
"IPM - Air",15.6287809059842,1,"IPM"
"IPM - Air",15.5558416772977,1,"IPM"
"IPM - Air",16.8666617904224,1,"IPM"
"IPM - Air",14.9989545368138,1,"IPM"
"IPM - Air",16.0882907803734,1,"IPM"
"IPM - Air",16.8041000319129,1,"IPM"
"IPM - Air",17.2951397378109,1,"IPM"
"IPM - Air",15.8273186150683,1,"IPM"
"IPM - Air",15.7352803094332,1,"IPM"
"IPM - Air",16.7489399780657,1,"IPM"
"IPM - Air",14.9210741018499,1,"IPM"
"IPM - Air",16.6164603569162,1,"IPM"
"IPM - Air",16.2700295040439,1,"IPM"
"IPM - Air",16.1380149406984,1,"IPM"
"IPM - Air",16.213654357783,1,"IPM"
"IPM - Air",16.4356939325375,1,"IPM"
"IPM - Air",14.9252950301672,1,"IPM"
"IPM - Air",15.3698696843469,1,"IPM"
"IPM - Air",15.470736594565,1,"IPM"
"IPM - Air",16.3483858970248,1,"IPM"
"IPM - Air",15.6329346771855,1,"IPM"
"IPM - Air",14.6719231457917,1,"IPM"
"IPM - Air",16.3014525747554,1,"IPM"
"IPM - Air",15.693459803161,1,"IPM"
"IPM - Air",16.9654439547377,1,"IPM"
"IPM - Air",16.9986987305594,1,"IPM"
"IPM - Air",15.7967881282119,1,"IPM"
"IPM - Air",15.4813353719372,1,"IPM"
"IPM - Air",15.9905651602178,1,"IPM"
"IPM - Air",16.4830543930865,1,"IPM"
"IPM - Air",15.5064028238343,1,"IPM"
"IPM - Air",15.4785889432345,1,"IPM"
"IPM - Air",17.38677140376,1,"IPM"
"IPM - Air",16.2504445532861,1,"IPM"
"IPM - Air",17.2276214478917,1,"IPM"
"IPM - Air",15.7368307365546,1,"IPM"
"IPM - Air",18.2294268055374,1,"IPM"
"IPM - Air",16.2348294833473,1,"IPM"
"IPM - Air",17.9264887296582,1,"IPM"
"IPM - Air",16.299295805253,1,"IPM"
"IPM - Air",16.022042022236,1,"IPM"
"IPM - Air",16.6997775461445,1,"IPM"
"IPM - Air",16.7999326668946,1,"IPM"
"IPM - Air",16.2747111044665,1,"IPM"
"IPM - Air",16.1758814799168,1,"IPM"
"IPM - Air",17.091039350768,1,"IPM"
"IPM - Air",15.7736433348494,1,"IPM"
"IPM - Air",16.6996064716756,1,"IPM"
"IPM - Air",16.7608234113922,1,"IPM"
"IPM - Air",15.2526430011705,1,"IPM"
"IPM - Air",16.4616959020942,1,"IPM"
"IPM - Air",15.8730162231109,1,"IPM"
"IPM - Air",16.8909004625517,1,"IPM"
"IPM - Air",16.4471568883821,1,"IPM"
"IPM - Air",17.0778028079543,1,"IPM"
"IPM - Air",15.1966316603421,1,"IPM"
"IPM - Air",16.3523127390766,1,"IPM"
"IPM - Air",17.2366050906544,1,"IPM"
"IPM - Air",16.9619736071933,1,"IPM"
"IPM - Air",16.0299175935154,1,"IPM"
"IPM - Air",17.301102266731,1,"IPM"
"IPM - Air",14.9720066541973,1,"IPM"
"IPM - Air",17.5169932343009,1,"IPM"
"IPM - Air",15.1587064501594,1,"IPM"
"IPM - Air",14.9185248577941,1,"IPM"
"IPM - Air",15.4512244465287,1,"IPM"
"IPM - Air",17.2192176766624,1,"IPM"
"IPM - Air",16.4509702359258,1,"IPM"
"IPM - Air",16.5350097248089,1,"IPM"
"IPM - Air",15.0159216649141,1,"IPM"
"IPM - Air",15.7298667293147,1,"IPM"
"IPM - Air",15.6906559135678,1,"IPM"
"IPM - Air",17.7681510138391,1,"IPM"
"IPM - Air",17.4687148160908,1,"IPM"
"IPM - Air",16.8427662909418,1,"IPM"
"IPM - Air",17.2376876960526,1,"IPM"
"IPM - Air",17.7074855482867,1,"IPM"
"IPM - Air",14.9616719690089,1,"IPM"
"IPM - Air",16.2327091986796,1,"IPM"
"IPM - Air",16.87783665327,1,"IPM"
"IPM - Air",14.3151513390565,1,"IPM"
"IPM - Air",17.8718405533317,1,"IPM"
"IPM - Air",17.230700193017,1,"IPM"
"IPM - Air",16.5436185079542,1,"IPM"
"IPM - Air",17.4235765760035,1,"IPM"
"IPM - Air",16.0940047292615,1,"IPM"
"IPM - Air",15.9402288552017,1,"IPM"
"IPM - Air",16.754612156422,1,"IPM"
"IPM - Air",17.2105389272175,1,"IPM"
"IPM - Air",16.3778312509322,1,"IPM"
"IPM - Air",17.7503959465522,1,"IPM"
"IPM - Air",16.925587186412,1,"IPM"
"IPM - Air",16.2213401418734,1,"IPM"
"IPM - Air",17.5060329057458,1,"IPM"
"IPM - Air",16.1373606946025,1,"IPM"
"IPM - Air",16.5243380052694,1,"IPM"
"IPM - Air",17.1311606513352,1,"IPM"
"IPM - Air",15.8577700931786,1,"IPM"
"IPM - Air",16.6468938175192,1,"IPM"
"IPM - Air",15.2573397723612,1,"IPM"
"IPM - Air",15.0576415159,1,"IPM"
"IPM - Air",15.2441052601867,1,"IPM"
"IPM - Air",17.5561709812334,1,"IPM"
"IPM - Air",17.0470376193043,1,"IPM"
"IPM - Air",14.8134532124262,1,"IPM"
"IPM - Air",16.4474249190612,1,"IPM"
"IPM - Air",17.2780438995499,1,"IPM"
"IPM - Air",16.004538716271,1,"IPM"
"IPM - Air",17.7952565594702,1,"IPM"
"IPM - Air",16.6291692055518,1,"IPM"
"IPM - Air",16.6161491726222,1,"IPM"
"IPM - Air",16.886928170952,1,"IPM"
"IPM - Air",17.0038677926562,1,"IPM"
"IPM - Air",14.8406676456716,1,"IPM"
"IPM - Air",16.0287649645302,1,"IPM"
"IPM - Air",17.1411557300136,1,"IPM"
"IPM - Air",16.0152987986116,1,"IPM"
"IPM - Air",16.7366690818939,1,"IPM"
"IPM - Air",17.8138646251185,1,"IPM"
"IPM - Air",16.5278612290219,1,"IPM"
"IPM - Air",15.1661611275707,1,"IPM"
"IPM - Air",16.7463089543674,1,"IPM"
"IPM - Air",15.9353885731015,1,"IPM"
"IPM - Air",16.425213010389,1,"IPM"
"IPM - Air",16.6550229325439,1,"IPM"
"IPM - Air",16.7017984685966,1,"IPM"
"IPM - Air",17.1119293004832,1,"IPM"
"IPM - Air",17.3021529380199,1,"IPM"
"IPM - Air",14.1753734437479,1,"IPM"
"IPM - Air",15.5123412451194,1,"IPM"
"IPM - Air",16.828162014261,1,"IPM"
"IPM - Air",15.7935499182314,1,"IPM"
"IPM - Air",15.6820768182226,1,"IPM"
"IPM - Air",16.0899554524935,1,"IPM"
"IPM - Air",17.5216042632091,1,"IPM"
"IPM - Air",16.0607905936654,1,"IPM"
"IPM - Air",15.6177674095151,1,"IPM"
"IPM - Air",16.8582876738572,1,"IPM"
"IPM - Air",14.5545388272543,1,"IPM"
"IPM - Air",17.3262368069667,1,"IPM"
"IPM - Air",15.6988536886434,1,"IPM"
"IPM - Air",15.7836021710634,1,"IPM"
"IPM - Air",16.4032938470628,1,"IPM"
"IPM - Air",15.8985020838084,1,"IPM"
"IPM - Air",18.133985101722,1,"IPM"
"IPM - Air",16.9275858959368,1,"IPM"
"IPM - Air",14.6976112789063,1,"IPM"
"IPM - Air",15.0545978231678,1,"IPM"
"IPM - Air",18.2796935658193,1,"IPM"
"IPM - Air",17.1925285753581,1,"IPM"
"IPM - Air",16.8930601712893,1,"IPM"
"IPM - Air",16.4604019890969,1,"IPM"
"IPM - Air",16.1060304720829,1,"IPM"
"IPM - Air",16.692457212326,1,"IPM"
"IPM - Air",15.7537736615826,1,"IPM"
"IPM - Air",16.0872098331221,1,"IPM"
"IPM - Air",17.2573067287219,1,"IPM"
"IPM - Air",15.2946109211072,1,"IPM"
"IPM - Air",16.1755214709181,1,"IPM"
"IPM - Air",17.7476537109298,1,"IPM"
"IPM - Air",17.3127820463933,1,"IPM"
"IPM - Air",15.2182770426067,1,"IPM"
"IPM - Air",16.7432174293841,1,"IPM"
"IPM - Air",17.8332220741542,1,"IPM"
"IPM - Air",15.9788306972896,1,"IPM"
"IPM - Air",17.0146418057123,1,"IPM"
"IPM - Air",16.4157469164506,1,"IPM"
"IPM - Air",16.6576539782821,1,"IPM"
"IPM - Air",16.1395900665702,1,"IPM"
"IPM - Air",15.3737203952043,1,"IPM"
"IPM - Air",16.3220750345288,1,"IPM"
"IPM - Air",16.5903036442433,1,"IPM"
"IPM - Air",15.9057014818205,1,"IPM"
"IPM - Air",17.8414003384181,1,"IPM"
"IPM - Air",14.7493547122986,1,"IPM"
"IPM - Air",17.0650363592543,1,"IPM"
"IPM - Air",15.1505678395252,1,"IPM"
"IPM - Air",16.5505648309353,1,"IPM"
"IPM - Air",16.5124996440305,1,"IPM"
"IPM - Air",16.6058778349623,1,"IPM"
"IPM - Air",16.2924354602656,1,"IPM"
"IPM - Air",15.0044778157202,1,"IPM"
"IPM - Air",16.8042889832078,1,"IPM"
"IPM - Air",15.4228936070393,1,"IPM"
"IPM - Air",15.9276962573039,1,"IPM"
"IPM - Air",16.1156242741948,1,"IPM"
"IPM - Air",17.1736362524682,1,"IPM"
"IPM - Air",16.163998299468,1,"IPM"
"IPM - Air",16.3305469431443,1,"IPM"
"IPM - Air",15.4837990880431,1,"IPM"
"IPM - Air",16.1414231682156,1,"IPM"
"IPM - Air",16.7947617909346,1,"IPM"
"IPM - Air",16.6646629176819,1,"IPM"
"IPM - Air",16.376353678744,1,"IPM"
"IPM - Air",15.7634312569233,1,"IPM"
"IPM - Air",15.6159963072991,1,"IPM"
"IPM - Air",16.8344526951839,1,"IPM"
"IPM - Air",16.361236751968,1,"IPM"
"IPM - Air",17.1584731853306,1,"IPM"
"IPM - Air",16.3869171476792,1,"IPM"
"IPM - Air",16.8332281518807,1,"IPM"
"IPM - Air",16.3794526681757,1,"IPM"
"IPM - Air",14.968356063243,1,"IPM"
"IPM - Air",15.2754156238621,1,"IPM"
"IPM - Air",17.8847477392575,1,"IPM"
"IPM - Air",15.9788464289803,1,"IPM"
"IPM - Air",16.309404666719,1,"IPM"
"IPM - Air",16.3224064594836,1,"IPM"
"IPM - Air",17.8506117185254,1,"IPM"
"IPM - Air",16.5217327555995,1,"IPM"
"IPM - Air",15.3860994998923,1,"IPM"
"IPM - Air",16.5487181462335,1,"IPM"
"IPM - Air",17.617441099052,1,"IPM"
"IPM - Air",15.5626466621483,1,"IPM"
"IPM - Air",16.1186216507075,1,"IPM"
"IPM - Air",15.7200640440389,1,"IPM"
"IPM - Air",17.1932952010108,1,"IPM"
"IPM - Air",16.4458154753332,1,"IPM"
"IPM - Air",16.8992896634294,1,"IPM"
"IPM - Air",14.1374533587017,1,"IPM"
"IPM - Air",16.8136280066956,1,"IPM"
"IPM - Air",16.9507008984556,1,"IPM"
"IPM - Air",15.2595688956321,1,"IPM"
"IPM - Air",15.8297479529868,1,"IPM"
"IPM - Air",15.8873472955528,1,"IPM"
"IPM - Air",16.3853989637621,1,"IPM"
"IPM - Air",16.4568963582946,1,"IPM"
"IPM - Air",16.1037282572863,1,"IPM"
"IPM - Air",16.0506174932986,1,"IPM"
"IPM - Air",16.0819476910481,1,"IPM"
"IPM - Air",15.6175890291101,1,"IPM"
"IPM - Air",15.3299693285624,1,"IPM"
"IPM - Air",17.5205598147367,1,"IPM"
"IPM - Air",16.7622838857205,1,"IPM"
"IPM - Air",16.6734864699476,1,"IPM"
"IPM - Air",16.9756113428721,1,"IPM"
"IPM - Air",16.9694008812054,1,"IPM"
"IPM - Air",17.7916762666233,1,"IPM"
"IPM - Air",17.192120663693,1,"IPM"
"IPM - Air",15.4803859498345,1,"IPM"
"IPM - Air",15.9538143810756,1,"IPM"
"IPM - Air",17.6757147901229,1,"IPM"
"IPM - Air",16.4721315497568,1,"IPM"
"IPM - Air",16.6449989551041,1,"IPM"
"IPM - Air",17.5020489506793,1,"IPM"
"IPM - Air",16.9812503203834,1,"IPM"
"IPM - Air",16.8973576681105,1,"IPM"
"IPM - Air",17.1075225220419,1,"IPM"
"IPM - Air",16.0982149640179,1,"IPM"
"IPM - Air",16.5547726904968,1,"IPM"
"IPM - Air",15.8924904942528,1,"IPM"
"IPM - Air",16.5500280347666,1,"IPM"
"IPM - Air",16.4132790619934,1,"IPM"
"IPM - Air",16.377182152306,1,"IPM"
"IPM - Air",15.0180588637828,1,"IPM"
"IPM - Air",16.2566249655515,1,"IPM"
"IPM - Air",16.7984531416584,1,"IPM"
"IPM - Air",16.2056561708035,1,"IPM"
"IPM - Air",17.54716951742,1,"IPM"
"IPM - Air",16.1890947634423,1,"IPM"
"IPM - Air",16.3491856106679,1,"IPM"
"IPM - Air",16.3854299850173,1,"IPM"
"IPM - Air",16.8220618317204,1,"IPM"
"IPM - Air",16.1437718158982,1,"IPM"
"IPM - Air",17.5118284168647,1,"IPM"
"IPM - Air",15.7161596591336,1,"IPM"
"IPM - Air",15.7242825472531,1,"IPM"
"IPM - Air",17.0187370940079,1,"IPM"
"IPM - Air",16.8906344039776,1,"IPM"
"IPM - Air",17.6662046978875,1,"IPM"
"IPM - Air",16.9871216165165,1,"IPM"
"IPM - Air",16.0554726533906,1,"IPM"
"IPM - Air",17.2884597933431,1,"IPM"
"IPM - Air",16.0743393333421,1,"IPM"
"IPM - Air",16.8833510440833,1,"IPM"
"IPM - Air",13.9229658989428,1,"IPM"
"IPM - Air",16.2675141007282,1,"IPM"
"IPM - Air",17.4800258109148,1,"IPM"
"IPM - Air",15.9362548134345,1,"IPM"
"IPM - Air",16.0328924724357,1,"IPM"
"IPM - Air",15.8940233039913,1,"IPM"
"IPM - Air",15.6512547291287,1,"IPM"
"IPM - Air",17.3677303857795,1,"IPM"
"IPM - Air",16.7343403705716,1,"IPM"
"IPM - Air",15.8994666191383,1,"IPM"
"IPM - Air",17.3387798843494,1,"IPM"
"IPM - Air",17.2377913862642,1,"IPM"
"IPM - Air",15.2747660569618,1,"IPM"
"IPM - Air",18.3296478232838,1,"IPM"
"IPM - Air",16.859705540462,1,"IPM"
"IPM - Air",14.0354610806017,1,"IPM"
"IPM - Air",16.8693500891579,1,"IPM"
"IPM - Air",15.8736587693018,1,"IPM"
"IPM - Air",16.1453700532324,1,"IPM"
"IPM - Air",17.6002584586937,1,"IPM"
"IPM - Air",16.9943032260375,1,"IPM"
"IPM - Air",16.9971446100395,1,"IPM"
"IPM - Air",15.9222471458854,1,"IPM"
"IPM - Air",15.991308969746,1,"IPM"
"IPM - Air",15.9687394088035,1,"IPM"
"IPM - Air",16.7874964212679,1,"IPM"
"IPM - Air",16.4548584777246,1,"IPM"
"IPM - Air",16.0991077932055,1,"IPM"
"IPM - Air",15.727903821411,1,"IPM"
"IPM - Air",15.6728260998826,1,"IPM"
"IPM - Air",16.8836066126066,1,"IPM"
"IPM - Air",15.6701098588723,1,"IPM"
"IPM - Air",16.4565320097709,1,"IPM"
"IPM - Air",16.3311764814627,1,"IPM"
"IPM - Air",16.5945964997319,1,"IPM"
"IPM - Air",15.1935521314348,1,"IPM"
"IPM - Air",15.5199525145736,1,"IPM"
"IPM - Air",17.1825495854494,1,"IPM"
"IPM - Air",17.4404844501009,1,"IPM"
"IPM - Air",17.6115589061494,1,"IPM"
"IPM - Air",15.1847486987105,1,"IPM"
"IPM - Air",16.8692383166761,1,"IPM"
"IPM - Air",15.9631765468732,1,"IPM"
"IPM - Air",16.0943319380942,1,"IPM"
"IPM - Air",16.7658579068849,1,"IPM"
"IPM - Air",15.4145172172048,1,"IPM"
"IPM - Air",17.2233676374203,1,"IPM"
"IPM - Air",16.1514697249621,1,"IPM"
"IPM - Air",16.268031331689,1,"IPM"
"IPM - Air",16.3142992963733,1,"IPM"
"IPM - Air",16.1766833237118,1,"IPM"
"IPM - Air",15.8806591810084,1,"IPM"
"IPM - Air",14.8841478070724,1,"IPM"
"IPM - Air",16.9360303545957,1,"IPM"
"IPM - Air",14.8644634297317,1,"IPM"
"IPM - Air",17.626722403416,1,"IPM"
"IPM - Air",16.8518788052215,1,"IPM"
"IPM - Air",16.2489653545542,1,"IPM"
"IPM - Air",15.103660495048,1,"IPM"
"IPM - Air",16.3552786547513,1,"IPM"
"IPM - Air",16.3747332404271,1,"IPM"
"IPM - Air",14.7758660623804,1,"IPM"
"IPM - Air",16.6924141725615,1,"IPM"
"IPM - Air",16.313134009842,1,"IPM"
"IPM - Air",15.4076055379975,1,"IPM"
"IPM - Air",15.9498496253337,1,"IPM"
"IPM - Air",15.8320104474187,1,"IPM"
"IPM - Air",16.3273839072801,1,"IPM"
"IPM - Air",14.9602162564075,1,"IPM"
"IPM - Air",16.6951741832247,1,"IPM"
"IPM - Air",16.4280374004788,1,"IPM"
"IPM - Air",16.5789856528528,1,"IPM"
"IPM - Air",16.2418925390928,1,"IPM"
"IPM - Air",16.6583182518757,1,"IPM"
"IPM - Air",16.9837495447614,1,"IPM"
"IPM - Air",17.6060467400661,1,"IPM"
"IPM - Air",16.0247601064071,1,"IPM"
"IPM - Air",16.6769697432892,1,"IPM"
"IPM - Air",16.3303434256018,1,"IPM"
"IPM - Air",17.0298299818527,1,"IPM"
"IPM - Air",16.8023467079732,1,"IPM"
"IPM - Air",17.2299047186642,1,"IPM"
"IPM - Air",16.3703174951786,1,"IPM"
"IPM - Air",17.581219095925,1,"IPM"
"IPM - Air",15.9165396966867,1,"IPM"
"IPM - Air",16.0490977643374,1,"IPM"
"IPM - Air",17.7168932870996,1,"IPM"
"IPM - Air",15.548991480848,1,"IPM"
"IPM - Air",16.8299256609557,1,"IPM"
"IPM - Air",17.3175135817257,1,"IPM"
"IPM - Air",16.4325261386078,1,"IPM"
"IPM - Air",17.1637734191464,1,"IPM"
"IPM - Air",16.3531717119416,1,"IPM"
"IPM - Air",17.6875387776077,1,"IPM"
"IPM - Air",15.3253622439477,1,"IPM"
"IPM - Air",15.3187458714673,1,"IPM"
"IPM - Air",17.2678156807645,1,"IPM"
"IPM - Air",15.1223332544681,1,"IPM"
"IPM - Air",17.1119003900959,1,"IPM"
"IPM - Air",16.0007698736182,1,"IPM"
"IPM - Air",15.0746476423425,1,"IPM"
"IPM - Air",16.7296030730869,1,"IPM"
"IPM - Air",18.5997170801462,1,"IPM"
"IPM - Air",17.4088683803728,1,"IPM"
"IPM - Air",17.4597164082974,1,"IPM"
"IPM - Air",16.2957613467189,1,"IPM"
"IPM - Air",17.5607032230343,1,"IPM"
"IPM - Air",16.0033080367026,1,"IPM"
"IPM - Air",16.4367569383622,1,"IPM"
"IPM - Air",16.7157744774653,1,"IPM"
"IPM - Air",18.2562530450095,1,"IPM"
"IPM - Air",16.6436326024742,1,"IPM"
"IPM - Air",15.9931381797732,1,"IPM"
"IPM - Air",15.8213305966918,1,"IPM"
"IPM - Air",18.0813462120442,1,"IPM"
"IPM - Air",16.578814977387,1,"IPM"
"IPM - Air",15.2200500779396,1,"IPM"
"IPM - Air",17.1174818315831,1,"IPM"
"IPM - Air",14.4912800511955,1,"IPM"
"IPM - Air",16.3938879268725,1,"IPM"
"IPM - Air",16.6029996019527,1,"IPM"
"IPM - Air",15.382081584909,1,"IPM"
"IPM - Air",14.7127476049575,1,"IPM"
"IPM - Air",17.1339504570002,1,"IPM"
"IPM - Air",15.7627221716233,1,"IPM"
"IPM - Air",16.7876804477083,1,"IPM"
"IPM - Air",16.5628062212635,1,"IPM"
"IPM - Air",17.2693829382021,1,"IPM"
"IPM - Air",16.2896160094963,1,"IPM"
"IPM - Air",17.3889662372646,1,"IPM"
"IPM - Air",16.2840482698568,1,"IPM"
"IPM - Air",17.2140051451872,1,"IPM"
"IPM - Air",16.6031304082955,1,"IPM"
"IPM - Air",15.730028226078,1,"IPM"
"IPM - Air",17.2354155114975,1,"IPM"
"IPM - Air",17.0943410374619,1,"IPM"
"IPM - Air",16.0631889929339,1,"IPM"
"IPM - Air",16.2302786553397,1,"IPM"
"IPM - Air",17.1127652383334,1,"IPM"
"IPM - Air",17.4637608923702,1,"IPM"
"IPM - Air",15.7191246484952,1,"IPM"
"IPM - Air",15.5174481242289,1,"IPM"
"IPM - Air",16.5371351858579,1,"IPM"
"IPM - Air",15.5414456369408,1,"IPM"
"IPM - Air",15.8613078833737,1,"IPM"
"IPM - Air",16.5300035630807,1,"IPM"
"IPM - Air",17.8914721305719,1,"IPM"
"IPM - Air",16.7491096181072,1,"IPM"
"IPM - Air",16.1875538471646,1,"IPM"
"IPM - Air",15.7075267835936,1,"IPM"
"IPM - Air",16.9906613262666,1,"IPM"
"IPM - Air",16.6571552543869,1,"IPM"
"IPM - Air",16.7880148289836,1,"IPM"
"IPM - Air",15.6134974293895,1,"IPM"
"IPM - Air",17.3629399692523,1,"IPM"
"IPM - Air",15.7556933384776,1,"IPM"
"IPM - Air",16.2428054315461,1,"IPM"
"IPM - Air",16.1555029274941,1,"IPM"
"IPM - Air",17.2981289258315,1,"IPM"
"IPM - Air",15.8059724277181,1,"IPM"
"IPM - Air",17.5236717692419,1,"IPM"
"IPM - Air",17.7944211952835,1,"IPM"
"IPM - Air",17.1298248822156,1,"IPM"
"IPM - Air",15.8467700945601,1,"IPM"
"IPM - Air",15.7884793954362,1,"IPM"
"IPM - Air",17.1431649948859,1,"IPM"
"IPM - Air",15.4594457622831,1,"IPM"
"IPM - Air",15.0548116558055,1,"IPM"
"IPM - Air",16.243632891628,1,"IPM"
"IPM - Air",18.7735862025523,1,"IPM"
"IPM - Air",15.399305251246,1,"IPM"
"IPM - Air",19.1524315128395,1,"IPM"
"IPM - Air",16.1718787009502,1,"IPM"
"IPM - Air",14.8757682578157,1,"IPM"
"IPM - Air",16.6647681945982,1,"IPM"
"IPM - Air",15.6311001309232,1,"IPM"
"IPM - Air",17.0981508924487,1,"IPM"
"IPM - Air",17.6643462303878,1,"IPM"
"IPM - Air",16.1788886751851,1,"IPM"
"IPM - Air",16.382005614506,1,"IPM"
"IPM - Air",16.0715485107008,1,"IPM"
"IPM - Air",16.7074497645689,1,"IPM"
"IPM - Air",15.9570323418027,1,"IPM"
"IPM - Air",14.3656051462407,1,"IPM"
"IPM - Air",18.3767509749608,1,"IPM"
"IPM - Air",16.7627052561273,1,"IPM"
"IPM - Air",16.9333231172298,1,"IPM"
"IPM - Air",16.2830459455587,1,"IPM"
"IPM - Air",15.8750940353515,1,"IPM"
"IPM - Air",16.6377846724637,1,"IPM"
"IPM - Air",17.342793486013,1,"IPM"
"IPM - Air",16.4965375409317,1,"IPM"
"IPM - Air",17.7700291208773,1,"IPM"
"IPM - Air",16.6308450180452,1,"IPM"
"IPM - Air",17.2972233048873,1,"IPM"
"IPM - Air",15.9379627424525,1,"IPM"
"IPM - Air",16.1498676044343,1,"IPM"
"IPM - Air",16.3368557032228,1,"IPM"
"IPM - Air",17.0989509899283,1,"IPM"
"IPM - Air",16.6402945543105,1,"IPM"
"IPM - Air",17.8705546512056,1,"IPM"
"IPM - Air",16.3801914576061,1,"IPM"
"IPM - Air",17.7782372090927,1,"IPM"
"IPM - Air",16.5080303479803,1,"IPM"
"IPM - Air",17.2198648722741,1,"IPM"
"IPM - Air",16.7579889419334,1,"IPM"
"IPM - Air",14.8410565252932,1,"IPM"
"IPM - Air",16.3189191674444,1,"IPM"
"IPM - Air",16.280775794617,1,"IPM"
"IPM - Air",16.6902476144675,1,"IPM"
"IPM - Air",16.1879086401469,1,"IPM"
"IPM - Air",16.0697654439957,1,"IPM"
"IPM - Air",16.1913408718999,1,"IPM"
"IPM - Air",17.6917539712298,1,"IPM"
"IPM - Air",16.5070055223287,1,"IPM"
"IPM - Air",16.8455614981835,1,"IPM"
"IPM - Air",16.3546783960573,1,"IPM"
"IPM - Air",17.2589108757096,1,"IPM"
"IPM - Air",16.5219852974488,1,"IPM"
"IPM - Air",17.0267448157165,1,"IPM"
"IPM - Air",16.014050251656,1,"IPM"
"IPM - Air",16.3810862824401,1,"IPM"
"IPM - Air",18.6353213823175,1,"IPM"
"IPM - Air",15.3939255197834,1,"IPM"
"IPM - Air",15.789723614917,1,"IPM"
"IPM - Air",16.7490595235472,1,"IPM"
"IPM - Air",15.5512364359259,1,"IPM"
"IPM - Air",16.6492310840638,1,"IPM"
"IPM - Air",16.4661346665141,1,"IPM"
"IPM - Air",16.3894557092415,1,"IPM"
"IPM - Air",16.3523968015379,1,"IPM"
"IPM - Air",15.462527283425,1,"IPM"
"IPM - Air",15.5993062016724,1,"IPM"
"IPM - Air",15.3918633430139,1,"IPM"
"IPM - Air",17.0954826647765,1,"IPM"
"IPM - Air",15.416087062995,1,"IPM"
"IPM - Air",15.8617974518049,1,"IPM"
"IPM - Air",15.0458455522848,1,"IPM"
"IPM - Air",16.5033047031283,1,"IPM"
"IPM - Air",17.8480765184068,1,"IPM"
"IPM - Air",17.994001864262,1,"IPM"
"IPM - Air",15.3657200158299,1,"IPM"
"IPM - Air",15.0648384961482,1,"IPM"
"IPM - Air",16.770969574381,1,"IPM"
"IPM - Air",16.2474430665761,1,"IPM"
"IPM - Air",15.9424079301391,1,"IPM"
"IPM - Air",16.0704988495996,1,"IPM"
"IPM - Air",15.3893367086589,1,"IPM"
"IPM - Air",15.3644106066833,1,"IPM"
"IPM - Air",17.3824119996696,1,"IPM"
"IPM - Air",16.4074937874299,1,"IPM"
"IPM - Air",16.4456044161429,1,"IPM"
"IPM - Air",17.0669312858806,1,"IPM"
"IPM - Air",17.4742902865972,1,"IPM"
"IPM - Air",16.3097601521631,1,"IPM"
"IPM - Air",17.1649554606346,1,"IPM"
"IPM - Air",16.6894539699711,1,"IPM"
"IPM - Air",17.1427990134442,1,"IPM"
"IPM - Air",16.8859241078315,1,"IPM"
"IPM - Air",14.7443431621211,1,"IPM"
"IPM - Air",15.9023836439436,1,"IPM"
"IPM - Air",17.3727021319343,1,"IPM"
"IPM - Air",15.9371425377587,1,"IPM"
"IPM - Air",18.2307780417094,1,"IPM"
"IPM - Air",14.831232873565,1,"IPM"
"IPM - Air",16.7590250236439,1,"IPM"
"IPM - Air",14.0418617222428,1,"IPM"
"IPM - Air",15.4104706196252,1,"IPM"
"IPM - Air",18.8961182838968,1,"IPM"
"IPM - Air",17.4481201221121,1,"IPM"
"IPM - Air",16.6147456576879,1,"IPM"
"IPM - Air",17.2311623710708,1,"IPM"
"IPM - Air",16.718943808731,1,"IPM"
"IPM - Air",17.2493730425749,1,"IPM"
"IPM - Air",16.4066924139653,1,"IPM"
"IPM - Air",16.8078966529923,1,"IPM"
"IPM - Air",16.8455285217673,1,"IPM"
"IPM - Air",16.1531426798447,1,"IPM"
"IPM - Air",15.9512724771795,1,"IPM"
"IPM - Air",16.886470155936,1,"IPM"
"IPM - Air",15.2947922022153,1,"IPM"
"IPM - Air",16.2918556026414,1,"IPM"
"IPM - Air",15.2875733539203,1,"IPM"
"IPM - Air",16.3398803275601,1,"IPM"
"IPM - Air",17.6847140171664,1,"IPM"
"IPM - Air",16.5080082178896,1,"IPM"
"IPM - Air",16.0348643027208,1,"IPM"
"IPM - Air",14.9225705386255,1,"IPM"
"IPM - Air",15.5765554602291,1,"IPM"
"IPM - Air",16.0633964969023,1,"IPM"
"IPM - Air",16.235953321634,1,"IPM"
"IPM - Air",15.2499971467394,1,"IPM"
"IPM - Air",15.4511093185359,1,"IPM"
"IPM - Air",16.9210195201059,1,"IPM"
"IPM - Air",17.1948449935657,1,"IPM"
"IPM - Air",16.364326802842,1,"IPM"
"IPM - Air",15.8402481319197,1,"IPM"
"IPM - Air",17.7215873386895,1,"IPM"
"IPM - Air",17.5992289391168,1,"IPM"
"IPM - Air",15.614480945934,1,"IPM"
"IPM - Air",16.4737189003304,1,"IPM"
"IPM - Air",17.2243489467545,1,"IPM"
"IPM - Air",16.0493242137696,1,"IPM"
"IPM - Air",16.3640320655845,1,"IPM"
"IPM - Air",16.6905113052407,1,"IPM"
"IPM - Air",14.6988394876008,1,"IPM"
"IPM - Air",16.5621025385763,1,"IPM"
"IPM - Air",17.4482346032819,1,"IPM"
"IPM - Air",17.2350445172203,1,"IPM"
"IPM - Air",17.4418833567527,1,"IPM"
"IPM - Air",15.873562859935,1,"IPM"
"IPM - Air",14.6235830502261,1,"IPM"
"IPM - Air",16.4446628618415,1,"IPM"
"IPM - Air",15.4551876335442,1,"IPM"
"IPM - Air",16.944949213527,1,"IPM"
"IPM - Air",18.0053196796241,1,"IPM"
"IPM - Air",16.8999111995279,1,"IPM"
"IPM - Air",16.8074997171002,1,"IPM"
"IPM - Air",17.6137546371745,1,"IPM"
"IPM - Air",16.4391275347332,1,"IPM"
"IPM - Air",16.3390662158131,1,"IPM"
"IPM - Air",14.6106671500426,1,"IPM"
"IPM - Air",16.037330049044,1,"IPM"
"IPM - Air",17.2753454781148,1,"IPM"
"IPM - Air",15.7403121263366,1,"IPM"
"IPM - Air",18.243609805265,1,"IPM"
"IPM - Air",16.6643183576915,1,"IPM"
"IPM - Air",16.0239963179692,1,"IPM"
"IPM - Air",17.4525083701422,1,"IPM"
"IPM - Air",14.8855073791342,1,"IPM"
"IPM - Air",15.9433932010278,1,"IPM"
"IPM - Air",16.5398289854684,1,"IPM"
"IPM - Air",14.4233069586238,1,"IPM"
"IPM - Air",16.8392447303692,1,"IPM"
"IPM - Air",16.7865865629513,1,"IPM"
"IPM - Air",15.9582327694994,1,"IPM"
"IPM - Air",16.9532603068791,1,"IPM"
"IPM - Air",16.6639564591157,1,"IPM"
"IPM - Air",17.2881174765058,1,"IPM"
"IPM - Air",18.0239483321818,1,"IPM"
"IPM - Air",17.0972298710221,1,"IPM"
"IPM - Air",14.3524023551386,1,"IPM"
"IPM - Air",16.49929585419,1,"IPM"
"IPM - Air",16.522570799588,1,"IPM"
"IPM - Air",17.4162218746484,1,"IPM"
"IPM - Air",17.095719284409,1,"IPM"
"IPM - Air",16.0347460432527,1,"IPM"
"IPM - Air",14.4862048492085,1,"IPM"
"IPM - Air",16.8178148058029,1,"IPM"
"IPM - Air",15.9702588861676,1,"IPM"
"IPM - Air",14.7899105670006,1,"IPM"
"IPM - Air",16.0523608440573,1,"IPM"
"IPM - Air",15.5884252874375,1,"IPM"
"IPM - Air",15.379845423065,1,"IPM"
"IPM - Air",14.9845020089466,1,"IPM"
"IPM - Air",15.2597108204467,1,"IPM"
"IPM - Air",15.7321947091714,1,"IPM"
"IPM - Air",16.2048093438187,1,"IPM"
"IPM - Air",17.4499812343797,1,"IPM"
"IPM - Air",16.3846875052689,1,"IPM"
"IPM - Air",17.6679458888621,1,"IPM"
"IPM - Air",15.8398073859982,1,"IPM"
"IPM - Air",16.8648920053517,1,"IPM"
"IPM - Air",15.7350244771044,1,"IPM"
"IPM - Air",15.4827948332987,1,"IPM"
"IPM - Air",14.1678750787112,1,"IPM"
"IPM - Air",17.2211733808854,1,"IPM"
"IPM - Air",16.9464850587449,1,"IPM"
"IPM - Air",17.2814864379347,1,"IPM"
"IPM - Air",16.8073434457088,1,"IPM"
"IPM - Air",15.1864544514221,1,"IPM"
"IPM - Air",15.199946894043,1,"IPM"
"IPM - Air",16.5637459820472,1,"IPM"
"IPM - Air",16.6563684647029,1,"IPM"
"IPM - Air",16.4783945130378,1,"IPM"
"IPM - Air",17.1733369488623,1,"IPM"
"IPM - Air",16.3093009595444,1,"IPM"
"IPM - Air",16.8595339622056,1,"IPM"
"IPM - Air",18.1794225617112,1,"IPM"
"IPM - Air",16.0313161857669,1,"IPM"
"IPM - Air",15.5769883091377,1,"IPM"
"IPM - Air",17.1486746949063,1,"IPM"
"IPM - Air",16.586351310327,1,"IPM"
"IPM - Air",16.3579615582456,1,"IPM"
"IPM - Air",16.1153255548194,1,"IPM"
"IPM - Air",16.1890717507918,1,"IPM"
"IPM - Air",18.1305630627867,1,"IPM"
"IPM - Air",16.0071034886391,1,"IPM"
"IPM - Air",14.9905286814202,1,"IPM"
"IPM - Air",15.3334050192256,1,"IPM"
"IPM - Air",16.087851084499,1,"IPM"
"IPM - Air",16.804359822001,1,"IPM"
"IPM - Air",16.1468176277354,1,"IPM"
"IPM - Air",17.2700591613679,1,"IPM"
"IPM - Air",15.947475550455,1,"IPM"
"IPM - Air",16.215156001113,1,"IPM"
"IPM - Air",16.1655016487408,1,"IPM"
"IPM - Air",15.9833228785764,1,"IPM"
"IPM - Air",16.4770126797077,1,"IPM"
"IPM - Air",16.3862475258621,1,"IPM"
"IPM - Air",15.1986877617233,1,"IPM"
"IPM - Air",16.5215222479729,1,"IPM"
"IPM - Air",16.3425223086173,1,"IPM"
"IPM - Air",16.3152659673708,1,"IPM"
"IPM - Air",16.0266410820311,1,"IPM"
"IPM - Air",15.3058618560736,1,"IPM"
"IPM - Air",14.6970424417522,1,"IPM"
"IPM - Air",15.1825391315224,1,"IPM"
"IPM - Air",15.9911949225078,1,"IPM"
"IPM - Air",17.5652202345295,1,"IPM"
"IPM - Air",17.152345777636,1,"IPM"
"IPM - Air",15.3769070766209,1,"IPM"
"IPM - Air",16.3875362010229,1,"IPM"
"IPM - Air",16.9629983578528,1,"IPM"
"IPM - Air",16.2392584598143,1,"IPM"
"IPM - Air",15.1241007013001,1,"IPM"
"IPM - Air",15.7000857895132,1,"IPM"
"IPM - Air",16.7881461997814,1,"IPM"
"IPM - Air",16.6609205027692,1,"IPM"
"IPM - Air",14.985591379944,1,"IPM"
"IPM - Air",15.2532670823818,1,"IPM"
"IPM - Air",17.2018501545356,1,"IPM"
"IPM - Air",15.6832660674323,1,"IPM"
"IPM - Air",16.3463084689806,1,"IPM"
"IPM - Air",16.0564674921573,1,"IPM"
"IPM - Air",16.4095235754647,1,"IPM"
"IPM - Air",16.7251405391266,1,"IPM"
"IPM - Air",16.0341183997047,1,"IPM"
"IPM - Air",15.6855153276608,1,"IPM"
"IPM - Air",16.8067750150333,1,"IPM"
"IPM - Air",17.540661127825,1,"IPM"
"IPM - Air",16.4691201327713,1,"IPM"
"IPM - Air",17.1637235020559,1,"IPM"
"IPM - Air",15.1822681493725,1,"IPM"
"IPM - Air",17.3152438712185,1,"IPM"
"IPM - Air",14.9739373215375,1,"IPM"
"IPM - Air",16.5285222950346,1,"IPM"
"IPM - Air",16.5753623120528,1,"IPM"
"IPM - Air",17.4585534165094,1,"IPM"
"IPM - Air",16.1901348639857,1,"IPM"
"IPM - Air",17.4796759793165,1,"IPM"
"IPM - Air",17.3525092570658,1,"IPM"
"IPM - Air",15.7388428898302,1,"IPM"
"IPM - Air",15.9877860062853,1,"IPM"
"IPM - Air",15.0980737438401,1,"IPM"
"IPM - Air",16.8869891064515,1,"IPM"
"IPM - Air",15.8075933385672,1,"IPM"
"IPM - Air",17.0040567036888,1,"IPM"
"IPM - Air",15.8570353719647,1,"IPM"
"IPM - Air",16.1630305465314,1,"IPM"
"IPM - Air",16.0900846325482,1,"IPM"
"IPM - Air",16.215896341394,1,"IPM"
"IPM - Air",15.9863494894535,1,"IPM"
"IPM - Air",16.6820039493058,1,"IPM"
"IPM - Air",16.1114144400337,1,"IPM"
"IPM - Air",17.3930671119755,1,"IPM"
"IPM - Air",16.3080380310313,1,"IPM"
"IPM - Air",17.286541925879,1,"IPM"
"IPM - Air",15.9214019809772,1,"IPM"
"IPM - Air",14.217155154109,1,"IPM"
"IPM - Air",17.1862161647922,1,"IPM"
"IPM - Air",16.9531984352728,1,"IPM"
"IPM - Air",15.6684027634484,1,"IPM"
"IPM - Air",16.1123926474792,1,"IPM"
"IPM - Air",17.2518899159677,1,"IPM"
"IPM - Air",15.9481877411038,1,"IPM"
"IPM - Air",14.7220580526254,1,"IPM"
"IPM - Air",16.4855318017271,1,"IPM"
"IPM - Air",15.5914472700463,1,"IPM"
"IPM - Air",16.3440916557072,1,"IPM"
"IPM - Air",16.613688583098,1,"IPM"
"IPM - Air",15.8261528721806,1,"IPM"
"IPM - Air",16.2033210277781,1,"IPM"
"IPM - Air",15.2069296630935,1,"IPM"
"IPM - Air",15.6002640273016,1,"IPM"
"IPM - Air",15.3370685942346,1,"IPM"
"IPM - Air",17.516984988031,1,"IPM"
"IPM - Air",17.0419927660527,1,"IPM"
"IPM - Air",17.0286024225427,1,"IPM"
"IPM - Air",16.0290134040649,1,"IPM"
"IPM - Air",17.4050404795401,1,"IPM"
"IPM - Air",15.7183165705232,1,"IPM"
"IPM - Air",14.5882979930912,1,"IPM"
"IPM - Air",15.7022566604427,1,"IPM"
"IPM - Air",15.6447661557419,1,"IPM"
"IPM - Air",16.3308892460297,1,"IPM"
"IPM - Air",16.2913432884618,1,"IPM"
"IPM - Air",15.2876361524349,1,"IPM"
"IPM - Air",17.5010873358822,1,"IPM"
"IPM - Air",16.3157594075938,1,"IPM"
"IPM - Air",16.5824666908584,1,"IPM"
"IPM - Air",17.4048744420421,1,"IPM"
"IPM - Air",16.1210394222501,1,"IPM"
"IPM - Air",15.6837724034013,1,"IPM"
"IPM - Air",15.2769880633584,1,"IPM"
"IPM - Air",15.181402320586,1,"IPM"
"IPM - Air",16.3151406062506,1,"IPM"
"IPM - Air",15.8398185016804,1,"IPM"
"IPM - Air",16.4975271166098,1,"IPM"
"IPM - Air",16.8481431804715,1,"IPM"
"IPM - Air",16.3569034361637,1,"IPM"
"IPM - Air",17.0569594316684,1,"IPM"
"IPM - Air",15.2876099311693,1,"IPM"
"IPM - Air",15.2850508475687,1,"IPM"
"IPM - Air",16.8503673553068,1,"IPM"
"IPM - Air",17.1785835429174,1,"IPM"
"IPM - Air",17.7824437364439,1,"IPM"
"IPM - Air",16.8021250330246,1,"IPM"
"IPM - Air",15.4044416118039,1,"IPM"
"IPM - Air",16.5704965605645,1,"IPM"
"IPM - Air",15.8614754384516,1,"IPM"
"IPM - Air",16.5691978388701,1,"IPM"
"IPM - Air",16.8208757473081,1,"IPM"
"IPM - Air",14.9823663015744,1,"IPM"
"IPM - Air",15.7245591925804,1,"IPM"
"IPM - Air",15.9873669536501,1,"IPM"
"IPM - Air",16.3346762656272,1,"IPM"
"IPM - Air",15.8729380135277,1,"IPM"
"IPM - Air",17.2662480040017,1,"IPM"
"IPM - Air",15.6355105445514,1,"IPM"
"IPM - Air",18.3165745894704,1,"IPM"
"IPM - Air",16.7613195871905,1,"IPM"
"IPM - Air",16.065914666946,1,"IPM"
"IPM - Air",15.882513804596,1,"IPM"
"IPM - Air",15.6397840486836,1,"IPM"
"IPM - Air",14.8101998104748,1,"IPM"
"IPM - Air",15.6446316156375,1,"IPM"
"IPM - Air",15.7220860464684,1,"IPM"
"IPM - Air",16.6755768633678,1,"IPM"
"IPM - Air",16.3832117906449,1,"IPM"
"IPM - Air",17.9196640693613,1,"IPM"
"IPM - Air",17.775150671763,1,"IPM"
"IPM - Air",16.2862352433598,1,"IPM"
"IPM - Air",14.7607043455779,1,"IPM"
"IPM - Air",16.3546748076055,1,"IPM"
"IPM - Air",15.2976719197854,1,"IPM"
"IPM - Air",16.9464630957104,1,"IPM"
"IPM - Air",17.2754306294719,1,"IPM"
"IPM - Air",16.4780558839547,1,"IPM"
"IPM - Air",16.7655322917164,1,"IPM"
"IPM - Air",16.9739234853824,1,"IPM"
"IPM - Air",15.4180905333929,1,"IPM"
"IPM - Air",16.0208162984403,1,"IPM"
"IPM - Air",16.3798476703586,1,"IPM"
"IPM - Air",17.617466240166,1,"IPM"
"IPM - Air",16.4518345481951,1,"IPM"
"IPM - Air",16.8903983633437,1,"IPM"
"IPM - Air",16.5522940903986,1,"IPM"
"IPM - Air",16.8309412257976,1,"IPM"
"IPM - Air",16.8619243473175,1,"IPM"
"IPM - Air",16.9283563350108,1,"IPM"
"IPM - Air",17.8985963265978,1,"IPM"
"IPM - Air",16.1922204564445,1,"IPM"
"IPM - Air",17.2332992018793,1,"IPM"
"IPM - Air",15.8098953261013,1,"IPM"
"IPM - Air",16.3843808670999,1,"IPM"
"IPM - Air",17.044369482667,1,"IPM"
"IPM - Air",14.7056770874248,1,"IPM"
"IPM - Air",14.9324834174157,1,"IPM"
"IPM - Air",15.9398399569741,1,"IPM"
"IPM - Air",16.0274928557334,1,"IPM"
"IPM - Air",17.3819224756458,1,"IPM"
"IPM - Air",16.7619297288257,1,"IPM"
"IPM - Air",16.0054676974243,1,"IPM"
"IPM - Air",15.6289937605097,1,"IPM"
"IPM - Air",16.7345192220421,1,"IPM"
"IPM - Air",16.2173067007209,1,"IPM"
"IPM - Air",17.4064285319968,1,"IPM"
"IPM - Air",15.3052307100826,1,"IPM"
"IPM - Air",16.9353622425663,1,"IPM"
"IPM - Air",15.7816536490286,1,"IPM"
"IPM - Air",17.3352595776513,1,"IPM"
"IPM - Air",18.1560626593871,1,"IPM"
"IPM - Air",16.4896583893047,1,"IPM"
"IPM - Air",17.0248323584238,1,"IPM"
"IPM - Air",16.3791089856498,1,"IPM"
"IPM - Air",17.5997293987333,1,"IPM"
"IPM - Air",18.0276440599449,1,"IPM"
"IPM - Air",16.6058363150742,1,"IPM"
"IPM - Air",17.3150306322395,1,"IPM"
"IPM - Air",16.9865451092603,1,"IPM"
"IPM - Air",17.395421640847,1,"IPM"
"IPM - Air",16.6516872408829,1,"IPM"
"IPM - Air",16.7369121005286,1,"IPM"
"IPM - Air",16.4228397819913,1,"IPM"
"IPM - Air",15.8032370038332,1,"IPM"
"IPM - Air",16.9124605719883,1,"IPM"
"IPM - Air",15.5029897210726,1,"IPM"
"IPM - Air",16.118374249723,1,"IPM"
"IPM - Air",16.810659725609,1,"IPM"
"IPM - Air",16.0252493464925,1,"IPM"
"IPM - Air",17.0338775927123,1,"IPM"
"IPM - Air",16.7641778998961,1,"IPM"
"IPM - Air",15.6847624870337,1,"IPM"
"IPM - Air",16.6996419925503,1,"IPM"
"IPM - Air",16.2533809570068,1,"IPM"
"IPM - Air",16.2878663274968,1,"IPM"
"IPM - Air",15.7971687649034,1,"IPM"
"IPM - Air",15.2896265711383,1,"IPM"
"IPM - Air",16.5529954852552,1,"IPM"
"IPM - Air",17.1212782923345,1,"IPM"
"IPM - Air",17.2141047480701,1,"IPM"
"IPM - Air",16.6106708988057,1,"IPM"
"IPM - Air",16.3606480139181,1,"IPM"
"IPM - Air",16.8390295825288,1,"IPM"
"IPM - Air",18.2399544519006,1,"IPM"
"IPM - Air",15.9610377594553,1,"IPM"
"IPM - Air",16.2834557800645,1,"IPM"
"IPM - Air",16.0402076358174,1,"IPM"
"IPM - Air",17.1628613891383,1,"IPM"
"IPM - Air",17.0898803945482,1,"IPM"
"IPM - Air",15.0840401208562,1,"IPM"
"IPM - Air",18.1321517977051,1,"IPM"
"IPM - Air",16.2018454141267,1,"IPM"
"IPM - Air",16.5805922828433,1,"IPM"
"IPM - Air",16.0965358531401,1,"IPM"
"IPM - Air",16.5269262318509,1,"IPM"
"IPM - Air",16.1534228438261,1,"IPM"
"IPM - Air",15.8771990394226,1,"IPM"
"IPM - Air",16.8642763692058,1,"IPM"
"IPM - Air",17.6173313177876,1,"IPM"
"IPM - Air",15.9373212758546,1,"IPM"
"IPM - Air",16.4644274454713,1,"IPM"
"IPM - Air",17.0915394638011,1,"IPM"
"IPM - Air",15.9483732305433,1,"IPM"
"IPM - Air",18.2288407943358,1,"IPM"
"IPM - Air",15.2344283009798,1,"IPM"
"IPM - Air",15.6082666237916,1,"IPM"
"IPM - Air",15.6094350538849,1,"IPM"
"IPM - Air",15.8302993057366,1,"IPM"
"IPM - Air",15.9053383542942,1,"IPM"
"IPM - Air",17.547287295249,1,"IPM"
"IPM - Air",15.3879683766814,1,"IPM"
"IPM - Air",16.1055771222759,1,"IPM"
"IPM - Air",16.2079472602778,1,"IPM"
"IPM - Air",15.2225413000528,1,"IPM"
"IPM - Air",17.2239276283693,1,"IPM"
"IPM - Air",15.4303672527741,1,"IPM"
"IPM - Air",15.287440036443,1,"IPM"
"IPM - Air",15.561971752774,1,"IPM"
"IPM - Air",15.9095981972585,1,"IPM"
"IPM - Air",15.9351481082879,1,"IPM"
"IPM - Air",14.7859932710857,1,"IPM"
"IPM - Air",15.9479491659398,1,"IPM"
"IPM - Air",16.2234653841955,1,"IPM"
"IPM - Air",16.4939040659178,1,"IPM"
"IPM - Air",16.5635678640559,1,"IPM"
"IPM - Air",15.220701611133,1,"IPM"
"IPM - Air",15.8161640925385,1,"IPM"
"IPM - Air",15.6131288657316,1,"IPM"
"IPM - Air",16.6951224373487,1,"IPM"
"IPM - Air",16.1389909105918,1,"IPM"
"IPM - Air",16.3407568340747,1,"IPM"
"IPM - Air",17.3775335035695,1,"IPM"
"IPM - Air",17.7391172471852,1,"IPM"
"IPM - Air",16.0070722549924,1,"IPM"
"IPM - Air",15.5888653650523,1,"IPM"
"IPM - Air",16.2255380294081,1,"IPM"
"IPM - Air",17.1321671329147,1,"IPM"
"IPM - Air",15.1802011357957,1,"IPM"
"IPM - Air",15.9627453833523,1,"IPM"
"IPM - Air",16.2956536365473,1,"IPM"
"IPM - Air",16.583728638958,1,"IPM"
"IPM - Air",16.6294801798487,1,"IPM"
"IPM - Air",16.4670397351767,1,"IPM"
"IPM - Air",16.9871648113627,1,"IPM"
"IPM - Air",16.302469404258,1,"IPM"
"IPM - Air",17.2179473500288,1,"IPM"
"IPM - Air",16.638123002826,1,"IPM"
"IPM - Air",16.7314217220756,1,"IPM"
"IPM - Air",16.7005713040512,1,"IPM"
"IPM - Air",15.5045129021674,1,"IPM"
"IPM - Air",15.6414734970516,1,"IPM"
"IPM - Air",16.6094928781833,1,"IPM"
"IPM - Air",16.8544386151876,1,"IPM"
"IPM - Air",16.8345134109123,1,"IPM"
"IPM - Air",14.7136136104571,1,"IPM"
"IPM - Air",16.3993438388677,1,"IPM"
"IPM - Air",16.8153446494924,1,"IPM"
"IPM - Air",16.5752788774884,1,"IPM"
"IPM - Air",16.0784011342839,1,"IPM"
"IPM - Air",16.0628141786441,1,"IPM"
"IPM - Air",15.9975514863948,1,"IPM"
"IPM - Air",16.2061709753946,1,"IPM"
"IPM - Air",15.1301112692546,1,"IPM"
"IPM - Air",17.0256564377695,1,"IPM"
"IPM - Air",15.4136785955567,1,"IPM"
"IPM - Air",15.2806550239111,1,"IPM"
"IPM - Air",15.9357590575462,1,"IPM"
"IPM - Air",16.2200934410809,1,"IPM"
"IPM - Air",15.6454420828113,1,"IPM"
"IPM - Air",17.44521402638,1,"IPM"
"IPM - Air",16.7945458538025,1,"IPM"
"IPM - Air",16.4388797796458,1,"IPM"
"IPM - Air",17.0021240878372,1,"IPM"
"IPM - Air",15.2804984847018,1,"IPM"
"IPM - Air",15.8135594720291,1,"IPM"
"IPM - Air",16.4812407444448,1,"IPM"
"IPM - Air",16.614239603357,1,"IPM"
"IPM - Air",15.5910788958627,1,"IPM"
"IPM - Air",16.1308540484569,1,"IPM"
"IPM - Air",16.6096385137381,1,"IPM"
"IPM - Air",16.2275756586927,1,"IPM"
"IPM - Air",16.6855719740902,1,"IPM"
"IPM - Air",16.7981449118304,1,"IPM"
"IPM - Air",16.0672457618512,1,"IPM"
"IPM - Air",16.4749577892744,1,"IPM"
"IPM - Air",16.3577024288555,1,"IPM"
"IPM - Air",15.4939993556069,1,"IPM"
"IPM - Air",16.2841676652503,1,"IPM"
"IPM - Air",17.1458635515829,1,"IPM"
"IPM - Air",16.079755655939,1,"IPM"
"IPM - Air",17.8725271148547,1,"IPM"
"IPM - Air",16.2763683213479,1,"IPM"
"IPM - Air",16.3519618162393,1,"IPM"
"IPM - Air",16.0020213252836,1,"IPM"
"IPM - Air",16.7238021191848,1,"IPM"
"IPM - Air",16.3958676320389,1,"IPM"
"IPM - Air",16.9289274590921,1,"IPM"
"IPM - Air",16.162898969008,1,"IPM"
"IPM - Air",15.5332217507069,1,"IPM"
"IPM - Air",16.5172454342703,1,"IPM"
"IPM - Air",15.8480787962971,1,"IPM"
"IPM - Air",15.9414161157449,1,"IPM"
"IPM - Air",16.5543030656425,1,"IPM"
"IPM - Air",16.3067756432842,1,"IPM"
"IPM - Air",15.565850425134,1,"IPM"
"IPM - Air",16.0255927525166,1,"IPM"
"IPM - Air",16.2635256082094,1,"IPM"
"IPM - Air",17.0677346691333,1,"IPM"
"IPM - Air",17.3218621389232,1,"IPM"
"IPM - Air",15.6641122737398,1,"IPM"
"IPM - Air",16.0397888018754,1,"IPM"
"IPM - Air",16.8773588770255,1,"IPM"
"IPM - Air",16.6097518382353,1,"IPM"
"IPM - Air",15.5920660949498,1,"IPM"
"IPM - Air",16.3969027212977,1,"IPM"
"IPM - Air",16.2262112733729,1,"IPM"
"IPM - Air",15.7732723650329,1,"IPM"
"IPM - Air",17.3113247779419,1,"IPM"
"IPM - Air",16.1169104121777,1,"IPM"
"IPM - Air",15.2562562537901,1,"IPM"
"IPM - Air",16.657877993118,1,"IPM"
"IPM - Air",16.2975603242813,1,"IPM"
"IPM - Air",15.9266685153771,1,"IPM"
"IPM - Air",16.5981866574191,1,"IPM"
"IPM - Air",15.5849855598518,1,"IPM"
"IPM - Air",16.8067180130201,1,"IPM"
"IPM - Air",16.6779921100528,1,"IPM"
"IPM - Air",16.6061418064968,1,"IPM"
"IPM - Air",16.7558392371108,1,"IPM"
"IPM - Air",16.159770048016,1,"IPM"
"IPM - Air",16.5722023653513,1,"IPM"
"IPM - Air",17.5839736878273,1,"IPM"
"IPM - Air",15.9439242570344,1,"IPM"
"IPM - Air",16.9433126886309,1,"IPM"
"IPM - Air",14.9365202666416,1,"IPM"
"IPM - Air",16.3328441864182,1,"IPM"
"IPM - Air",16.8332504918946,1,"IPM"
"IPM - Air",17.6493379691508,1,"IPM"
"IPM - Air",15.6128430271948,1,"IPM"
"IPM - Air",15.8215674640462,1,"IPM"
"IPM - Air",16.5265466314237,1,"IPM"
"IPM - Air",15.506920566248,1,"IPM"
"IPM - Air",16.1042339122561,1,"IPM"
"IPM - Air",16.4908388551706,1,"IPM"
"IPM - Air",15.2829482094758,1,"IPM"
"IPM - Air",16.8922831359195,1,"IPM"
"IPM - Air",16.2899134517755,1,"IPM"
"IPM - Air",15.7659449662887,1,"IPM"
"IPM - Air",14.6530631018185,1,"IPM"
"IPM - Air",15.9737207552466,1,"IPM"
"IPM - Air",16.0034926031044,1,"IPM"
"IPM - Air",15.753810481282,1,"IPM"
"IPM - Air",17.2617162076099,1,"IPM"
"IPM - Air",17.4398327294761,1,"IPM"
"IPM - Air",18.1068193911546,1,"IPM"
"IPM - Air",16.7491116835596,1,"IPM"
"IPM - Air",15.7382932657769,1,"IPM"
"IPM - Air",16.0069708312556,1,"IPM"
"IPM - Air",14.9493369216101,1,"IPM"
"IPM - Air",16.4867763143091,1,"IPM"
"IPM - Air",15.8878620053899,1,"IPM"
"IPM - Air",15.3151354762536,1,"IPM"
"IPM - Air",15.622638791058,1,"IPM"
"IPM - Air",16.1151175762651,1,"IPM"
"IPM - Air",17.1728582368096,1,"IPM"
"IPM - Air",16.8879390460858,1,"IPM"
"IPM - Air",17.5440139214563,1,"IPM"
"IPM - Air",16.9665172908515,1,"IPM"
"IPM - Air",16.2381437216042,1,"IPM"
"IPM - Air",17.8806760793633,1,"IPM"
"IPM - Air",15.8439788765835,1,"IPM"
"IPM - Air",15.1117011647992,1,"IPM"
"IPM - Air",17.086710155435,1,"IPM"
"IPM - Air",17.8052149271996,1,"IPM"
"IPM - Air",16.779172447284,1,"IPM"
"IPM - Air",15.743712249468,1,"IPM"
"IPM - Air",17.1995486251819,1,"IPM"
"IPM - Air",17.4933903728818,1,"IPM"
"IPM - Air",15.2975876810201,1,"IPM"
"IPM - Air",17.2677772326418,1,"IPM"
"IPM - Air",16.380072556125,1,"IPM"
"IPM - Air",16.6840158149766,1,"IPM"
"IPM - Air",15.4642376174274,1,"IPM"
"IPM - Air",16.1829463525655,1,"IPM"
"IPM - Air",15.3545260420766,1,"IPM"
"IPM - Air",16.7318591938719,1,"IPM"
"IPM - Air",15.9422041600523,1,"IPM"
"IPM - Air",16.2313437960116,1,"IPM"
"IPM - Air",16.8190747816909,1,"IPM"
"IPM - Air",16.3732441152995,1,"IPM"
"IPM - Air",16.7491987357854,1,"IPM"
"IPM - Air",14.9243621533773,1,"IPM"
"IPM - Air",15.7317191758257,1,"IPM"
"IPM - Air",15.0424020280055,1,"IPM"
"IPM - Air",18.4729152761168,1,"IPM"
"IPM - Air",17.6840899985448,1,"IPM"
"IPM - Air",16.4529248253816,1,"IPM"
"IPM - Air",17.3251830467972,1,"IPM"
"IPM - Air",15.8697127514313,1,"IPM"
"IPM - Air",17.489197775174,1,"IPM"
"IPM - Air",16.9003725133177,1,"IPM"
"IPM - Air",16.2128136380661,1,"IPM"
"IPM - Air",16.4175698042168,1,"IPM"
"IPM - Air",15.5898760097277,1,"IPM"
"IPM - Air",16.6703580772006,1,"IPM"
"IPM - Air",17.0236591849247,1,"IPM"
"IPM - Air",16.6920367620829,1,"IPM"
"IPM - Air",15.8645239815077,1,"IPM"
"IPM - Air",15.744641150222,1,"IPM"
"IPM - Air",17.9039554959604,1,"IPM"
"IPM - Air",17.0386732541505,1,"IPM"
"IPM - Air",15.0373630143424,1,"IPM"
"IPM - Air",16.4628794511596,1,"IPM"
"IPM - Air",17.1926829731762,1,"IPM"
"IPM - Air",18.0617572815404,1,"IPM"
"IPM - Air",17.2905183713521,1,"IPM"
"IPM - Air",14.6744169569849,1,"IPM"
"IPM - Air",16.2603802365071,1,"IPM"
"IPM - Air",16.7441035646412,1,"IPM"
"IPM - Air",16.8292872153548,1,"IPM"
"IPM - Air",16.6287494356316,1,"IPM"
"IPM - Air",17.4514861998157,1,"IPM"
"IPM - Air",16.0631903834622,1,"IPM"
"IPM - Air",16.8882490467723,1,"IPM"
"IPM - Air",15.7917924950913,1,"IPM"
"IPM - Air",17.1862928932086,1,"IPM"
"IPM - Air",16.4278786381959,1,"IPM"
"IPM - Air",16.2836659354234,1,"IPM"
"IPM - Air",16.296147180217,1,"IPM"
"IPM - Air",18.0231570901576,1,"IPM"
"IPM - Air",16.3738745072106,1,"IPM"
"IPM - Air",16.4850340309525,1,"IPM"
"IPM - Air",15.7886996312269,1,"IPM"
"IPM - Air",15.7678295800607,1,"IPM"
"IPM - Air",15.6267966111491,1,"IPM"
"IPM - Air",16.1407571328437,1,"IPM"
"IPM - Air",15.3645909407336,1,"IPM"
"IPM - Air",16.578992217483,1,"IPM"
"IPM - Air",16.6744027357764,1,"IPM"
"IPM - Air",16.1067981816437,1,"IPM"
"IPM - Air",15.746206983184,1,"IPM"
"IPM - Air",16.1187775319875,1,"IPM"
"IPM - Air",15.6790854660445,1,"IPM"
"IPM - Air",16.3670743965796,1,"IPM"
"IPM - Air",15.5419907822807,1,"IPM"
"IPM - Air",14.7645256672087,1,"IPM"
"IPM - Air",15.275731580808,1,"IPM"
"IPM - Air",14.6331820531563,1,"IPM"
"IPM - Air",18.1536424058847,1,"IPM"
"IPM - Air",15.9403649786943,1,"IPM"
"IPM - Air",15.36621496369,1,"IPM"
"IPM - Air",16.914686592066,1,"IPM"
"IPM - Air",16.6117570443274,1,"IPM"
"IPM - Air",15.0612901559205,1,"IPM"
"IPM - Air",16.4489042491858,1,"IPM"
"IPM - Air",16.8724342038739,1,"IPM"
"IPM - Air",15.8442314858278,1,"IPM"
"IPM - Air",16.2941927162999,1,"IPM"
"IPM - Air",16.7000020447285,1,"IPM"
"IPM - Air",15.5352169422108,1,"IPM"
"IPM - Air",15.1553752597468,1,"IPM"
"IPM - Air",16.8124740482265,1,"IPM"
"IPM - Air",16.9601838388875,1,"IPM"
"IPM - Air",15.6281894743369,1,"IPM"
"IPM - Air",15.5951214977996,1,"IPM"
"IPM - Air",17.8107522932736,1,"IPM"
"IPM - Air",16.8322660782143,1,"IPM"
"IPM - Air",16.1207682608923,1,"IPM"
"IPM - Air",16.1365350301397,1,"IPM"
"IPM - Air",15.239141416648,1,"IPM"
"IPM - Air",16.466565598628,1,"IPM"
"IPM - Air",18.4623179056663,1,"IPM"
"IPM - Air",17.3872445744576,1,"IPM"
"IPM - Air",17.0480322756859,1,"IPM"
"IPM - Air",14.3866841392612,1,"IPM"
"IPM - Air",16.6557590020032,1,"IPM"
"IPM - Air",16.9684427131776,1,"IPM"
"IPM - Air",17.4258407178566,1,"IPM"
"IPM - Air",17.1457330707178,1,"IPM"
"IPM - Air",17.7146711154975,1,"IPM"
"IPM - Air",18.7798139941449,1,"IPM"
"IPM - Air",15.8425900334656,1,"IPM"
"IPM - Air",15.7050153703369,1,"IPM"
"IPM - Air",16.7481159138806,1,"IPM"
"IPM - Air",17.0553844717114,1,"IPM"
"IPM - Air",16.2109551695295,1,"IPM"
"IPM - Air",15.7042635764042,1,"IPM"
"IPM - Air",16.0620324870887,1,"IPM"
"IPM - Air",16.1660023192033,1,"IPM"
"IPM - Air",15.0224467097395,1,"IPM"
"IPM - Air",16.509063466701,1,"IPM"
"IPM - Air",17.8469472860739,1,"IPM"
"IPM - Air",17.3033363538147,1,"IPM"
"IPM - Air",15.3654929903281,1,"IPM"
"IPM - Air",17.0335686092732,1,"IPM"
"IPM - Air",15.5277422695331,1,"IPM"
"IPM - Air",15.7224904602621,1,"IPM"
"IPM - Air",16.7753183942626,1,"IPM"
"IPM - Air",17.3421586017029,1,"IPM"
"IPM - Air",15.5759369934138,1,"IPM"
"IPM - Air",16.1924181312479,1,"IPM"
"IPM - Air",14.8233374077425,1,"IPM"
"IPM - Air",16.3818325244662,1,"IPM"
"IPM - Air",15.8122391593929,1,"IPM"
"IPM - Air",15.802340703099,1,"IPM"
"IPM - Air",17.1723286912003,1,"IPM"
"IPM - Air",16.1320502677943,1,"IPM"
"IPM - Air",16.7147364727631,1,"IPM"
"IPM - Air",17.3959117833565,1,"IPM"
"IPM - Air",15.0264526677514,1,"IPM"
"IPM - Air",17.1292940683346,1,"IPM"
"IPM - Air",16.5537324106087,1,"IPM"
"IPM - Air",14.8737426466525,1,"IPM"
"IPM - Air",17.3234257388278,1,"IPM"
"IPM - Air",16.7353008378561,1,"IPM"
"IPM - Air",15.8312419262321,1,"IPM"
"IPM - Air",16.7351950284957,1,"IPM"
"IPM - Air",15.8943784785983,1,"IPM"
"IPM - Air",16.4804366641277,1,"IPM"
"IPM - Air",17.6823093808657,1,"IPM"
"IPM - Air",17.2683364661569,1,"IPM"
"IPM - Air",16.4722719378728,1,"IPM"
"IPM - Air",16.5938749058039,1,"IPM"
"IPM - Air",18.1965093762927,1,"IPM"
"IPM - Air",17.6627376460029,1,"IPM"
"IPM - Air",17.2777874348674,1,"IPM"
"IPM - Air",15.924011736007,1,"IPM"
"IPM - Air",15.6966471583809,1,"IPM"
"IPM - Air",17.0982952221347,1,"IPM"
"IPM - Air",17.8972617921151,1,"IPM"
"IPM - Air",16.6510834248985,1,"IPM"
"IPM - Air",15.5821248899947,1,"IPM"
"IPM - Air",16.0963110976676,1,"IPM"
"IPM - Air",15.906116548263,1,"IPM"
"IPM - Air",17.5610448926162,1,"IPM"
"IPM - Air",16.5866549539283,1,"IPM"
"IPM - Air",16.9378892253255,1,"IPM"
"IPM - Air",15.9928579869466,1,"IPM"
"IPM - Air",16.452633642706,1,"IPM"
"IPM - Air",16.7783048899257,1,"IPM"
"IPM - Air",17.0827659611108,1,"IPM"
"IPM - Air",15.9725759334822,1,"IPM"
"IPM - Air",14.3071189022029,1,"IPM"
"IPM - Air",16.9763505936336,1,"IPM"
"IPM - Air",16.6027883430789,1,"IPM"
"IPM - Air",16.3980461776902,1,"IPM"
"IPM - Air",17.0108513345868,1,"IPM"
"IPM - Air",16.0318193481037,1,"IPM"
"IPM - Air",16.5764536269445,1,"IPM"
"IPM - Air",15.040506629788,1,"IPM"
"IPM - Air",17.6881706477989,1,"IPM"
"IPM - Air",17.9154007660816,1,"IPM"
"IPM - Air",16.3834425642669,1,"IPM"
"IPM - Air",16.736598215285,1,"IPM"
"IPM - Air",17.5954649164204,1,"IPM"
"IPM - Air",17.8879498868329,1,"IPM"
"IPM - Air",16.0257248055635,1,"IPM"
"IPM - Air",16.7140250333776,1,"IPM"
"IPM - Air",16.5836222761569,1,"IPM"
"IPM - Air",18.0204911069428,1,"IPM"
"IPM - Air",16.5979691095324,1,"IPM"
"IPM - Air",16.9925210002036,1,"IPM"
"IPM - Air",16.7038225855844,1,"IPM"
"IPM - Air",16.7601588247477,1,"IPM"
"IPM - Air",17.5019744653717,1,"IPM"
"IPM - Air",16.736275780048,1,"IPM"
"IPM - Air",16.160872051176,1,"IPM"
"IPM - Air",16.652397264901,1,"IPM"
"IPM - Air",16.8100149853689,1,"IPM"
"IPM - Air",15.4408155468638,1,"IPM"
"IPM - Air",16.6225433499972,1,"IPM"
"IPM - Air",16.6103577567731,1,"IPM"
"IPM - Air",15.3422447496184,1,"IPM"
"IPM - Air",16.0441597610555,1,"IPM"
"IPM - Air",17.1406528499532,1,"IPM"
"IPM - Air",16.0611555544104,1,"IPM"
"IPM - Air",17.5562363329113,1,"IPM"
"IPM - Air",15.1418449142982,1,"IPM"
"IPM - Air",15.8292698216795,1,"IPM"
"IPM - Air",14.7264387261198,1,"IPM"
"IPM - Air",16.2523640028806,1,"IPM"
"IPM - Air",16.5885637070815,1,"IPM"
"IPM - Air",17.7755177229937,1,"IPM"
"IPM - Air",16.6131341817936,1,"IPM"
"IPM - Air",15.8296142210735,1,"IPM"
"IPM - Air",15.5712577338834,1,"IPM"
"IPM - Air",18.136112274778,1,"IPM"
"IPM - Air",14.7483745917492,1,"IPM"
"IPM - Air",16.8042332873013,1,"IPM"
"IPM - Air",14.894623618225,1,"IPM"
"IPM - Air",14.7345170627411,1,"IPM"
"IPM - Air",16.3684884169924,1,"IPM"
"IPM - Air",15.2827754668691,1,"IPM"
"IPM - Air",16.5916542062224,1,"IPM"
"IPM - Air",16.9042355308343,1,"IPM"
"IPM - Air",18.2732857679983,1,"IPM"
"IPM - Air",15.7353241523683,1,"IPM"
"IPM - Air",16.5089593104837,1,"IPM"
"IPM - Air",17.4348548978199,1,"IPM"
"IPM - Air",16.1617067525115,1,"IPM"
"IPM - Air",16.9825954653498,1,"IPM"
"IPM - Air",16.3938022929295,1,"IPM"
"IPM - Air",16.1836193742747,1,"IPM"
"IPM - Air",16.5616470916929,1,"IPM"
"IPM - Air",17.7264109722075,1,"IPM"
"IPM - Air",16.2446660166603,1,"IPM"
"IPM - Air",17.5220062487828,1,"IPM"
"IPM - Air",16.7117998815348,1,"IPM"
"IPM - Air",16.0794668713365,1,"IPM"
"IPM - Air",14.6671593597433,1,"IPM"
"IPM - Air",16.9149210728004,1,"IPM"
"IPM - Air",15.1925387163384,1,"IPM"
"IPM - Air",16.7364038404328,1,"IPM"
"IPM - Air",16.7770725861546,1,"IPM"
"IPM - Air",17.6096504475529,1,"IPM"
"IPM - Air",15.6186091125269,1,"IPM"
"IPM - Air",17.0034582128781,1,"IPM"
"IPM - Air",17.290431132718,1,"IPM"
"IPM - Air",16.9798080474835,1,"IPM"
"IPM - Air",17.0926823948299,1,"IPM"
"IPM - Air",16.773018754541,1,"IPM"
"IPM - Air",16.1576507655634,1,"IPM"
"IPM - Air",16.0269366616783,1,"IPM"
"IPM - Air",17.0280675575253,1,"IPM"
"IPM - Air",15.6864425378622,1,"IPM"
"IPM - Air",16.4226139036836,1,"IPM"
"IPM - Air",16.5368500419547,1,"IPM"
"IPM - Air",16.8029445101135,1,"IPM"
"IPM - Air",16.6594370994486,1,"IPM"
"IPM - Air",14.9146788274166,1,"IPM"
"IPM - Air",16.8868493275092,1,"IPM"
"IPM - Air",15.7224207358366,1,"IPM"
"IPM - Air",16.7465661093118,1,"IPM"
"IPM - Air",14.7263975166837,1,"IPM"
"IPM - Air",16.5207216612511,1,"IPM"
"IPM - Air",15.8690855836342,1,"IPM"
"IPM - Air",16.6230178550882,1,"IPM"
"IPM - Air",15.8064044752769,1,"IPM"
"IPM - Air",17.1387768001905,1,"IPM"
"IPM - Air",15.639030664766,1,"IPM"
"IPM - Air",16.8269524251304,1,"IPM"
"IPM - Air",16.958584696527,1,"IPM"
"IPM - Air",17.2143012634869,1,"IPM"
"IPM - Air",14.7414890388434,1,"IPM"
"IPM - Air",16.1024697322346,1,"IPM"
"IPM - Air",16.2293828321483,1,"IPM"
"IPM - Air",17.8014559345613,1,"IPM"
"IPM - Air",16.5625089065803,1,"IPM"
"IPM - Air",15.5071619397112,1,"IPM"
"IPM - Air",16.7981986022749,1,"IPM"
"IPM - Air",18.1709408189719,1,"IPM"
"IPM - Air",15.9934537787986,1,"IPM"
"IPM - Air",15.2695432838125,1,"IPM"
"IPM - Air",17.6058461645077,1,"IPM"
"IPM - Air",16.8278320684503,1,"IPM"
"IPM - Air",17.5237954390656,1,"IPM"
"IPM - Air",16.6455017296769,1,"IPM"
"IPM - Air",15.451610380245,1,"IPM"
"IPM - Air",16.8315488102344,1,"IPM"
"IPM - Air",15.179654022959,1,"IPM"
"IPM - Air",15.8966572548961,1,"IPM"
"IPM - Air",16.730423214144,1,"IPM"
"IPM - Air",17.8145796360314,1,"IPM"
"IPM - Air",14.2663205767304,1,"IPM"
"IPM - Air",15.261680456919,1,"IPM"
"IPM - Air",17.6323078447871,1,"IPM"
"IPM - Air",17.5812255693683,1,"IPM"
"IPM - Air",15.7656952455589,1,"IPM"
"IPM - Air",15.6910756447344,1,"IPM"
"IPM - Air",16.7693996732479,1,"IPM"
"IPM - Air",16.7031132200618,1,"IPM"
"IPM - Air",16.5630183782675,1,"IPM"
"IPM - Air",15.1037663805089,1,"IPM"
"IPM - Air",18.883159787685,1,"IPM"
"IPM - Air",16.5784922317443,1,"IPM"
"IPM - Air",15.5550262825915,1,"IPM"
"IPM - Air",16.380318456544,1,"IPM"
"IPM - Air",17.0129779558479,1,"IPM"
"IPM - Air",16.91903079694,1,"IPM"
"IPM - Air",16.9279349883434,1,"IPM"
"IPM - Air",16.8061490696088,1,"IPM"
"IPM - Air",16.6334181753574,1,"IPM"
"IPM - Air",17.2395772294101,1,"IPM"
"IPM - Air",16.7605058078774,1,"IPM"
"IPM - Air",15.662364166018,1,"IPM"
"IPM - Air",16.4249072986658,1,"IPM"
"IPM - Air",17.2856282412592,1,"IPM"
"IPM - Air",18.7575763349679,1,"IPM"
"IPM - Air",17.070417362665,1,"IPM"
"IPM - Air",16.0234266005844,1,"IPM"
"IPM - Air",17.8373861831759,1,"IPM"
"IPM - Air",15.1553792888067,1,"IPM"
"IPM - Air",15.0856982971347,1,"IPM"
"IPM - Air",16.1459938184252,1,"IPM"
"IPM - Air",16.4175065056774,1,"IPM"
"IPM - Air",15.9293512981668,1,"IPM"
"IPM - Air",15.064057670551,1,"IPM"
"IPM - Air",17.2528291688776,1,"IPM"
"IPM - Air",16.5697543754674,1,"IPM"
"IPM - Air",15.8208790751605,1,"IPM"
"IPM - Air",16.5641035089708,1,"IPM"
"IPM - Air",16.7556092488008,1,"IPM"
"IPM - Air",16.5417264761258,1,"IPM"
"IPM - Air",15.2936593096651,1,"IPM"
"IPM - Air",16.749693956866,1,"IPM"
"IPM - Air",15.8056369854316,1,"IPM"
"IPM - Air",14.9727970995999,1,"IPM"
"IPM - Air",17.4337283050413,1,"IPM"
"IPM - Air",16.2440139013119,1,"IPM"
"IPM - Air",14.5555825285111,1,"IPM"
"IPM - Air",16.6974969429489,1,"IPM"
"IPM - Air",16.1987556106596,1,"IPM"
"IPM - Air",16.6641465277004,1,"IPM"
"IPM - Air",15.7702786182706,1,"IPM"
"IPM - Air",15.6238836432134,1,"IPM"
"IPM - Air",17.3194526137508,1,"IPM"
"IPM - Air",16.3015166384718,1,"IPM"
"IPM - Air",16.089125495264,1,"IPM"
"IPM - Air",17.4018373084411,1,"IPM"
"IPM - Air",17.012486297384,1,"IPM"
"IPM - Air",17.0059645802298,1,"IPM"
"IPM - Air",15.9307144496993,1,"IPM"
"IPM - Air",16.4002216436714,1,"IPM"
"IPM - Air",17.064268918612,1,"IPM"
"IPM - Air",17.5331864594124,1,"IPM"
"IPM - Air",16.8879042823345,1,"IPM"
"IPM - Air",17.5225051886872,1,"IPM"
"IPM - Air",17.0060990921638,1,"IPM"
"IPM - Air",17.3702344665227,1,"IPM"
"IPM - Air",15.5601848424957,1,"IPM"
"IPM - Air",16.480236496929,1,"IPM"
"IPM - Air",16.0429733434588,1,"IPM"
"IPM - Air",17.2008796914942,1,"IPM"
"IPM - Air",17.0034035608793,1,"IPM"
"IPM - Air",16.8283937677616,1,"IPM"
"IPM - Air",16.4335026862246,1,"IPM"
"IPM - Air",16.3331319775088,1,"IPM"
"IPM - Air",16.764321621149,1,"IPM"
"IPM - Air",16.7968606729876,1,"IPM"
"IPM - Air",16.6278142679692,1,"IPM"
"IPM - Air",16.2989434840776,1,"IPM"
"IPM - Air",17.4508313650883,1,"IPM"
"IPM - Air",16.5837164389825,1,"IPM"
"IPM - Air",16.2538598305085,1,"IPM"
"IPM - Air",16.8416266546574,1,"IPM"
"IPM - Air",15.8976837757573,1,"IPM"
"IPM - Air",17.5176265241313,1,"IPM"
"IPM - Air",15.8868035154502,1,"IPM"
"IPM - Air",15.3734407818266,1,"IPM"
"IPM - Air",16.7223227922442,1,"IPM"
"IPM - Air",17.2514125241955,1,"IPM"
"IPM - Air",15.5166682753487,1,"IPM"
"IPM - Air",15.7584200784416,1,"IPM"
"IPM - Air",17.6692802659895,1,"IPM"
"IPM - Air",16.4788263208724,1,"IPM"
"IPM - Air",16.2761001578261,1,"IPM"
"IPM - Air",16.6413009356557,1,"IPM"
"IPM - Air",16.449224713289,1,"IPM"
"IPM - Air",16.2704824456483,1,"IPM"
"IPM - Air",14.5847258056351,1,"IPM"
"IPM - Air",14.8592155000015,1,"IPM"
"IPM - Air",15.0191700107138,1,"IPM"
"IPM - Air",16.129914939929,1,"IPM"
"IPM - Air",16.9820437331462,1,"IPM"
"IPM - Air",16.7790069101975,1,"IPM"
"IPM - Air",15.3700075292435,1,"IPM"
"IPM - Air",16.3481829780723,1,"IPM"
"IPM - Air",15.9861007272339,1,"IPM"
"IPM - Air",15.7077260158544,1,"IPM"
"IPM - Air",17.3053063807616,1,"IPM"
"IPM - Air",17.1161153354445,1,"IPM"
"IPM - Air",16.3555608696575,1,"IPM"
"IPM - Air",16.9382595546684,1,"IPM"
"IPM - Air",16.540079044215,1,"IPM"
"IPM - Air",15.3346148943149,1,"IPM"
"IPM - Air",16.8574585751033,1,"IPM"
"IPM - Air",15.2310213577744,1,"IPM"
"IPM - Air",16.1095751771676,1,"IPM"
"IPM - Air",15.1707253938205,1,"IPM"
"IPM - Air",17.5859956302107,1,"IPM"
"IPM - Air",14.5036610447089,1,"IPM"
"IPM - Air",14.9430574259473,1,"IPM"
"IPM - Air",15.5001507993626,1,"IPM"
"IPM - Air",15.1810182636196,1,"IPM"
"IPM - Air",15.5577595746926,1,"IPM"
"IPM - Air",15.2933550600909,1,"IPM"
"IPM - Air",15.4293630461251,1,"IPM"
"IPM - Air",16.0981156556972,1,"IPM"
"IPM - Air",17.080068117082,1,"IPM"
"IPM - Air",17.3153858215626,1,"IPM"
"IPM - Air",15.5998766461792,1,"IPM"
"IPM - Air",16.8898725728296,1,"IPM"
"IPM - Air",16.634216180973,1,"IPM"
"IPM - Air",16.4704815420073,1,"IPM"
"IPM - Air",15.3402192820234,1,"IPM"
"IPM - Air",16.6904585840759,1,"IPM"
"IPM - Air",16.4478308825316,1,"IPM"
"IPM - Air",15.6175758192199,1,"IPM"
"IPM - Air",16.9543371597286,1,"IPM"
"IPM - Air",14.0489808525257,1,"IPM"
"IPM - Air",17.2088466140968,1,"IPM"
"IPM - Air",16.1812419023241,1,"IPM"
"IPM - Air",15.6338945558563,1,"IPM"
"IPM - Air",16.5847864646401,1,"IPM"
"IPM - Air",16.5872586035684,1,"IPM"
"IPM - Air",16.0721301122693,1,"IPM"
"IPM - Air",16.1960004017169,1,"IPM"
"IPM - Air",15.6840275857264,1,"IPM"
"IPM - Air",15.2630758087045,1,"IPM"
"IPM - Air",18.0193136430864,1,"IPM"
"IPM - Air",16.7426125445229,1,"IPM"
"IPM - Air",16.7888507802601,1,"IPM"
"IPM - Air",16.0499409187987,1,"IPM"
"IPM - Air",17.1243783475671,1,"IPM"
"IPM - Air",14.3962191905702,1,"IPM"
"IPM - Air",15.7761442978383,1,"IPM"
"IPM - Air",17.0565840808797,1,"IPM"
"IPM - Air",16.1663755690636,1,"IPM"
"IPM - Air",16.508128341843,1,"IPM"
"IPM - Air",15.7312258180217,1,"IPM"
"IPM - Air",16.2755530285899,1,"IPM"
"IPM - Air",14.7599082732609,1,"IPM"
"IPM - Air",15.7333313331352,1,"IPM"
"IPM - Air",15.6366461435134,1,"IPM"
"IPM - Air",15.9838636709601,1,"IPM"
"IPM - Air",16.9727345331817,1,"IPM"
"IPM - Air",15.1867435079954,1,"IPM"
"IPM - Air",17.2912499098752,1,"IPM"
"IPM - Air",16.009976880119,1,"IPM"
"IPM - Air",16.7063030153838,1,"IPM"
"IPM - Air",17.719737742251,1,"IPM"
"IPM - Air",17.9367595693577,1,"IPM"
"IPM - Air",16.7276697041264,1,"IPM"
"IPM - Air",15.3440962816053,1,"IPM"
"IPM - Air",15.2140120116184,1,"IPM"
"IPM - Air",16.7869347824352,1,"IPM"
"IPM - Air",15.5719196925874,1,"IPM"
"IPM - Air",16.2644773109399,1,"IPM"
"IPM - Air",16.5284430535918,1,"IPM"
"IPM - Air",17.8886371905874,1,"IPM"
"IPM - Air",15.5506327698611,1,"IPM"
"IPM - Air",16.3722145876025,1,"IPM"
"IPM - Air",17.1689413343523,1,"IPM"
"IPM - Air",16.1423485899305,1,"IPM"
"IPM - Air",15.4297020007006,1,"IPM"
"IPM - Air",16.1647167400174,1,"IPM"
"IPM - Air",16.9480231902024,1,"IPM"
"IPM - Air",16.84408844042,1,"IPM"
"IPM - Air",16.9375554948171,1,"IPM"
"IPM - Air",16.3559976236114,1,"IPM"
"IPM - Air",15.3125910254991,1,"IPM"
"IPM - Air",15.8210189734074,1,"IPM"
"IPM - Air",17.8997777468509,1,"IPM"
"IPM - Air",15.2116720101681,1,"IPM"
"IPM - Air",15.2451032604452,1,"IPM"
"IPM - Air",16.2733388090994,1,"IPM"
"IPM - Air",15.9407322634895,1,"IPM"
"IPM - Air",16.0395920850731,1,"IPM"
"IPM - Air",16.2078583235778,1,"IPM"
"IPM - Air",15.6261131916354,1,"IPM"
"IPM - Air",18.4175178525259,1,"IPM"
"IPM - Air",16.3192863049528,1,"IPM"
"IPM - Air",16.4290111869361,1,"IPM"
"IPM - Air",15.8848486439096,1,"IPM"
"IPM - Air",16.8064371834893,1,"IPM"
"IPM - Air",16.103826346783,1,"IPM"
"IPM - Air",17.2136361681619,1,"IPM"
"IPM - Air",16.006738322268,1,"IPM"
"IPM - Air",16.4179576296791,1,"IPM"
"IPM - Air",16.5155699013242,1,"IPM"
"IPM - Air",16.8273396101586,1,"IPM"
"IPM - Air",16.7140257101044,1,"IPM"
"IPM - Air",17.4434507593672,1,"IPM"
"IPM - Air",17.0624957883614,1,"IPM"
"IPM - Air",17.5371092697431,1,"IPM"
"IPM - Air",14.6410881014744,1,"IPM"
"IPM - Air",15.5070687535452,1,"IPM"
"IPM - Air",15.9012196172285,1,"IPM"
"IPM - Air",16.2199228885008,1,"IPM"
"IPM - Air",15.131819583322,1,"IPM"
"IPM - Air",17.6268944212023,1,"IPM"
"IPM - Air",17.5403577747545,1,"IPM"
"IPM - Air",15.4523877977515,1,"IPM"
"IPM - Air",16.9018891416342,1,"IPM"
"IPM - Air",16.5227731081263,1,"IPM"
"IPM - Air",16.6110444619193,1,"IPM"
"IPM - Air",15.933024597257,1,"IPM"
"IPM - Air",16.8736759834327,1,"IPM"
"IPM - Air",15.735859101098,1,"IPM"
"IPM - Air",17.1898961536542,1,"IPM"
"IPM - Air",16.0039574271768,1,"IPM"
"IPM - Air",17.0192018494256,1,"IPM"
"IPM - Air",17.1624255139145,1,"IPM"
"IPM - Air",16.7402903487543,1,"IPM"
"IPM - Air",17.3487212052319,1,"IPM"
"IPM - Air",14.5746468035699,1,"IPM"
"IPM - Air",15.9213034696394,1,"IPM"
"IPM - Air",17.2220317092001,1,"IPM"
"IPM - Air",16.5845653502762,1,"IPM"
"IPM - Air",16.9932584209542,1,"IPM"
"IPM - Air",17.1352224747988,1,"IPM"
"IPM - Air",17.4038083252729,1,"IPM"
"IPM - Air",17.356234681395,1,"IPM"
"IPM - Air",18.2125659128778,1,"IPM"
"IPM - Air",17.449324789539,1,"IPM"
"IPM - Air",16.1762055612715,1,"IPM"
"IPM - Air",16.6699345814851,1,"IPM"
"IPM - Air",16.0741641904088,1,"IPM"
"IPM - Air",17.272893388825,1,"IPM"
"IPM - Air",15.07741467904,1,"IPM"
"IPM - Air",16.6712027248777,1,"IPM"
"IPM - Air",17.0804995049017,1,"IPM"
"IPM - Air",16.4598893244389,1,"IPM"
"IPM - Air",16.8378894109102,1,"IPM"
"IPM - Air",15.2451702537795,1,"IPM"
"IPM - Air",17.3106319625558,1,"IPM"
"IPM - Air",16.0510577474466,1,"IPM"
"IPM - Air",16.0551131231193,1,"IPM"
"IPM - Air",16.5301023097017,1,"IPM"
"IPM - Air",16.5604302359127,1,"IPM"
"IPM - Air",16.1804074897352,1,"IPM"
"IPM - Air",16.9025952243445,1,"IPM"
"IPM - Air",16.1750424293429,1,"IPM"
"IPM - Air",18.040217571571,1,"IPM"
"IPM - Air",17.1725460916145,1,"IPM"
"IPM - Air",16.5256636188456,1,"IPM"
"IPM - Air",16.9752506120608,1,"IPM"
"IPM - Air",16.1194675151156,1,"IPM"
"IPM - Air",18.1924742442958,1,"IPM"
"IPM - Air",16.4644130475468,1,"IPM"
"IPM - Air",16.3756378990489,1,"IPM"
"IPM - Air",16.2084497088036,1,"IPM"
"IPM - Air",16.0049301078654,1,"IPM"
"IPM - Air",17.2846419806584,1,"IPM"
"IPM - Air",16.5747014544867,1,"IPM"
"IPM - Air",16.2199254213358,1,"IPM"
"IPM - Air",16.5258797292829,1,"IPM"
"IPM - Air",17.4480383110346,1,"IPM"
"IPM - Air",16.4663528412675,1,"IPM"
"IPM - Air",15.4755608207701,1,"IPM"
"IPM - Air",16.4520379787739,1,"IPM"
"IPM - Air",16.5525945536504,1,"IPM"
"IPM - Air",16.8548293504061,1,"IPM"
"IPM - Air",17.4749433729401,1,"IPM"
"IPM - Air",17.2786740185671,1,"IPM"
"IPM - Air",16.2140298873679,1,"IPM"
"IPM - Air",17.030286295878,1,"IPM"
"IPM - Air",16.2863037402586,1,"IPM"
"IPM - Air",17.3483649118803,1,"IPM"
"IPM - Air",16.4203047840642,1,"IPM"
"IPM - Air",16.14439247166,1,"IPM"
"IPM - Air",15.7170938600678,1,"IPM"
"IPM - Air",17.8995601446904,1,"IPM"
"IPM - Air",17.1741521098087,1,"IPM"
"IPM - Air",16.4556966297694,1,"IPM"
"IPM - Air",16.9599107995289,1,"IPM"
"IPM - Air",17.8105878767563,1,"IPM"
"IPM - Air",16.6805638817605,1,"IPM"
"IPM - Air",16.5565197581752,1,"IPM"
"IPM - Air",15.2518106979904,1,"IPM"
"IPM - Air",15.6590932512192,1,"IPM"
"IPM - Air",16.668858649837,1,"IPM"
"IPM - Air",15.6453385775601,1,"IPM"
"IPM - Air",15.4955627455165,1,"IPM"
"IPM - Air",17.0745302163342,1,"IPM"
"IPM - Air",16.3193053650071,1,"IPM"
"IPM - Air",17.5468633433794,1,"IPM"
"IPM - Air",16.8857086849126,1,"IPM"
"IPM - Air",16.4008201022721,1,"IPM"
"IPM - Air",16.6257739217033,1,"IPM"
"IPM - Air",16.5372484469879,1,"IPM"
"IPM - Air",16.5383030691811,1,"IPM"
"IPM - Air",14.861798720831,1,"IPM"
"IPM - Air",15.6420416623709,1,"IPM"
"IPM - Air",17.0956786109039,1,"IPM"
"IPM - Air",15.2666951054649,1,"IPM"
"IPM - Air",15.9772654956073,1,"IPM"
"IPM - Air",15.2534415242991,1,"IPM"
"IPM - Air",15.5384527329628,1,"IPM"
"IPM - Air",16.5647246311004,1,"IPM"
"IPM - Air",16.2506929134884,1,"IPM"
"IPM - Air",16.7517646250671,1,"IPM"
"IPM - Air",14.3202951745584,1,"IPM"
"IPM - Air",15.6461197669394,1,"IPM"
"IPM - Air",16.9844010766888,1,"IPM"
"IPM - Air",17.0042787907398,1,"IPM"
"IPM - Air",16.60558386154,1,"IPM"
"IPM - Air",16.5508694674091,1,"IPM"
"IPM - Air",16.9642018707944,1,"IPM"
"IPM - Air",17.3245469949473,1,"IPM"
"IPM - Air",15.1924673759545,1,"IPM"
"IPM - Air",16.4188277420449,1,"IPM"
"IPM - Air",17.5037992199054,1,"IPM"
"IPM - Air",15.6214695622625,1,"IPM"
"IPM - Air",15.3291012728261,1,"IPM"
"IPM - Air",15.7912409611623,1,"IPM"
"IPM - Air",18.0323536675107,1,"IPM"
"IPM - Air",15.937779206664,1,"IPM"
"IPM - Air",18.4421836278016,1,"IPM"
"IPM - Air",15.9083934248023,1,"IPM"
"IPM - Air",16.8191411447473,1,"IPM"
"IPM - Air",16.8158140715501,1,"IPM"
"IPM - Air",16.7033825793495,1,"IPM"
"IPM - Air",14.8412579381577,1,"IPM"
"IPM - Air",16.8307540361836,1,"IPM"
"IPM - Air",15.6956518380358,1,"IPM"
"IPM - Air",16.0598735724201,1,"IPM"
"IPM - Air",16.5940026341505,1,"IPM"
"IPM - Air",16.2608096336364,1,"IPM"
"IPM - Air",15.511930472192,1,"IPM"
"IPM - Air",16.5739891338555,1,"IPM"
"IPM - Air",18.1310258926435,1,"IPM"
"IPM - Air",15.9617251996863,1,"IPM"
"IPM - Air",15.5437577814139,1,"IPM"
"IPM - Air",15.5875348015459,1,"IPM"
"IPM - Air",16.9010537155229,1,"IPM"
"IPM - Air",17.0447266027681,1,"IPM"
"IPM - Air",16.5278312807111,1,"IPM"
"IPM - Air",16.5640621483882,1,"IPM"
"IPM - Air",17.8668600032498,1,"IPM"
"IPM - Air",17.1729999867323,1,"IPM"
"IPM - Air",16.9075759700564,1,"IPM"
"IPM - Air",16.3068197501169,1,"IPM"
"IPM - Air",16.1225067346424,1,"IPM"
"IPM - Air",16.7843942032433,1,"IPM"
"IPM - Air",16.9091217600982,1,"IPM"
"IPM - Air",17.4601272764213,1,"IPM"
"IPM - Air",17.1246748905542,1,"IPM"
"IPM - Air",16.4000703236513,1,"IPM"
"IPM - Air",16.8401758728701,1,"IPM"
"IPM - Air",17.4631436731522,1,"IPM"
"IPM - Air",17.1064791625491,1,"IPM"
"IPM - Air",16.3465429243598,1,"IPM"
"IPM - Air",15.2978056273095,1,"IPM"
"IPM - Air",15.8364012070955,1,"IPM"
"IPM - Air",16.526666132372,1,"IPM"
"IPM - Air",17.0403567468056,1,"IPM"
"IPM - Air",16.3101273148894,1,"IPM"
"IPM - Air",16.0903262964983,1,"IPM"
"IPM - Air",15.9210551173072,1,"IPM"
"IPM - Air",16.7903497743335,1,"IPM"
"IPM - Air",16.0226112743408,1,"IPM"
"IPM - Air",16.1396168298406,1,"IPM"
"IPM - Air",16.5476987511705,1,"IPM"
"IPM - Air",15.8789047832156,1,"IPM"
"IPM - Air",16.5204839132921,1,"IPM"
"IPM - Air",16.2816456881616,1,"IPM"
"IPM - Air",17.5928677735226,1,"IPM"
"IPM - Air",16.8370759045454,1,"IPM"
"IPM - Air",16.7951115049112,1,"IPM"
"IPM - Air",14.7527335160505,1,"IPM"
"IPM - Air",16.2403277029502,1,"IPM"
"IPM - Air",17.1821084183924,1,"IPM"
"IPM - Air",16.8302260332843,1,"IPM"
"IPM - Air",17.1507652010542,1,"IPM"
"IPM - Air",15.8659713756036,1,"IPM"
"IPM - Air",15.4047386275611,1,"IPM"
"IPM - Air",17.9117569141017,1,"IPM"
"IPM - Air",16.4726611636761,1,"IPM"
"IPM - Air",17.3402688373575,1,"IPM"
"IPM - Air",16.5512382645433,1,"IPM"
"IPM - Air",15.4907407735359,1,"IPM"
"IPM - Air",16.0093961173658,1,"IPM"
"IPM - Air",17.0557041049586,1,"IPM"
"IPM - Air",16.495221803167,1,"IPM"
"IPM - Air",16.853698749287,1,"IPM"
"IPM - Air",16.3616204461923,1,"IPM"
"IPM - Air",15.1805441876387,1,"IPM"
"IPM - Air",16.5990783013344,1,"IPM"
"IPM - Air",16.3024949218109,1,"IPM"
"IPM - Air",16.2087648692839,1,"IPM"
"IPM - Air",17.5902256189929,1,"IPM"
"IPM - Air",15.4830514262975,1,"IPM"
"IPM - Air",16.3418578953181,1,"IPM"
"IPM - Air",15.8321911975082,1,"IPM"
"IPM - Air",16.9560175803379,1,"IPM"
"IPM - Air",15.4053204082229,1,"IPM"
"IPM - Air",16.631968275761,1,"IPM"
"IPM - Air",15.7104326246144,1,"IPM"
"IPM - Air",16.9247410047232,1,"IPM"
"IPM - Air",16.540200234049,1,"IPM"
"IPM - Air",16.6881904341394,1,"IPM"
"IPM - Air",16.8895096305739,1,"IPM"
"IPM - Air",16.3862193662784,1,"IPM"
"IPM - Air",16.2591035847614,1,"IPM"
"IPM - Air",15.8507026604859,1,"IPM"
"IPM - Air",15.7649778691343,1,"IPM"
"IPM - Air",16.610612772485,1,"IPM"
"IPM - Air",17.6008236534029,1,"IPM"
"IPM - Air",16.8505046221972,1,"IPM"
"IPM - Air",15.5753010355315,1,"IPM"
"IPM - Air",15.5375862289244,1,"IPM"
"IPM - Air",16.769694906827,1,"IPM"
"IPM - Air",14.6299995386598,1,"IPM"
"IPM - Air",15.7045169611327,1,"IPM"
"IPM - Air",17.2215160089499,1,"IPM"
"IPM - Air",15.541235055839,1,"IPM"
"IPM - Air",17.0843737678555,1,"IPM"
"IPM - Air",17.1069731079615,1,"IPM"
"IPM - Air",15.6899559040322,1,"IPM"
"IPM - Air",14.9641381137367,1,"IPM"
"IPM - Air",17.444604605571,1,"IPM"
"IPM - Air",16.0507369830735,1,"IPM"
"IPM - Air",16.9884037073776,1,"IPM"
"IPM - Air",16.9169621302693,1,"IPM"
"IPM - Air",16.5280987541937,1,"IPM"
"IPM - Air",15.9084002506122,1,"IPM"
"IPM - Air",18.0944555353032,1,"IPM"
"IPM - Air",16.2684732838109,1,"IPM"
"IPM - Air",15.7822639221522,1,"IPM"
"IPM - Air",16.8483448035729,1,"IPM"
"IPM - Air",15.9849609613421,1,"IPM"
"IPM - Air",15.3629810837745,1,"IPM"
"IPM - Air",17.1864610372863,1,"IPM"
"IPM - Air",16.9377250165165,1,"IPM"
"IPM - Air",16.8558858857218,1,"IPM"
"IPM - Air",16.7217313952357,1,"IPM"
"IPM - Air",16.4590111102238,1,"IPM"
"IPM - Air",15.6986201676803,1,"IPM"
"IPM - Air",16.6075879290519,1,"IPM"
"IPM - Air",17.3999932393574,1,"IPM"
"IPM - Air",17.1149357149234,1,"IPM"
"IPM - Air",16.8931812598516,1,"IPM"
"IPM - Air",17.4147236869717,1,"IPM"
"IPM - Air",15.433195882476,1,"IPM"
"IPM - Air",17.0385493182048,1,"IPM"
"IPM - Air",16.7274411621532,1,"IPM"
"IPM - Air",16.3370010687296,1,"IPM"
"IPM - Air",17.1633682060493,1,"IPM"
"IPM - Air",17.5155837615999,1,"IPM"
"IPM - Air",17.2011459715033,1,"IPM"
"IPM - Air",16.0867618616681,1,"IPM"
"IPM - Air",16.8410608255727,1,"IPM"
"IPM - Air",16.5621519475738,1,"IPM"
"IPM - Air",16.2628153538167,1,"IPM"
"IPM - Air",15.4130662296047,1,"IPM"
"IPM - Air",16.9046131603494,1,"IPM"
"IPM - Air",14.7821655593555,1,"IPM"
"IPM - Air",16.5322497361558,1,"IPM"
"IPM - Air",16.2300271612216,1,"IPM"
"IPM - Air",15.9045374510951,1,"IPM"
"IPM - Air",16.068470778527,1,"IPM"
"IPM - Air",15.6819710590331,1,"IPM"
"IPM - Air",16.6524263994611,1,"IPM"
"IPM - Air",16.1580969806343,1,"IPM"
"IPM - Air",15.79311978932,1,"IPM"
"IPM - Air",15.5574430332818,1,"IPM"
"IPM - Air",16.923013217627,1,"IPM"
"IPM - Air",16.1202861905874,1,"IPM"
"IPM - Air",15.6852461440559,1,"IPM"
"IPM - Air",15.4530858249177,1,"IPM"
"IPM - Air",15.7554647261253,1,"IPM"
"IPM - Air",15.0172488263742,1,"IPM"
"IPM - Air",16.6478417209014,1,"IPM"
"IPM - Air",17.3815691104034,1,"IPM"
"IPM - Air",15.554241056918,1,"IPM"
"IPM - Air",16.685486921034,1,"IPM"
"IPM - Air",15.8424665495477,1,"IPM"
"IPM - Air",16.7940559007786,1,"IPM"
"IPM - Air",16.3547113587808,1,"IPM"
"IPM - Air",16.0710671686149,1,"IPM"
"IPM - Air",17.14429002854,1,"IPM"
"IPM - Air",14.7198127824564,1,"IPM"
"IPM - Air",17.006488074553,1,"IPM"
"IPM - Air",15.3576357024821,1,"IPM"
"IPM - Air",15.1194832870915,1,"IPM"
"IPM - Air",16.0765672841007,1,"IPM"
"IPM - Air",17.4151393653527,1,"IPM"
"IPM - Air",15.1458968140325,1,"IPM"
"IPM - Air",15.4583914150165,1,"IPM"
"IPM - Air",17.8216329409242,1,"IPM"
"IPM - Air",15.7866789563743,1,"IPM"
"IPM - Air",16.3816342679102,1,"IPM"
"IPM - Air",17.2486991488296,1,"IPM"
"IPM - Air",16.1292498964449,1,"IPM"
"IPM - Air",16.5510342222548,1,"IPM"
"IPM - Air",15.9668680737012,1,"IPM"
"IPM - Air",17.665404496453,1,"IPM"
"IPM - Air",15.4175014948282,1,"IPM"
"IPM - Air",14.8567523240239,1,"IPM"
"IPM - Air",16.8546272569067,1,"IPM"
"IPM - Air",16.1664518914453,1,"IPM"
"IPM - Air",15.6169903002701,1,"IPM"
"IPM - Air",17.1575124832756,1,"IPM"
"IPM - Air",17.1399152873001,1,"IPM"
"IPM - Air",15.8298425358525,1,"IPM"
"IPM - Air",16.4157030211912,1,"IPM"
"IPM - Air",17.0603113681072,1,"IPM"
"IPM - Air",17.5839707266079,1,"IPM"
"IPM - Air",17.4550006135778,1,"IPM"
"IPM - Air",15.4723090182538,1,"IPM"
"IPM - Air",16.354939939211,1,"IPM"
"IPM - Air",15.2070519647416,1,"IPM"
"IPM - Air",16.2574689158791,1,"IPM"
"IPM - Air",16.0665419924394,1,"IPM"
"IPM - Air",15.9718565480537,1,"IPM"
"IPM - Air",15.4010350998127,1,"IPM"
"IPM - Air",15.6604780375362,1,"IPM"
"IPM - Air",16.2130878501061,1,"IPM"
"IPM - Air",16.8104643996313,1,"IPM"
"IPM - Air",17.5769361116786,1,"IPM"
"IPM - Air",17.67924392088,1,"IPM"
"IPM - Air",17.7590886593812,1,"IPM"
"IPM - Air",16.2110599515865,1,"IPM"
"IPM - Air",15.7513288821429,1,"IPM"
"IPM - Air",16.4343594013438,1,"IPM"
"IPM - Air",15.0255758632054,1,"IPM"
"IPM - Air",15.049284788307,1,"IPM"
"IPM - Air",15.9937004708812,1,"IPM"
"IPM - Air",17.0560299800133,1,"IPM"
"IPM - Air",15.8924914140268,1,"IPM"
"IPM - Air",16.6811849149284,1,"IPM"
"IPM - Air",16.2027880943089,1,"IPM"
"IPM - Air",15.2314489630813,1,"IPM"
"IPM - Air",16.3014091176709,1,"IPM"
"IPM - Air",16.5687209148343,1,"IPM"
"IPM - Air",16.4335301134679,1,"IPM"
"IPM - Air",16.091411462098,1,"IPM"
"IPM - Air",16.4596696060369,1,"IPM"
"IPM - Air",16.2484569298449,1,"IPM"
"IPM - Air",16.3991746598857,1,"IPM"
"IPM - Air",15.0776643945438,1,"IPM"
"IPM - Air",18.5520309878037,1,"IPM"
"IPM - Air",16.0083548783548,1,"IPM"
"IPM - Air",17.473743690704,1,"IPM"
"IPM - Air",15.9785399616804,1,"IPM"
"IPM - Air",15.1791532113015,1,"IPM"
"IPM - Air",16.4423067099258,1,"IPM"
"IPM - Air",16.3181024270707,1,"IPM"
"IPM - Air",17.280059839549,1,"IPM"
"IPM - Air",15.6197030468514,1,"IPM"
"IPM - Air",15.0406139610559,1,"IPM"
"IPM - Air",16.3518940889845,1,"IPM"
"IPM - Air",15.7613749835192,1,"IPM"
"IPM - Air",17.0166835032573,1,"IPM"
"IPM - Air",15.7098929916097,1,"IPM"
"IPM - Air",15.4985376873869,1,"IPM"
"IPM - Air",16.8232238273114,1,"IPM"
"IPM - Air",17.0700110237126,1,"IPM"
"IPM - Air",15.7860942053071,1,"IPM"
"IPM - Air",16.5549155866207,1,"IPM"
"IPM - Air",17.4931628485641,1,"IPM"
"IPM - Air",16.200085925377,1,"IPM"
"IPM - Air",16.3409607581435,1,"IPM"
"IPM - Air",15.1442410322135,1,"IPM"
"IPM - Air",16.5115927866654,1,"IPM"
"IPM - Air",15.6549421078291,1,"IPM"
"IPM - Air",17.4907359457903,1,"IPM"
"IPM - Air",15.961571146886,1,"IPM"
"IPM - Air",16.3809971111416,1,"IPM"
"IPM - Air",16.8695714942228,1,"IPM"
"IPM - Air",16.7438788266388,1,"IPM"
"IPM - Air",15.8675964340538,1,"IPM"
"IPM - Air",16.9755363497944,1,"IPM"
"IPM - Air",16.6395833947459,1,"IPM"
"IPM - Air",16.3629939149177,1,"IPM"
"IPM - Air",16.084197856979,1,"IPM"
"IPM - Air",16.7188331786726,1,"IPM"
"IPM - Air",15.8904729595367,1,"IPM"
"IPM - Air",17.302375851112,1,"IPM"
"IPM - Air",17.1871521461877,1,"IPM"
"IPM - Air",17.096057746066,1,"IPM"
"IPM - Air",17.1080987381897,1,"IPM"
"IPM - Air",14.6536759649275,1,"IPM"
"IPM - Air",15.9982134528478,1,"IPM"
"IPM - Air",15.7013803279412,1,"IPM"
"IPM - Air",16.5410329774973,1,"IPM"
"IPM - Air",17.2948090220421,1,"IPM"
"IPM - Air",15.2412640836994,1,"IPM"
"IPM - Air",15.0305796899643,1,"IPM"
"IPM - Air",15.3782247609288,1,"IPM"
"IPM - Air",17.1734220846052,1,"IPM"
"IPM - Air",15.5660396497577,1,"IPM"
"IPM - Air",16.9538272915071,1,"IPM"
"IPM - Air",15.958416289284,1,"IPM"
"IPM - Air",16.842457327386,1,"IPM"
"IPM - Air",16.0823421509225,1,"IPM"
"IPM - Air",16.9238204222598,1,"IPM"
"IPM - Air",16.2320819551013,1,"IPM"
"IPM - Air",15.8499837176316,1,"IPM"
"IPM - Air",14.6306496709278,1,"IPM"
"IPM - Air",16.7227057274614,1,"IPM"
"IPM - Air",17.2753676051949,1,"IPM"
"IPM - Air",15.5352333663792,1,"IPM"
"IPM - Air",16.3375663960218,1,"IPM"
"IPM - Air",17.4777530070952,1,"IPM"
"IPM - Air",16.7781343585939,1,"IPM"
"IPM - Air",14.9789244034939,1,"IPM"
"IPM - Air",15.8421808033453,1,"IPM"
"IPM - Air",17.6998461001672,1,"IPM"
"IPM - Air",15.3598062667442,1,"IPM"
"IPM - Air",15.5992575264914,1,"IPM"
"IPM - Air",15.5095220952049,1,"IPM"
"IPM - Air",15.7173793055713,1,"IPM"
"IPM - Air",15.5260041740407,1,"IPM"
"IPM - Air",14.9986720464606,1,"IPM"
"IPM - Air",16.3892994178942,1,"IPM"
"IPM - Solvent",17.1682913759628,3,"IPM"
"IPM - Solvent",18.6335549045929,3,"IPM"
"IPM - Solvent",18.2542074178045,3,"IPM"
"IPM - Solvent",17.8827261238046,3,"IPM"
"IPM - Solvent",18.8538693437753,3,"IPM"
"IPM - Solvent",20.2755568847391,3,"IPM"
"IPM - Solvent",18.7216945350925,3,"IPM"
"IPM - Solvent",17.8091930097435,3,"IPM"
"IPM - Solvent",18.698321593448,3,"IPM"
"IPM - Solvent",19.0310078752082,3,"IPM"
"IPM - Solvent",18.1956614060277,3,"IPM"
"IPM - Solvent",19.0803787928834,3,"IPM"
"IPM - Solvent",19.7535163912847,3,"IPM"
"IPM - Solvent",19.4447756668606,3,"IPM"
"IPM - Solvent",20.9406101612929,3,"IPM"
"IPM - Solvent",18.4047455981335,3,"IPM"
"IPM - Solvent",17.835154505061,3,"IPM"
"IPM - Solvent",18.6182005300292,3,"IPM"
"IPM - Solvent",17.8879090947016,3,"IPM"
"IPM - Solvent",18.4708092758802,3,"IPM"
"IPM - Solvent",19.8188173150279,3,"IPM"
"IPM - Solvent",17.7398884412622,3,"IPM"
"IPM - Solvent",18.3028709299658,3,"IPM"
"IPM - Solvent",19.0929485306632,3,"IPM"
"IPM - Solvent",19.0411219843332,3,"IPM"
"IPM - Solvent",18.382175291907,3,"IPM"
"IPM - Solvent",17.8191926230447,3,"IPM"
"IPM - Solvent",19.789575695945,3,"IPM"
"IPM - Solvent",18.0094972954787,3,"IPM"
"IPM - Solvent",19.7089310868343,3,"IPM"
"IPM - Solvent",18.1920041397318,3,"IPM"
"IPM - Solvent",17.2712753466177,3,"IPM"
"IPM - Solvent",18.710509616915,3,"IPM"
"IPM - Solvent",17.8697746692915,3,"IPM"
"IPM - Solvent",17.8345420925852,3,"IPM"
"IPM - Solvent",19.2191917086787,3,"IPM"
"IPM - Solvent",18.6936911667665,3,"IPM"
"IPM - Solvent",18.6119581247821,3,"IPM"
"IPM - Solvent",19.4392498155503,3,"IPM"
"IPM - Solvent",19.3880252791156,3,"IPM"
"IPM - Solvent",19.7863361063042,3,"IPM"
"IPM - Solvent",19.3619800363218,3,"IPM"
"IPM - Solvent",19.9996956960946,3,"IPM"
"IPM - Solvent",18.5561712375627,3,"IPM"
"IPM - Solvent",19.399706049754,3,"IPM"
"IPM - Solvent",18.431966923221,3,"IPM"
"IPM - Solvent",17.8928754200691,3,"IPM"
"IPM - Solvent",16.7424336869839,3,"IPM"
"IPM - Solvent",17.511610956908,3,"IPM"
"IPM - Solvent",16.6860942549396,3,"IPM"
"IPM - Solvent",19.5098756925958,3,"IPM"
"IPM - Solvent",19.6146525918489,3,"IPM"
"IPM - Solvent",18.2282787078735,3,"IPM"
"IPM - Solvent",18.1033578334268,3,"IPM"
"IPM - Solvent",16.1691863760422,3,"IPM"
"IPM - Solvent",18.6199603289037,3,"IPM"
"IPM - Solvent",17.155484129568,3,"IPM"
"IPM - Solvent",19.4969551873312,3,"IPM"
"IPM - Solvent",18.0361510703262,3,"IPM"
"IPM - Solvent",19.0796161332041,3,"IPM"
"IPM - Solvent",18.2848579183963,3,"IPM"
"IPM - Solvent",19.6601849271382,3,"IPM"
"IPM - Solvent",19.5016098193554,3,"IPM"
"IPM - Solvent",17.3337410151799,3,"IPM"
"IPM - Solvent",19.7711846407017,3,"IPM"
"IPM - Solvent",17.5538140783573,3,"IPM"
"IPM - Solvent",19.0809110065411,3,"IPM"
"IPM - Solvent",17.2927739187626,3,"IPM"
"IPM - Solvent",17.4383561826573,3,"IPM"
"IPM - Solvent",19.6524016263317,3,"IPM"
"IPM - Solvent",17.4551765881533,3,"IPM"
"IPM - Solvent",19.2450035310852,3,"IPM"
"IPM - Solvent",17.0812579027636,3,"IPM"
"IPM - Solvent",16.5411529414052,3,"IPM"
"IPM - Solvent",19.2516974506157,3,"IPM"
"IPM - Solvent",19.6105656735862,3,"IPM"
"IPM - Solvent",18.8117745590654,3,"IPM"
"IPM - Solvent",17.0551267604156,3,"IPM"
"IPM - Solvent",19.2244442854777,3,"IPM"
"IPM - Solvent",17.6868547737944,3,"IPM"
"IPM - Solvent",18.5724752736429,3,"IPM"
"IPM - Solvent",18.9122530356558,3,"IPM"
"IPM - Solvent",17.9158907083851,3,"IPM"
"IPM - Solvent",18.9944375029118,3,"IPM"
"IPM - Solvent",19.7841161913176,3,"IPM"
"IPM - Solvent",17.3515803773379,3,"IPM"
"IPM - Solvent",17.4041617575889,3,"IPM"
"IPM - Solvent",20.2472528353091,3,"IPM"
"IPM - Solvent",18.688280449794,3,"IPM"
"IPM - Solvent",17.8382109019401,3,"IPM"
"IPM - Solvent",18.1513228122498,3,"IPM"
"IPM - Solvent",18.1150867936139,3,"IPM"
"IPM - Solvent",18.1741840100368,3,"IPM"
"IPM - Solvent",20.0551050143854,3,"IPM"
"IPM - Solvent",19.1260366845915,3,"IPM"
"IPM - Solvent",20.0551424134051,3,"IPM"
"IPM - Solvent",18.7030799941204,3,"IPM"
"IPM - Solvent",19.0986077679639,3,"IPM"
"IPM - Solvent",19.117114170052,3,"IPM"
"IPM - Solvent",19.3917372565445,3,"IPM"
"IPM - Solvent",19.3532307352311,3,"IPM"
"IPM - Solvent",20.0218788384082,3,"IPM"
"IPM - Solvent",18.3783925723877,3,"IPM"
"IPM - Solvent",17.6576167925604,3,"IPM"
"IPM - Solvent",16.7249200353848,3,"IPM"
"IPM - Solvent",18.9003901627323,3,"IPM"
"IPM - Solvent",17.2670228770593,3,"IPM"
"IPM - Solvent",17.5558777087411,3,"IPM"
"IPM - Solvent",17.8227449287193,3,"IPM"
"IPM - Solvent",17.9293281699657,3,"IPM"
"IPM - Solvent",19.998750664894,3,"IPM"
"IPM - Solvent",16.8590390244115,3,"IPM"
"IPM - Solvent",19.2835347748343,3,"IPM"
"IPM - Solvent",19.6577310736242,3,"IPM"
"IPM - Solvent",17.3595590967179,3,"IPM"
"IPM - Solvent",19.0540557489092,3,"IPM"
"IPM - Solvent",18.1339399467249,3,"IPM"
"IPM - Solvent",18.452386476078,3,"IPM"
"IPM - Solvent",18.5213626912987,3,"IPM"
"IPM - Solvent",19.1813431375837,3,"IPM"
"IPM - Solvent",17.9692627862058,3,"IPM"
"IPM - Solvent",17.7076038699241,3,"IPM"
"IPM - Solvent",18.7904147703997,3,"IPM"
"IPM - Solvent",17.3147392287241,3,"IPM"
"IPM - Solvent",19.8008556051069,3,"IPM"
"IPM - Solvent",16.4921544822154,3,"IPM"
"IPM - Solvent",18.0682367665937,3,"IPM"
"IPM - Solvent",18.2760354428449,3,"IPM"
"IPM - Solvent",17.1245921195884,3,"IPM"
"IPM - Solvent",18.0380852707636,3,"IPM"
"IPM - Solvent",18.9401278246838,3,"IPM"
"IPM - Solvent",17.6296975485983,3,"IPM"
"IPM - Solvent",18.9514176208115,3,"IPM"
"IPM - Solvent",19.1224776925349,3,"IPM"
"IPM - Solvent",16.1407302794227,3,"IPM"
"IPM - Solvent",18.5825573946165,3,"IPM"
"IPM - Solvent",18.6400035569568,3,"IPM"
"IPM - Solvent",19.3133004586382,3,"IPM"
"IPM - Solvent",17.5314974861478,3,"IPM"
"IPM - Solvent",18.3701949972037,3,"IPM"
"IPM - Solvent",18.1941276056206,3,"IPM"
"IPM - Solvent",19.1742112709557,3,"IPM"
"IPM - Solvent",17.6369530651213,3,"IPM"
"IPM - Solvent",19.1019240034866,3,"IPM"
"IPM - Solvent",19.8676224982602,3,"IPM"
"IPM - Solvent",17.8033468769626,3,"IPM"
"IPM - Solvent",19.0591754172043,3,"IPM"
"IPM - Solvent",16.008211325823,3,"IPM"
"IPM - Solvent",19.0992577242351,3,"IPM"
"IPM - Solvent",19.5324386169779,3,"IPM"
"IPM - Solvent",18.6351884494544,3,"IPM"
"IPM - Solvent",18.6848781114153,3,"IPM"
"IPM - Solvent",19.016836354931,3,"IPM"
"IPM - Solvent",18.6655607084361,3,"IPM"
"IPM - Solvent",17.0678987776629,3,"IPM"
"IPM - Solvent",18.8438801771184,3,"IPM"
"IPM - Solvent",19.0414057480013,3,"IPM"
"IPM - Solvent",19.7053593016336,3,"IPM"
"IPM - Solvent",19.1844666341834,3,"IPM"
"IPM - Solvent",18.2702981667261,3,"IPM"
"IPM - Solvent",19.8347170258251,3,"IPM"
"IPM - Solvent",16.2941869497637,3,"IPM"
"IPM - Solvent",19.4427530383579,3,"IPM"
"IPM - Solvent",17.5342342405675,3,"IPM"
"IPM - Solvent",18.1567734737954,3,"IPM"
"IPM - Solvent",17.5882712511741,3,"IPM"
"IPM - Solvent",18.4292890187334,3,"IPM"
"IPM - Solvent",20.2968316969136,3,"IPM"
"IPM - Solvent",16.8193804434154,3,"IPM"
"IPM - Solvent",18.1602732670181,3,"IPM"
"IPM - Solvent",18.2310179099071,3,"IPM"
"IPM - Solvent",18.3839537070784,3,"IPM"
"IPM - Solvent",19.1719098163319,3,"IPM"
"IPM - Solvent",19.7517797769352,3,"IPM"
"IPM - Solvent",18.364839981245,3,"IPM"
"IPM - Solvent",17.8479014263426,3,"IPM"
"IPM - Solvent",19.4352091798031,3,"IPM"
"IPM - Solvent",19.5527148588894,3,"IPM"
"IPM - Solvent",17.7703075005579,3,"IPM"
"IPM - Solvent",18.063904003628,3,"IPM"
"IPM - Solvent",17.2749908677233,3,"IPM"
"IPM - Solvent",18.5291383913448,3,"IPM"
"IPM - Solvent",19.975195979517,3,"IPM"
"IPM - Solvent",18.3373523692182,3,"IPM"
"IPM - Solvent",18.4994495743826,3,"IPM"
"IPM - Solvent",19.6228333689921,3,"IPM"
"IPM - Solvent",18.6196402240161,3,"IPM"
"IPM - Solvent",18.1650180182463,3,"IPM"
"IPM - Solvent",16.5732494221303,3,"IPM"
"IPM - Solvent",19.8867811113251,3,"IPM"
"IPM - Solvent",17.6219191427294,3,"IPM"
"IPM - Solvent",19.845270398566,3,"IPM"
"IPM - Solvent",17.4122547395847,3,"IPM"
"IPM - Solvent",19.8327995822038,3,"IPM"
"IPM - Solvent",19.4937598116887,3,"IPM"
"IPM - Solvent",17.8125576213796,3,"IPM"
"IPM - Solvent",17.6598421155634,3,"IPM"
"IPM - Solvent",18.4934793466395,3,"IPM"
"IPM - Solvent",19.2711602491548,3,"IPM"
"IPM - Solvent",17.7248051818039,3,"IPM"
"IPM - Solvent",18.2772330639225,3,"IPM"
"IPM - Solvent",19.1853618226612,3,"IPM"
"IPM - Solvent",17.1396323031386,3,"IPM"
"IPM - Solvent",17.2255934189508,3,"IPM"
"IPM - Solvent",19.3391365999641,3,"IPM"
"IPM - Solvent",20.3209637188315,3,"IPM"
"IPM - Solvent",19.9749642466244,3,"IPM"
"IPM - Solvent",18.0591597272329,3,"IPM"
"IPM - Solvent",18.7636549234034,3,"IPM"
"IPM - Solvent",17.3853393568344,3,"IPM"
"IPM - Solvent",17.117056419973,3,"IPM"
"IPM - Solvent",18.6886556299751,3,"IPM"
"IPM - Solvent",19.0700724074774,3,"IPM"
"IPM - Solvent",19.1998134511849,3,"IPM"
"IPM - Solvent",20.1171532915233,3,"IPM"
"IPM - Solvent",18.5035964846409,3,"IPM"
"IPM - Solvent",18.3026629023206,3,"IPM"
"IPM - Solvent",18.5455124620084,3,"IPM"
"IPM - Solvent",17.6583532562049,3,"IPM"
"IPM - Solvent",17.8285646242236,3,"IPM"
"IPM - Solvent",19.6400452257703,3,"IPM"
"IPM - Solvent",18.3259531592419,3,"IPM"
"IPM - Solvent",17.9062558126234,3,"IPM"
"IPM - Solvent",17.5187048785929,3,"IPM"
"IPM - Solvent",17.3832631877038,3,"IPM"
"IPM - Solvent",19.7339144589391,3,"IPM"
"IPM - Solvent",18.0581910650054,3,"IPM"
"IPM - Solvent",18.415455595479,3,"IPM"
"IPM - Solvent",18.925834292479,3,"IPM"
"IPM - Solvent",19.2642912659823,3,"IPM"
"IPM - Solvent",20.8892373027308,3,"IPM"
"IPM - Solvent",17.1649769697917,3,"IPM"
"IPM - Solvent",18.1738845368208,3,"IPM"
"IPM - Solvent",18.0493938040479,3,"IPM"
"IPM - Solvent",18.2025854882659,3,"IPM"
"IPM - Solvent",18.1668350373026,3,"IPM"
"IPM - Solvent",19.2050688188931,3,"IPM"
"IPM - Solvent",20.3190894875465,3,"IPM"
"IPM - Solvent",18.9597635338833,3,"IPM"
"IPM - Solvent",19.4955407994529,3,"IPM"
"IPM - Solvent",19.9880738213916,3,"IPM"
"IPM - Solvent",19.593307546753,3,"IPM"
"IPM - Solvent",16.7350608478919,3,"IPM"
"IPM - Solvent",19.0745177068652,3,"IPM"
"IPM - Solvent",17.130752518918,3,"IPM"
"IPM - Solvent",19.4808415754836,3,"IPM"
"IPM - Solvent",17.032264379583,3,"IPM"
"IPM - Solvent",17.394681638151,3,"IPM"
"IPM - Solvent",17.7094723564957,3,"IPM"
"IPM - Solvent",16.8666405232065,3,"IPM"
"IPM - Solvent",17.985739257972,3,"IPM"
"IPM - Solvent",18.5828738279721,3,"IPM"
"IPM - Solvent",18.7920105603579,3,"IPM"
"IPM - Solvent",18.213233205422,3,"IPM"
"IPM - Solvent",19.3653265297642,3,"IPM"
"IPM - Solvent",20.4088791602529,3,"IPM"
"IPM - Solvent",17.4493996920155,3,"IPM"
"IPM - Solvent",18.1932650501931,3,"IPM"
"IPM - Solvent",19.7333767676193,3,"IPM"
"IPM - Solvent",17.9841254441967,3,"IPM"
"IPM - Solvent",20.0223379014244,3,"IPM"
"IPM - Solvent",16.7663439608778,3,"IPM"
"IPM - Solvent",18.5014776381905,3,"IPM"
"IPM - Solvent",18.8004100537587,3,"IPM"
"IPM - Solvent",19.3213536858673,3,"IPM"
"IPM - Solvent",17.9914560595789,3,"IPM"
"IPM - Solvent",18.8537961863078,3,"IPM"
"IPM - Solvent",18.7907307424856,3,"IPM"
"IPM - Solvent",19.443343550185,3,"IPM"
"IPM - Solvent",19.0891006905448,3,"IPM"
"IPM - Solvent",20.7101205477119,3,"IPM"
"IPM - Solvent",17.6056838358237,3,"IPM"
"IPM - Solvent",18.1810109402054,3,"IPM"
"IPM - Solvent",17.0349835941003,3,"IPM"
"IPM - Solvent",20.0445837375344,3,"IPM"
"IPM - Solvent",17.3990600061942,3,"IPM"
"IPM - Solvent",19.6082903262822,3,"IPM"
"IPM - Solvent",19.5814580269031,3,"IPM"
"IPM - Solvent",18.3430633144504,3,"IPM"
"IPM - Solvent",16.9681172191175,3,"IPM"
"IPM - Solvent",18.6898604599866,3,"IPM"
"IPM - Solvent",19.0833743504684,3,"IPM"
"IPM - Solvent",18.1119765788817,3,"IPM"
"IPM - Solvent",19.6573703053335,3,"IPM"
"IPM - Solvent",18.1941412170256,3,"IPM"
"IPM - Solvent",19.2479585829266,3,"IPM"
"IPM - Solvent",17.6933666404752,3,"IPM"
"IPM - Solvent",18.6843302691464,3,"IPM"
"IPM - Solvent",20.7192865675241,3,"IPM"
"IPM - Solvent",18.8495198472794,3,"IPM"
"IPM - Solvent",18.2584170131814,3,"IPM"
"IPM - Solvent",17.743363988522,3,"IPM"
"IPM - Solvent",19.8382648540485,3,"IPM"
"IPM - Solvent",18.6445823101087,3,"IPM"
"IPM - Solvent",17.2722796683835,3,"IPM"
"IPM - Solvent",18.7813078985692,3,"IPM"
"IPM - Solvent",19.0691056513139,3,"IPM"
"IPM - Solvent",19.9635547534747,3,"IPM"
"IPM - Solvent",19.3172975552954,3,"IPM"
"IPM - Solvent",18.6313758242234,3,"IPM"
"IPM - Solvent",19.4287459790159,3,"IPM"
"IPM - Solvent",19.5978153813898,3,"IPM"
"IPM - Solvent",18.777677408783,3,"IPM"
"IPM - Solvent",19.8132540641692,3,"IPM"
"IPM - Solvent",19.0812082473462,3,"IPM"
"IPM - Solvent",17.020475677314,3,"IPM"
"IPM - Solvent",18.9190844334028,3,"IPM"
"IPM - Solvent",18.7630679996644,3,"IPM"
"IPM - Solvent",17.3419084968119,3,"IPM"
"IPM - Solvent",18.6177517428298,3,"IPM"
"IPM - Solvent",18.5561811630614,3,"IPM"
"IPM - Solvent",18.7502012051698,3,"IPM"
"IPM - Solvent",18.8930876650786,3,"IPM"
"IPM - Solvent",19.2402507553989,3,"IPM"
"IPM - Solvent",19.9021168842151,3,"IPM"
"IPM - Solvent",19.9401140265291,3,"IPM"
"IPM - Solvent",20.2335030715706,3,"IPM"
"IPM - Solvent",16.9145305486213,3,"IPM"
"IPM - Solvent",18.2529711729906,3,"IPM"
"IPM - Solvent",19.1235627208654,3,"IPM"
"IPM - Solvent",19.6227692063769,3,"IPM"
"IPM - Solvent",17.1015251762908,3,"IPM"
"IPM - Solvent",17.744824499065,3,"IPM"
"IPM - Solvent",18.0391795251079,3,"IPM"
"IPM - Solvent",17.8342491305045,3,"IPM"
"IPM - Solvent",18.9279312764368,3,"IPM"
"IPM - Solvent",17.2412981450918,3,"IPM"
"IPM - Solvent",17.3844898764431,3,"IPM"
"IPM - Solvent",18.2202084731214,3,"IPM"
"IPM - Solvent",17.350456418097,3,"IPM"
"IPM - Solvent",18.490096908484,3,"IPM"
"IPM - Solvent",19.5194204510783,3,"IPM"
"IPM - Solvent",18.7108230403332,3,"IPM"
"IPM - Solvent",17.9197559449534,3,"IPM"
"IPM - Solvent",18.5440900033379,3,"IPM"
"IPM - Solvent",17.1948211972714,3,"IPM"
"IPM - Solvent",18.3454955084152,3,"IPM"
"IPM - Solvent",17.7246008511334,3,"IPM"
"IPM - Solvent",17.3260947444898,3,"IPM"
"IPM - Solvent",17.4713252893964,3,"IPM"
"IPM - Solvent",19.0992125034091,3,"IPM"
"IPM - Solvent",18.215611293266,3,"IPM"
"IPM - Solvent",20.382592516829,3,"IPM"
"IPM - Solvent",20.7461078983713,3,"IPM"
"IPM - Solvent",19.0142487294158,3,"IPM"
"IPM - Solvent",19.0062860334725,3,"IPM"
"IPM - Solvent",19.9867866196926,3,"IPM"
"IPM - Solvent",17.6611398853114,3,"IPM"
"IPM - Solvent",18.0031802249673,3,"IPM"
"IPM - Solvent",19.9974425750968,3,"IPM"
"IPM - Solvent",17.90948782324,3,"IPM"
"IPM - Solvent",17.4331524257976,3,"IPM"
"IPM - Solvent",20.212581612411,3,"IPM"
"IPM - Solvent",17.4213864730907,3,"IPM"
"IPM - Solvent",17.5665967673285,3,"IPM"
"IPM - Solvent",17.3278066759803,3,"IPM"
"IPM - Solvent",19.6070837815817,3,"IPM"
"IPM - Solvent",20.4048191889881,3,"IPM"
"IPM - Solvent",17.7592934977493,3,"IPM"
"IPM - Solvent",17.4960192798517,3,"IPM"
"IPM - Solvent",19.442345334305,3,"IPM"
"IPM - Solvent",18.7281853530679,3,"IPM"
"IPM - Solvent",17.9277311566418,3,"IPM"
"IPM - Solvent",17.3273007217653,3,"IPM"
"IPM - Solvent",17.4678354123434,3,"IPM"
"IPM - Solvent",20.5761453680285,3,"IPM"
"IPM - Solvent",19.8686814678941,3,"IPM"
"IPM - Solvent",17.4841335502131,3,"IPM"
"IPM - Solvent",18.4373455489185,3,"IPM"
"IPM - Solvent",19.6003692140781,3,"IPM"
"IPM - Solvent",17.9120905286536,3,"IPM"
"IPM - Solvent",18.9476976353205,3,"IPM"
"IPM - Solvent",19.3213356798541,3,"IPM"
"IPM - Solvent",19.0810425284854,3,"IPM"
"IPM - Solvent",19.1693524661377,3,"IPM"
"IPM - Solvent",17.0352029193127,3,"IPM"
"IPM - Solvent",18.5478594439844,3,"IPM"
"IPM - Solvent",18.3707818024699,3,"IPM"
"IPM - Solvent",18.6171434185269,3,"IPM"
"IPM - Solvent",19.3729524330735,3,"IPM"
"IPM - Solvent",18.4572025303193,3,"IPM"
"IPM - Solvent",18.4539157489515,3,"IPM"
"IPM - Solvent",18.7499399760346,3,"IPM"
"IPM - Solvent",18.8115657927492,3,"IPM"
"IPM - Solvent",19.1864679331625,3,"IPM"
"IPM - Solvent",18.2869909208526,3,"IPM"
"IPM - Solvent",18.7170692612728,3,"IPM"
"IPM - Solvent",19.3427677758584,3,"IPM"
"IPM - Solvent",18.8538307874375,3,"IPM"
"IPM - Solvent",17.852922804542,3,"IPM"
"IPM - Solvent",19.6915034525563,3,"IPM"
"IPM - Solvent",18.6184722664459,3,"IPM"
"IPM - Solvent",16.8627784872192,3,"IPM"
"IPM - Solvent",19.6665551759764,3,"IPM"
"IPM - Solvent",19.2657372128714,3,"IPM"
"IPM - Solvent",18.046682890157,3,"IPM"
"IPM - Solvent",17.7531636817963,3,"IPM"
"IPM - Solvent",18.0870314285869,3,"IPM"
"IPM - Solvent",17.8335064630781,3,"IPM"
"IPM - Solvent",18.4968676371572,3,"IPM"
"IPM - Solvent",18.1056980492615,3,"IPM"
"IPM - Solvent",19.5127728733279,3,"IPM"
"IPM - Solvent",19.3774979671946,3,"IPM"
"IPM - Solvent",19.5175481084728,3,"IPM"
"IPM - Solvent",17.5837619927213,3,"IPM"
"IPM - Solvent",19.2645426504532,3,"IPM"
"IPM - Solvent",17.8836979503103,3,"IPM"
"IPM - Solvent",18.4777117189914,3,"IPM"
"IPM - Solvent",19.2408479399604,3,"IPM"
"IPM - Solvent",17.7499125475066,3,"IPM"
"IPM - Solvent",16.9664716460211,3,"IPM"
"IPM - Solvent",18.9363275004413,3,"IPM"
"IPM - Solvent",16.5383221112432,3,"IPM"
"IPM - Solvent",18.3782302155601,3,"IPM"
"IPM - Solvent",19.4902470798252,3,"IPM"
"IPM - Solvent",18.5513538922745,3,"IPM"
"IPM - Solvent",18.5707806080659,3,"IPM"
"IPM - Solvent",18.3239997635293,3,"IPM"
"IPM - Solvent",17.2426490228843,3,"IPM"
"IPM - Solvent",18.9134568847325,3,"IPM"
"IPM - Solvent",17.0955042184477,3,"IPM"
"IPM - Solvent",19.3166220896656,3,"IPM"
"IPM - Solvent",17.4895508139436,3,"IPM"
"IPM - Solvent",19.8208428260214,3,"IPM"
"IPM - Solvent",18.5418519378485,3,"IPM"
"IPM - Solvent",17.2067969162204,3,"IPM"
"IPM - Solvent",19.8326348460358,3,"IPM"
"IPM - Solvent",19.7652264769426,3,"IPM"
"IPM - Solvent",17.8112481165634,3,"IPM"
"IPM - Solvent",19.501246637335,3,"IPM"
"IPM - Solvent",18.6969070338553,3,"IPM"
"IPM - Solvent",18.4376188950701,3,"IPM"
"IPM - Solvent",19.1909396547779,3,"IPM"
"IPM - Solvent",19.0877644037484,3,"IPM"
"IPM - Solvent",20.0103991297312,3,"IPM"
"IPM - Solvent",19.3047923729503,3,"IPM"
"IPM - Solvent",17.6554687334849,3,"IPM"
"IPM - Solvent",20.2055541794689,3,"IPM"
"IPM - Solvent",19.2939487311127,3,"IPM"
"IPM - Solvent",17.9632982213546,3,"IPM"
"IPM - Solvent",19.0816680415109,3,"IPM"
"IPM - Solvent",18.5574212365699,3,"IPM"
"IPM - Solvent",18.478576029771,3,"IPM"
"IPM - Solvent",17.8293221184573,3,"IPM"
"IPM - Solvent",18.2176215245405,3,"IPM"
"IPM - Solvent",18.5024504284352,3,"IPM"
"IPM - Solvent",18.3169506166234,3,"IPM"
"IPM - Solvent",18.0685533087331,3,"IPM"
"IPM - Solvent",17.3880049503623,3,"IPM"
"IPM - Solvent",19.289143447898,3,"IPM"
"IPM - Solvent",18.8134810775701,3,"IPM"
"IPM - Solvent",18.9576932117747,3,"IPM"
"IPM - Solvent",18.3210596668643,3,"IPM"
"IPM - Solvent",18.561988974193,3,"IPM"
"IPM - Solvent",20.7164738153881,3,"IPM"
"IPM - Solvent",18.1878737999061,3,"IPM"
"IPM - Solvent",17.4523126103035,3,"IPM"
"IPM - Solvent",17.9561367549968,3,"IPM"
"IPM - Solvent",18.2648819633111,3,"IPM"
"IPM - Solvent",19.304138429036,3,"IPM"
"IPM - Solvent",20.1906405549105,3,"IPM"
"IPM - Solvent",17.1594126238696,3,"IPM"
"IPM - Solvent",18.4132869620538,3,"IPM"
"IPM - Solvent",18.2940044566314,3,"IPM"
"IPM - Solvent",18.666431130324,3,"IPM"
"IPM - Solvent",19.2175580454742,3,"IPM"
"IPM - Solvent",17.7464144537481,3,"IPM"
"IPM - Solvent",17.905449950421,3,"IPM"
"IPM - Solvent",18.3556057139145,3,"IPM"
"IPM - Solvent",19.7227240618801,3,"IPM"
"IPM - Solvent",18.4360075062745,3,"IPM"
"IPM - Solvent",19.4655630501019,3,"IPM"
"IPM - Solvent",17.7877668289868,3,"IPM"
"IPM - Solvent",18.8282791842913,3,"IPM"
"IPM - Solvent",17.8099946730009,3,"IPM"
"IPM - Solvent",18.2279014257408,3,"IPM"
"IPM - Solvent",18.7865221332843,3,"IPM"
"IPM - Solvent",18.2245056362668,3,"IPM"
"IPM - Solvent",19.7351069652198,3,"IPM"
"IPM - Solvent",18.0991796050447,3,"IPM"
"IPM - Solvent",20.0980490761976,3,"IPM"
"IPM - Solvent",17.992298683799,3,"IPM"
"IPM - Solvent",18.1937025630104,3,"IPM"
"IPM - Solvent",16.8329322544093,3,"IPM"
"IPM - Solvent",20.2096918396561,3,"IPM"
"IPM - Solvent",19.4800914648609,3,"IPM"
"IPM - Solvent",18.7371069717718,3,"IPM"
"IPM - Solvent",17.8340090117555,3,"IPM"
"IPM - Solvent",18.7338936981911,3,"IPM"
"IPM - Solvent",18.552603181954,3,"IPM"
"IPM - Solvent",18.5036045712565,3,"IPM"
"IPM - Solvent",17.7481920007913,3,"IPM"
"IPM - Solvent",18.8062980625355,3,"IPM"
"IPM - Solvent",18.369540275775,3,"IPM"
"IPM - Solvent",18.137320304297,3,"IPM"
"IPM - Solvent",17.929710361941,3,"IPM"
"IPM - Solvent",18.1314659044744,3,"IPM"
"IPM - Solvent",17.7550194414858,3,"IPM"
"IPM - Solvent",19.3964360414217,3,"IPM"
"IPM - Solvent",18.5259621584929,3,"IPM"
"IPM - Solvent",18.499091898533,3,"IPM"
"IPM - Solvent",19.8591102807284,3,"IPM"
"IPM - Solvent",20.1702391529471,3,"IPM"
"IPM - Solvent",20.1346509497553,3,"IPM"
"IPM - Solvent",17.1365772078301,3,"IPM"
"IPM - Solvent",17.8214950880098,3,"IPM"
"IPM - Solvent",18.1804395579615,3,"IPM"
"IPM - Solvent",18.0549765396733,3,"IPM"
"IPM - Solvent",18.4697330546271,3,"IPM"
"IPM - Solvent",17.5378280700737,3,"IPM"
"IPM - Solvent",17.8862135036181,3,"IPM"
"IPM - Solvent",17.4966066995613,3,"IPM"
"IPM - Solvent",17.931303216744,3,"IPM"
"IPM - Solvent",20.6121498772458,3,"IPM"
"IPM - Solvent",19.1810622498282,3,"IPM"
"IPM - Solvent",18.2588389496764,3,"IPM"
"IPM - Solvent",19.6189495170924,3,"IPM"
"IPM - Solvent",19.5987518257849,3,"IPM"
"IPM - Solvent",19.607909354543,3,"IPM"
"IPM - Solvent",17.3300419286932,3,"IPM"
"IPM - Solvent",18.0433301433609,3,"IPM"
"IPM - Solvent",19.7328785761908,3,"IPM"
"IPM - Solvent",18.9217837118844,3,"IPM"
"IPM - Solvent",17.1461296687756,3,"IPM"
"IPM - Solvent",19.0844112681488,3,"IPM"
"IPM - Solvent",18.6061578609019,3,"IPM"
"IPM - Solvent",17.6096798349081,3,"IPM"
"IPM - Solvent",18.7960797883953,3,"IPM"
"IPM - Solvent",19.8034211931336,3,"IPM"
"IPM - Solvent",19.388423168379,3,"IPM"
"IPM - Solvent",17.7348270115183,3,"IPM"
"IPM - Solvent",18.6611945314495,3,"IPM"
"IPM - Solvent",17.0406981237924,3,"IPM"
"IPM - Solvent",18.8727397156563,3,"IPM"
"IPM - Solvent",18.3849453692006,3,"IPM"
"IPM - Solvent",20.2912306249634,3,"IPM"
"IPM - Solvent",17.6583327721098,3,"IPM"
"IPM - Solvent",18.9303151002533,3,"IPM"
"IPM - Solvent",18.5420918143189,3,"IPM"
"IPM - Solvent",18.3757037828368,3,"IPM"
"IPM - Solvent",18.2068169950175,3,"IPM"
"IPM - Solvent",20.2341532427424,3,"IPM"
"IPM - Solvent",19.0640662581817,3,"IPM"
"IPM - Solvent",19.0238362243823,3,"IPM"
"IPM - Solvent",18.1940012147747,3,"IPM"
"IPM - Solvent",18.0736478631318,3,"IPM"
"IPM - Solvent",18.1598113452746,3,"IPM"
"IPM - Solvent",19.294667404868,3,"IPM"
"IPM - Solvent",20.001952684344,3,"IPM"
"IPM - Solvent",17.8763030876406,3,"IPM"
"IPM - Solvent",17.8878974482653,3,"IPM"
"IPM - Solvent",18.1539075646205,3,"IPM"
"IPM - Solvent",18.0078036986079,3,"IPM"
"IPM - Solvent",18.0428152496703,3,"IPM"
"IPM - Solvent",18.6019444121536,3,"IPM"
"IPM - Solvent",18.3731903025397,3,"IPM"
"IPM - Solvent",18.9217069722692,3,"IPM"
"IPM - Solvent",17.1767359327999,3,"IPM"
"IPM - Solvent",18.1241998888581,3,"IPM"
"IPM - Solvent",19.0460799666615,3,"IPM"
"IPM - Solvent",17.4094367652216,3,"IPM"
"IPM - Solvent",18.0546016451722,3,"IPM"
"IPM - Solvent",18.2898593481776,3,"IPM"
"IPM - Solvent",18.4227289526114,3,"IPM"
"IPM - Solvent",19.4584027368648,3,"IPM"
"IPM - Solvent",20.5824424257071,3,"IPM"
"IPM - Solvent",16.7240653267571,3,"IPM"
"IPM - Solvent",18.1949084747856,3,"IPM"
"IPM - Solvent",17.7260296813029,3,"IPM"
"IPM - Solvent",19.7111394205913,3,"IPM"
"IPM - Solvent",18.0112103736975,3,"IPM"
"IPM - Solvent",17.4329916765444,3,"IPM"
"IPM - Solvent",19.4441957960532,3,"IPM"
"IPM - Solvent",18.3632381543764,3,"IPM"
"IPM - Solvent",19.2219692536967,3,"IPM"
"IPM - Solvent",20.0985658376388,3,"IPM"
"IPM - Solvent",18.8872837504606,3,"IPM"
"IPM - Solvent",17.3516860353026,3,"IPM"
"IPM - Solvent",18.1068684224959,3,"IPM"
"IPM - Solvent",19.299986403166,3,"IPM"
"IPM - Solvent",16.5904880970291,3,"IPM"
"IPM - Solvent",20.0109945318228,3,"IPM"
"IPM - Solvent",18.6939014807615,3,"IPM"
"IPM - Solvent",19.8230839270784,3,"IPM"
"IPM - Solvent",18.261232456135,3,"IPM"
"IPM - Solvent",18.2647557617978,3,"IPM"
"IPM - Solvent",19.2532728593464,3,"IPM"
"IPM - Solvent",17.859628771243,3,"IPM"
"IPM - Solvent",17.748848153738,3,"IPM"
"IPM - Solvent",19.4542657527785,3,"IPM"
"IPM - Solvent",19.9833856874562,3,"IPM"
"IPM - Solvent",16.7451322200792,3,"IPM"
"IPM - Solvent",19.7672541184012,3,"IPM"
"IPM - Solvent",17.9155550132869,3,"IPM"
"IPM - Solvent",17.8876082174134,3,"IPM"
"IPM - Solvent",19.8923648888931,3,"IPM"
"IPM - Solvent",17.5440291659509,3,"IPM"
"IPM - Solvent",18.4116464674152,3,"IPM"
"IPM - Solvent",17.8805239729224,3,"IPM"
"IPM - Solvent",18.4674373133066,3,"IPM"
"IPM - Solvent",18.8539458079125,3,"IPM"
"IPM - Solvent",17.9483258395477,3,"IPM"
"IPM - Solvent",18.4598353121078,3,"IPM"
"IPM - Solvent",17.76766391068,3,"IPM"
"IPM - Solvent",19.1945273301178,3,"IPM"
"IPM - Solvent",18.8489595367633,3,"IPM"
"IPM - Solvent",20.2075546025429,3,"IPM"
"IPM - Solvent",17.8278077555092,3,"IPM"
"IPM - Solvent",18.9025479699259,3,"IPM"
"IPM - Solvent",17.5680731657253,3,"IPM"
"IPM - Solvent",17.4726749125474,3,"IPM"
"IPM - Solvent",17.4231380731664,3,"IPM"
"IPM - Solvent",19.981931748015,3,"IPM"
"IPM - Solvent",19.2169502317939,3,"IPM"
"IPM - Solvent",17.1249346105377,3,"IPM"
"IPM - Solvent",19.6469089046213,3,"IPM"
"IPM - Solvent",19.9204105087287,3,"IPM"
"IPM - Solvent",18.8832544885127,3,"IPM"
"IPM - Solvent",18.5739585323241,3,"IPM"
"IPM - Solvent",16.6245682752118,3,"IPM"
"IPM - Solvent",18.1484110278475,3,"IPM"
"IPM - Solvent",18.5901318914054,3,"IPM"
"IPM - Solvent",18.6586545521948,3,"IPM"
"IPM - Solvent",20.0168376060677,3,"IPM"
"IPM - Solvent",18.1599445045288,3,"IPM"
"IPM - Solvent",18.1904306353177,3,"IPM"
"IPM - Solvent",19.3148906348507,3,"IPM"
"IPM - Solvent",18.1986427870908,3,"IPM"
"IPM - Solvent",18.5022761926832,3,"IPM"
"IPM - Solvent",17.9738921992819,3,"IPM"
"IPM - Solvent",16.6830237025124,3,"IPM"
"IPM - Solvent",18.4680241179875,3,"IPM"
"IPM - Solvent",18.5794374189144,3,"IPM"
"IPM - Solvent",19.2558310186133,3,"IPM"
"IPM - Solvent",18.8817263086772,3,"IPM"
"IPM - Solvent",18.612650816188,3,"IPM"
"IPM - Solvent",19.0440268083594,3,"IPM"
"IPM - Solvent",17.2820310070008,3,"IPM"
"IPM - Solvent",18.585349582441,3,"IPM"
"IPM - Solvent",17.8233826564633,3,"IPM"
"IPM - Solvent",18.8334583952813,3,"IPM"
"IPM - Solvent",17.9269697890074,3,"IPM"
"IPM - Solvent",18.6245152006408,3,"IPM"
"IPM - Solvent",19.6067200708686,3,"IPM"
"IPM - Solvent",18.4785834004003,3,"IPM"
"IPM - Solvent",18.9055462118304,3,"IPM"
"IPM - Solvent",17.6989367051085,3,"IPM"
"IPM - Solvent",18.0687026483028,3,"IPM"
"IPM - Solvent",18.1877060414972,3,"IPM"
"IPM - Solvent",19.6852488131139,3,"IPM"
"IPM - Solvent",18.8133043416131,3,"IPM"
"IPM - Solvent",19.8214506411009,3,"IPM"
"IPM - Solvent",19.0979616712737,3,"IPM"
"IPM - Solvent",18.0640597124618,3,"IPM"
"IPM - Solvent",18.2651977086836,3,"IPM"
"IPM - Solvent",19.2981510909215,3,"IPM"
"IPM - Solvent",18.5712716642257,3,"IPM"
"IPM - Solvent",18.4802398176478,3,"IPM"
"IPM - Solvent",18.6911116244663,3,"IPM"
"IPM - Solvent",20.0182268550495,3,"IPM"
"IPM - Solvent",19.13390651321,3,"IPM"
"IPM - Solvent",17.7009630113379,3,"IPM"
"IPM - Solvent",17.4861137653476,3,"IPM"
"IPM - Solvent",19.704823560691,3,"IPM"
"IPM - Solvent",17.863111413691,3,"IPM"
"IPM - Solvent",18.2801074862893,3,"IPM"
"IPM - Solvent",18.4773041891018,3,"IPM"
"IPM - Solvent",19.853069742571,3,"IPM"
"IPM - Solvent",17.7649439499483,3,"IPM"
"IPM - Solvent",19.0762139504987,3,"IPM"
"IPM - Solvent",18.639899970975,3,"IPM"
"IPM - Solvent",19.8755956943789,3,"IPM"
"IPM - Solvent",20.0960124069125,3,"IPM"
"IPM - Solvent",18.7169876066994,3,"IPM"
"IPM - Solvent",17.8617014628039,3,"IPM"
"IPM - Solvent",18.6468863687915,3,"IPM"
"IPM - Solvent",18.7364135790798,3,"IPM"
"IPM - Solvent",18.4419523336351,3,"IPM"
"IPM - Solvent",18.4489951499445,3,"IPM"
"IPM - Solvent",18.103229376898,3,"IPM"
"IPM - Solvent",18.7253448337107,3,"IPM"
"IPM - Solvent",17.6217560025591,3,"IPM"
"IPM - Solvent",19.1118431244622,3,"IPM"
"IPM - Solvent",18.6864907148118,3,"IPM"
"IPM - Solvent",19.8655090049403,3,"IPM"
"IPM - Solvent",17.8086468243161,3,"IPM"
"IPM - Solvent",19.1295114671025,3,"IPM"
"IPM - Solvent",19.8471492610852,3,"IPM"
"IPM - Solvent",16.6361360572617,3,"IPM"
"IPM - Solvent",18.317517823093,3,"IPM"
"IPM - Solvent",17.4651636402947,3,"IPM"
"IPM - Solvent",17.3401279331278,3,"IPM"
"IPM - Solvent",19.4269178177364,3,"IPM"
"IPM - Solvent",19.6012653212028,3,"IPM"
"IPM - Solvent",17.6921280455146,3,"IPM"
"IPM - Solvent",17.9747432057287,3,"IPM"
"IPM - Solvent",18.4625368318689,3,"IPM"
"IPM - Solvent",17.8959849365936,3,"IPM"
"IPM - Solvent",19.7851867929441,3,"IPM"
"IPM - Solvent",18.3808105468727,3,"IPM"
"IPM - Solvent",17.9383732718361,3,"IPM"
"IPM - Solvent",19.5113124104125,3,"IPM"
"IPM - Solvent",19.2766086974489,3,"IPM"
"IPM - Solvent",18.1911609011701,3,"IPM"
"IPM - Solvent",18.9772115295141,3,"IPM"
"IPM - Solvent",18.0687862927505,3,"IPM"
"IPM - Solvent",18.4098697548755,3,"IPM"
"IPM - Solvent",18.4506969850273,3,"IPM"
"IPM - Solvent",18.2026004409904,3,"IPM"
"IPM - Solvent",19.5655616300898,3,"IPM"
"IPM - Solvent",17.7436044775425,3,"IPM"
"IPM - Solvent",17.7082832204882,3,"IPM"
"IPM - Solvent",19.007874949158,3,"IPM"
"IPM - Solvent",18.2961081240839,3,"IPM"
"IPM - Solvent",18.7605675906118,3,"IPM"
"IPM - Solvent",17.2315711545251,3,"IPM"
"IPM - Solvent",19.1141602252673,3,"IPM"
"IPM - Solvent",18.6297544425392,3,"IPM"
"IPM - Solvent",19.1154463140731,3,"IPM"
"IPM - Solvent",17.9172767702679,3,"IPM"
"IPM - Solvent",19.2750052517366,3,"IPM"
"IPM - Solvent",17.9292288232241,3,"IPM"
"IPM - Solvent",17.0308665209358,3,"IPM"
"IPM - Solvent",20.7127548944406,3,"IPM"
"IPM - Solvent",17.1583911664886,3,"IPM"
"IPM - Solvent",19.9737430872054,3,"IPM"
"IPM - Solvent",17.8991006457906,3,"IPM"
"IPM - Solvent",17.3370857491494,3,"IPM"
"IPM - Solvent",20.165606467818,3,"IPM"
"IPM - Solvent",17.2174672727668,3,"IPM"
"IPM - Solvent",19.4188994959253,3,"IPM"
"IPM - Solvent",18.8898550024285,3,"IPM"
"IPM - Solvent",18.3567328326478,3,"IPM"
"IPM - Solvent",19.0620225727489,3,"IPM"
"IPM - Solvent",18.0290771602351,3,"IPM"
"IPM - Solvent",18.2291213512511,3,"IPM"
"IPM - Solvent",17.5547857211152,3,"IPM"
"IPM - Solvent",18.1138365521547,3,"IPM"
"IPM - Solvent",18.0126995594726,3,"IPM"
"IPM - Solvent",17.5788471112646,3,"IPM"
"IPM - Solvent",18.7432610095243,3,"IPM"
"IPM - Solvent",19.0906485568227,3,"IPM"
"IPM - Solvent",18.7475455178481,3,"IPM"
"IPM - Solvent",19.9460981362377,3,"IPM"
"IPM - Solvent",17.822462091237,3,"IPM"
"IPM - Solvent",18.947510215315,3,"IPM"
"IPM - Solvent",17.7397377168163,3,"IPM"
"IPM - Solvent",18.347861509731,3,"IPM"
"IPM - Solvent",18.0402795988781,3,"IPM"
"IPM - Solvent",17.853084306012,3,"IPM"
"IPM - Solvent",17.8400322919227,3,"IPM"
"IPM - Solvent",19.0970057324023,3,"IPM"
"IPM - Solvent",17.2847661633875,3,"IPM"
"IPM - Solvent",17.7978275423781,3,"IPM"
"IPM - Solvent",17.4242609910015,3,"IPM"
"IPM - Solvent",18.8998016072403,3,"IPM"
"IPM - Solvent",18.8808392289036,3,"IPM"
"IPM - Solvent",18.2733722232565,3,"IPM"
"IPM - Solvent",17.4663630839014,3,"IPM"
"IPM - Solvent",18.1623781210008,3,"IPM"
"IPM - Solvent",19.1354741668221,3,"IPM"
"IPM - Solvent",19.036053477741,3,"IPM"
"IPM - Solvent",18.9711866731485,3,"IPM"
"IPM - Solvent",19.4044315208469,3,"IPM"
"IPM - Solvent",18.6218647223591,3,"IPM"
"IPM - Solvent",19.0359672583719,3,"IPM"
"IPM - Solvent",19.7528792809552,3,"IPM"
"IPM - Solvent",18.9987229027007,3,"IPM"
"IPM - Solvent",18.6536226134152,3,"IPM"
"IPM - Solvent",19.2757586565511,3,"IPM"
"IPM - Solvent",18.9808852431656,3,"IPM"
"IPM - Solvent",18.9593941888319,3,"IPM"
"IPM - Solvent",20.2402244695811,3,"IPM"
"IPM - Solvent",19.2056240344604,3,"IPM"
"IPM - Solvent",17.9828224953563,3,"IPM"
"IPM - Solvent",17.7345022762889,3,"IPM"
"IPM - Solvent",19.1953175192014,3,"IPM"
"IPM - Solvent",18.4042279208468,3,"IPM"
"IPM - Solvent",19.0353693002818,3,"IPM"
"IPM - Solvent",17.3873174506154,3,"IPM"
"IPM - Solvent",17.8828124871431,3,"IPM"
"IPM - Solvent",18.4942804206712,3,"IPM"
"IPM - Solvent",17.9655255565299,3,"IPM"
"IPM - Solvent",18.7423815724472,3,"IPM"
"IPM - Solvent",19.3137877313821,3,"IPM"
"IPM - Solvent",19.2518501434877,3,"IPM"
"IPM - Solvent",19.0645332444123,3,"IPM"
"IPM - Solvent",18.3022468392734,3,"IPM"
"IPM - Solvent",18.531486347571,3,"IPM"
"IPM - Solvent",20.2650332532371,3,"IPM"
"IPM - Solvent",17.0149085089436,3,"IPM"
"IPM - Solvent",18.2961797134301,3,"IPM"
"IPM - Solvent",18.767360185265,3,"IPM"
"IPM - Solvent",19.7699017223512,3,"IPM"
"IPM - Solvent",18.2268651892702,3,"IPM"
"IPM - Solvent",19.0711935165467,3,"IPM"
"IPM - Solvent",19.8036808330299,3,"IPM"
"IPM - Solvent",19.6242495889194,3,"IPM"
"IPM - Solvent",18.5169544754428,3,"IPM"
"IPM - Solvent",19.1881317145986,3,"IPM"
"IPM - Solvent",17.6304295670365,3,"IPM"
"IPM - Solvent",17.6664514324984,3,"IPM"
"IPM - Solvent",18.7101871605431,3,"IPM"
"IPM - Solvent",20.1372924831247,3,"IPM"
"IPM - Solvent",18.9905913978118,3,"IPM"
"IPM - Solvent",16.9584066350335,3,"IPM"
"IPM - Solvent",18.6730600902138,3,"IPM"
"IPM - Solvent",16.5532921848005,3,"IPM"
"IPM - Solvent",18.0844165180818,3,"IPM"
"IPM - Solvent",19.7337559603858,3,"IPM"
"IPM - Solvent",19.3434425480866,3,"IPM"
"IPM - Solvent",17.0859273950373,3,"IPM"
"IPM - Solvent",18.700846315671,3,"IPM"
"IPM - Solvent",17.1261500933982,3,"IPM"
"IPM - Solvent",19.0847024307255,3,"IPM"
"IPM - Solvent",17.6662390826714,3,"IPM"
"IPM - Solvent",19.5472733426333,3,"IPM"
"IPM - Solvent",17.5800210065261,3,"IPM"
"IPM - Solvent",19.4665692639433,3,"IPM"
"IPM - Solvent",19.3280264899226,3,"IPM"
"IPM - Solvent",16.4564481036963,3,"IPM"
"IPM - Solvent",19.7723195540714,3,"IPM"
"IPM - Solvent",19.7174033421152,3,"IPM"
"IPM - Solvent",19.158438857259,3,"IPM"
"IPM - Solvent",18.1702550116182,3,"IPM"
"IPM - Solvent",17.6634261576865,3,"IPM"
"IPM - Solvent",18.981007103596,3,"IPM"
"IPM - Solvent",20.0551010622562,3,"IPM"
"IPM - Solvent",18.2544055393357,3,"IPM"
"IPM - Solvent",17.3168378777255,3,"IPM"
"IPM - Solvent",19.0398400223342,3,"IPM"
"IPM - Solvent",19.3467337449716,3,"IPM"
"IPM - Solvent",18.0879786143898,3,"IPM"
"IPM - Solvent",18.6096087933499,3,"IPM"
"IPM - Solvent",18.4825270103765,3,"IPM"
"IPM - Solvent",19.2411141054917,3,"IPM"
"IPM - Solvent",17.8215095894495,3,"IPM"
"IPM - Solvent",17.2621840996074,3,"IPM"
"IPM - Solvent",18.454242768494,3,"IPM"
"IPM - Solvent",18.4781649514275,3,"IPM"
"IPM - Solvent",17.6555750057289,3,"IPM"
"IPM - Solvent",19.6822602213914,3,"IPM"
"IPM - Solvent",18.1151539736725,3,"IPM"
"IPM - Solvent",18.4311422720545,3,"IPM"
"IPM - Solvent",18.9763069209242,3,"IPM"
"IPM - Solvent",19.0393959929031,3,"IPM"
"IPM - Solvent",17.860090135983,3,"IPM"
"IPM - Solvent",18.654152477473,3,"IPM"
"IPM - Solvent",18.020579690256,3,"IPM"
"IPM - Solvent",18.1695618731536,3,"IPM"
"IPM - Solvent",17.5638049339332,3,"IPM"
"IPM - Solvent",18.7084875971953,3,"IPM"
"IPM - Solvent",18.8140281684961,3,"IPM"
"IPM - Solvent",16.8588757597539,3,"IPM"
"IPM - Solvent",18.3279467159481,3,"IPM"
"IPM - Solvent",19.981434186861,3,"IPM"
"IPM - Solvent",19.2554546025927,3,"IPM"
"IPM - Solvent",18.4090534601785,3,"IPM"
"IPM - Solvent",18.7759372782145,3,"IPM"
"IPM - Solvent",18.0224098045098,3,"IPM"
"IPM - Solvent",16.8491202955819,3,"IPM"
"IPM - Solvent",17.0071700086301,3,"IPM"
"IPM - Solvent",18.2876985788254,3,"IPM"
"IPM - Solvent",18.4834649985657,3,"IPM"
"IPM - Solvent",18.7128312904023,3,"IPM"
"IPM - Solvent",18.5160291295823,3,"IPM"
"IPM - Solvent",17.778726370309,3,"IPM"
"IPM - Solvent",19.1692789028177,3,"IPM"
"IPM - Solvent",18.5613486898295,3,"IPM"
"IPM - Solvent",18.7846685479817,3,"IPM"
"IPM - Solvent",18.5425966286943,3,"IPM"
"IPM - Solvent",18.3100808544237,3,"IPM"
"IPM - Solvent",18.9029188904557,3,"IPM"
"IPM - Solvent",18.3729905604633,3,"IPM"
"IPM - Solvent",19.119203644434,3,"IPM"
"IPM - Solvent",18.353801233338,3,"IPM"
"IPM - Solvent",19.2695881878702,3,"IPM"
"IPM - Solvent",17.9566036858069,3,"IPM"
"IPM - Solvent",17.2748250570039,3,"IPM"
"IPM - Solvent",18.044611860096,3,"IPM"
"IPM - Solvent",19.8693311492351,3,"IPM"
"IPM - Solvent",17.5451022534532,3,"IPM"
"IPM - Solvent",19.2032243616652,3,"IPM"
"IPM - Solvent",18.1950500014723,3,"IPM"
"IPM - Solvent",19.0403117553634,3,"IPM"
"IPM - Solvent",20.831272001836,3,"IPM"
"IPM - Solvent",19.8190188729836,3,"IPM"
"IPM - Solvent",18.6159673554211,3,"IPM"
"IPM - Solvent",18.3530854909354,3,"IPM"
"IPM - Solvent",19.0373827058005,3,"IPM"
"IPM - Solvent",19.4627469893437,3,"IPM"
"IPM - Solvent",18.2088661286995,3,"IPM"
"IPM - Solvent",16.8091754092015,3,"IPM"
"IPM - Solvent",19.0971811136992,3,"IPM"
"IPM - Solvent",18.8104916998812,3,"IPM"
"IPM - Solvent",17.6173504691789,3,"IPM"
"IPM - Solvent",19.7308686677703,3,"IPM"
"IPM - Solvent",18.5349369137318,3,"IPM"
"IPM - Solvent",18.6824365804923,3,"IPM"
"IPM - Solvent",19.1529227890026,3,"IPM"
"IPM - Solvent",18.1312304641015,3,"IPM"
"IPM - Solvent",18.9082317072331,3,"IPM"
"IPM - Solvent",18.421308544358,3,"IPM"
"IPM - Solvent",19.4051202603253,3,"IPM"
"IPM - Solvent",19.7599530569878,3,"IPM"
"IPM - Solvent",17.9952849614616,3,"IPM"
"IPM - Solvent",19.1118028436628,3,"IPM"
"IPM - Solvent",18.1005396383938,3,"IPM"
"IPM - Solvent",19.8562711018561,3,"IPM"
"IPM - Solvent",18.2458098802681,3,"IPM"
"IPM - Solvent",18.0269488470821,3,"IPM"
"IPM - Solvent",18.0107779820444,3,"IPM"
"IPM - Solvent",17.8935412943591,3,"IPM"
"IPM - Solvent",17.8747578758606,3,"IPM"
"IPM - Solvent",18.0489498461285,3,"IPM"
"IPM - Solvent",18.4010606435562,3,"IPM"
"IPM - Solvent",17.2499324577099,3,"IPM"
"IPM - Solvent",18.718216531524,3,"IPM"
"IPM - Solvent",20.1891447160482,3,"IPM"
"IPM - Solvent",18.5417449339583,3,"IPM"
"IPM - Solvent",18.4924947471961,3,"IPM"
"IPM - Solvent",18.26826252042,3,"IPM"
"IPM - Solvent",17.1913025360159,3,"IPM"
"IPM - Solvent",17.2972520644291,3,"IPM"
"IPM - Solvent",19.4364861222987,3,"IPM"
"IPM - Solvent",20.0807989944669,3,"IPM"
"IPM - Solvent",17.7349525181008,3,"IPM"
"IPM - Solvent",16.8754070130012,3,"IPM"
"IPM - Solvent",17.6669062748878,3,"IPM"
"IPM - Solvent",17.7793297276143,3,"IPM"
"IPM - Solvent",20.2752874926872,3,"IPM"
"IPM - Solvent",16.6479136992689,3,"IPM"
"IPM - Solvent",18.9255707536023,3,"IPM"
"IPM - Solvent",18.2101794639531,3,"IPM"
"IPM - Solvent",20.6819084815979,3,"IPM"
"IPM - Solvent",17.9449905151281,3,"IPM"
"IPM - Solvent",19.3172238133035,3,"IPM"
"IPM - Solvent",17.2725168078456,3,"IPM"
"IPM - Solvent",19.0122071338659,3,"IPM"
"IPM - Solvent",21.0147771150634,3,"IPM"
"IPM - Solvent",18.8050772928044,3,"IPM"
"IPM - Solvent",18.5028062650079,3,"IPM"
"IPM - Solvent",18.620835141012,3,"IPM"
"IPM - Solvent",18.6589530885293,3,"IPM"
"IPM - Solvent",17.9213904255741,3,"IPM"
"IPM - Solvent",18.4066935797965,3,"IPM"
"IPM - Solvent",18.2616186068806,3,"IPM"
"IPM - Solvent",18.2485795113917,3,"IPM"
"IPM - Solvent",17.6007174526981,3,"IPM"
"IPM - Solvent",18.4984857678935,3,"IPM"
"IPM - Solvent",18.8029328735951,3,"IPM"
"IPM - Solvent",18.2865308325411,3,"IPM"
"IPM - Solvent",16.9975829955248,3,"IPM"
"IPM - Solvent",19.0745436681553,3,"IPM"
"IPM - Solvent",19.6462524865422,3,"IPM"
"IPM - Solvent",16.7339245423229,3,"IPM"
"IPM - Solvent",18.7574994152036,3,"IPM"
"IPM - Solvent",19.0177712302861,3,"IPM"
"IPM - Solvent",18.3098493327313,3,"IPM"
"IPM - Solvent",18.523515048593,3,"IPM"
"IPM - Solvent",19.7681077590432,3,"IPM"
"IPM - Solvent",20.7042272401631,3,"IPM"
"IPM - Solvent",16.0325892408482,3,"IPM"
"IPM - Solvent",17.3827267305727,3,"IPM"
"IPM - Solvent",18.5978061700084,3,"IPM"
"IPM - Solvent",17.5395831304515,3,"IPM"
"IPM - Solvent",18.4208585491786,3,"IPM"
"IPM - Solvent",17.4967751798677,3,"IPM"
"IPM - Solvent",20.7597246233375,3,"IPM"
"IPM - Solvent",19.6153579366017,3,"IPM"
"IPM - Solvent",17.9204578186906,3,"IPM"
"IPM - Solvent",18.4784298827277,3,"IPM"
"IPM - Solvent",17.6553824666036,3,"IPM"
"IPM - Solvent",18.8328667023021,3,"IPM"
"IPM - Solvent",19.217293894618,3,"IPM"
"IPM - Solvent",19.866538067023,3,"IPM"
"IPM - Solvent",16.8285396820136,3,"IPM"
"IPM - Solvent",18.724915163042,3,"IPM"
"IPM - Solvent",18.3552730289965,3,"IPM"
"IPM - Solvent",17.3864518083792,3,"IPM"
"IPM - Solvent",19.1940186521891,3,"IPM"
"IPM - Solvent",18.5595389823671,3,"IPM"
"IPM - Solvent",17.1524638092015,3,"IPM"
"IPM - Solvent",18.5062534359232,3,"IPM"
"IPM - Solvent",17.2402332168452,3,"IPM"
"IPM - Solvent",19.4973194850875,3,"IPM"
"IPM - Solvent",18.7530897717659,3,"IPM"
"IPM - Solvent",18.8295815627329,3,"IPM"
"IPM - Solvent",19.6944761275912,3,"IPM"
"IPM - Solvent",18.2505402216491,3,"IPM"
"IPM - Solvent",19.1667503768291,3,"IPM"
"IPM - Solvent",20.7756624526623,3,"IPM"
"IPM - Solvent",18.6888056942881,3,"IPM"
"IPM - Solvent",18.4086065295183,3,"IPM"
"IPM - Solvent",18.9786007189644,3,"IPM"
"IPM - Solvent",20.4810275323439,3,"IPM"
"IPM - Solvent",19.6673301818939,3,"IPM"
"IPM - Solvent",19.503328732785,3,"IPM"
"IPM - Solvent",15.8084494263545,3,"IPM"
"IPM - Solvent",20.3555231222966,3,"IPM"
"IPM - Solvent",17.4156334682338,3,"IPM"
"IPM - Solvent",17.905631629753,3,"IPM"
"IPM - Solvent",17.0482514161979,3,"IPM"
"IPM - Solvent",19.2928659592345,3,"IPM"
"IPM - Solvent",16.7747438596204,3,"IPM"
"IPM - Solvent",19.086914374194,3,"IPM"
"IPM - Solvent",17.7468953630624,3,"IPM"
"IPM - Solvent",17.5551368929488,3,"IPM"
"IPM - Solvent",17.8056642407648,3,"IPM"
"IPM - Solvent",17.9113972788324,3,"IPM"
"IPM - Solvent",16.689871910399,3,"IPM"
"IPM - Solvent",17.5462375294503,3,"IPM"
"IPM - Solvent",19.5562419616588,3,"IPM"
"IPM - Solvent",18.5915198073732,3,"IPM"
"IPM - Solvent",18.0834550675748,3,"IPM"
"IPM - Solvent",19.0573350194334,3,"IPM"
"IPM - Solvent",19.4486905681662,3,"IPM"
"IPM - Solvent",20.282194598696,3,"IPM"
"IPM - Solvent",18.1679801655372,3,"IPM"
"IPM - Solvent",17.718426401867,3,"IPM"
"IPM - Solvent",18.7063922889974,3,"IPM"
"IPM - Solvent",16.9791861512276,3,"IPM"
"IPM - Solvent",18.2030329302225,3,"IPM"
"IPM - Solvent",18.269426971976,3,"IPM"
"IPM - Solvent",18.1351678040913,3,"IPM"
"IPM - Solvent",18.9783403070149,3,"IPM"
"IPM - Solvent",17.7853065960327,3,"IPM"
"IPM - Solvent",18.1778349042863,3,"IPM"
"IPM - Solvent",19.1922214221019,3,"IPM"
"IPM - Solvent",19.5175368744342,3,"IPM"
"IPM - Solvent",18.2571946764603,3,"IPM"
"IPM - Solvent",17.8516338082433,3,"IPM"
"IPM - Solvent",17.1919092982873,3,"IPM"
"IPM - Solvent",18.8489360623804,3,"IPM"
"IPM - Solvent",18.0176933589234,3,"IPM"
"IPM - Solvent",18.977289706668,3,"IPM"
"IPM - Solvent",20.0280901232455,3,"IPM"
"IPM - Solvent",18.5808941288271,3,"IPM"
"IPM - Solvent",18.6150327497032,3,"IPM"
"IPM - Solvent",19.6695203590684,3,"IPM"
"IPM - Solvent",18.304743349004,3,"IPM"
"IPM - Solvent",18.8191866297321,3,"IPM"
"IPM - Solvent",19.6468179689649,3,"IPM"
"IPM - Solvent",18.3843116638968,3,"IPM"
"IPM - Solvent",17.6597627034532,3,"IPM"
"IPM - Solvent",19.0236958994995,3,"IPM"
"IPM - Solvent",19.1881533675386,3,"IPM"
"IPM - Solvent",17.0512596886299,3,"IPM"
"IPM - Solvent",17.6488969984432,3,"IPM"
"IPM - Solvent",18.7145348870137,3,"IPM"
"IPM - Solvent",18.9461250761142,3,"IPM"
"IPM - Solvent",18.6190077253503,3,"IPM"
"IPM - Solvent",20.8540977300799,3,"IPM"
"IPM - Solvent",17.7185734077273,3,"IPM"
"IPM - Solvent",19.6579783383757,3,"IPM"
"IPM - Solvent",17.6753071554775,3,"IPM"
"IPM - Solvent",17.7698839935073,3,"IPM"
"IPM - Solvent",18.1591214868659,3,"IPM"
"IPM - Solvent",19.4013713736411,3,"IPM"
"IPM - Solvent",19.1738544097581,3,"IPM"
"IPM - Solvent",17.6680638317974,3,"IPM"
"IPM - Solvent",19.133929522367,3,"IPM"
"IPM - Solvent",19.1265324322211,3,"IPM"
"IPM - Solvent",18.6777672582033,3,"IPM"
"IPM - Solvent",18.2445157297878,3,"IPM"
"IPM - Solvent",17.2024020504263,3,"IPM"
"IPM - Solvent",17.6935983351514,3,"IPM"
"IPM - Solvent",17.2531680470147,3,"IPM"
"IPM - Solvent",18.3952980456228,3,"IPM"
"IPM - Solvent",19.5377782792128,3,"IPM"
"IPM - Solvent",18.6866938011285,3,"IPM"
"IPM - Solvent",19.2260257463581,3,"IPM"
"IPM - Solvent",19.8711947482223,3,"IPM"
"IPM - Solvent",17.7751694006459,3,"IPM"
"IPM - Solvent",18.8433973876815,3,"IPM"
"IPM - Solvent",19.7520368027887,3,"IPM"
"IPM - Solvent",19.0637396003812,3,"IPM"
"IPM - Solvent",17.4946717353851,3,"IPM"
"IPM - Solvent",18.3583920034494,3,"IPM"
"IPM - Solvent",17.6741569290596,3,"IPM"
"IPM - Solvent",16.2881838148072,3,"IPM"
"IPM - Solvent",17.4220634619309,3,"IPM"
"IPM - Solvent",17.8048380838498,3,"IPM"
"IPM - Solvent",17.9150301871538,3,"IPM"
"IPM - Solvent",19.3186103170137,3,"IPM"
"IPM - Solvent",19.1501642816074,3,"IPM"
"IPM - Solvent",17.1275880931853,3,"IPM"
"IPM - Solvent",17.8470106576491,3,"IPM"
"IPM - Solvent",19.0591364085863,3,"IPM"
"IPM - Solvent",19.3247619319975,3,"IPM"
"IPM - Solvent",18.4445915498889,3,"IPM"
"IPM - Solvent",18.6349385313167,3,"IPM"
"IPM - Solvent",16.590556963962,3,"IPM"
"IPM - Solvent",18.926700309862,3,"IPM"
"IPM - Solvent",17.6713442371653,3,"IPM"
"IPM - Solvent",19.052246243052,3,"IPM"
"IPM - Solvent",17.6742334045153,3,"IPM"
"IPM - Solvent",18.5873630255262,3,"IPM"
"IPM - Solvent",16.976378882383,3,"IPM"
"IPM - Solvent",19.7343618993664,3,"IPM"
"IPM - Solvent",19.3985770833683,3,"IPM"
"IPM - Solvent",18.8259811233954,3,"IPM"
"IPM - Solvent",19.8109745164009,3,"IPM"
"IPM - Solvent",18.1209591880611,3,"IPM"
"IPM - Solvent",19.2797806369479,3,"IPM"
"IPM - Solvent",19.1345418265695,3,"IPM"
"IPM - Solvent",19.2000477338474,3,"IPM"
"IPM - Solvent",17.7502238530722,3,"IPM"
"IPM - Solvent",19.0756805523901,3,"IPM"
"IPM - Solvent",20.3905136452176,3,"IPM"
"IPM - Solvent",19.1660255187515,3,"IPM"
"IPM - Solvent",17.4721287961012,3,"IPM"
"IPM - Solvent",17.7524980898518,3,"IPM"
"IPM - Solvent",17.9998146111307,3,"IPM"
"IPM - Solvent",18.0969871005278,3,"IPM"
"IPM - Solvent",18.7599808125777,3,"IPM"
"IPM - Solvent",18.7415458275572,3,"IPM"
"IPM - Solvent",17.6748672375806,3,"IPM"
"IPM - Solvent",16.4836028962987,3,"IPM"
"IPM - Solvent",17.6977916979853,3,"IPM"
"IPM - Solvent",19.9787851325427,3,"IPM"
"IPM - Solvent",17.3176780099104,3,"IPM"
"IPM - Solvent",18.0219516333211,3,"IPM"
"IPM - Solvent",18.6343367344228,3,"IPM"
"IPM - Solvent",16.9058503594028,3,"IPM"
"IPM - Solvent",16.65689801832,3,"IPM"
"IPM - Solvent",19.3082532120068,3,"IPM"
"IPM - Solvent",17.663301053465,3,"IPM"
"IPM - Solvent",19.2747332592739,3,"IPM"
"IPM - Solvent",18.4913491004181,3,"IPM"
"IPM - Solvent",19.031553148738,3,"IPM"
"IPM - Solvent",19.0660350932827,3,"IPM"
"IPM - Solvent",18.8152260660904,3,"IPM"
"IPM - Solvent",17.7213584856142,3,"IPM"
"IPM - Solvent",17.6467741497148,3,"IPM"
"IPM - Solvent",20.6126115827204,3,"IPM"
"IPM - Solvent",17.6627621917201,3,"IPM"
"IPM - Solvent",17.8403317811391,3,"IPM"
"IPM - Solvent",19.2101167583144,3,"IPM"
"IPM - Solvent",16.1424309451477,3,"IPM"
"IPM - Solvent",18.4413483050899,3,"IPM"
"IPM - Solvent",17.4216785290318,3,"IPM"
"IPM - Solvent",17.1811043916091,3,"IPM"
"IPM - Solvent",18.3304492309052,3,"IPM"
"IPM - Solvent",17.3401847894088,3,"IPM"
"IPM - Solvent",19.1369671941372,3,"IPM"
"IPM - Solvent",18.6459751063784,3,"IPM"
"IPM - Solvent",17.8709175860217,3,"IPM"
"IPM - Solvent",18.6265998473004,3,"IPM"
"IPM - Solvent",19.3903179658287,3,"IPM"
"IPM - Solvent",17.0221830157545,3,"IPM"
"IPM - Solvent",18.554394708395,3,"IPM"
"IPM - Solvent",18.9782137950725,3,"IPM"
"IPM - Solvent",20.12428967852,3,"IPM"
"IPM - Solvent",17.8948841403909,3,"IPM"
"IPM - Solvent",18.5970177522743,3,"IPM"
"IPM - Solvent",17.6188685655437,3,"IPM"
"IPM - Solvent",19.9561388901213,3,"IPM"
"IPM - Solvent",17.4480919909127,3,"IPM"
"IPM - Solvent",18.490682628006,3,"IPM"
"IPM - Solvent",17.7446213338454,3,"IPM"
"IPM - Solvent",18.3644998781181,3,"IPM"
"IPM - Solvent",16.2727123126964,3,"IPM"
"IPM - Solvent",18.5813971969241,3,"IPM"
"IPM - Solvent",19.2607581347861,3,"IPM"
"IPM - Solvent",17.7658725095672,3,"IPM"
"IPM - Solvent",18.2332283060883,3,"IPM"
"IPM - Solvent",17.8258438895995,3,"IPM"
"IPM - Solvent",17.692798805345,3,"IPM"
"IPM - Solvent",18.1184177488884,3,"IPM"
"IPM - Solvent",17.6148062154387,3,"IPM"
"IPM - Solvent",17.0602541804794,3,"IPM"
"IPM - Solvent",19.749714198863,3,"IPM"
"IPM - Solvent",20.1802116905887,3,"IPM"
"IPM - Solvent",17.2359561079897,3,"IPM"
"IPM - Solvent",18.5801197849674,3,"IPM"
"IPM - Solvent",17.8097476856253,3,"IPM"
"IPM - Solvent",18.4143213688677,3,"IPM"
"IPM - Solvent",17.1922804343454,3,"IPM"
"IPM - Solvent",19.2928896923487,3,"IPM"
"IPM - Solvent",19.6207147004321,3,"IPM"
"IPM - Solvent",19.1592702177265,3,"IPM"
"IPM - Solvent",16.8896256905977,3,"IPM"
"IPM - Solvent",17.6092973842822,3,"IPM"
"IPM - Solvent",17.5948957702492,3,"IPM"
"IPM - Solvent",18.3244142479943,3,"IPM"
"IPM - Solvent",19.1567710215019,3,"IPM"
"IPM - Solvent",18.1275248934316,3,"IPM"
"IPM - Solvent",19.2241985083627,3,"IPM"
"IPM - Solvent",17.8663694709326,3,"IPM"
"IPM - Solvent",18.49236644154,3,"IPM"
"IPM - Solvent",18.0788144297604,3,"IPM"
"IPM - Solvent",18.110252731725,3,"IPM"
"IPM - Solvent",18.6477507190432,3,"IPM"
"IPM - Solvent",19.0346241763795,3,"IPM"
"IPM - Solvent",16.0642327961055,3,"IPM"
"IPM - Solvent",18.8561487773498,3,"IPM"
"IPM - Solvent",16.6202591062921,3,"IPM"
"IPM - Solvent",18.7606689149076,3,"IPM"
"IPM - Solvent",17.8162039712194,3,"IPM"
"IPM - Solvent",19.1705893620006,3,"IPM"
"IPM - Solvent",16.9647230610039,3,"IPM"
"IPM - Solvent",17.0049360826218,3,"IPM"
"IPM - Solvent",18.1795212767931,3,"IPM"
"IPM - Solvent",17.2892836119634,3,"IPM"
"IPM - Solvent",16.2936552279541,3,"IPM"
"IPM - Solvent",20.5680860900563,3,"IPM"
"IPM - Solvent",19.5053186080496,3,"IPM"
"IPM - Solvent",18.1577871146375,3,"IPM"
"IPM - Solvent",16.7306807860151,3,"IPM"
"IPM - Solvent",18.3935865806927,3,"IPM"
"IPM - Solvent",17.5944873267775,3,"IPM"
"IPM - Solvent",17.8814298774871,3,"IPM"
"IPM - Solvent",18.7404797977355,3,"IPM"
"IPM - Solvent",17.7492996819317,3,"IPM"
"IPM - Solvent",17.5853161372859,3,"IPM"
"IPM - Solvent",18.710013723608,3,"IPM"
"IPM - Solvent",19.3241234379627,3,"IPM"
"IPM - Solvent",16.8187482855907,3,"IPM"
"IPM - Solvent",20.0015512866772,3,"IPM"
"IPM - Solvent",17.9610905870759,3,"IPM"
"IPM - Solvent",19.7297900085729,3,"IPM"
"IPM - Solvent",17.4398678695871,3,"IPM"
"IPM - Solvent",19.4844876223813,3,"IPM"
"IPM - Solvent",18.2575419581221,3,"IPM"
"IPM - Solvent",17.2434728522916,3,"IPM"
"IPM - Solvent",16.7319295556605,3,"IPM"
"IPM - Solvent",18.1388632222598,3,"IPM"
"IPM - Solvent",19.5390498449,3,"IPM"
"IPM - Solvent",17.7366799008976,3,"IPM"
"IPM - Solvent",17.9970641069404,3,"IPM"
"IPM - Solvent",19.3308194427283,3,"IPM"
"IPM - Solvent",17.7827949390058,3,"IPM"
"IPM - Solvent",20.060842351058,3,"IPM"
"IPM - Solvent",19.0540524512375,3,"IPM"
"IPM - Solvent",18.989411357751,3,"IPM"
"IPM - Solvent",17.6843053215515,3,"IPM"
"IPM - Solvent",20.518789105424,3,"IPM"
"IPM - Solvent",18.2251297373751,3,"IPM"
"IPM - Solvent",17.459717656421,3,"IPM"
"IPM - Solvent",18.0052150671863,3,"IPM"
"IPM - Solvent",18.5190046987197,3,"IPM"
"IPM - Solvent",18.0281614161476,3,"IPM"
"IPM - Solvent",18.2421313841989,3,"IPM"
"IPM - Solvent",17.399765824884,3,"IPM"
"IPM - Solvent",16.5079276354878,3,"IPM"
"IPM - Solvent",20.0607178233987,3,"IPM"
"IPM - Solvent",18.0732096758787,3,"IPM"
"IPM - Solvent",18.2974104411906,3,"IPM"
"IPM - Solvent",16.9937958470686,3,"IPM"
"IPM - Solvent",18.5003619923024,3,"IPM"
"IPM - Solvent",17.2216665810173,3,"IPM"
"IPM - Solvent",18.6400153708713,3,"IPM"
"IPM - Solvent",17.9779139133171,3,"IPM"
"IPM - Solvent",18.3864684839455,3,"IPM"
"IPM - Solvent",19.1946185393836,3,"IPM"
"IPM - Solvent",19.8044610814797,3,"IPM"
"IPM - Solvent",17.8393229564363,3,"IPM"
"IPM - Solvent",18.7150418697345,3,"IPM"
"IPM - Solvent",17.1128709801588,3,"IPM"
"IPM - Solvent",19.8892128305883,3,"IPM"
"IPM - Solvent",17.9031104559417,3,"IPM"
"IPM - Solvent",19.683984794789,3,"IPM"
"IPM - Solvent",19.9319842046092,3,"IPM"
"IPM - Solvent",17.7821201052293,3,"IPM"
"IPM - Solvent",18.2734379202757,3,"IPM"
"IPM - Solvent",17.627597443288,3,"IPM"
"IPM - Solvent",18.0864093440065,3,"IPM"
"IPM - Solvent",19.3746432281312,3,"IPM"
"IPM - Solvent",19.3856159034554,3,"IPM"
"IPM - Solvent",18.4648014322785,3,"IPM"
"IPM - Solvent",15.4836865751344,3,"IPM"
"IPM - Solvent",19.31341872825,3,"IPM"
"IPM - Solvent",18.8124940658034,3,"IPM"
"IPM - Solvent",18.4012932922953,3,"IPM"
"IPM - Solvent",18.5586064850544,3,"IPM"
"IPM - Solvent",18.9213099740905,3,"IPM"
"IPM - Solvent",17.8927045249954,3,"IPM"
"IPM - Solvent",18.4567504276144,3,"IPM"
"IPM - Solvent",18.9912139648467,3,"IPM"
"IPM - Solvent",16.7764671502284,3,"IPM"
"IPM - Solvent",18.3962009483112,3,"IPM"
"IPM - Solvent",20.4061892532051,3,"IPM"
"IPM - Solvent",18.497110548526,3,"IPM"
"IPM - Solvent",19.7793776525733,3,"IPM"
"IPM - Solvent",18.4121926704571,3,"IPM"
"IPM - Solvent",18.6436351690686,3,"IPM"
"IPM - Solvent",18.579014878281,3,"IPM"
"IPM - Solvent",17.7011522278791,3,"IPM"
"IPM - Solvent",18.8329070212529,3,"IPM"
"IPM - Solvent",19.0929796564492,3,"IPM"
"IPM - Solvent",18.5530500969807,3,"IPM"
"IPM - Solvent",19.5058855492216,3,"IPM"
"IPM - Solvent",17.6471366414251,3,"IPM"
"IPM - Solvent",18.6237903987703,3,"IPM"
"IPM - Solvent",16.6478534890089,3,"IPM"
"IPM - Solvent",19.4185334457209,3,"IPM"
"IPM - Solvent",18.2171675924656,3,"IPM"
"IPM - Solvent",18.0380096163601,3,"IPM"
"IPM - Solvent",19.6602585745727,3,"IPM"
"IPM - Solvent",19.0601405821857,3,"IPM"
"IPM - Solvent",18.0472244901368,3,"IPM"
"IPM - Solvent",19.1908991775051,3,"IPM"
"IPM - Solvent",18.6433041170039,3,"IPM"
"IPM - Solvent",18.4900083004805,3,"IPM"
"IPM - Solvent",17.2197525326116,3,"IPM"
"IPM - Solvent",17.4094626938297,3,"IPM"
"IPM - Solvent",17.5487861464351,3,"IPM"
"IPM - Solvent",17.9028901103174,3,"IPM"
"IPM - Solvent",18.2400460330129,3,"IPM"
"IPM - Solvent",18.0806285150076,3,"IPM"
"IPM - Solvent",18.3406864697988,3,"IPM"
"IPM - Solvent",17.2134176466355,3,"IPM"
"IPM - Solvent",18.6082825904569,3,"IPM"
"IPM - Solvent",19.1228281645396,3,"IPM"
"IPM - Solvent",18.9074478791718,3,"IPM"
"IPM - Solvent",19.77766093914,3,"IPM"
"IPM - Solvent",17.9875956022107,3,"IPM"
"IPM - Solvent",17.2507575514932,3,"IPM"
"IPM - Solvent",17.2791692905774,3,"IPM"
"IPM - Solvent",18.8271770875982,3,"IPM"
"IPM - Solvent",18.1765896526366,3,"IPM"
"IPM - Solvent",19.9081487656217,3,"IPM"
"IPM - Solvent",17.1195213990498,3,"IPM"
"IPM - Solvent",18.0141126662506,3,"IPM"
"IPM - Solvent",19.8783107012644,3,"IPM"
"IPM - Solvent",19.1689841912971,3,"IPM"
"IPM - Solvent",17.1739320478599,3,"IPM"
"IPM - Solvent",19.1009898339962,3,"IPM"
"IPM - Solvent",17.8020003685892,3,"IPM"
"IPM - Solvent",18.935489435761,3,"IPM"
"IPM - Solvent",18.5831710051849,3,"IPM"
"IPM - Solvent",17.8087246631439,3,"IPM"
"IPM - Solvent",17.6996363798739,3,"IPM"
"IPM - Solvent",18.7399019832316,3,"IPM"
"IPM - Solvent",17.3810648034969,3,"IPM"
"IPM - Solvent",18.787275402324,3,"IPM"
"IPM - Solvent",17.3410570449241,3,"IPM"
"IPM - Solvent",18.8153739829449,3,"IPM"
"IPM - Solvent",18.6898672395684,3,"IPM"
"IPM - Solvent",17.9940009636451,3,"IPM"
"IPM - Solvent",19.078536662882,3,"IPM"
"IPM - Solvent",17.985986251059,3,"IPM"
"IPM - Solvent",16.6409262589414,3,"IPM"
"IPM - Solvent",18.8727728627681,3,"IPM"
"IPM - Solvent",18.3220751748131,3,"IPM"
"IPM - Solvent",19.3252055946657,3,"IPM"
"IPM - Solvent",18.0612185373308,3,"IPM"
"IPM - Solvent",19.5469398846653,3,"IPM"
"IPM - Solvent",17.5343905456824,3,"IPM"
"IPM - Solvent",21.2072077039946,3,"IPM"
"IPM - Solvent",18.8255967832875,3,"IPM"
"IPM - Solvent",19.6279465562693,3,"IPM"
"IPM - Solvent",18.4299386529351,3,"IPM"
"IPM - Solvent",19.8151055825678,3,"IPM"
"IPM - Solvent",18.7650786719269,3,"IPM"
"IPM - Solvent",19.3207923098816,3,"IPM"
"IPM - Solvent",18.6004061024599,3,"IPM"
"IPM - Solvent",18.6275464867501,3,"IPM"
"IPM - Solvent",17.8084276148423,3,"IPM"
"IPM - Solvent",17.9358639549366,3,"IPM"
"IPM - Solvent",19.957109083375,3,"IPM"
"IPM - Solvent",17.5344165878145,3,"IPM"
"IPM - Solvent",18.1875807669553,3,"IPM"
"IPM - Solvent",18.9589568320036,3,"IPM"
"IPM - Solvent",20.2915411376156,3,"IPM"
"IPM - Solvent",19.524577277511,3,"IPM"
"IPM - Solvent",18.4179643294141,3,"IPM"
"IPM - Solvent",19.0046401341884,3,"IPM"
"IPM - Solvent",18.6994231271319,3,"IPM"
"IPM - Solvent",19.365846852888,3,"IPM"
"IPM - Solvent",17.3341056690339,3,"IPM"
"IPM - Solvent",20.4939095109747,3,"IPM"
"IPM - Solvent",19.9422426890756,3,"IPM"
"IPM - Solvent",18.5789651475651,3,"IPM"
"IPM - Solvent",17.7989562587243,3,"IPM"
"IPM - Solvent",18.8469751881404,3,"IPM"
"IPM - Solvent",18.6992974471507,3,"IPM"
"IPM - Solvent",18.5405318497262,3,"IPM"
"IPM - Solvent",19.9708370914377,3,"IPM"
"IPM - Solvent",17.9600397287411,3,"IPM"
"IPM - Solvent",18.6106071907699,3,"IPM"
"IPM - Solvent",18.4621770804736,3,"IPM"
"IPM - Solvent",19.7190445354421,3,"IPM"
"IPM - Solvent",18.5420943473341,3,"IPM"
"IPM - Solvent",19.1191488176407,3,"IPM"
"IPM - Solvent",17.9341919039012,3,"IPM"
"IPM - Solvent",18.3187332669551,3,"IPM"
"IPM - Solvent",18.9430424727833,3,"IPM"
"IPM - Solvent",21.3976641614927,3,"IPM"
"IPM - Solvent",19.1051252492733,3,"IPM"
"IPM - Solvent",17.7660167669609,3,"IPM"
"IPM - Solvent",18.5558777990841,3,"IPM"
"IPM - Solvent",18.6973424122242,3,"IPM"
"IPM - Solvent",19.1554981407275,3,"IPM"
"IPM - Solvent",19.1518230032738,3,"IPM"
"IPM - Solvent",15.8871343809483,3,"IPM"
"IPM - Solvent",17.6298589786975,3,"IPM"
"IPM - Solvent",19.7955799099274,3,"IPM"
"IPM - Solvent",18.1723862125635,3,"IPM"
"IPM - Solvent",18.7485534050147,3,"IPM"
"IPM - Solvent",18.9833623428317,3,"IPM"
"IPM - Solvent",19.4009865767287,3,"IPM"
"IPM - Solvent",17.3830452148237,3,"IPM"
"IPM - Solvent",20.0180537688101,3,"IPM"
"IPM - Solvent",18.1112332964232,3,"IPM"
"IPM - Solvent",18.5915446913748,3,"IPM"
"IPM - Solvent",18.4797925604991,3,"IPM"
"IPM - Solvent",19.7172279864656,3,"IPM"
"IPM - Solvent",18.4670756895538,3,"IPM"
"IPM - Solvent",17.0554963927022,3,"IPM"
"IPM - Solvent",19.2149629547725,3,"IPM"
"IPM - Solvent",19.2251196444722,3,"IPM"
"IPM - Solvent",19.5426421245779,3,"IPM"
"IPM - Solvent",18.3006767291656,3,"IPM"
"IPM - Solvent",17.8040285751601,3,"IPM"
"IPM - Solvent",19.3345718939762,3,"IPM"
"IPM - Solvent",18.8487006556901,3,"IPM"
"IPM - Solvent",19.3188085604908,3,"IPM"
"IPM - Solvent",16.5456499376667,3,"IPM"
"IPM - Solvent",19.7657634783007,3,"IPM"
"IPM - Solvent",17.6471014545407,3,"IPM"
"IPM - Solvent",18.902271404288,3,"IPM"
"IPM - Solvent",19.9396281514177,3,"IPM"
"IPM - Solvent",17.6058973953009,3,"IPM"
"IPM - Solvent",17.5794831800009,3,"IPM"
"IPM - Solvent",18.4001658212412,3,"IPM"
"IPM - Solvent",18.3833369528722,3,"IPM"
"IPM - Solvent",19.916813439051,3,"IPM"
"IPM - Solvent",19.3254000370537,3,"IPM"
"IPM - Solvent",19.1853651829148,3,"IPM"
"IPM - Solvent",17.964298702345,3,"IPM"
"IPM - Solvent",19.382740630839,3,"IPM"
"IPM - Solvent",19.0432755399431,3,"IPM"
"IPM - Solvent",19.491961800098,3,"IPM"
"IPM - Solvent",19.1859126961861,3,"IPM"
"IPM - Solvent",19.3492309273018,3,"IPM"
"IPM - Solvent",19.5090014738231,3,"IPM"
"IPM - Solvent",16.0936741514849,3,"IPM"
"IPM - Solvent",19.4366726547588,3,"IPM"
"IPM - Solvent",18.8670732961926,3,"IPM"
"IPM - Solvent",18.636526075741,3,"IPM"
"IPM - Solvent",19.3469426425367,3,"IPM"
"IPM - Solvent",17.5926309201214,3,"IPM"
"IPM - Solvent",17.6538568391236,3,"IPM"
"IPM - Solvent",17.5440473477869,3,"IPM"
"IPM - Solvent",19.3625454913677,3,"IPM"
"IPM - Solvent",19.4692192061097,3,"IPM"
"IPM - Solvent",18.5508862353312,3,"IPM"
"IPM - Solvent",19.8317908725726,3,"IPM"
"IPM - Solvent",17.9224703639914,3,"IPM"
"IPM - Solvent",18.37438610833,3,"IPM"
"IPM - Solvent",18.1584738818092,3,"IPM"
"IPM - Solvent",17.6705640388561,3,"IPM"
"IPM - Solvent",16.7587042910986,3,"IPM"
"IPM - Solvent",18.8475442136301,3,"IPM"
"IPM - Solvent",18.1842535570267,3,"IPM"
"IPM - Solvent",17.6328029233674,3,"IPM"
"IPM - Solvent",17.8863279212883,3,"IPM"
"IPM - Solvent",18.4796652703978,3,"IPM"
"IPM - Solvent",17.7194258432221,3,"IPM"
"IPM - Solvent",18.3915068259452,3,"IPM"
"IPM - Solvent",17.7162943190477,3,"IPM"
"IPM - Solvent",18.9820209561669,3,"IPM"
"IPM - Solvent",18.0802633518011,3,"IPM"
"IPM - Solvent",19.7188011303375,3,"IPM"
"IPM - Solvent",17.7103645216824,3,"IPM"
"IPM - Solvent",18.9039260932415,3,"IPM"
"IPM - Solvent",18.6592711021194,3,"IPM"
"IPM - Solvent",18.3678311713127,3,"IPM"
"IPM - Solvent",18.7155705340508,3,"IPM"
"IPM - Solvent",17.6054264881134,3,"IPM"
"IPM - Solvent",18.1587893494727,3,"IPM"
"IPM - Solvent",17.9266801107539,3,"IPM"
"IPM - Solvent",18.7835156917261,3,"IPM"
"IPM - Solvent",17.7684227576962,3,"IPM"
"IPM - Solvent",17.2837075136629,3,"IPM"
"IPM - Solvent",17.8236079828136,3,"IPM"
"IPM - Solvent",20.2417851014834,3,"IPM"
"IPM - Solvent",18.1971921904851,3,"IPM"
"IPM - Solvent",17.4623568151865,3,"IPM"
"IPM - Solvent",16.5071354129564,3,"IPM"
"IPM - Solvent",19.413675256917,3,"IPM"
"IPM - Solvent",20.1357955599713,3,"IPM"
"IPM - Solvent",17.4642401269068,3,"IPM"
"IPM - Solvent",18.4708251842604,3,"IPM"
"IPM - Solvent",19.2211583421277,3,"IPM"
"IPM - Solvent",19.640145925412,3,"IPM"
"IPM - Solvent",18.5073607143266,3,"IPM"
"IPM - Solvent",19.9181940308104,3,"IPM"
"IPM - Solvent",17.456953080711,3,"IPM"
"IPM - Solvent",20.5120819152453,3,"IPM"
"IPM - Solvent",19.3320332343097,3,"IPM"
"IPM - Solvent",17.7891233612941,3,"IPM"
"IPM - Solvent",17.8004249022199,3,"IPM"
"IPM - Solvent",18.8176575526065,3,"IPM"
"IPM - Solvent",19.1340148910774,3,"IPM"
"IPM - Solvent",17.1214799130263,3,"IPM"
"IPM - Solvent",16.9750683543018,3,"IPM"
"IPM - Solvent",18.7282067194697,3,"IPM"
"IPM - Solvent",17.9339654433892,3,"IPM"
"IPM - Solvent",16.6111381715639,3,"IPM"
"IPM - Solvent",17.0166602130351,3,"IPM"
"IPM - Solvent",19.4395205466557,3,"IPM"
"IPM - Solvent",20.3915496848549,3,"IPM"
"IPM - Solvent",18.3026086669231,3,"IPM"
"IPM - Solvent",20.3531802492773,3,"IPM"
"IPM - Solvent",17.777155729211,3,"IPM"
"IPM - Solvent",18.0472609769416,3,"IPM"
"IPM - Solvent",18.5584106482311,3,"IPM"
"IPM - Solvent",17.6669325681503,3,"IPM"
"IPM - Solvent",18.0610914596158,3,"IPM"
"IPM - Solvent",19.0827451215512,3,"IPM"
"IPM - Solvent",17.5344814033177,3,"IPM"
"IPM - Solvent",17.2225242586014,3,"IPM"
"IPM - Solvent",18.6203984294761,3,"IPM"
"IPM - Solvent",18.8610659809172,3,"IPM"
"IPM - Solvent",19.6493763182934,3,"IPM"
"IPM - Solvent",19.7950142973718,3,"IPM"
"IPM - Solvent",19.4192522468495,3,"IPM"
"IPM - Solvent",20.8090812452125,3,"IPM"
"IPM - Solvent",18.066002943955,3,"IPM"
"IPM - Solvent",16.9504338607876,3,"IPM"
"IPM - Solvent",19.9099938139875,3,"IPM"
"IPM - Solvent",19.4195764749055,3,"IPM"
"IPM - Solvent",17.9417523728108,3,"IPM"
"IPM - Solvent",17.337731459656,3,"IPM"
"IPM - Solvent",18.9126032997054,3,"IPM"
"IPM - Solvent",18.1592417103176,3,"IPM"
"IPM - Solvent",18.5950910942247,3,"IPM"
"IPM - Solvent",20.0468837720435,3,"IPM"
"IPM - Solvent",20.0779045962962,3,"IPM"
"IPM - Solvent",17.909466498456,3,"IPM"
"IPM - Solvent",19.7926540463682,3,"IPM"
"IPM - Solvent",18.3690568199675,3,"IPM"
"IPM - Solvent",18.7294192481801,3,"IPM"
"IPM - Solvent",17.5701102275308,3,"IPM"
"IPM - Solvent",19.2331397033648,3,"IPM"
"IPM - Solvent",17.8656029688858,3,"IPM"
"IPM - Solvent",18.6176626084035,3,"IPM"
"IPM - Solvent",17.2942668755654,3,"IPM"
"IPM - Solvent",18.1208065443392,3,"IPM"
"IPM - Solvent",18.1119816502785,3,"IPM"
"IPM - Solvent",19.4073754957294,3,"IPM"
"IPM - Solvent",18.8851887290555,3,"IPM"
"IPM - Solvent",18.2064666477136,3,"IPM"
"IPM - Solvent",17.8735433060687,3,"IPM"
"IPM - Solvent",18.5961915519206,3,"IPM"
"IPM - Solvent",17.7682244963602,3,"IPM"
"IPM - Solvent",18.784388522843,3,"IPM"
"IPM - Solvent",19.1508162637825,3,"IPM"
"IPM - Solvent",19.7299152098972,3,"IPM"
"IPM - Solvent",17.5212751368912,3,"IPM"
"IPM - Solvent",19.1667851654673,3,"IPM"
"IPM - Solvent",19.0707021695198,3,"IPM"
"IPM - Solvent",18.8153676846941,3,"IPM"
"IPM - Solvent",21.216797442551,3,"IPM"
"IPM - Solvent",18.4072731906557,3,"IPM"
"IPM - Solvent",16.5559340942851,3,"IPM"
"IPM - Solvent",19.4655361002922,3,"IPM"
"IPM - Solvent",19.3348814632928,3,"IPM"
"IPM - Solvent",16.6759074286092,3,"IPM"
"IPM - Solvent",20.2858705302647,3,"IPM"
"IPM - Solvent",16.1749756459065,3,"IPM"
"IPM - Solvent",19.3031384934944,3,"IPM"
"IPM - Solvent",19.1553233946817,3,"IPM"
"IPM - Solvent",18.8598849133981,3,"IPM"
"IPM - Solvent",16.337217619919,3,"IPM"
"IPM - Solvent",17.6017209279173,3,"IPM"
"IPM - Solvent",19.177591722625,3,"IPM"
"IPM - Solvent",19.0388971869788,3,"IPM"
"IPM - Solvent",18.4578304639717,3,"IPM"
"IPM - Solvent",18.1326605461761,3,"IPM"
"IPM - Solvent",19.7316304931728,3,"IPM"
"IPM - Solvent",17.8784303512624,3,"IPM"
"IPM - Solvent",17.4618423140756,3,"IPM"
"IPM - Solvent",18.4246097991079,3,"IPM"
"IPM - Solvent",19.3725954513847,3,"IPM"
"IPM - Solvent",17.9123262116834,3,"IPM"
"IPM - Solvent",19.8449386069601,3,"IPM"
"IPM - Solvent",18.6529768695422,3,"IPM"
"IPM - Solvent",18.458650412774,3,"IPM"
"IPM - Solvent",19.9659874346719,3,"IPM"
"IPM - Solvent",19.1147386922271,3,"IPM"
"IPM - Solvent",18.4086564800879,3,"IPM"
"IPM - Solvent",19.0462228775981,3,"IPM"
"IPM - Solvent",18.2945212687938,3,"IPM"
"IPM - Solvent",17.1046263651718,3,"IPM"
"IPM - Solvent",18.1787651437984,3,"IPM"
"IPM - Solvent",18.8820529674036,3,"IPM"
"IPM - Solvent",19.8219166023187,3,"IPM"
"IPM - Solvent",19.8735902712831,3,"IPM"
"IPM - Solvent",18.1603557226868,3,"IPM"
"IPM - Solvent",18.8571075332559,3,"IPM"
"IPM - Solvent",19.2779836608447,3,"IPM"
"IPM - Solvent",20.2793708625254,3,"IPM"
"IPM - Solvent",17.6936968721571,3,"IPM"
"IPM - Solvent",17.5904122809854,3,"IPM"
"IPM - Solvent",17.9073296683495,3,"IPM"
"IPM - Solvent",18.0739641579905,3,"IPM"
"IPM - Solvent",19.7421372711245,3,"IPM"
"IPM - Solvent",18.4920920377742,3,"IPM"
"IPM - Solvent",18.5501706361125,3,"IPM"
"IPM - Solvent",18.6672176650288,3,"IPM"
"IPM - Solvent",18.3676027162161,3,"IPM"
"IPM - Solvent",17.998205287011,3,"IPM"
"IPM - Solvent",17.9736009291463,3,"IPM"
"IPM - Solvent",17.4115260579576,3,"IPM"
"IPM - Solvent",18.6889377290926,3,"IPM"
"IPM - Solvent",18.559014157662,3,"IPM"
"IPM - Solvent",18.9369614522964,3,"IPM"
"IPM - Solvent",18.7411394598475,3,"IPM"
"IPM - Solvent",19.3450668910777,3,"IPM"
"IPM - Solvent",18.9639398775377,3,"IPM"
"IPM - Solvent",19.7271165118143,3,"IPM"
"IPM - Solvent",18.6661641342606,3,"IPM"
"IPM - Solvent",17.8552119923686,3,"IPM"
"IPM - Solvent",19.1469955270455,3,"IPM"
"IPM - Solvent",19.2287733431603,3,"IPM"
"IPM - Solvent",18.1555407418259,3,"IPM"
"IPM - Solvent",19.7658372083973,3,"IPM"
"IPM - Solvent",18.6215061032374,3,"IPM"
"IPM - Solvent",18.7345706596398,3,"IPM"
"IPM - Solvent",18.9600051914941,3,"IPM"
"IPM - Solvent",19.369330497271,3,"IPM"
"IPM - Solvent",18.5116185939237,3,"IPM"
"IPM - Solvent",18.7717509184575,3,"IPM"
"IPM - Solvent",16.639920697699,3,"IPM"
"IPM - Solvent",19.8570012023379,3,"IPM"
"IPM - Solvent",19.6030840095747,3,"IPM"
"IPM - Solvent",17.8143750325545,3,"IPM"
"IPM - Solvent",20.407434182526,3,"IPM"
"IPM - Solvent",17.8364947296653,3,"IPM"
"IPM - Solvent",19.3308835305658,3,"IPM"
"IPM - Solvent",18.7019812250603,3,"IPM"
"IPM - Solvent",17.1643298477663,3,"IPM"
"IPM - Solvent",18.6203827704021,3,"IPM"
"IPM - Solvent",17.8414466483078,3,"IPM"
"IPM - Solvent",17.5539689083514,3,"IPM"
"IPM - Solvent",17.4792626772217,3,"IPM"
"IPM - Solvent",19.6343517162807,3,"IPM"
"IPM - Solvent",18.5580225971669,3,"IPM"
"IPM - Solvent",20.0437674381287,3,"IPM"
"IPM - Solvent",18.1505631014571,3,"IPM"
"IPM - Solvent",18.6901843743769,3,"IPM"
"IPM - Solvent",20.178131633718,3,"IPM"
"IPM - Solvent",17.5822093351337,3,"IPM"
"IPM - Solvent",17.948394561208,3,"IPM"
"IPM - Solvent",18.6757496424833,3,"IPM"
"IPM - Solvent",16.9429213987674,3,"IPM"
"IPM - Solvent",19.8850551760994,3,"IPM"
"IPM - Solvent",18.566549527964,3,"IPM"
"IPM - Solvent",19.4447166410361,3,"IPM"
"IPM - Solvent",17.0742904662735,3,"IPM"
"IPM - Solvent",18.9282463116284,3,"IPM"
"IPM - Solvent",17.6275774536249,3,"IPM"
"IPM - Solvent",19.1357047644449,3,"IPM"
"IPM - Solvent",19.0948160680485,3,"IPM"
"IPM - Solvent",19.8299051345438,3,"IPM"
"IPM - Solvent",18.8120863733006,3,"IPM"
"IPM - Solvent",19.1157957779021,3,"IPM"
"IPM - Solvent",19.2389983035907,3,"IPM"
"IPM - Solvent",19.0599317549983,3,"IPM"
"IPM - Solvent",18.2285942834351,3,"IPM"
"IPM - Solvent",20.2317412035886,3,"IPM"
"IPM - Solvent",18.0265772420842,3,"IPM"
"IPM - Solvent",19.4164010736785,3,"IPM"
"IPM - Solvent",18.7207430543594,3,"IPM"
"IPM - Solvent",19.2187912778678,3,"IPM"
"IPM - Solvent",17.9437062670717,3,"IPM"
"IPM - Solvent",19.3466416312459,3,"IPM"
"IPM - Solvent",17.7202123332107,3,"IPM"
"IPM - Solvent",17.6842744815846,3,"IPM"
"IPM - Solvent",18.079782682749,3,"IPM"
"IPM - Solvent",19.334226581734,3,"IPM"
"IPM - Solvent",19.8124670447846,3,"IPM"
"IPM - Solvent",18.2009755066153,3,"IPM"
"IPM - Solvent",18.3268770380659,3,"IPM"
"IPM - Solvent",19.2550552917463,3,"IPM"
"IPM - Solvent",18.8528282749765,3,"IPM"
"IPM - Solvent",18.7182651553184,3,"IPM"
"IPM - Solvent",17.3403867659847,3,"IPM"
"IPM - Solvent",18.9779597313093,3,"IPM"
"IPM - Solvent",17.8516566075607,3,"IPM"
"IPM - Solvent",19.1369286243009,3,"IPM"
"IPM - Solvent",19.2003259567183,3,"IPM"
"IPM - Solvent",19.6188337546282,3,"IPM"
"IPM - Solvent",18.4308497002325,3,"IPM"
"IPM - Solvent",17.790956846378,3,"IPM"
"IPM - Solvent",18.1392333321072,3,"IPM"
"IPM - Solvent",18.7872887458688,3,"IPM"
"IPM - Solvent",18.0531516485661,3,"IPM"
"IPM - Solvent",18.1231355702319,3,"IPM"
"IPM - Solvent",19.1312369935394,3,"IPM"
"IPM - Solvent",17.7267015720997,3,"IPM"
"IPM - Solvent",18.3011837323258,3,"IPM"
"IPM - Solvent",19.0397895342987,3,"IPM"
"IPM - Solvent",18.396861990038,3,"IPM"
"IPM - Solvent",17.3260699654474,3,"IPM"
"IPM - Solvent",20.47785572885,3,"IPM"
"IPM - Solvent",18.368832162243,3,"IPM"
"IPM - Solvent",16.7911778856176,3,"IPM"
"IPM - Solvent",18.6374062714652,3,"IPM"
"IPM - Solvent",18.4470515607307,3,"IPM"
"IPM - Solvent",19.996698355551,3,"IPM"
"IPM - Solvent",18.0687641009077,3,"IPM"
"IPM - Solvent",17.9019785734676,3,"IPM"
"IPM - Solvent",17.7189461127986,3,"IPM"
"IPM - Solvent",18.2154505910538,3,"IPM"
"IPM - Solvent",18.3688224284823,3,"IPM"
"IPM - Solvent",19.3619638201727,3,"IPM"
"IPM - Solvent",17.0518698210798,3,"IPM"
"IPM - Solvent",18.9563767438712,3,"IPM"
"IPM - Solvent",16.8905100668429,3,"IPM"
"IPM - Solvent",17.3904617080512,3,"IPM"
"IPM - Solvent",18.1302094632123,3,"IPM"
"IPM - Solvent",19.3630807199604,3,"IPM"
"IPM - Solvent",18.57790291015,3,"IPM"
"IPM - Solvent",19.9931861522245,3,"IPM"
"IPM - Solvent",19.5001805493119,3,"IPM"
"IPM - Solvent",17.6540616672094,3,"IPM"
"IPM - Solvent",18.9718384869097,3,"IPM"
"IPM - Solvent",20.8628123800269,3,"IPM"
"IPM - Solvent",19.5264950716812,3,"IPM"
"IPM - Solvent",17.5137657453471,3,"IPM"
"IPM - Solvent",17.1728412158382,3,"IPM"
"IPM - Solvent",18.7580801903745,3,"IPM"
"IPM - Solvent",18.4519942433642,3,"IPM"
"IPM - Solvent",18.6934241668017,3,"IPM"
"IPM - Solvent",18.409664481624,3,"IPM"
"IPM - Solvent",17.9208857684385,3,"IPM"
"IPM - Solvent",18.6787808646352,3,"IPM"
"IPM - Solvent",18.8346980436275,3,"IPM"
"IPM - Solvent",18.6039479405644,3,"IPM"
"IPM - Solvent",17.2422716864779,3,"IPM"
"IPM - Solvent",17.6306578329067,3,"IPM"
"IPM - Solvent",18.5442547286747,3,"IPM"
"IPM - Solvent",17.5844752614787,3,"IPM"
"IPM - Solvent",17.3945229363266,3,"IPM"
"IPM - Solvent",19.2956728396495,3,"IPM"
"IPM - Solvent",17.8335334730218,3,"IPM"
"IPM - Solvent",18.8951345404562,3,"IPM"
"IPM - Solvent",17.8616884468075,3,"IPM"
"IPM - Solvent",18.7329233185661,3,"IPM"
"IPM - Solvent",17.8976619863062,3,"IPM"
"IPM - Solvent",18.2576927565971,3,"IPM"
"IPM - Solvent",18.0788860447727,3,"IPM"
"IPM - Solvent",17.6606913600263,3,"IPM"
"IPM - Solvent",18.4561181581215,3,"IPM"
"IPM - Solvent",19.3763773454594,3,"IPM"
"IPM - Solvent",18.1614767917032,3,"IPM"
"IPM - Solvent",19.3607023237458,3,"IPM"
"IPM - Solvent",17.583948109581,3,"IPM"
"IPM - Solvent",19.00802987991,3,"IPM"
"IPM - Solvent",18.2758413725263,3,"IPM"
"IPM - Solvent",17.4202352930759,3,"IPM"
"IPM - Solvent",19.1822166060433,3,"IPM"
"IPM - Solvent",17.2634945590928,3,"IPM"
"IPM - Solvent",18.8605751112114,3,"IPM"
"IPM - Solvent",17.3493252660294,3,"IPM"
"IPM - Solvent",17.2723928868397,3,"IPM"
"IPM - Solvent",16.8675395807967,3,"IPM"
"IPM - Solvent",19.1330768772411,3,"IPM"
"IPM - Solvent",19.8101929576188,3,"IPM"
"IPM - Solvent",18.2805207540407,3,"IPM"
"IPM - Solvent",19.5126998582891,3,"IPM"
"IPM - Solvent",18.4677126582794,3,"IPM"
"IPM - Solvent",18.1590422211362,3,"IPM"
"IPM - Solvent",19.1763918870637,3,"IPM"
"IPM - Solvent",17.6872563010396,3,"IPM"
"IPM - Solvent",19.9790633677016,3,"IPM"
"IPM - Solvent",18.1193841688645,3,"IPM"
"IPM - Solvent",18.3478855826778,3,"IPM"
"IPM - Solvent",18.8671674642102,3,"IPM"
"IPM - Solvent",18.5275070618069,3,"IPM"
"IPM - Solvent",19.1348389529119,3,"IPM"
"IPM - Solvent",17.5121989876016,3,"IPM"
"IPM - Solvent",18.2788815282832,3,"IPM"
"IPM - Solvent",18.9963749531894,3,"IPM"
"IPM - Solvent",17.2849945190535,3,"IPM"
"IPM - Solvent",17.9663287271359,3,"IPM"
"IPM - Solvent",19.4330935225675,3,"IPM"
"IPM - Solvent",18.9457584217343,3,"IPM"
"IPM - Solvent",19.8477821964489,3,"IPM"
"IPM - Solvent",17.4626439840014,3,"IPM"
"IPM - Solvent",17.0355362191195,3,"IPM"
"IPM - Solvent",19.0927051554832,3,"IPM"
"IPM - Solvent",19.4632826906473,3,"IPM"
"IPM - Solvent",16.8237881740616,3,"IPM"
"IPM - Solvent",19.0138342328993,3,"IPM"
"IPM - Solvent",18.3726339541727,3,"IPM"
"IPM - Solvent",19.8878477177115,3,"IPM"
"IPM - Solvent",18.5979957951773,3,"IPM"
"IPM - Solvent",17.7100294668102,3,"IPM"
"IPM - Solvent",18.6838398281666,3,"IPM"
"IPM - Solvent",18.426624477674,3,"IPM"
"IPM - Solvent",18.8469164220718,3,"IPM"
"IPM - Solvent",19.1076243305017,3,"IPM"
"IPM - Solvent",17.0799353773511,3,"IPM"
"IPM - Solvent",18.6189192587763,3,"IPM"
"IPM - Solvent",19.5909975161356,3,"IPM"
"IPM - Solvent",16.1741776574346,3,"IPM"
"IPM - Solvent",17.1646215227178,3,"IPM"
"IPM - Solvent",19.0803290960509,3,"IPM"
"IPM - Solvent",18.3475409946967,3,"IPM"
"IPM - Solvent",18.8007056954809,3,"IPM"
"IPM - Solvent",18.5864689615125,3,"IPM"
"IPM - Solvent",19.0700147240856,3,"IPM"
"IPM - Solvent",18.2299061537546,3,"IPM"
"IPM - Solvent",19.1342523123744,3,"IPM"
"IPM - Solvent",18.4846475646782,3,"IPM"
"IPM - Solvent",16.7086605888098,3,"IPM"
"IPM - Solvent",16.6922379684894,3,"IPM"
"IPM - Solvent",18.6108910590137,3,"IPM"
"IPM - Solvent",18.2389957184412,3,"IPM"
"IPM - Solvent",19.8701829793911,3,"IPM"
"IPM - Solvent",18.3690987596063,3,"IPM"
"IPM - Solvent",18.4926733193666,3,"IPM"
"IPM - Solvent",19.9943054363842,3,"IPM"
"IPM - Solvent",18.8523064590596,3,"IPM"
"IPM - Solvent",19.872090471243,3,"IPM"
"IPM - Solvent",19.2694319786343,3,"IPM"
"IPM - Solvent",20.0390275070642,3,"IPM"
"IPM - Solvent",18.2072915179894,3,"IPM"
"IPM - Solvent",18.4169536047952,3,"IPM"
"IPM - Solvent",18.6511818883192,3,"IPM"
"IPM - Solvent",17.630135586373,3,"IPM"
"IPM - Solvent",19.5048526245369,3,"IPM"
"IPM - Solvent",18.5759727258706,3,"IPM"
"IPM - Solvent",17.8897238232463,3,"IPM"
"IPM - Solvent",19.5012857538036,3,"IPM"
"IPM - Solvent",18.6900268009675,3,"IPM"
"IPM - Solvent",18.4134219888717,3,"IPM"
"IPM - Solvent",17.6528901385807,3,"IPM"
"IPM - Solvent",18.4928389977694,3,"IPM"
"IPM - Solvent",17.6003206240194,3,"IPM"
"IPM - Solvent",18.2906423765382,3,"IPM"
"IPM - Solvent",18.838064417533,3,"IPM"
"IPM - Solvent",18.9714336624753,3,"IPM"
"IPM - Solvent",19.5230795365162,3,"IPM"
"IPM - Solvent",18.3260929684103,3,"IPM"
"IPM - Solvent",18.9094451706212,3,"IPM"
"IPM - Solvent",18.0893835414733,3,"IPM"
"IPM - Solvent",19.6162922292565,3,"IPM"
"IPM - Solvent",19.5659042296551,3,"IPM"
"IPM - Solvent",17.7841699607064,3,"IPM"
"IPM - Solvent",18.352076325503,3,"IPM"
"IPM - Solvent",18.5998366767131,3,"IPM"
"IPM - Solvent",18.143699989772,3,"IPM"
"IPM - Solvent",17.6229174146962,3,"IPM"
"IPM - Solvent",18.0288831239789,3,"IPM"
"IPM - Solvent",17.8054338112068,3,"IPM"
"IPM - Solvent",17.3462539176358,3,"IPM"
"IPM - Solvent",18.753296908706,3,"IPM"
"IPM - Solvent",19.3042959838288,3,"IPM"
"IPM - Solvent",16.9329388234437,3,"IPM"
"IPM - Solvent",19.9093798554761,3,"IPM"
"IPM - Solvent",18.2334736461821,3,"IPM"
"IPM - Solvent",18.4121169936734,3,"IPM"
"IPM - Solvent",19.3072432429787,3,"IPM"
"IPM - Solvent",17.5617091225081,3,"IPM"
"IPM - Solvent",17.8760004181006,3,"IPM"
"IPM - Solvent",18.5624826996755,3,"IPM"
"IPM - Solvent",19.2379933912491,3,"IPM"
"IPM - Solvent",17.2080506211709,3,"IPM"
"IPM - Solvent",18.6141511617503,3,"IPM"
"IPM - Solvent",17.5788351028712,3,"IPM"
"IPM - Solvent",18.287492404126,3,"IPM"
"IPM - Solvent",16.7682827590298,3,"IPM"
"IPM - Solvent",20.3555575746604,3,"IPM"
"IPM - Solvent",19.1762177280192,3,"IPM"
"IPM - Solvent",19.2547112062958,3,"IPM"
"IPM - Solvent",18.6683562594765,3,"IPM"
"IPM - Solvent",18.9367935745076,3,"IPM"
"IPM - Solvent",17.6574048550681,3,"IPM"
"IPM - Solvent",19.1739232006509,3,"IPM"
"IPM - Solvent",18.854016297913,3,"IPM"
"IPM - Solvent",18.3590956629136,3,"IPM"
"IPM - Solvent",17.2137008176683,3,"IPM"
"IPM - Solvent",19.2272243009077,3,"IPM"
"IPM - Solvent",18.7559108899741,3,"IPM"
"IPM - Solvent",17.3572512138337,3,"IPM"
"IPM - Solvent",17.8375011099237,3,"IPM"
"IPM - Solvent",18.6973540153816,3,"IPM"
"IPM - Solvent",17.2575757280054,3,"IPM"
"IPM - Solvent",18.1088824433531,3,"IPM"
"IPM - Solvent",17.8680221521572,3,"IPM"
"IPM - Solvent",17.6428455416216,3,"IPM"
"IPM - Solvent",17.3257674323569,3,"IPM"
"IPM - Solvent",17.7476610155492,3,"IPM"
"IPM - Solvent",19.9593830846793,3,"IPM"
"IPM - Solvent",19.2366188861508,3,"IPM"
"IPM - Solvent",19.8664488394191,3,"IPM"
"IPM - Solvent",18.5887757295577,3,"IPM"
"IPM - Solvent",18.0186535936435,3,"IPM"
"IPM - Solvent",17.5983355076397,3,"IPM"
"IPM - Solvent",19.4668473728645,3,"IPM"
"IPM - Solvent",19.6332234818814,3,"IPM"
"IPM - Solvent",19.1128670360593,3,"IPM"
"IPM - Solvent",16.8156357590381,3,"IPM"
"IPM - Solvent",18.9845161309067,3,"IPM"
"IPM - Solvent",19.1990193909001,3,"IPM"
"IPM - Solvent",18.1956554142363,3,"IPM"
"IPM - Solvent",19.4691464496177,3,"IPM"
"IPM - Solvent",18.068360409286,3,"IPM"
"IPM - Solvent",20.7339003783622,3,"IPM"
"IPM - Solvent",18.2757757991301,3,"IPM"
"IPM - Solvent",19.3145001718481,3,"IPM"
"IPM - Solvent",18.4961431487195,3,"IPM"
"IPM - Solvent",17.5546540165749,3,"IPM"
"IPM - Solvent",18.1672819106503,3,"IPM"
"IPM - Solvent",18.3025391892725,3,"IPM"
"IPM - Solvent",18.2135662372842,3,"IPM"
"IPM - Solvent",19.003784527952,3,"IPM"
"IPM - Solvent",18.4691832048124,3,"IPM"
"IPM - Solvent",19.2938753453229,3,"IPM"
"IPM - Solvent",21.0511280904108,3,"IPM"
"IPM - Solvent",17.7567055584867,3,"IPM"
"IPM - Solvent",17.5582541019723,3,"IPM"
"IPM - Solvent",19.5381942502608,3,"IPM"
"IPM - Solvent",16.9726818974494,3,"IPM"
"IPM - Solvent",18.3790991228829,3,"IPM"
"IPM - Solvent",19.2470923199017,3,"IPM"
"IPM - Solvent",18.1365861634797,3,"IPM"
"IPM - Solvent",19.6090076016566,3,"IPM"
"IPM - Solvent",17.6681332711483,3,"IPM"
"IPM - Solvent",17.6266189061871,3,"IPM"
"IPM - Solvent",18.8959847789518,3,"IPM"
"IPM - Solvent",17.8791292914597,3,"IPM"
"IPM - Solvent",18.3942522391953,3,"IPM"
"IPM - Solvent",18.3786587884628,3,"IPM"
"IPM - Solvent",18.9935817118768,3,"IPM"
"IPM - Solvent",18.6384350101018,3,"IPM"
"IPM - Solvent",19.499206162757,3,"IPM"
"IPM - Solvent",19.7364966790454,3,"IPM"
"IPM - Solvent",17.9373441443182,3,"IPM"
"IPM - Solvent",19.3225133558142,3,"IPM"
"IPM - Solvent",19.3511332178172,3,"IPM"
"IPM - Solvent",18.1199718250931,3,"IPM"
"IPM - Solvent",18.860367372484,3,"IPM"
"IPM - Solvent",17.4753087149751,3,"IPM"
"IPM - Solvent",17.3836702229504,3,"IPM"
"IPM - Solvent",18.0639976112396,3,"IPM"
"IPM - Solvent",18.9126063590153,3,"IPM"
"IPM - Solvent",17.3526545606763,3,"IPM"
"IPM - Solvent",18.5509748172203,3,"IPM"
"IPM - Solvent",18.8565967975392,3,"IPM"
"IPM - Solvent",19.2764490321568,3,"IPM"
"IPM - Solvent",18.324623727453,3,"IPM"
"IPM - Solvent",20.0259188313715,3,"IPM"
"IPM - Solvent",18.0225739284512,3,"IPM"
"IPM - Solvent",18.3472121456917,3,"IPM"
"IPM - Solvent",18.457062546208,3,"IPM"
"IPM - Solvent",18.496860148808,3,"IPM"
"IPM - Solvent",17.2070130009937,3,"IPM"
"IPM - Solvent",18.0317638831113,3,"IPM"
"IPM - Solvent",17.2176982801139,3,"IPM"
"IPM - Solvent",18.4691757415488,3,"IPM"
"IPM - Solvent",17.9782826243592,3,"IPM"
"IPM - Solvent",17.2693266872717,3,"IPM"
"IPM - Solvent",18.2239867255483,3,"IPM"
"IPM - Solvent",20.2953671676624,3,"IPM"
"IPM - Solvent",19.8907179050351,3,"IPM"
"IPM - Solvent",19.4500618560641,3,"IPM"
"IPM - Solvent",19.7163266777922,3,"IPM"
"IPM - Solvent",18.7901592055398,3,"IPM"
"IPM - Solvent",18.7410522608933,3,"IPM"
"IPM - Solvent",18.0831712250225,3,"IPM"
"IPM - Solvent",19.0766011572324,3,"IPM"
"IPM - Solvent",18.8935462982295,3,"IPM"
"IPM - Solvent",17.6024209535654,3,"IPM"
"IPM - Solvent",16.6956466126484,3,"IPM"
"IPM - Solvent",18.1224302477352,3,"IPM"
"IPM - Solvent",19.3401875068091,3,"IPM"
"IPM - Solvent",19.0802868324688,3,"IPM"
"IPM - Solvent",19.0412729871912,3,"IPM"
"IPM - Solvent",18.9289275762017,3,"IPM"
"IPM - Solvent",19.3556658590794,3,"IPM"
"IPM - Solvent",17.844061278219,3,"IPM"
"IPM - Solvent",18.5571847748166,3,"IPM"
"IPM - Solvent",18.4716663113948,3,"IPM"
"IPM - Solvent",17.8677651582066,3,"IPM"
"IPM - Solvent",18.1251407550404,3,"IPM"
"IPM - Solvent",18.0407362074163,3,"IPM"
"IPM - Solvent",17.5881895021214,3,"IPM"
"IPM - Solvent",18.3402816028414,3,"IPM"
"IPM - Solvent",18.6986767704389,3,"IPM"
"IPM - Solvent",19.8088034890455,3,"IPM"
"IPM - Solvent",18.1396186675159,3,"IPM"
"IPM - Solvent",19.0550840972615,3,"IPM"
"IPM - Solvent",17.4700910997796,3,"IPM"
"IPM - Solvent",17.9643452191771,3,"IPM"
"IPM - Solvent",20.0571650520919,3,"IPM"
"IPM - Solvent",17.5789852868661,3,"IPM"
"IPM - Solvent",18.685632386692,3,"IPM"
"IPM - Solvent",15.9788577347942,3,"IPM"
"IPM - Solvent",17.7101398802506,3,"IPM"
"IPM - Solvent",18.3398738768322,3,"IPM"
"IPM - Solvent",20.1279668841814,3,"IPM"
"IPM - Solvent",17.5528411223313,3,"IPM"
"IPM - Solvent",18.7504663928418,3,"IPM"
"IPM - Solvent",17.8552688952562,3,"IPM"
"IPM - Solvent",16.5771250641106,3,"IPM"
"IPM - Solvent",17.9713629712998,3,"IPM"
"IPM - Solvent",19.0062905467895,3,"IPM"
"IPM - Solvent",20.0531797402448,3,"IPM"
"IPM - Solvent",19.1084245645408,3,"IPM"
"IPM - Solvent",19.2624985744457,3,"IPM"
"IPM - Solvent",18.3604586748071,3,"IPM"
"IPM - Solvent",18.1518162924869,3,"IPM"
"IPM - Solvent",17.4010692537223,3,"IPM"
"IPM - Solvent",19.5967030126151,3,"IPM"
"IPM - Solvent",19.2142373161966,3,"IPM"
"IPM - Solvent",18.6443431054479,3,"IPM"
"IPM - Solvent",19.1696614087695,3,"IPM"
"IPM - Solvent",17.6314625535419,3,"IPM"
"IPM - Solvent",18.9149325979719,3,"IPM"
"IPM - Solvent",19.0828249818747,3,"IPM"
"IPM - Solvent",18.5632507177016,3,"IPM"
"IPM - Solvent",18.860681014961,3,"IPM"
"IPM - Solvent",19.3271952881762,3,"IPM"
"IPM - Solvent",18.4137653246994,3,"IPM"
"IPM - Solvent",18.7936103988382,3,"IPM"
"IPM - Solvent",17.6664593770265,3,"IPM"
"IPM - Solvent",17.6991142042315,3,"IPM"
"IPM - Solvent",17.0912345682928,3,"IPM"
"IPM - Solvent",17.4111786120711,3,"IPM"
"IPM - Solvent",18.5011283482499,3,"IPM"
"IPM - Solvent",19.2721966145832,3,"IPM"
"IPM - Solvent",18.5465846550662,3,"IPM"
"IPM - Solvent",18.4933964089523,3,"IPM"
"IPM - Solvent",17.9440036723681,3,"IPM"
"IPM - Solvent",17.9392606285099,3,"IPM"
"IPM - Solvent",16.3122826533134,3,"IPM"
"IPM - Solvent",18.8048246905928,3,"IPM"
"IPM - Solvent",18.0366135524281,3,"IPM"
"IPM - Solvent",19.1478912745267,3,"IPM"
"IPM - Solvent",17.9949989849954,3,"IPM"
"IPM - Solvent",18.0291962996146,3,"IPM"
"IPM - Solvent",18.5576277178276,3,"IPM"
"IPM - Solvent",18.371860286769,3,"IPM"
"IPM - Solvent",19.3670848776067,3,"IPM"
"IPM - Solvent",18.3565061684752,3,"IPM"
"IPM - Solvent",18.5214509360053,3,"IPM"
"IPM - Solvent",18.6512468826543,3,"IPM"
"IPM - Solvent",17.5486524643225,3,"IPM"
"IPM - Solvent",19.3584434460916,3,"IPM"
"IPM - Solvent",20.3579508189776,3,"IPM"
"IPM - Solvent",17.1295322703781,3,"IPM"
"IPM - Solvent",17.9848915420614,3,"IPM"
"IPM - Solvent",18.527366991194,3,"IPM"
"IPM - Solvent",18.4617616407291,3,"IPM"
"IPM - Solvent",18.2070357292063,3,"IPM"
"IPM - Solvent",17.8906694922462,3,"IPM"
"IPM - Solvent",16.5292827479923,3,"IPM"
"IPM - Solvent",20.0594711437962,3,"IPM"
"IPM - Solvent",17.8626330472809,3,"IPM"
"IPM - Solvent",17.7590366828404,3,"IPM"
"IPM - Solvent",18.9291952570157,3,"IPM"
"IPM - Solvent",17.0024379787068,3,"IPM"
"IPM - Solvent",18.130684455211,3,"IPM"
"IPM - Solvent",18.5319718811818,3,"IPM"
"IPM - Solvent",18.3278942208168,3,"IPM"
"IPM - Solvent",18.7266902154804,3,"IPM"
"IPM - Solvent",17.8636785063526,3,"IPM"
"IPM - Solvent",18.11861030607,3,"IPM"
"IPM - Solvent",19.1343647526292,3,"IPM"
"IPM - Solvent",18.8829316341403,3,"IPM"
"IPM - Solvent",17.7307409941601,3,"IPM"
"IPM - Solvent",18.5496122237003,3,"IPM"
"IPM - Solvent",17.8181304493458,3,"IPM"
"IPM - Solvent",17.4304796753671,3,"IPM"
"IPM - Solvent",18.8065508086025,3,"IPM"
"IPM - Solvent",18.6683134241032,3,"IPM"
"IPM - Solvent",17.9237008251592,3,"IPM"
"IPM - Solvent",18.3976439256513,3,"IPM"
"IPM - Solvent",18.5534337133139,3,"IPM"
"IPM - Solvent",18.2353022268558,3,"IPM"
"IPM - Solvent",18.4175864448621,3,"IPM"
"IPM - Solvent",19.23165217849,3,"IPM"
"IPM - Solvent",19.4737683771339,3,"IPM"
"IPM - Solvent",19.8986543824251,3,"IPM"
"IPM - Solvent",19.3949705955053,3,"IPM"
"IPM - Solvent",18.266244268227,3,"IPM"
"IPM - Solvent",20.0315336398877,3,"IPM"
"IPM - Solvent",17.6000300023486,3,"IPM"
"IPM - Solvent",19.7988588442831,3,"IPM"
"IPM - Solvent",18.4424339604521,3,"IPM"
"IPM - Solvent",18.3986871519199,3,"IPM"
"IPM - Solvent",17.847825132722,3,"IPM"
"IPM - Solvent",18.2160715041046,3,"IPM"
"IPM - Solvent",17.1225184799021,3,"IPM"
"IPM - Solvent",19.5433385185611,3,"IPM"
"IPM - Solvent",18.3693810083099,3,"IPM"
"IPM - Solvent",18.4726123428892,3,"IPM"
"IPM - Solvent",19.0639537439376,3,"IPM"
"IPM - Solvent",18.6935521818136,3,"IPM"
"IPM - Solvent",16.466647510299,3,"IPM"
"IPM - Solvent",18.938677355307,3,"IPM"
"IPM - Solvent",19.7580162956364,3,"IPM"
"IPM - Solvent",17.2635925368763,3,"IPM"
"IPM - Solvent",17.8840733392086,3,"IPM"
"IPM - Solvent",17.7697852413536,3,"IPM"
"IPM - Solvent",18.0192500281528,3,"IPM"
"IPM - Solvent",19.4101372505967,3,"IPM"
"IPM - Solvent",18.3993966542672,3,"IPM"
"IPM - Solvent",18.7690849602658,3,"IPM"
"IPM - Solvent",16.9631049808924,3,"IPM"
"IPM - Solvent",20.1409277073331,3,"IPM"
"IPM - Solvent",18.2621552840312,3,"IPM"
"IPM - Solvent",19.0926613484241,3,"IPM"
"IPM - Solvent",17.2647470476274,3,"IPM"
"IPM - Solvent",18.4987953666302,3,"IPM"
"IPM - Solvent",16.4157022539888,3,"IPM"
"IPM - Solvent",17.7952483683909,3,"IPM"
"IPM - Solvent",18.0492981548867,3,"IPM"
"IPM - Solvent",18.7482568788568,3,"IPM"
"IPM - Solvent",16.596432498916,3,"IPM"
"IPM - Solvent",17.4632187229114,3,"IPM"
"IPM - Solvent",18.5863540996582,3,"IPM"
"IPM - Solvent",20.2606492529078,3,"IPM"
"IPM - Solvent",17.4067396018543,3,"IPM"
"IPM - Solvent",18.4681588358614,3,"IPM"
"IPM - Solvent",17.799315244395,3,"IPM"
"IPM - Solvent",17.9373435034337,3,"IPM"
"IPM - Solvent",17.858452838332,3,"IPM"
"IPM - Solvent",18.978431871821,3,"IPM"
"IPM - Solvent",19.0652070497088,3,"IPM"
"IPM - Solvent",18.3496146049031,3,"IPM"
"IPM - Solvent",18.7382745142084,3,"IPM"
"IPM - Solvent",20.6769933479104,3,"IPM"
"IPM - Solvent",19.1164942087912,3,"IPM"
"IPM - Solvent",18.6692076002105,3,"IPM"
"IPM - Solvent",18.1567502844512,3,"IPM"
"IPM - Solvent",19.2495827618919,3,"IPM"
"IPM - Solvent",17.696970178069,3,"IPM"
"IPM - Solvent",19.3848640009718,3,"IPM"
"IPM - Solvent",18.2092886106243,3,"IPM"
"IPM - Solvent",19.2185019439958,3,"IPM"
"IPM - Solvent",18.3690697159756,3,"IPM"
"IPM - Solvent",20.5551004163773,3,"IPM"
"IPM - Solvent",18.7582365849638,3,"IPM"
"IPM - Solvent",19.0256399077955,3,"IPM"
"IPM - Solvent",18.5493277504936,3,"IPM"
"IPM - Solvent",18.4932042942251,3,"IPM"
"IPM - Solvent",17.1995216939448,3,"IPM"
"IPM - Solvent",19.2403594306389,3,"IPM"
"IPM - Solvent",18.0867709357633,3,"IPM"
"IPM - Solvent",18.8279627021834,3,"IPM"
"IPM - Solvent",17.1920360273695,3,"IPM"
"IPM - Solvent",17.1740887255596,3,"IPM"
"IPM - Solvent",19.0014324057233,3,"IPM"
"IPM - Solvent",19.3482535843975,3,"IPM"
"IPM - Solvent",19.3658277811291,3,"IPM"
"IPM - Solvent",17.4125157951127,3,"IPM"
"IPM - Solvent",18.0230967230739,3,"IPM"
"IPM - Solvent",16.9110489948371,3,"IPM"
"IPM - Solvent",18.8364904610284,3,"IPM"
"IPM - Solvent",19.2503371663341,3,"IPM"
"IPM - Solvent",18.5675465696876,3,"IPM"
"IPM - Solvent",17.0293878537428,3,"IPM"
"IPM - Solvent",17.842068075876,3,"IPM"
"IPM - Solvent",17.7856567170441,3,"IPM"
"IPM - Solvent",18.8640220994665,3,"IPM"
"IPM - Solvent",17.4494409768361,3,"IPM"
"IPM - Solvent",18.2600750712108,3,"IPM"
"IPM - Solvent",16.5890203974541,3,"IPM"
"IPM - Solvent",18.1393114967879,3,"IPM"
"IPM - Solvent",18.0245861680495,3,"IPM"
"IPM - Solvent",17.7718483914063,3,"IPM"
"IPM - Solvent",17.7792999003883,3,"IPM"
"IPM - Solvent",17.0006949420161,3,"IPM"
"IPM - Solvent",19.5257088318108,3,"IPM"
"IPM - Solvent",19.5168522363831,3,"IPM"
"IPM - Solvent",18.0976216025436,3,"IPM"
"IPM - Solvent",16.6135940746401,3,"IPM"
"IPM - Solvent",18.6852369844221,3,"IPM"
"IPM - Solvent",17.856213695075,3,"IPM"
"IPM - Solvent",18.2423120070968,3,"IPM"
"IPM - Solvent",18.8433812386159,3,"IPM"
"IPM - Solvent",17.3435904958307,3,"IPM"
"IPM - Solvent",18.1463844252743,3,"IPM"
"IPM - Solvent",16.7803651784927,3,"IPM"
"IPM - Solvent",18.3137116799467,3,"IPM"
"IPM - Solvent",19.0849575531258,3,"IPM"
"IPM - Solvent",17.5191884260841,3,"IPM"
"IPM - Solvent",18.8843448557246,3,"IPM"
"IPM - Solvent",19.1559895126088,3,"IPM"
"IPM - Solvent",16.8219444120818,3,"IPM"
"IPM - Solvent",18.4854157562777,3,"IPM"
"IPM - Solvent",18.2971196212687,3,"IPM"
"IPM - Solvent",17.4861233283281,3,"IPM"
"IPM - Solvent",18.1312140101972,3,"IPM"
"IPM - Solvent",19.8993008629829,3,"IPM"
"IPM - Solvent",19.2038407566476,3,"IPM"
"IPM - Solvent",16.4196350371308,3,"IPM"
"IPM - Solvent",19.5529738538019,3,"IPM"
"IPM - Solvent",18.4376582873688,3,"IPM"
"IPM - Solvent",18.6709773854594,3,"IPM"
"IPM - Solvent",18.1388205584323,3,"IPM"
"IPM - Solvent",17.6885662631881,3,"IPM"
"IPM - Solvent",17.6818486359802,3,"IPM"
"IPM - Solvent",19.460899938737,3,"IPM"
"IPM - Solvent",18.670681719931,3,"IPM"
"IPM - Solvent",17.3749695677254,3,"IPM"
"IPM - Solvent",17.1877980053589,3,"IPM"
"IPM - Solvent",17.3824104684037,3,"IPM"
"IPM - Solvent",20.1074179692556,3,"IPM"
"IPM - Solvent",18.2804841022659,3,"IPM"
"IPM - Solvent",18.5225533416595,3,"IPM"
"IPM - Solvent",18.656209858743,3,"IPM"
"IPM - Solvent",19.3554414099123,3,"IPM"
"IPM - Solvent",18.467229809333,3,"IPM"
"IPM - Solvent",18.1469749639444,3,"IPM"
"IPM - Solvent",19.578683474624,3,"IPM"
"IPM - Solvent",18.027794943345,3,"IPM"
"IPM - Solvent",16.8287351564689,3,"IPM"
"IPM - Solvent",15.9269316812587,3,"IPM"
"IPM - Solvent",19.174102538944,3,"IPM"
"IPM - Solvent",18.7551769966541,3,"IPM"
"IPM - Solvent",18.0887557831573,3,"IPM"
"IPM - Solvent",19.6752155960585,3,"IPM"
"IPM - Solvent",19.252197590581,3,"IPM"
"IPM - Solvent",19.2959222571743,3,"IPM"
"IPM - Solvent",18.0446869313765,3,"IPM"
"IPM - Solvent",16.7453488133453,3,"IPM"
"IPM - Solvent",17.2221769520435,3,"IPM"
"IPM - Solvent",18.5906020123926,3,"IPM"
"IPM - Solvent",18.0623856927576,3,"IPM"
"IPM - Solvent",18.8771699602626,3,"IPM"
"IPM - Solvent",18.8368966560683,3,"IPM"
"IPM - Solvent",18.1417928518623,3,"IPM"
"IPM - Solvent",16.9646097340938,3,"IPM"
"IPM - Solvent",17.8864965322459,3,"IPM"
"IPM - Solvent",18.2219008567574,3,"IPM"
"IPM - Solvent",18.6558277018172,3,"IPM"
"IPM - Solvent",18.0551739096385,3,"IPM"
"IPM - Solvent",17.1152491791323,3,"IPM"
"IPM - Solvent",17.8143392182222,3,"IPM"
"IPM - Solvent",19.4028651182249,3,"IPM"
"IPM - Solvent",18.4280601082699,3,"IPM"
"IPM - Solvent",18.639066389607,3,"IPM"
"IPM - Solvent",17.9980550661919,3,"IPM"
"IPM - Solvent",18.1406613015348,3,"IPM"
"IPM - Solvent",18.6746229762864,3,"IPM"
"IPM - Solvent",18.8805889444659,3,"IPM"
"IPM - Solvent",18.9424331615345,3,"IPM"
"IPM - Solvent",18.290371501945,3,"IPM"
"IPM - Solvent",18.7629474705438,3,"IPM"
"IPM - Solvent",17.4722182608193,3,"IPM"
"IPM - Solvent",18.7000445858672,3,"IPM"
"IPM - Solvent",18.4830050989998,3,"IPM"
"IPM - Solvent",19.991774508669,3,"IPM"
"IPM - Solvent",18.1399011091948,3,"IPM"
"IPM - Solvent",19.3863328524903,3,"IPM"
"IPM - Solvent",19.2858820916665,3,"IPM"
"IPM - Solvent",17.497912932578,3,"IPM"
"IPM - Solvent",19.058307408454,3,"IPM"
"IPM - Solvent",18.432418801554,3,"IPM"
"IPM - Solvent",17.4973141807298,3,"IPM"
"IPM - Solvent",19.0667696678627,3,"IPM"
"IPM - Solvent",19.7591953985491,3,"IPM"
"IPM - Solvent",17.3782198233174,3,"IPM"
"IPM - Solvent",19.5709633405546,3,"IPM"
"IPM - Solvent",17.6914089528967,3,"IPM"
"IPM - Solvent",17.0944782821511,3,"IPM"
"IPM - Solvent",17.9545058206546,3,"IPM"
"IPM - Solvent",18.1841846891219,3,"IPM"
"IPM - Solvent",18.6949379883504,3,"IPM"
"IPM - Solvent",19.1212747086149,3,"IPM"
"IPM - Solvent",18.2239396763268,3,"IPM"
"IPM - Solvent",18.7457194865364,3,"IPM"
"IPM - Solvent",18.490903460193,3,"IPM"
"IPM - Solvent",17.3375687799516,3,"IPM"
"IPM - Solvent",19.4592817558247,3,"IPM"
"IPM - Solvent",19.1880501986725,3,"IPM"
"IPM - Solvent",19.9184029328146,3,"IPM"
"IPM - Solvent",18.8369898544059,3,"IPM"
"IPM - Solvent",19.1015795801749,3,"IPM"
"IPM - Solvent",18.0598541527828,3,"IPM"
"IPM - Solvent",18.2921977515068,3,"IPM"
"IPM - Solvent",19.1312527022191,3,"IPM"
"IPM - Solvent",19.0259306617097,3,"IPM"
"IPM - Solvent",18.2828580655677,3,"IPM"
"IPM - Solvent",18.6887977826177,3,"IPM"
"IPM - Solvent",19.4714744193649,3,"IPM"
"IPM - Solvent",17.800790279082,3,"IPM"
"IPM - Solvent",17.8248733233549,3,"IPM"
"IPM - Solvent",18.4895400589216,3,"IPM"
"IPM - Solvent",17.6548855620454,3,"IPM"
"IPM - Solvent",19.6605034691635,3,"IPM"
"IPM - Solvent",20.6732493301132,3,"IPM"
"IPM - Solvent",17.4376758745078,3,"IPM"
"IPM - Solvent",17.7977755520371,3,"IPM"
"IPM - Solvent",18.974621561718,3,"IPM"
"IPM - Solvent",18.2349215242918,3,"IPM"
"IPM - Solvent",17.9665683162281,3,"IPM"
"IPM - Solvent",18.4502878123144,3,"IPM"
"IPM - Solvent",17.961289811343,3,"IPM"
"IPM - Solvent",18.6579741295056,3,"IPM"
"IPM - Solvent",17.7991482154232,3,"IPM"
"IPM - Solvent",20.327565555299,3,"IPM"
"IPM - Solvent",18.666957127842,3,"IPM"
"IPM - Solvent",19.3408571978166,3,"IPM"
"IPM - Solvent",18.9858600589581,3,"IPM"
"IPM - Solvent",17.6264016917686,3,"IPM"
"IPM - Solvent",19.5220539743956,3,"IPM"
"IPM - Solvent",18.6535997363179,3,"IPM"
"IPM - Solvent",19.0652084134929,3,"IPM"
"IPM - Solvent",17.678815815919,3,"IPM"
"IPM - Solvent",18.201111474266,3,"IPM"
"IPM - Solvent",16.7749399926125,3,"IPM"
"IPM - Solvent",18.6058541693644,3,"IPM"
"IPM - Solvent",19.1694276964088,3,"IPM"
"IPM - Solvent",18.0167735581022,3,"IPM"
"IPM - Solvent",18.2271272095529,3,"IPM"
"IPM - Solvent",19.1998132389529,3,"IPM"
"IPM - Solvent",19.7490219170326,3,"IPM"
"IPM - Solvent",17.1722278481949,3,"IPM"
"IPM - Solvent",17.9341685479605,3,"IPM"
"IPM - Solvent",18.9447044866044,3,"IPM"
"IPM - Solvent",18.7087198588452,3,"IPM"
"IPM - Solvent",19.4226320903326,3,"IPM"
"IPM - Solvent",19.0452372021695,3,"IPM"
"IPM - Solvent",17.8947187710073,3,"IPM"
"IPM - Solvent",17.809529621898,3,"IPM"
"IPM - Solvent",18.5316411703305,3,"IPM"
"IPM - Solvent",16.0864090370951,3,"IPM"
"IPM - Solvent",19.4205319346539,3,"IPM"
"IPM - Solvent",19.332335550005,3,"IPM"
"IPM - Solvent",18.8083232386092,3,"IPM"
"IPM - Solvent",18.1737772855445,3,"IPM"
"IPM - Solvent",18.6814660241588,3,"IPM"
"IPM - Solvent",19.2271123648675,3,"IPM"
"IPM - Solvent",16.8470844992404,3,"IPM"
"IPM - Solvent",18.4535716865671,3,"IPM"
"IPM - Solvent",17.1944294772685,3,"IPM"
"IPM - Solvent",18.3552080449694,3,"IPM"
"IPM - Solvent",17.9574211202002,3,"IPM"
"IPM - Solvent",18.3942748286325,3,"IPM"
"IPM - Solvent",18.8440909038414,3,"IPM"
"IPM - Solvent",17.9962183932897,3,"IPM"
"IPM - Solvent",17.9260086402896,3,"IPM"
"IPM - Solvent",19.1396448853568,3,"IPM"
"IPM - Solvent",17.9639580014822,3,"IPM"
"IPM - Solvent",15.6176183316504,3,"IPM"
"IPM - Solvent",19.3146643607849,3,"IPM"
"IPM - Solvent",18.4044346195618,3,"IPM"
"IPM - Solvent",19.2169330032784,3,"IPM"
"IPM - Solvent",19.1008486289448,3,"IPM"
"IPM - Solvent",19.3796785559055,3,"IPM"
"IPM - Solvent",16.566287562818,3,"IPM"
"IPM - Solvent",19.3991696120442,3,"IPM"
"IPM - Solvent",17.7742368502146,3,"IPM"
"IPM - Solvent",19.4912043079053,3,"IPM"
"IPM - Solvent",18.6965047671499,3,"IPM"
"IPM - Solvent",18.8696770106991,3,"IPM"
"IPM - Solvent",18.5115076149793,3,"IPM"
"IPM - Solvent",18.1255131105769,3,"IPM"
"IPM - Solvent",16.8819677934116,3,"IPM"
"IPM - Solvent",18.5774114949013,3,"IPM"
"IPM - Solvent",16.9425266010989,3,"IPM"
"IPM - Solvent",19.2939479028602,3,"IPM"
"IPM - Solvent",18.6884117263776,3,"IPM"
"IPM - Solvent",17.7342488799977,3,"IPM"
"IPM - Solvent",17.5466793922732,3,"IPM"
"IPM - Solvent",18.1584126568514,3,"IPM"
"IPM - Solvent",18.9304558410288,3,"IPM"
"IPM - Solvent",18.4164091460633,3,"IPM"
"IPM - Solvent",19.2700454397155,3,"IPM"
"IPM - Solvent",19.7199547200636,3,"IPM"
"IPM - Solvent",18.9363736100366,3,"IPM"
"IPM - Solvent",19.1102435922309,3,"IPM"
"IPM - Solvent",19.4530437214273,3,"IPM"
"IPM - Solvent",19.0462655008868,3,"IPM"
"IPM - Solvent",19.6304667606649,3,"IPM"
"IPM - Solvent",19.1275690651343,3,"IPM"
"IPM - Solvent",17.9855973612373,3,"IPM"
"IPM - Solvent",17.2120682369777,3,"IPM"
"IPM - Solvent",19.0351875375628,3,"IPM"
"IPM - Solvent",17.2679431638689,3,"IPM"
"IPM - Solvent",19.2402041065754,3,"IPM"
"IPM - Solvent",19.0486537099103,3,"IPM"
"IPM - Solvent",19.0192260055218,3,"IPM"
"IPM - Solvent",17.8612708777582,3,"IPM"
"IPM - Solvent",17.5176112307758,3,"IPM"
"IPM - Solvent",17.7460014758813,3,"IPM"
"IPM - Solvent",19.1440127380954,3,"IPM"
"IPM - Solvent",19.5473898539555,3,"IPM"
"IPM - Solvent",18.5441416116737,3,"IPM"
"IPM - Solvent",19.7926727722147,3,"IPM"
"IPM - Solvent",17.243496908262,3,"IPM"
"IPM - Solvent",19.2595210550334,3,"IPM"
"IPM - Solvent",17.5777215192103,3,"IPM"
"IPM - Solvent",18.1003247308962,3,"IPM"
"IPM - Solvent",20.0864831308926,3,"IPM"
"IPM - Solvent",19.2795584555323,3,"IPM"
"IPM - Solvent",19.3106311450014,3,"IPM"
"IPM - Solvent",18.6877199003628,3,"IPM"
"IPM - Solvent",17.9647482129677,3,"IPM"
"IPM - Solvent",18.2514032533345,3,"IPM"
"IPM - Solvent",18.2928802511071,3,"IPM"
"IPM - Solvent",19.2576821017596,3,"IPM"
"IPM - Solvent",18.0115861107189,3,"IPM"
"IPM - Solvent",18.7217180461568,3,"IPM"
"IPM - Solvent",18.86275471252,3,"IPM"
"IPM - Solvent",17.5468869633643,3,"IPM"
"IPM - Solvent",18.9019782742127,3,"IPM"
"IPM - Solvent",19.5601380032529,3,"IPM"
"IPM - Solvent",17.7926211475817,3,"IPM"
"IPM - Solvent",19.9432197056486,3,"IPM"
"IPM - Solvent",16.3722378300706,3,"IPM"
"IPM - Solvent",20.0420953931307,3,"IPM"
"IPM - Solvent",19.2536533164511,3,"IPM"
"IPM - Solvent",18.7109033822919,3,"IPM"
"IPM - Solvent",17.2809583096196,3,"IPM"
"IPM - Solvent",18.816664940073,3,"IPM"
"IPM - Solvent",19.053401406728,3,"IPM"
"IPM - Solvent",17.1959851775005,3,"IPM"
"IPM - Solvent",17.060351297871,3,"IPM"
"IPM - Solvent",18.6519514227226,3,"IPM"
"IPM - Solvent",19.9190691741667,3,"IPM"
"IPM - Solvent",20.3450438195248,3,"IPM"
"IPM - Solvent",18.5908834850901,3,"IPM"
"IPM - Solvent",19.390647257717,3,"IPM"
"IPM - Solvent",18.1813305878633,3,"IPM"
"IPM - Solvent",18.8576973958764,3,"IPM"
"IPM - Solvent",18.5529216834439,3,"IPM"
"IPM - Solvent",18.2375369594279,3,"IPM"
"IPM - Solvent",19.5354283523985,3,"IPM"
"IPM - Solvent",16.6512314462046,3,"IPM"
"IPM - Solvent",19.1175753850499,3,"IPM"
"IPM - Solvent",20.0442032439023,3,"IPM"
"IPM - Solvent",18.0286799467079,3,"IPM"
"IPM - Solvent",17.8988481338505,3,"IPM"
"IPM - Solvent",18.4536287205621,3,"IPM"
"IPM - Solvent",17.4783309361053,3,"IPM"
"IPM - Solvent",18.2780643540123,3,"IPM"
"IPM - Solvent",18.7715107356289,3,"IPM"
"IPM - Solvent",17.881046559349,3,"IPM"
"IPM - Solvent",18.8479602845254,3,"IPM"
"IPM - Solvent",19.6842965262436,3,"IPM"
"IPM - Solvent",17.1471686052625,3,"IPM"
"IPM - Solvent",18.4980839438018,3,"IPM"
"IPM - Solvent",17.546874780246,3,"IPM"
"IPM - Solvent",18.8241460371532,3,"IPM"
"IPM - Solvent",17.3741766783632,3,"IPM"
"IPM - Solvent",17.5015018578763,3,"IPM"
"IPM - Solvent",18.0102643469313,3,"IPM"
"IPM - Solvent",18.7918876827862,3,"IPM"
"IPM - Solvent",18.0447354779256,3,"IPM"
"IPM - Solvent",19.1118273813117,3,"IPM"
"IPM - Solvent",18.2687886530748,3,"IPM"
"IPM - Solvent",16.9719500775019,3,"IPM"
"IPM - Solvent",18.3461696302739,3,"IPM"
"IPM - Solvent",18.6659136389718,3,"IPM"
"IPM - Solvent",17.1252106486758,3,"IPM"
"IPM - Solvent",18.9686171821952,3,"IPM"
"IPM - Solvent",18.7631960646036,3,"IPM"
"IPM - Solvent",19.1735275344171,3,"IPM"
"IPM - Solvent",18.21211150257,3,"IPM"
"IPM - Solvent",18.9085774765199,3,"IPM"
"IPM - Solvent",17.2337794081707,3,"IPM"
"IPM - Solvent",19.3840052917436,3,"IPM"
"IPM - Solvent",19.9410268581642,3,"IPM"
"IPM - Solvent",18.8684995780882,3,"IPM"
"IPM - Solvent",19.0033152409521,3,"IPM"
"IPM - Solvent",16.5792030355992,3,"IPM"
"IPM - Solvent",20.2202619585387,3,"IPM"
"IPM - Solvent",17.9351419055758,3,"IPM"
"IPM - Solvent",17.3378798580613,3,"IPM"
"IPM - Solvent",18.6445085709007,3,"IPM"
"IPM - Solvent",17.9982225669761,3,"IPM"
"IPM - Solvent",18.7030101128428,3,"IPM"
"IPM - Solvent",18.8678277884754,3,"IPM"
"IPM - Solvent",18.8681936588887,3,"IPM"
"IPM - Solvent",18.9729914613198,3,"IPM"
"IPM - Solvent",19.3745217996445,3,"IPM"
"IPM - Solvent",18.5173103119563,3,"IPM"
"IPM - Solvent",17.1682172001882,3,"IPM"
"IPM - Solvent",17.3792406373922,3,"IPM"
"IPM - Solvent",18.4345932666629,3,"IPM"
"IPM - Solvent",18.832199319698,3,"IPM"
"IPM - Solvent",17.8411623907719,3,"IPM"
"IPM - Solvent",18.2623023523517,3,"IPM"
"IPM - Solvent",17.1140518858647,3,"IPM"
"IPM - Solvent",18.6227942182641,3,"IPM"
"IPM - Solvent",18.5171241977921,3,"IPM"
"IPM - Solvent",17.7450203377364,3,"IPM"
"IPM - Solvent",18.2391521476432,3,"IPM"
"IPM - Solvent",19.4487082057727,3,"IPM"
"IPM - Solvent",19.8464764712469,3,"IPM"
"IPM - Solvent",16.4725631632699,3,"IPM"
"IPM - Solvent",19.1255088871057,3,"IPM"
"IPM - Solvent",18.892033107326,3,"IPM"
"IPM - Solvent",17.0393472603895,3,"IPM"
"IPM - Solvent",19.5899348974567,3,"IPM"
"IPM - Solvent",18.2197302062345,3,"IPM"
"IPM - Solvent",19.5466744229452,3,"IPM"
"IPM - Solvent",20.3751730561469,3,"IPM"
"IPM - Solvent",17.3587274949089,3,"IPM"
"IPM - Solvent",19.6860586163059,3,"IPM"
"IPM - Solvent",18.8432179636298,3,"IPM"
"IPM - Solvent",17.9992738690356,3,"IPM"
"IPM - Solvent",17.3659980270723,3,"IPM"
"IPM - Solvent",18.6379821922169,3,"IPM"
"IPM - Solvent",19.2637438984918,3,"IPM"
"IPM - Solvent",18.300792891625,3,"IPM"
"IPM - Solvent",18.7870732158545,3,"IPM"
"IPM - Solvent",17.4494443106783,3,"IPM"
"IPM - Solvent",18.7993023791363,3,"IPM"
"IPM - Solvent",17.792239789676,3,"IPM"
"IPM - Solvent",18.3867701195247,3,"IPM"
"IPM - Solvent",18.4698731145443,3,"IPM"
"IPM - Solvent",20.3062009772182,3,"IPM"
"IPM - Solvent",19.4900054513177,3,"IPM"
"IPM - Solvent",19.4444675824652,3,"IPM"
"IPM - Solvent",18.6462597709035,3,"IPM"
"IPM - Solvent",17.6913016403027,3,"IPM"
"IPM - Solvent",19.4909530812351,3,"IPM"
"IPM - Solvent",18.7575485823537,3,"IPM"
"IPM - Solvent",18.1940298761072,3,"IPM"
"IPM - Solvent",17.8337448067485,3,"IPM"
"IPM - Solvent",19.5042428839592,3,"IPM"
"IPM - Solvent",18.6118336085897,3,"IPM"
"IPM - Solvent",18.4599283495255,3,"IPM"
"IPM - Solvent",19.0548965986314,3,"IPM"
"IPM - Solvent",17.8815989748983,3,"IPM"
"IPM - Solvent",18.2478552382202,3,"IPM"
"IPM - Solvent",17.6002813418098,3,"IPM"
"IPM - Solvent",18.1919102318771,3,"IPM"
"IPM - Solvent",18.5030040037063,3,"IPM"
"IPM - Solvent",19.313540265176,3,"IPM"
"IPM - Solvent",18.6548665559364,3,"IPM"
"IPM - Solvent",17.8711731523873,3,"IPM"
"IPM - Solvent",18.7663990834099,3,"IPM"
"IPM - Solvent",18.646202458727,3,"IPM"
"IPM - Solvent",17.5640186813181,3,"IPM"
"IPM - Solvent",19.2231386454756,3,"IPM"
"IPM - Solvent",18.2276088179108,3,"IPM"
"IPM - Solvent",16.6470626473999,3,"IPM"
"IPM - Solvent",17.4010092295466,3,"IPM"
"IPM - Solvent",18.2186991144164,3,"IPM"
"IPM - Solvent",18.7895920879084,3,"IPM"
"IPM - Solvent",18.635313782299,3,"IPM"
"IPM - Solvent",17.9440670546577,3,"IPM"
"IPM - Solvent",17.3190624273068,3,"IPM"
"IPM - Solvent",18.4893933427418,3,"IPM"
"IPM - Solvent",17.655768047959,3,"IPM"
"IPM - Solvent",18.9304275403806,3,"IPM"
"IPM - Solvent",19.7561041489505,3,"IPM"
"IPM - Solvent",18.6754685061194,3,"IPM"
"IPM - Solvent",17.658651229628,3,"IPM"
"IPM - Solvent",19.6097244966179,3,"IPM"
"IPM - Solvent",17.1404071382425,3,"IPM"
"IPM - Solvent",18.6069804128661,3,"IPM"
"IPM - Solvent",17.1390588628029,3,"IPM"
"IPM - Solvent",17.6306457277704,3,"IPM"
"IPM - Solvent",17.7077365430159,3,"IPM"
"IPM - Solvent",19.0472682018369,3,"IPM"
"IPM - Solvent",19.9908327221931,3,"IPM"
"IPM - Solvent",19.1989124774947,3,"IPM"
"IPM - Solvent",20.5927602590874,3,"IPM"
"IPM - Solvent",20.2137950864086,3,"IPM"
"IPM - Solvent",17.4374010293049,3,"IPM"
"IPM - Solvent",18.2297630575063,3,"IPM"
"IPM - Solvent",17.1386840470441,3,"IPM"
"IPM - Solvent",17.725856954191,3,"IPM"
"IPM - Solvent",17.6636160079103,3,"IPM"
"IPM - Solvent",17.9230977893842,3,"IPM"
"IPM - Solvent",19.0470458465131,3,"IPM"
"IPM - Solvent",17.1757291628374,3,"IPM"
"IPM - Solvent",17.7988638307753,3,"IPM"
"IPM - Solvent",17.7709766318021,3,"IPM"
"IPM - Solvent",17.4558469863267,3,"IPM"
"IPM - Solvent",18.3551267719012,3,"IPM"
"IPM - Solvent",18.6969861280398,3,"IPM"
"IPM - Solvent",18.4073387954723,3,"IPM"
"IPM - Solvent",18.7527819741217,3,"IPM"
"IPM - Solvent",18.991600341754,3,"IPM"
"IPM - Solvent",19.3536676320699,3,"IPM"
"IPM - Solvent",19.5504948159757,3,"IPM"
"IPM - Solvent",18.2853819077835,3,"IPM"
"IPM - Solvent",19.2790789329681,3,"IPM"
"IPM - Solvent",17.8245254597196,3,"IPM"
"IPM - Solvent",18.2441386610262,3,"IPM"
"IPM - Solvent",18.3487378872961,3,"IPM"
"IPM - Solvent",18.0944869509679,3,"IPM"
"IPM - Solvent",18.1716611969036,3,"IPM"
"IPM - Solvent",18.0681770352078,3,"IPM"
"IPM - Solvent",18.1741230131619,3,"IPM"
"IPM - Solvent",18.3539328336726,3,"IPM"
"IPM - Solvent",17.6997077434072,3,"IPM"
"IPM - Solvent",17.6000655579515,3,"IPM"
"IPM - Solvent",18.1933688831692,3,"IPM"
"IPM - Solvent",17.1908116692467,3,"IPM"
"IPM - Solvent",19.7727755750525,3,"IPM"
"IPM - Solvent",18.5618633042641,3,"IPM"
"IPM - Solvent",19.0864790691071,3,"IPM"
"IPM - Solvent",18.5540402704262,3,"IPM"
"IPM - Solvent",16.9643839125441,3,"IPM"
"IPM - Solvent",17.9928288524692,3,"IPM"
"IPM - Solvent",17.3193567495902,3,"IPM"
"IPM - Solvent",20.4936170307166,3,"IPM"
"IPM - Solvent",18.8077802746507,3,"IPM"
"IPM - Solvent",18.6041540092861,3,"IPM"
"IPM - Solvent",18.9251604304381,3,"IPM"
"IPM - Solvent",18.9387085618621,3,"IPM"
"IPM - Solvent",18.4411326321909,3,"IPM"
"IPM - Solvent",18.6781140420888,3,"IPM"
"IPM - Solvent",18.6555805022312,3,"IPM"
"IPM - Solvent",18.1160392513763,3,"IPM"
"IPM - Solvent",21.0176779818151,3,"IPM"
"IPM - Solvent",18.294989398488,3,"IPM"
"IPM - Solvent",18.9832586060864,3,"IPM"
"IPM - Solvent",17.0921994941576,3,"IPM"
"IPM - Solvent",19.617190016631,3,"IPM"
"IPM - Solvent",17.4652061986155,3,"IPM"
"IPM - Solvent",17.4156947269337,3,"IPM"
"IPM - Solvent",19.3149834686283,3,"IPM"
"IPM - Solvent",18.749646657702,3,"IPM"
"IPM - Solvent",18.8245570764534,3,"IPM"
"IPM - Solvent",19.9812638766994,3,"IPM"
"IPM - Solvent",16.9859882169136,3,"IPM"
"IPM - Solvent",18.9258242177325,3,"IPM"
"IPM - Solvent",20.0054271680108,3,"IPM"
"IPM - Solvent",18.4652827234421,3,"IPM"
"IPM - Solvent",17.68100532228,3,"IPM"
"IPM - Solvent",18.792488709557,3,"IPM"
"IPM - Solvent",17.2724580170111,3,"IPM"
"IPM - Solvent",17.8378243498408,3,"IPM"
"IPM - Solvent",19.2457142258706,3,"IPM"
"IPM - Solvent",18.699147785517,3,"IPM"
"IPM - Solvent",18.0501815002799,3,"IPM"
"IPM - Solvent",17.8701618708764,3,"IPM"
"IPM - Solvent",17.7164673892177,3,"IPM"
"IPM - Solvent",17.7884580286542,3,"IPM"
"IPM - Solvent",18.1317196982109,3,"IPM"
"IPM - Solvent",18.5791995174828,3,"IPM"
"IPM - Solvent",16.4798003366229,3,"IPM"
"IPM - Solvent",16.8199237623837,3,"IPM"
"IPM - Solvent",18.4655643839294,3,"IPM"
"IPM - Solvent",20.8219027711335,3,"IPM"
"IPM - Solvent",18.7323182600197,3,"IPM"
"IPM - Solvent",17.5215564525334,3,"IPM"
"IPM - Solvent",18.2965935774248,3,"IPM"
"IPM - Solvent",18.1613112432576,3,"IPM"
"IPM - Solvent",17.5762848652212,3,"IPM"
"IPM - Solvent",18.8760705567895,3,"IPM"
"IPM - Solvent",18.3925600138522,3,"IPM"
"IPM - Solvent",18.053841272762,3,"IPM"
"IPM - Solvent",18.517687222009,3,"IPM"
"IPM - Solvent",19.0982707836321,3,"IPM"
"IPM - Solvent",19.1378963924344,3,"IPM"
"IPM - Solvent",18.3334837070198,3,"IPM"
"IPM - Solvent",18.4440818684675,3,"IPM"
"IPM - Solvent",17.9816809050473,3,"IPM"
"IPM - Solvent",18.8493731231917,3,"IPM"
"IPM - Solvent",18.2514885108227,3,"IPM"
"IPM - Solvent",18.0499656526232,3,"IPM"
"IPM - Solvent",19.7201778913358,3,"IPM"
"IPM - Solvent",17.2684696248121,3,"IPM"
"IPM - Solvent",17.0725490909896,3,"IPM"
"IPM - Solvent",18.1958991597326,3,"IPM"
"IPM - Solvent",19.2241296413248,3,"IPM"
"IPM - Solvent",18.4110376845551,3,"IPM"
"IPM - Solvent",19.6849086553478,3,"IPM"
"IPM - Solvent",18.3044484369744,3,"IPM"
"IPM - Solvent",17.5398420053638,3,"IPM"
"IPM - Solvent",17.3571081358923,3,"IPM"
"IPM - Solvent",18.1109774498382,3,"IPM"
"IPM - Solvent",18.1154557048925,3,"IPM"
"IPM - Solvent",17.7736285883697,3,"IPM"
"IPM - Solvent",18.3614894953435,3,"IPM"
"IPM - Solvent",17.6242159320124,3,"IPM"
"IPM - Solvent",18.1459471185817,3,"IPM"
"IPM - Solvent",18.7489020035485,3,"IPM"
"IPM - Solvent",18.5477005126479,3,"IPM"
"IPM - Solvent",19.9805450732679,3,"IPM"
"IPM - Solvent",19.3012580222791,3,"IPM"
"IPM - Solvent",18.6853720442208,3,"IPM"
"IPM - Solvent",19.3600812466028,3,"IPM"
"IPM - Solvent",18.693480708173,3,"IPM"
"IPM - Solvent",18.9557578008879,3,"IPM"
"IPM - Solvent",17.8097220253162,3,"IPM"
"IPM - Solvent",20.2522622274404,3,"IPM"
"IPM - Solvent",19.5336164478779,3,"IPM"
"IPM - Solvent",20.3348142541701,3,"IPM"
"IPM - Solvent",18.092828170687,3,"IPM"
"IPM - Solvent",18.2790617827604,3,"IPM"
"IPM - Solvent",17.2786873318049,3,"IPM"
"IPM - Solvent",18.1253198798486,3,"IPM"
"IPM - Solvent",18.0541169228371,3,"IPM"
"IPM - Solvent",19.6176077737343,3,"IPM"
"IPM - Solvent",19.2024679544743,3,"IPM"
"IPM - Solvent",18.4223365436277,3,"IPM"
"IPM - Solvent",18.4899464004326,3,"IPM"
"IPM - Solvent",18.8903264096718,3,"IPM"
"IPM - Solvent",19.842117600181,3,"IPM"
"IPM - Solvent",17.1660940873546,3,"IPM"
"IPM - Solvent",18.2140772400679,3,"IPM"
"IPM - Solvent",19.5347453926749,3,"IPM"
"IPM - Solvent",19.0844671060332,3,"IPM"
"IPM - Solvent",18.5753937146773,3,"IPM"
"IPM - Solvent",18.4875726888737,3,"IPM"
"IPM - Solvent",18.4207390558393,3,"IPM"
"IPM - Solvent",19.1248636619763,3,"IPM"
"IPM - Solvent",19.1211163097793,3,"IPM"
"IPM - Solvent",17.0535642623453,3,"IPM"
"IPM - Solvent",18.0449210927894,3,"IPM"
"IPM - Solvent",16.1866503230291,3,"IPM"
"IPM - Solvent",17.0027020155357,3,"IPM"
"IPM - Solvent",17.2708854511382,3,"IPM"
"IPM - Solvent",18.8765223880007,3,"IPM"
"IPM - Solvent",18.974606283014,3,"IPM"
"IPM - Solvent",18.2915396164837,3,"IPM"
"IPM - Solvent",19.0144157632166,3,"IPM"
"IPM - Solvent",19.7990366802544,3,"IPM"
"IPM - Solvent",18.6116187301084,3,"IPM"
"IPM - Solvent",16.7032772554957,3,"IPM"
"IPM - Solvent",19.2333139064223,3,"IPM"
"IPM - Solvent",18.8595269791962,3,"IPM"
"IPM - Solvent",20.6661824905899,3,"IPM"
"IPM - Solvent",18.8700465468192,3,"IPM"
"IPM - Solvent",19.0041348245617,3,"IPM"
"IPM - Solvent",17.0207590198957,3,"IPM"
"IPM - Solvent",19.4163188878445,3,"IPM"
"IPM - Solvent",18.2766027168384,3,"IPM"
"IPM - Solvent",18.0940555978507,3,"IPM"
"IPM - Solvent",20.8234882543163,3,"IPM"
"IPM - Solvent",18.5991106774292,3,"IPM"
"IPM - Solvent",18.7365632123083,3,"IPM"
"IPM - Solvent",19.3556349272149,3,"IPM"
"IPM - Solvent",18.4007066759284,3,"IPM"
"IPM - Solvent",18.2855390197776,3,"IPM"
"IPM - Solvent",17.5330740380029,3,"IPM"
"IPM - Solvent",18.0196247958868,3,"IPM"
"IPM - Solvent",17.8431958151875,3,"IPM"
"IPM - Solvent",18.4173186985353,3,"IPM"
"IPM - Solvent",18.2154767863795,3,"IPM"
"IPM - Solvent",18.8121213842861,3,"IPM"
"IPM - Solvent",18.1268120106831,3,"IPM"
"IPM - Solvent",19.1987783715712,3,"IPM"
"IPM - Solvent",18.2046429062641,3,"IPM"
"IPM - Solvent",18.5637031976082,3,"IPM"
"IPM - Solvent",18.5007769228022,3,"IPM"
"IPM - Solvent",19.3776740327764,3,"IPM"
"IPM - Solvent",18.4874807923578,3,"IPM"
"IPM - Solvent",18.7939016515497,3,"IPM"
"IPM - Solvent",19.3937191366619,3,"IPM"
"IPM - Solvent",19.5072941549351,3,"IPM"
"IPM - Solvent",18.6594553221325,3,"IPM"
"IPM - Solvent",17.0718228022701,3,"IPM"
"IPM - Solvent",18.4213484091549,3,"IPM"
"IPM - Solvent",19.7336052801811,3,"IPM"
"IPM - Solvent",18.8469821287958,3,"IPM"
"IPM - Solvent",18.9262478525556,3,"IPM"
"IPM - Solvent",18.2609499277385,3,"IPM"
"IPM - Solvent",16.1816067160492,3,"IPM"
"IPM - Solvent",17.4349408734547,3,"IPM"
"IPM - Solvent",17.6658074588741,3,"IPM"
"IPM - Solvent",19.1317754765058,3,"IPM"
"IPM - Solvent",16.9494577887742,3,"IPM"
"IPM - Solvent",17.3611887643564,3,"IPM"
"IPM - Solvent",17.7784895810252,3,"IPM"
"IPM - Solvent",19.9604467037958,3,"IPM"
"IPM - Solvent",18.688772214383,3,"IPM"
"IPM - Solvent",19.7124523431976,3,"IPM"
"IPM - Solvent",18.0819071594679,3,"IPM"
"IPM - Solvent",19.7916534588335,3,"IPM"
"IPM - Solvent",19.7911000751763,3,"IPM"
"IPM - Solvent",17.0907167910102,3,"IPM"
"IPM - Solvent",19.3925693757167,3,"IPM"
"IPM - Solvent",18.515865288477,3,"IPM"
"IPM - Solvent",17.4113502529198,3,"IPM"
"IPM - Solvent",17.729969150198,3,"IPM"
"IPM - Solvent",19.6410780213067,3,"IPM"
"IPM - Solvent",18.304284166695,3,"IPM"
"IPM - Solvent",18.4696531244008,3,"IPM"
"IPM - Solvent",17.2250739239628,3,"IPM"
"IPM - Solvent",17.8082895130148,3,"IPM"
"IPM - Solvent",17.145938861468,3,"IPM"
"IPM - Solvent",18.9892764918345,3,"IPM"
"IPM - Solvent",18.566946333653,3,"IPM"
"IPM - Solvent",17.491068298101,3,"IPM"
"IPM - Solvent",18.9802961808348,3,"IPM"
"IPM - Solvent",18.3672147834816,3,"IPM"
"IPM - Solvent",19.4513156194312,3,"IPM"
"IPM - Solvent",18.8929365594445,3,"IPM"
"IPM - Solvent",19.2402451607861,3,"IPM"
"IPM - Solvent",16.8183057611217,3,"IPM"
"IPM - Solvent",19.8654969510933,3,"IPM"
"IPM - Solvent",18.2725736372438,3,"IPM"
"IPM - Solvent",17.5534144294491,3,"IPM"
"IPM - Solvent",17.9752246224406,3,"IPM"
"IPM - Solvent",18.9335838734048,3,"IPM"
"IPM - Solvent",17.7589319476918,3,"IPM"
"IPM - Solvent",19.8056267599063,3,"IPM"
"IPM - Solvent",18.0512567204553,3,"IPM"
"IPM - Solvent",18.6319572875197,3,"IPM"
"IPM - Solvent",17.3471422547959,3,"IPM"
"IPM - Solvent",20.0637970563011,3,"IPM"
"IPM - Solvent",17.9802997734889,3,"IPM"
"IPM - Solvent",19.5943134964886,3,"IPM"
"IPM - Solvent",19.8652863468469,3,"IPM"
"IPM - Solvent",20.6459486264378,3,"IPM"
"IPM - Solvent",17.2999928408465,3,"IPM"
"IPM - Solvent",17.6017591815559,3,"IPM"
"IPM - Solvent",18.8439534790228,3,"IPM"
"IPM - Solvent",17.9650872645909,3,"IPM"
"IPM - Solvent",18.0720109491142,3,"IPM"
"IPM - Solvent",19.1249568862991,3,"IPM"
"IPM - Solvent",17.3584081598828,3,"IPM"
"IPM - Solvent",19.4659973443881,3,"IPM"
"IPM - Solvent",18.5423974295357,3,"IPM"
"IPM - Solvent",18.8496922852124,3,"IPM"
"IPM - Solvent",18.9037822925207,3,"IPM"
"IPM - Solvent",20.2161877852364,3,"IPM"
"IPM - Solvent",19.3031438862699,3,"IPM"
"IPM - Solvent",17.362623380421,3,"IPM"
"IPM - Solvent",19.0736684951758,3,"IPM"
"IPM - Solvent",17.6360753281486,3,"IPM"
"IPM - Solvent",17.8689309910528,3,"IPM"
"IPM - Solvent",18.7387094171383,3,"IPM"
"IPM - Solvent",17.4218258127207,3,"IPM"
"IPM - Solvent",19.4222569840942,3,"IPM"
"IPM - Solvent",17.8081980707698,3,"IPM"
"IPM - Solvent",19.1176891726749,3,"IPM"
"IPM - Solvent",18.9409609780418,3,"IPM"
"IPM - Solvent",18.1707357158867,3,"IPM"
"IPM - Solvent",17.5198875976755,3,"IPM"
"IPM - Solvent",19.3102982366905,3,"IPM"
"IPM - Solvent",18.7446318493281,3,"IPM"
"IPM - Solvent",20.0578989841617,3,"IPM"
"IPM - Solvent",17.5621220035147,3,"IPM"
"IPM - Solvent",19.2445423610649,3,"IPM"
"IPM - Solvent",18.259121761618,3,"IPM"
"IPM - Solvent",17.4802347501561,3,"IPM"
"IPM - Solvent",20.9094558701686,3,"IPM"
"IPM - Solvent",21.5102649626489,3,"IPM"
"IPM - Solvent",17.9825393309608,3,"IPM"
"IPM - Solvent",19.8279255356892,3,"IPM"
"IPM - Solvent",18.6834061637077,3,"IPM"
"IPM - Solvent",19.5910862176621,3,"IPM"
"IPM - Solvent",18.6904343424568,3,"IPM"
"IPM - Solvent",18.8168383006062,3,"IPM"
"IPM - Solvent",18.9909654216312,3,"IPM"
"IPM - Solvent",18.1847393538205,3,"IPM"
"IPM - Solvent",17.7506159592685,3,"IPM"
"IPM - Solvent",19.3335693636483,3,"IPM"
"IPM - Solvent",19.2928841204871,3,"IPM"
"IPM - Solvent",18.1586097688773,3,"IPM"
"IPM - Solvent",19.3016715303599,3,"IPM"
"IPM - Solvent",18.1422038814297,3,"IPM"
"IPM - Solvent",19.0795594059318,3,"IPM"
"IPM - Solvent",17.2409643767163,3,"IPM"
"IPM - Solvent",18.471263209916,3,"IPM"
"IPM - Solvent",19.376886123599,3,"IPM"
"IPM - Solvent",18.8061662554416,3,"IPM"
"IPM - Solvent",17.3249812688473,3,"IPM"
"IPM - Solvent",18.5991167947376,3,"IPM"
"IPM - Solvent",19.4091054726232,3,"IPM"
"IPM - Solvent",17.5789778620763,3,"IPM"
"IPM - Solvent",18.7642400441303,3,"IPM"
"IPM - Solvent",17.9511552377701,3,"IPM"
"IPM - Solvent",18.1224764428904,3,"IPM"
"IPM - Solvent",19.7768798404535,3,"IPM"
"IPM - Solvent",19.6860991052674,3,"IPM"
"IPM - Solvent",18.4857904073513,3,"IPM"
"IPM - Solvent",17.8006774578082,3,"IPM"
"IPM - Solvent",18.8374215830124,3,"IPM"
"IPM - Solvent",19.5388048170405,3,"IPM"
"IPM - Solvent",17.6894875176745,3,"IPM"
"IPM - Solvent",16.7407554301244,3,"IPM"
"IPM - Solvent",19.7731001279685,3,"IPM"
"IPM - Solvent",18.7956865774194,3,"IPM"
"IPM - Solvent",18.6376578218129,3,"IPM"
"IPM - Solvent",17.0772366931269,3,"IPM"
"IPM - Solvent",18.1397512014306,3,"IPM"
"IPM - Solvent",18.1005901971215,3,"IPM"
"IPM - Solvent",17.897407065864,3,"IPM"
"IPM - Solvent",18.3044255521126,3,"IPM"
"IPM - Solvent",17.595987437092,3,"IPM"
"IPM - Solvent",19.2408135357838,3,"IPM"
"IPM - Solvent",17.8092960104906,3,"IPM"
"IPM - Solvent",15.3075157026559,3,"IPM"
"IPM - Solvent",18.7358057351716,3,"IPM"
"IPM - Solvent",17.8665414504703,3,"IPM"
"IPM - Solvent",20.1248644179934,3,"IPM"
"IPM - Solvent",17.2711226697922,3,"IPM"
"IPM - Solvent",17.4396994981838,3,"IPM"
"IPM - Solvent",16.9758060918491,3,"IPM"
"IPM - Solvent",17.6332801847041,3,"IPM"
"IPM - Solvent",18.8061704762068,3,"IPM"
"IPM - Solvent",18.6934519192916,3,"IPM"
"IPM - Solvent",17.0222761103555,3,"IPM"
"IPM - Solvent",19.0876670218137,3,"IPM"
"IPM - Solvent",18.7727438762998,3,"IPM"
"IPM - Solvent",18.9017587136459,3,"IPM"
"IPM - Solvent",17.9784634724223,3,"IPM"
"IPM - Solvent",18.6402218355736,3,"IPM"
"IPM - Solvent",16.8568880649431,3,"IPM"
"IPM - Solvent",16.8937673610411,3,"IPM"
"IPM - Solvent",18.4326718542479,3,"IPM"
"IPM - Solvent",18.0202230812838,3,"IPM"
"IPM - Solvent",18.8489264361592,3,"IPM"
"IPM - Solvent",19.1607815375366,3,"IPM"
"IPM - Solvent",17.3203392884982,3,"IPM"
"IPM - Solvent",17.1995355738077,3,"IPM"
"IPM - Solvent",19.1266250219241,3,"IPM"
"IPM - Solvent",17.7955274785206,3,"IPM"
"IPM - Solvent",20.7250621264304,3,"IPM"
"IPM - Solvent",17.8369139229409,3,"IPM"
"IPM - Solvent",18.0468291492489,3,"IPM"
"IPM - Solvent",17.5083398689324,3,"IPM"
"IPM - Solvent",18.8630427960431,3,"IPM"
"IPM - Solvent",17.2952003517239,3,"IPM"
"IPM - Solvent",18.1642367725736,3,"IPM"
"IPM - Solvent",17.7205618988747,3,"IPM"
"IPM - Solvent",17.8589617784345,3,"IPM"
"IPM - Solvent",17.5032354182639,3,"IPM"
"IPM - Solvent",18.9354011950517,3,"IPM"
"IPM - Solvent",18.3607601359443,3,"IPM"
"IPM - Solvent",19.3656253982307,3,"IPM"
"IPM - Solvent",19.234241650312,3,"IPM"
"IPM - Solvent",17.4077990911004,3,"IPM"
"IPM - Solvent",19.3042387286269,3,"IPM"
"IPM - Solvent",18.4222368427177,3,"IPM"
"IPM - Solvent",18.2052558656685,3,"IPM"
"IPM - Solvent",17.433700822434,3,"IPM"
"IPM - Solvent",16.915283162751,3,"IPM"
"IPM - Solvent",16.8870172977521,3,"IPM"
"IPM - Solvent",18.8300375826121,3,"IPM"
"IPM - Solvent",18.0919496900103,3,"IPM"
"IPM - Solvent",16.7841331443281,3,"IPM"
"IPM - Solvent",20.2965264659657,3,"IPM"
"IPM - Solvent",18.9585781316916,3,"IPM"
"IPM - Solvent",17.6823270917214,3,"IPM"
"IPM - Solvent",18.0870625399586,3,"IPM"
"IPM - Solvent",19.4183099225873,3,"IPM"
"IPM - Solvent",17.7710037873539,3,"IPM"
"IPM - Solvent",19.060989027735,3,"IPM"
"IPM - Solvent",18.2436151920618,3,"IPM"
"IPM - Solvent",20.003032217503,3,"IPM"
"IPM - Solvent",20.0269278101786,3,"IPM"
"IPM - Solvent",17.934048208269,3,"IPM"
"IPM - Solvent",19.250990278702,3,"IPM"
"IPM - Solvent",17.7389440490113,3,"IPM"
"IPM - Solvent",19.6906219446615,3,"IPM"
"IPM - Solvent",19.0766110494034,3,"IPM"
"IPM - Solvent",18.5509628589766,3,"IPM"
"IPM - Solvent",18.7791811570316,3,"IPM"
"IPM - Solvent",18.2801092679777,3,"IPM"
"IPM - Solvent",19.1009633661713,3,"IPM"
"IPM - Solvent",18.8687820711513,3,"IPM"
"IPM - Solvent",18.9389716121347,3,"IPM"
"IPM - Solvent",18.9995360366537,3,"IPM"
"IPM - Solvent",19.9533411275797,3,"IPM"
"IPM - Solvent",17.5504363263824,3,"IPM"
"IPM - Solvent",18.029477279874,3,"IPM"
"IPM - Solvent",19.0064159622108,3,"IPM"
"IPM - Solvent",18.1456281895051,3,"IPM"
"IPM - Solvent",17.8150523902954,3,"IPM"
"IPM - Solvent",19.4694682868488,3,"IPM"
"IPM - Solvent",20.1836609943118,3,"IPM"
"IPM - Solvent",16.4611687292347,3,"IPM"
"IPM - Solvent",18.6179848101254,3,"IPM"
"IPM - Solvent",18.0669058623631,3,"IPM"
"IPM - Solvent",18.4349159783909,3,"IPM"
"IPM - Solvent",19.3863681833433,3,"IPM"
"IPM - Solvent",18.7109248703837,3,"IPM"
"IPM - Solvent",19.0149889364458,3,"IPM"
"IPM - Solvent",19.1731660399931,3,"IPM"
"IPM - Solvent",17.3306433550047,3,"IPM"
"IPM - Solvent",19.9865695470625,3,"IPM"
"IPM - Solvent",18.3286442405053,3,"IPM"
"IPM - Solvent",18.6463458274958,3,"IPM"
"IPM - Solvent",17.7353545145133,3,"IPM"
"IPM - Solvent",18.5363658127053,3,"IPM"
"IPM - Solvent",16.3083428860754,3,"IPM"
"IPM - Solvent",18.6086988619605,3,"IPM"
"IPM - Solvent",19.5512959990206,3,"IPM"
"IPM - Solvent",18.4249500265293,3,"IPM"
"IPM - Solvent",19.8410103657267,3,"IPM"
"IPM - Solvent",18.9033078140528,3,"IPM"
"IPM - Solvent",18.7066675205273,3,"IPM"
"IPM - Solvent",17.0650184119069,3,"IPM"
"IPM - Solvent",17.2261004252381,3,"IPM"
"IPM - Solvent",19.9912005039271,3,"IPM"
"IPM - Solvent",18.9025559381451,3,"IPM"
"IPM - Solvent",18.0475676487928,3,"IPM"
"IPM - Solvent",18.0411054868192,3,"IPM"
"IPM - Solvent",16.9499946471549,3,"IPM"
"IPM - Solvent",19.5700223714298,3,"IPM"
"IPM - Solvent",19.0089431404619,3,"IPM"
"IPM - Solvent",16.9001330092889,3,"IPM"
"IPM - Solvent",20.1330780422013,3,"IPM"
"IPM - Solvent",16.7388389554792,3,"IPM"
"IPM - Solvent",18.2625342328116,3,"IPM"
"IPM - Solvent",17.7975623994045,3,"IPM"
"IPM - Solvent",19.3772760444608,3,"IPM"
"IPM - Solvent",18.1188011866002,3,"IPM"
"IPM - Solvent",18.6797342073419,3,"IPM"
"IPM - Solvent",19.5963919790626,3,"IPM"
"IPM - Solvent",17.7995476241842,3,"IPM"
"IPM - Solvent",18.9762920490345,3,"IPM"
"IPM - Solvent",19.7240397002927,3,"IPM"
"IPM - Solvent",17.8170411944489,3,"IPM"
"IPM - Solvent",20.2784456437068,3,"IPM"
"IPM - Solvent",18.3166512962577,3,"IPM"
"IPM - Solvent",19.4080901645138,3,"IPM"
"IPM - Solvent",18.3930524094678,3,"IPM"
"IPM - Solvent",18.6858786831508,3,"IPM"
"IPM - Solvent",19.3498713049595,3,"IPM"
"IPM - Solvent",19.8882929631603,3,"IPM"
"IPM - Solvent",17.4744571182612,3,"IPM"
"IPM - Solvent",18.447215138233,3,"IPM"
"IPM - Solvent",20.1935985178714,3,"IPM"
"IPM - Solvent",18.2805852667852,3,"IPM"
"IPM - Solvent",18.5496322175043,3,"IPM"
"IPM - Solvent",18.4175469189555,3,"IPM"
"IPM - Solvent",19.3136244258723,3,"IPM"
"IPM - Solvent",19.1946772322599,3,"IPM"
"IPM - Solvent",17.3939961335533,3,"IPM"
"IPM - Solvent",20.4880642547032,3,"IPM"
"IPM - Solvent",17.6322232487543,3,"IPM"
"IPM - Solvent",18.6825819816173,3,"IPM"
"IPM - Solvent",16.9481650587218,3,"IPM"
"IPM - Solvent",20.9466818547287,3,"IPM"
"IPM - Solvent",17.7185701397161,3,"IPM"
"IPM - Solvent",17.118984060266,3,"IPM"
"IPM - Solvent",18.7392080331643,3,"IPM"
"IPM - Solvent",18.503951772557,3,"IPM"
"IPM - Solvent",18.7319331652946,3,"IPM"
"IPM - Solvent",19.0235770299013,3,"IPM"
"IPM - Solvent",20.3549453459065,3,"IPM"
"IPM - Solvent",19.1904182115388,3,"IPM"
"IPM - Solvent",19.0448698521148,3,"IPM"
"IPM - Solvent",19.7808416426839,3,"IPM"
"IPM - Solvent",17.2366940176013,3,"IPM"
"IPM - Solvent",18.4768538806197,3,"IPM"
"IPM - Solvent",17.9822446461355,3,"IPM"
"IPM - Solvent",18.0407786535159,3,"IPM"
"IPM - Solvent",19.2329549343492,3,"IPM"
"IPM - Solvent",17.9639368010253,3,"IPM"
"IPM - Solvent",17.2560303737917,3,"IPM"
"IPM - Solvent",19.0234312358968,3,"IPM"
"IPM - Solvent",18.9641804416269,3,"IPM"
"IPM - Solvent",19.2844220293254,3,"IPM"
"IPM - Solvent",19.9266137602914,3,"IPM"
"IPM - Solvent",18.4454113102756,3,"IPM"
"IPM - Solvent",18.4694847859916,3,"IPM"
"IPM - Solvent",17.938270013371,3,"IPM"
"IPM - Solvent",19.7392300620158,3,"IPM"
"IPM - Solvent",18.9937381378529,3,"IPM"
"IPM - Solvent",17.0416511722378,3,"IPM"
"IPM - Solvent",19.9286209524933,3,"IPM"
"IPM - Solvent",19.3989361024055,3,"IPM"
"IPM - Solvent",16.9948371109606,3,"IPM"
"IPM - Solvent",18.8639626551205,3,"IPM"
"IPM - Solvent",18.1592358503443,3,"IPM"
"IPM - Solvent",19.8434295861536,3,"IPM"
"IPM - Solvent",18.6611768329147,3,"IPM"
"IPM - Solvent",18.7417846634903,3,"IPM"
"IPM - Solvent",18.1742617170566,3,"IPM"
"IPM - Solvent",17.7988453031774,3,"IPM"
"IPM - Solvent",17.9177643353751,3,"IPM"
"IPM - Solvent",18.0555407649501,3,"IPM"
"IPM - Solvent",19.4967603377343,3,"IPM"
"IPM - Solvent",17.3144570546534,3,"IPM"
"IPM - Solvent",18.1240563065667,3,"IPM"
"IPM - Solvent",17.2982111320037,3,"IPM"
"IPM - Solvent",19.1378019855545,3,"IPM"
"IPM - Solvent",16.3714126799421,3,"IPM"
"IPM - Solvent",18.1754348156274,3,"IPM"
"IPM - Solvent",16.8279420340542,3,"IPM"
"IPM - Solvent",20.7613531473824,3,"IPM"
"IPM - Solvent",17.7723220531729,3,"IPM"
"IPM - Solvent",18.9410828642793,3,"IPM"
"IPM - Solvent",18.7562161241694,3,"IPM"
"IPM - Solvent",19.1586391866022,3,"IPM"
"IPM - Solvent",17.6091881362094,3,"IPM"
"IPM - Solvent",19.0829179573881,3,"IPM"
"IPM - Solvent",19.0600107453179,3,"IPM"
"IPM - Solvent",18.056653524602,3,"IPM"
"IPM - Solvent",17.6485477026583,3,"IPM"
"IPM - Solvent",18.4696388738772,3,"IPM"
"IPM - Solvent",18.6998798704997,3,"IPM"
"IPM - Solvent",19.5937766182341,3,"IPM"
"IPM - Solvent",18.2774799165681,3,"IPM"
"IPM - Solvent",18.6429145618747,3,"IPM"
"IPM - Solvent",18.5950781143786,3,"IPM"
"IPM - Solvent",17.2565351945865,3,"IPM"
"IPM - Solvent",18.8798065022162,3,"IPM"
"IPM - Solvent",17.2658091439299,3,"IPM"
"IPM - Solvent",16.9687935552035,3,"IPM"
"IPM - Solvent",18.7900824869376,3,"IPM"
"IPM - Solvent",18.3240380321455,3,"IPM"
"IPM - Solvent",18.429368516977,3,"IPM"
"IPM - Solvent",19.5493965286905,3,"IPM"
"IPM - Solvent",17.7102718736138,3,"IPM"
"IPM - Solvent",18.7309938731627,3,"IPM"
"IPM - Solvent",18.8847592036567,3,"IPM"
"IPM - Solvent",19.3733347987145,3,"IPM"
"IPM - Solvent",18.1302410964063,3,"IPM"
"IPM - Solvent",16.3450724328847,3,"IPM"
"IPM - Solvent",18.5757090565843,3,"IPM"
"IPM - Solvent",18.9492214871486,3,"IPM"
"IPM - Solvent",18.4463100887879,3,"IPM"
"IPM - Solvent",18.4840641222861,3,"IPM"
"IPM - Solvent",18.8990058251204,3,"IPM"
"IPM - Solvent",20.9775638410954,3,"IPM"
"IPM - Solvent",17.751922295892,3,"IPM"
"IPM - Solvent",18.518610599329,3,"IPM"
"IPM - Solvent",19.2987325005242,3,"IPM"
"IPM - Solvent",18.5655453922655,3,"IPM"
"IPM - Solvent",19.4060412505518,3,"IPM"
"IPM - Solvent",19.3331541721079,3,"IPM"
"IPM - Solvent",18.1127080854198,3,"IPM"
"IPM - Solvent",17.5951878155207,3,"IPM"
"IPM - Solvent",19.5598077843477,3,"IPM"
"IPM - Solvent",19.8634022555996,3,"IPM"
"IPM - Solvent",19.2127207861521,3,"IPM"
"IPM - Solvent",18.181781389746,3,"IPM"
"IPM - Solvent",17.6074889094843,3,"IPM"
"IPM - Solvent",19.1107869557095,3,"IPM"
"IPM - Solvent",18.6666731705613,3,"IPM"
"IPM - Solvent",17.4614378705818,3,"IPM"
"IPM - Solvent",16.8223441612003,3,"IPM"
"IPM - Solvent",17.8559080001629,3,"IPM"
"IPM - Solvent",18.6913397834742,3,"IPM"
"IPM - Solvent",18.4220709696893,3,"IPM"
"IPM - Solvent",18.3869104969331,3,"IPM"
"IPM - Solvent",19.6666962148889,3,"IPM"
"IPM - Solvent",18.5586968305193,3,"IPM"
"IPM - Solvent",18.6020864123517,3,"IPM"
"IPM - Solvent",19.9100997911449,3,"IPM"
"IPM - Solvent",17.6308950779127,3,"IPM"
"IPM - Solvent",18.0589534838946,3,"IPM"
"IPM - Solvent",19.0512886729448,3,"IPM"
"IPM - Solvent",20.4199671317275,3,"IPM"
"IPM - Solvent",18.6865729702464,3,"IPM"
"IPM - Solvent",18.3969062160185,3,"IPM"
"IPM - Solvent",18.1326929585721,3,"IPM"
"IPM - Solvent",19.0789427756387,3,"IPM"
"IPM - Solvent",17.3021568599572,3,"IPM"
"IPM - Solvent",18.6808543446973,3,"IPM"
"IPM - Solvent",19.4453283877106,3,"IPM"
"IPM - Solvent",17.5090906359644,3,"IPM"
"IPM - Solvent",18.3281511562064,3,"IPM"
"IPM - Solvent",17.8750200113773,3,"IPM"
"IPM - Solvent",18.5316788755372,3,"IPM"
"IPM - Solvent",16.943547467101,3,"IPM"
"IPM - Solvent",17.7811706469639,3,"IPM"
"IPM - Solvent",19.6587419088503,3,"IPM"
"IPM - Solvent",18.7947419602383,3,"IPM"
"IPM - Solvent",16.6291560683244,3,"IPM"
"IPM - Solvent",17.3673567136727,3,"IPM"
"IPM - Solvent",18.9328550227652,3,"IPM"
"IPM - Solvent",20.1317411440253,3,"IPM"
"IPM - Solvent",19.1698550857465,3,"IPM"
"IPM - Solvent",19.7213577022083,3,"IPM"
"IPM - Solvent",19.1411922068603,3,"IPM"
"IPM - Solvent",19.4577944779936,3,"IPM"
"IPM - Solvent",19.6486270377594,3,"IPM"
"IPM - Solvent",16.7173249591858,3,"IPM"
"IPM - Solvent",18.523159654593,3,"IPM"
"IPM - Solvent",19.4648441946407,3,"IPM"
"IPM - Solvent",16.3615833178788,3,"IPM"
"IPM - Solvent",18.559498498845,3,"IPM"
"IPM - Solvent",18.5219756074101,3,"IPM"
"IPM - Solvent",18.2897190394215,3,"IPM"
"IPM - Solvent",18.4140354667412,3,"IPM"
"IPM - Solvent",17.363490437745,3,"IPM"
"IPM - Solvent",17.83659382226,3,"IPM"
"IPM - Solvent",18.3567701613048,3,"IPM"
"IPM - Solvent",17.1046007244217,3,"IPM"
"IPM - Solvent",17.8799188128483,3,"IPM"
"IPM - Solvent",18.4540787619927,3,"IPM"
"IPM - Solvent",16.7374673818914,3,"IPM"
"IPM - Solvent",18.2786558717756,3,"IPM"
"IPM - Solvent",16.8360362339013,3,"IPM"
"IPM - Solvent",18.600738318144,3,"IPM"
"IPM - Solvent",17.7034772917342,3,"IPM"
"IPM - Solvent",19.4050270944063,3,"IPM"
"IPM - Solvent",18.8221698308682,3,"IPM"
"IPM - Solvent",19.5333325124009,3,"IPM"
"IPM - Solvent",16.5779186113666,3,"IPM"
"IPM - Solvent",18.5563594316553,3,"IPM"
"IPM - Solvent",18.4293850580957,3,"IPM"
"IPM - Solvent",20.8034278556562,3,"IPM"
"IPM - Solvent",19.9279467294198,3,"IPM"
"IPM - Solvent",18.2551620416026,3,"IPM"
"IPM - Solvent",19.2021084641749,3,"IPM"
"IPM - Solvent",18.9382930702674,3,"IPM"
"IPM - Solvent",18.9038688824217,3,"IPM"
"IPM - Solvent",18.305021291433,3,"IPM"
"IPM - Solvent",18.6574494226239,3,"IPM"
"IPM - Solvent",18.7370673219752,3,"IPM"
"IPM - Solvent",17.3649948064682,3,"IPM"
"IPM - Solvent",18.1662298847101,3,"IPM"
"IPM - Solvent",18.9401187370835,3,"IPM"
"IPM - Solvent",19.5140405313567,3,"IPM"
"IPM - Solvent",18.6997075069237,3,"IPM"
"IPM - Solvent",17.8860730682689,3,"IPM"
"IPM - Solvent",19.0741975389802,3,"IPM"
"IPM - Solvent",17.7712331367185,3,"IPM"
"IPM - Solvent",19.8906233964901,3,"IPM"
"IPM - Solvent",18.7178906618188,3,"IPM"
"IPM - Solvent",19.1361753772731,3,"IPM"
"IPM - Solvent",19.7118576933922,3,"IPM"
"IPM - Solvent",17.3833976363587,3,"IPM"
"IPM - Solvent",16.9692058731281,3,"IPM"
"IPM - Solvent",17.4173871173934,3,"IPM"
"IPM - Solvent",18.2455021146243,3,"IPM"
"IPM - Solvent",18.8980657180874,3,"IPM"
"IPM - Solvent",17.9711268490978,3,"IPM"
"IPM - Solvent",17.9523616845563,3,"IPM"
"IPM - Solvent",18.3046017768905,3,"IPM"
"IPM - Solvent",18.4037465775244,3,"IPM"
"IPM - Solvent",17.0199988071012,3,"IPM"
"IPM - Solvent",18.3313573293678,3,"IPM"
"IPM - Solvent",18.8181280501707,3,"IPM"
"IPM - Solvent",17.2115287611748,3,"IPM"
"IPM - Solvent",17.8298430601293,3,"IPM"
"IPM - Solvent",18.8534439634415,3,"IPM"
"IPM - Solvent",18.1086602808553,3,"IPM"
"IPM - Solvent",18.1756959141926,3,"IPM"
"IPM - Solvent",17.687234583093,3,"IPM"
"IPM - Solvent",18.1461820762967,3,"IPM"
"IPM - Solvent",17.0077492946507,3,"IPM"
"IPM - Solvent",16.1201974085804,3,"IPM"
"IPM - Solvent",19.140959723421,3,"IPM"
"IPM - Solvent",19.4322663975865,3,"IPM"
"IPM - Solvent",17.811449555025,3,"IPM"
"IPM - Solvent",18.3811759602203,3,"IPM"
"IPM - Solvent",18.6693483671236,3,"IPM"
"IPM - Solvent",19.8240860288365,3,"IPM"
"IPM - Solvent",18.5628799213643,3,"IPM"
"IPM - Solvent",20.3110892706832,3,"IPM"
"IPM - Solvent",18.3776507158311,3,"IPM"
"IPM - Solvent",19.2038959621814,3,"IPM"
"IPM - Solvent",18.6384443091488,3,"IPM"
"IPM - Solvent",17.8398578319016,3,"IPM"
"IPM - Solvent",18.9554366751177,3,"IPM"
"IPM - Solvent",18.0916975410151,3,"IPM"
"IPM - Solvent",17.8530434686026,3,"IPM"
"IPM - Solvent",17.8927458682545,3,"IPM"
"IPM - Solvent",18.2947580994116,3,"IPM"
"IPM - Solvent",18.7842698673655,3,"IPM"
"IPM - Solvent",18.7484597322258,3,"IPM"
"IPM - Solvent",19.1322220655976,3,"IPM"
"IPM - Solvent",17.7914138489037,3,"IPM"
"IPM - Solvent",16.8459780590364,3,"IPM"
"IPM - Solvent",19.1826964783894,3,"IPM"
"IPM - Solvent",18.9968992033063,3,"IPM"
"IPM - Solvent",19.292892439322,3,"IPM"
"IPM - Solvent",17.2828425415317,3,"IPM"
"IPM - Solvent",17.205940885534,3,"IPM"
"IPM - Solvent",17.9655901180123,3,"IPM"
"IPM - Solvent",17.0650737357922,3,"IPM"
"IPM - Solvent",20.5626211683566,3,"IPM"
"IPM - Solvent",17.8601355210386,3,"IPM"
"IPM - Solvent",19.5470690598512,3,"IPM"
"IPM - Solvent",19.1723879257514,3,"IPM"
"IPM - Solvent",17.3988430856288,3,"IPM"
"IPM - Solvent",18.225991565536,3,"IPM"
"IPM - Solvent",17.4259941516265,3,"IPM"
"IPM - Solvent",18.8180727610774,3,"IPM"
"IPM - Solvent",20.6396021417303,3,"IPM"
"IPM - Solvent",18.4897327964733,3,"IPM"
"IPM - Solvent",19.7364963270308,3,"IPM"
"IPM - Solvent",17.6971900909865,3,"IPM"
"IPM - Solvent",18.5437632015473,3,"IPM"
"IPM - Solvent",18.2928142868607,3,"IPM"
"IPM - Solvent",16.3723824745167,3,"IPM"
"IPM - Solvent",18.3431564641093,3,"IPM"
"IPM - Solvent",18.1099610528462,3,"IPM"
"IPM - Solvent",18.6560453902755,3,"IPM"
"IPM - Solvent",19.3952960064364,3,"IPM"
"IPM - Solvent",18.2362235707932,3,"IPM"
"IPM - Solvent",18.9890799398745,3,"IPM"
"IPM - Solvent",18.9435714106235,3,"IPM"
"IPM - Solvent",17.3177329644771,3,"IPM"
"IPM - Solvent",19.6260144128011,3,"IPM"
"IPM - Solvent",17.4725277745175,3,"IPM"
"IPM - Solvent",18.7228044164782,3,"IPM"
"IPM - Solvent",18.2142819656446,3,"IPM"
"IPM - Solvent",18.7165615284208,3,"IPM"
"IPM - Solvent",19.8318997836587,3,"IPM"
"IPM - Solvent",17.4667652806024,3,"IPM"
"IPM - Solvent",17.5107241891579,3,"IPM"
"IPM - Solvent",19.6722773145113,3,"IPM"
"IPM - Solvent",17.4122498981841,3,"IPM"
"IPM - Solvent",18.9226226573302,3,"IPM"
"IPM - Solvent",17.2050854210423,3,"IPM"
"IPM - Solvent",17.2185940528905,3,"IPM"
"IPM - Solvent",18.5574727435558,3,"IPM"
"IPM - Solvent",17.7184657580592,3,"IPM"
"IPM - Solvent",19.1831889337852,3,"IPM"
"IPM - Solvent",18.2313598813515,3,"IPM"
"IPM - Solvent",17.6668259251061,3,"IPM"
"IPM - Solvent",18.1119582899622,3,"IPM"
"IPM - Solvent",16.7567553712805,3,"IPM"
"IPM - Solvent",19.5395782260529,3,"IPM"
"IPM - Solvent",18.4577866212415,3,"IPM"
"IPM - Solvent",18.8940931569971,3,"IPM"
"IPM - Solvent",18.9972824822609,3,"IPM"
"IPM - Solvent",19.6167215483913,3,"IPM"
"IPM - Solvent",17.1833302387028,3,"IPM"
"IPM - Solvent",16.5319450547324,3,"IPM"
"IPM - Solvent",18.938612787418,3,"IPM"
"IPM - Solvent",20.592178329514,3,"IPM"
"IPM - Solvent",17.1220574517598,3,"IPM"
"IPM - Solvent",18.6762013557748,3,"IPM"
"IPM - Solvent",19.6920041456924,3,"IPM"
"IPM - Solvent",16.3635674190352,3,"IPM"
"IPM - Solvent",20.0843125610383,3,"IPM"
"IPM - Solvent",18.890966435894,3,"IPM"
"IPM - Solvent",16.8564885250413,3,"IPM"
"IPM - Solvent",19.0060270485634,3,"IPM"
"IPM - Solvent",19.1608329209875,3,"IPM"
"IPM - Solvent",20.4892323321298,3,"IPM"
"IPM - Solvent",18.4447678570812,3,"IPM"
"IPM - Solvent",18.7067205132255,3,"IPM"
"IPM - Solvent",18.4619150316757,3,"IPM"
"IPM - Solvent",18.1626692784938,3,"IPM"
"IPM - Solvent",19.3149229012763,3,"IPM"
"IPM - Solvent",18.3021773434147,3,"IPM"
"IPM - Solvent",17.9380063073097,3,"IPM"
"IPM - Solvent",17.3831573235489,3,"IPM"
"IPM - Solvent",17.6473087054376,3,"IPM"
"IPM - Solvent",18.6946179108333,3,"IPM"
"IPM - Solvent",18.8116092514503,3,"IPM"
"IPM - Solvent",19.8438764507209,3,"IPM"
"IPM - Solvent",18.8045939264018,3,"IPM"
"IPM - Solvent",18.8121162201343,3,"IPM"
"IPM - Solvent",18.4778879836448,3,"IPM"
"IPM - Solvent",19.1818756134496,3,"IPM"
"IPM - Solvent",18.8801674827902,3,"IPM"
"IPM - Solvent",17.1671614307014,3,"IPM"
"IPM - Solvent",19.5185701156182,3,"IPM"
"IPM - Solvent",18.0194876838931,3,"IPM"
"IPM - Solvent",18.0076070132659,3,"IPM"
"IPM - Solvent",19.2768564804757,3,"IPM"
"IPM - Solvent",19.782064155309,3,"IPM"
"IPM - Solvent",17.151599796909,3,"IPM"
"IPM - Solvent",18.6561122935919,3,"IPM"
"IPM - Solvent",17.9839846873358,3,"IPM"
"IPM - Solvent",16.9666144408031,3,"IPM"
"IPM - Solvent",17.5943826780512,3,"IPM"
"IPM - Solvent",17.0886799953527,3,"IPM"
"IPM - Solvent",17.4817359190812,3,"IPM"
"IPM - Solvent",19.8629280091743,3,"IPM"
"IPM - Solvent",18.4980819744144,3,"IPM"
"IPM - Solvent",18.6063036587241,3,"IPM"
"IPM - Solvent",17.4963987767173,3,"IPM"
"IPM - Solvent",18.1912412613367,3,"IPM"
"IPM - Solvent",18.6069190422668,3,"IPM"
"IPM - Solvent",19.8134833092691,3,"IPM"
"IPM - Solvent",18.2951145433236,3,"IPM"
"IPM - Solvent",18.5715507652536,3,"IPM"
"IPM - Solvent",20.2635416126048,3,"IPM"
"IPM - Solvent",17.3950838878714,3,"IPM"
"IPM - Solvent",18.5426810678592,3,"IPM"
"IPM - Solvent",19.2483489691156,3,"IPM"
"IPM - Solvent",19.5140129158939,3,"IPM"
"IPM - Solvent",17.5505670749939,3,"IPM"
"IPM - Solvent",18.4636120966027,3,"IPM"
"IPM - Solvent",18.4045996047093,3,"IPM"
"IPM - Solvent",17.3942967185657,3,"IPM"
"IPM - Solvent",17.6766005954595,3,"IPM"
"IPM - Solvent",19.600066493553,3,"IPM"
"IPM - Solvent",17.4948460221243,3,"IPM"
"IPM - Solvent",16.6889293787271,3,"IPM"
"IPM - Solvent",17.9956113951552,3,"IPM"
"IPM - Solvent",18.4838553001477,3,"IPM"
"IPM - Solvent",19.1953574452079,3,"IPM"
"IPM - Solvent",20.2653092884283,3,"IPM"
"IPM - Solvent",17.9633018771021,3,"IPM"
"IPM - Solvent",18.0227019051334,3,"IPM"
"IPM - Solvent",17.1359492886562,3,"IPM"
"IPM - Solvent",18.5485146545001,3,"IPM"
"IPM - Solvent",18.8047779638433,3,"IPM"
"IPM - Solvent",18.561234746625,3,"IPM"
"IPM - Solvent",17.625957082024,3,"IPM"
"IPM - Solvent",19.253646471404,3,"IPM"
"IPM - Solvent",19.7895584132565,3,"IPM"
"IPM - Solvent",18.1378273213598,3,"IPM"
"IPM - Solvent",18.4080827297999,3,"IPM"
"IPM - Solvent",18.5565758607541,3,"IPM"
"IPM - Solvent",18.3926569380103,3,"IPM"
"IPM - Solvent",17.8044728669468,3,"IPM"
"IPM - Solvent",17.628540569378,3,"IPM"
"IPM - Solvent",17.5602040487476,3,"IPM"
"IPM - Solvent",18.2242696151113,3,"IPM"
"IPM - Solvent",17.0851807016927,3,"IPM"
"IPM - Solvent",17.6862134733409,3,"IPM"
"IPM - Solvent",18.294187484245,3,"IPM"
"IPM - Solvent",21.0920666312884,3,"IPM"
"IPM - Solvent",19.3000723108582,3,"IPM"
"IPM - Solvent",18.993721418968,3,"IPM"
"IPM - Solvent",19.450800471811,3,"IPM"
"IPM - Solvent",19.1450781891377,3,"IPM"
"IPM - Solvent",19.5852520703012,3,"IPM"
"IPM - Solvent",18.4496247305689,3,"IPM"
"IPM - Solvent",18.9664510569719,3,"IPM"
"IPM - Solvent",18.4391487174088,3,"IPM"
"IPM - Solvent",18.2145136080156,3,"IPM"
"IPM - Solvent",19.605852082636,3,"IPM"
"IPM - Solvent",19.6271133815413,3,"IPM"
"IPM - Solvent",18.9038151438268,3,"IPM"
"IPM - Solvent",19.1900466651512,3,"IPM"
"IPM - Solvent",18.5011659051531,3,"IPM"
"IPM - Solvent",19.5312061170461,3,"IPM"
"IPM - Solvent",18.2761537486963,3,"IPM"
"IPM - Solvent",19.0663405502633,3,"IPM"
"IPM - Solvent",18.1661310120573,3,"IPM"
"IPM - Solvent",20.4326137863177,3,"IPM"
"IPM - Solvent",18.8211993052075,3,"IPM"
"IPM - Solvent",19.518562692377,3,"IPM"
"IPM - Solvent",17.952256801512,3,"IPM"
"IPM - Solvent",19.3776702789736,3,"IPM"
"IPM - Solvent",16.2745856452202,3,"IPM"
"IPM - Solvent",16.0031965163966,3,"IPM"
"IPM - Solvent",16.4963193670281,3,"IPM"
"IPM - Solvent",18.2866951304291,3,"IPM"
"IPM - Solvent",18.114267068359,3,"IPM"
"IPM - Solvent",18.1017920179458,3,"IPM"
"IPM - Solvent",18.5030346989093,3,"IPM"
"IPM - Solvent",17.2471714397377,3,"IPM"
"IPM - Solvent",18.1869993995016,3,"IPM"
"IPM - Solvent",18.5066077934134,3,"IPM"
"IPM - Solvent",17.6824975276408,3,"IPM"
"IPM - Solvent",19.7361318867513,3,"IPM"
"IPM - Solvent",17.6327710159713,3,"IPM"
"IPM - Solvent",19.1371380244367,3,"IPM"
"IPM - Solvent",18.4401606899006,3,"IPM"
"IPM - Solvent",18.5588253969683,3,"IPM"
"IPM - Solvent",19.0177969674406,3,"IPM"
"IPM - Solvent",18.3523930930121,3,"IPM"
"IPM - Solvent",18.6501574558085,3,"IPM"
"IPM - Solvent",20.0801104484293,3,"IPM"
"IPM - Solvent",18.7121400387419,3,"IPM"
"IPM - Solvent",20.5274490713459,3,"IPM"
"IPM - Solvent",16.9739239431494,3,"IPM"
"IPM - Solvent",19.6567166478285,3,"IPM"
"IPM - Solvent",18.2137107570783,3,"IPM"
"IPM - Solvent",16.6314293532407,3,"IPM"
"IPM - Solvent",18.4577927181333,3,"IPM"
"IPM - Solvent",18.9042638487077,3,"IPM"
"IPM - Solvent",18.6539780223349,3,"IPM"
"IPM - Solvent",18.0661037345718,3,"IPM"
"IPM - Solvent",17.7656076442085,3,"IPM"
"IPM - Solvent",18.4613475979847,3,"IPM"
"IPM - Solvent",18.0019932713134,3,"IPM"
"IPM - Solvent",18.0107850514459,3,"IPM"
"IPM - Solvent",19.3887771057907,3,"IPM"
"IPM - Solvent",17.8299225099009,3,"IPM"
"IPM - Solvent",17.2312689549883,3,"IPM"
"IPM - Solvent",18.6739441992051,3,"IPM"
"IPM - Solvent",18.2318881856673,3,"IPM"
"IPM - Solvent",19.099801060925,3,"IPM"
"IPM - Solvent",19.045185969562,3,"IPM"
"IPM - Solvent",17.9863485023393,3,"IPM"
"IPM - Solvent",18.1953452816609,3,"IPM"
"IPM - Solvent",17.8734369752974,3,"IPM"
"IPM - Solvent",19.7376412909488,3,"IPM"
"IPM - Solvent",19.2227351789938,3,"IPM"
"IPM - Solvent",18.9169421082722,3,"IPM"
"IPM - Solvent",19.0030270086459,3,"IPM"
"IPM - Solvent",18.9201195448365,3,"IPM"
"IPM - Solvent",17.8070886339658,3,"IPM"
"IPM - Solvent",19.3883847795256,3,"IPM"
"IPM - Solvent",17.7493453417196,3,"IPM"
"IPM - Solvent",19.6090423763508,3,"IPM"
"IPM - Solvent",18.4623175199334,3,"IPM"
"IPM - Solvent",18.2587463623232,3,"IPM"
"IPM - Solvent",18.7016183029679,3,"IPM"
"IPM - Solvent",18.849294529929,3,"IPM"
"IPM - Solvent",18.3862130766717,3,"IPM"
"IPM - Solvent",18.0039216716844,3,"IPM"
"IPM - Solvent",18.5831626106684,3,"IPM"
"IPM - Solvent",17.6879899004336,3,"IPM"
"IPM - Solvent",19.798786254576,3,"IPM"
"IPM - Solvent",18.9716644797537,3,"IPM"
"IPM - Solvent",18.6822232303811,3,"IPM"
"IPM - Solvent",16.8021403946449,3,"IPM"
"IPM - Solvent",18.6499988337417,3,"IPM"
"IPM - Solvent",17.97184444167,3,"IPM"
"IPM - Solvent",18.5772024521436,3,"IPM"
"IPM - Solvent",18.7478724569592,3,"IPM"
"IPM - Solvent",19.1836944932554,3,"IPM"
"IPM - Solvent",18.7556069511173,3,"IPM"
"IPM - Solvent",19.3265944882067,3,"IPM"
"IPM - Solvent",19.4715965690527,3,"IPM"
"IPM - Solvent",17.9928167626441,3,"IPM"
"IPM - Solvent",19.2140323939816,3,"IPM"
"IPM - Solvent",20.8792945901093,3,"IPM"
"IPM - Solvent",17.103341211651,3,"IPM"
"IPM - Solvent",17.8373369266832,3,"IPM"
"IPM - Solvent",20.9373492533043,3,"IPM"
"IPM - Solvent",19.1199731481141,3,"IPM"
"IPM - Solvent",18.3378026809609,3,"IPM"
"IPM - Solvent",19.0010501349983,3,"IPM"
"IPM - Solvent",18.7168407047935,3,"IPM"
"IPM - Solvent",19.306056676899,3,"IPM"
"IPM - Solvent",18.1890635684053,3,"IPM"
"IPM - Solvent",19.190912722584,3,"IPM"
"IPM - Solvent",17.6898537539718,3,"IPM"
"IPM - Solvent",18.4541665708656,3,"IPM"
"IPM - Solvent",17.8470238865379,3,"IPM"
"IPM - Solvent",18.5646653779948,3,"IPM"
"IPM - Solvent",17.9852739231658,3,"IPM"
"IPM - Solvent",17.9849108064776,3,"IPM"
"IPM - Solvent",18.8691437819763,3,"IPM"
"IPM - Solvent",19.8222375827809,3,"IPM"
"IPM - Solvent",17.9145550133138,3,"IPM"
"IPM - Solvent",18.8593743091901,3,"IPM"
"IPM - Solvent",18.2656126112225,3,"IPM"
"IPM - Solvent",18.992518042719,3,"IPM"
"IPM - Solvent",19.8297734755222,3,"IPM"
"IPM - Solvent",18.8148024388919,3,"IPM"
"IPM - Solvent",19.1202531002944,3,"IPM"
"IPM - Solvent",17.7123480933913,3,"IPM"
"IPM - Solvent",19.5671219075174,3,"IPM"
"IPM - Solvent",19.1020153541824,3,"IPM"
"IPM - Solvent",19.3819760585117,3,"IPM"
"IPM - Solvent",18.1541750283092,3,"IPM"
"IPM - Solvent",18.9843998724598,3,"IPM"
"IPM - Solvent",19.7272663318036,3,"IPM"
"IPM - Solvent",17.3038139127015,3,"IPM"
"IPM - Solvent",18.4845606729276,3,"IPM"
"IPM - Solvent",17.9621940549141,3,"IPM"
"IPM - Solvent",17.3727106686118,3,"IPM"
"IPM - Solvent",17.6060565380265,3,"IPM"
"IPM - Solvent",18.6977214189331,3,"IPM"
"IPM - Solvent",18.6828277858973,3,"IPM"
"IPM - Solvent",20.0784127428787,3,"IPM"
"IPM - Solvent",19.9573619944701,3,"IPM"
"IPM - Solvent",18.5961691938586,3,"IPM"
"IPM - Solvent",18.8678662046792,3,"IPM"
"IPM - Solvent",18.0247906274018,3,"IPM"
"IPM - Solvent",18.9010815833168,3,"IPM"
"IPM - Solvent",19.8058777098424,3,"IPM"
"IPM - Solvent",18.0519035832502,3,"IPM"
"IPM - Solvent",18.7001080270661,3,"IPM"
"IPM - Solvent",17.8307959962003,3,"IPM"
"IPM - Solvent",19.4719442223486,3,"IPM"
"IPM - Solvent",18.3105419343124,3,"IPM"
"IPM - Solvent",17.7076130951945,3,"IPM"
"IPM - Solvent",18.4121942526185,3,"IPM"
"IPM - Solvent",20.1036285388056,3,"IPM"
"IPM - Solvent",18.744251532148,3,"IPM"
"IPM - Solvent",18.2208324337251,3,"IPM"
"IPM - Solvent",18.0553030959367,3,"IPM"
"IPM - Solvent",18.3542874935091,3,"IPM"
"IPM - Solvent",18.2546007479095,3,"IPM"
"IPM - Solvent",18.1650558951259,3,"IPM"
"IPM - Solvent",17.7734547189011,3,"IPM"
"IPM - Solvent",18.7779893618959,3,"IPM"
"IPM - Solvent",17.2050540941287,3,"IPM"
"IPM - Solvent",19.2729665593001,3,"IPM"
"IPM - Solvent",19.6815610196518,3,"IPM"
"IPM - Solvent",18.4326356043077,3,"IPM"
"IPM - Solvent",17.1213843464343,3,"IPM"
"IPM - Solvent",18.7491061189546,3,"IPM"
"IPM - Solvent",19.8156163011468,3,"IPM"
"IPM - Solvent",17.0800456467406,3,"IPM"
"IPM - Solvent",18.2888813298296,3,"IPM"
"IPM - Solvent",18.6735163453522,3,"IPM"
"IPM - Solvent",17.2095498754754,3,"IPM"
"IPM - Solvent",17.7544501841809,3,"IPM"
"IPM - Solvent",18.4016568873772,3,"IPM"
"IPM - Solvent",18.2622686543963,3,"IPM"
"IPM - Solvent",19.1153969235972,3,"IPM"
"IPM - Solvent",19.6815671518656,3,"IPM"
"IPM - Solvent",19.0938726113168,3,"IPM"
"IPM - Solvent",16.2375072393594,3,"IPM"
"IPM - Solvent",19.0178443776765,3,"IPM"
"IPM - Solvent",19.3038360127728,3,"IPM"
"IPM - Solvent",18.0211706739832,3,"IPM"
"IPM - Solvent",17.6503527803761,3,"IPM"
"IPM - Solvent",18.0788014180699,3,"IPM"
"IPM - Solvent",19.2512770772343,3,"IPM"
"IPM - Solvent",18.0940738461009,3,"IPM"
"IPM - Solvent",18.2086274564491,3,"IPM"
"IPM - Solvent",17.6917838373283,3,"IPM"
"IPM - Solvent",19.2169725878291,3,"IPM"
"IPM - Solvent",19.9768032174721,3,"IPM"
"IPM - Solvent",18.203219629729,3,"IPM"
"IPM - Solvent",17.0546440632314,3,"IPM"
"IPM - Solvent",18.6869590768186,3,"IPM"
"IPM - Solvent",20.1530497247391,3,"IPM"
"IPM - Solvent",18.5183923290476,3,"IPM"
"IPM - Solvent",19.743647440169,3,"IPM"
"IPM - Solvent",19.3431413493362,3,"IPM"
"IPM - Solvent",19.2857579620888,3,"IPM"
"IPM - Solvent",16.1548969869943,3,"IPM"
"IPM - Solvent",17.0939599541378,3,"IPM"
"IPM - Solvent",19.0694902676087,3,"IPM"
"IPM - Solvent",19.1634701654505,3,"IPM"
"IPM - Solvent",17.0922567916785,3,"IPM"
"IPM - Solvent",19.2689509445104,3,"IPM"
"IPM - Solvent",16.8696450288149,3,"IPM"
"IPM - Solvent",17.9688067518877,3,"IPM"
"IPM - Solvent",18.5551511064575,3,"IPM"
"IPM - Solvent",18.0665769027866,3,"IPM"
"IPM - Solvent",17.935610373585,3,"IPM"
"IPM - Solvent",18.8079162793023,3,"IPM"
"IPM - Solvent",19.683241070302,3,"IPM"
"IPM - Solvent",18.2035313126575,3,"IPM"
"IPM - Solvent",18.7083354042796,3,"IPM"
"IPM - Solvent",18.0260192442627,3,"IPM"
"IPM - Solvent",18.7109193477188,3,"IPM"
"IPM - Solvent",19.4134344193654,3,"IPM"
"IPM - Solvent",18.356989474103,3,"IPM"
"IPM - Solvent",18.5085863199631,3,"IPM"
"IPM - Solvent",19.6293777043887,3,"IPM"
"IPM - Solvent",16.8300364476616,3,"IPM"
"IPM - Solvent",17.8204203961788,3,"IPM"
"IPM - Solvent",17.4044415083104,3,"IPM"
"IPM - Solvent",18.9457371984032,3,"IPM"
"IPM - Solvent",19.1385318183289,3,"IPM"
"IPM - Solvent",18.881156417284,3,"IPM"
"IPM - Solvent",17.4920993758586,3,"IPM"
"IPM - Solvent",17.3732403668473,3,"IPM"
"IPM - Solvent",18.0892414713917,3,"IPM"
"IPM - Solvent",19.7583668322425,3,"IPM"
"IPM - Solvent",17.1902989029939,3,"IPM"
"IPM - Solvent",19.1456041425571,3,"IPM"
"IPM - Solvent",17.5486874712437,3,"IPM"
"IPM - Solvent",18.5055448407693,3,"IPM"
"IPM - Solvent",17.2294504536129,3,"IPM"
"IPM - Solvent",18.367457851514,3,"IPM"
"IPM - Solvent",19.3241431622136,3,"IPM"
"IPM - Solvent",17.1601127454033,3,"IPM"
"IPM - Solvent",19.3796930432512,3,"IPM"
"IPM - Solvent",17.7019947656822,3,"IPM"
"IPM - Solvent",20.0685650557864,3,"IPM"
"IPM - Solvent",16.9556139819872,3,"IPM"
"IPM - Solvent",17.9528901211489,3,"IPM"
"IPM - Solvent",19.8041919727636,3,"IPM"
"IPM - Solvent",17.5247387479262,3,"IPM"
"IPM - Solvent",18.1019374538616,3,"IPM"
"IPM - Solvent",19.1984245217348,3,"IPM"
"IPM - Solvent",18.2487022629174,3,"IPM"
"IPM - Solvent",19.2609339620391,3,"IPM"
"IPM - Solvent",17.4146340429958,3,"IPM"
"IPM - Solvent",20.0715537102052,3,"IPM"
"IPM - Solvent",19.3432565530965,3,"IPM"
"IPM - Solvent",19.3215660391251,3,"IPM"
"IPM - Solvent",18.9679552314757,3,"IPM"
"IPM - Solvent",19.282766438041,3,"IPM"
"IPM - Solvent",16.9841673174869,3,"IPM"
"IPM - Solvent",19.1355040124112,3,"IPM"
"IPM - Solvent",18.9556263681622,3,"IPM"
"IPM - Solvent",19.3037371545628,3,"IPM"
"IPM - Solvent",18.0663382100036,3,"IPM"
"IPM - Solvent",18.2910246615645,3,"IPM"
"IPM - Solvent",16.7849593727344,3,"IPM"
"IPM - Solvent",18.2919535454014,3,"IPM"
"IPM - Solvent",18.8468358165131,3,"IPM"
"IPM - Solvent",19.2626441007434,3,"IPM"
"IPM - Solvent",18.8819797764337,3,"IPM"
"IPM - Solvent",18.635030637979,3,"IPM"
"IPM - Solvent",19.8956521775061,3,"IPM"
"IPM - Solvent",19.1405391473732,3,"IPM"
"IPM - Solvent",20.0211263801733,3,"IPM"
"IPM - Solvent",19.067082393618,3,"IPM"
"IPM - Solvent",18.2051172815735,3,"IPM"
"IPM - Solvent",20.9468271895512,3,"IPM"
"IPM - Solvent",18.6978029749397,3,"IPM"
"IPM - Solvent",19.7258710389555,3,"IPM"
"IPM - Solvent",18.4192427546718,3,"IPM"
"IPM - Solvent",17.9192037861655,3,"IPM"
"IPM - Solvent",19.6216051894024,3,"IPM"
"IPM - Solvent",17.2466573136168,3,"IPM"
"IPM - Solvent",17.4712924704782,3,"IPM"
"IPM - Solvent",19.0723132925459,3,"IPM"
"IPM - Solvent",17.8366501649101,3,"IPM"
"IPM - Solvent",17.7461603063117,3,"IPM"
"IPM - Solvent",18.3700484749624,3,"IPM"
"IPM - Solvent",17.9840866924466,3,"IPM"
"IPM - Solvent",19.0533602833481,3,"IPM"
"IPM - Solvent",19.4451269621421,3,"IPM"
"IPM - Solvent",19.5240421123409,3,"IPM"
"IPM - Solvent",19.5701660639268,3,"IPM"
"IPM - Solvent",18.9047853601558,3,"IPM"
"IPM - Solvent",18.6861167173277,3,"IPM"
"IPM - Solvent",19.2694227129164,3,"IPM"
"IPM - Solvent",18.1816442447387,3,"IPM"
"IPM - Solvent",18.7193335803188,3,"IPM"
"IPM - Solvent",18.3537719165285,3,"IPM"
"IPM - Solvent",19.2747519925106,3,"IPM"
"IPM - Solvent",18.443166117875,3,"IPM"
"IPM - Solvent",17.9657526405628,3,"IPM"
"IPM - Solvent",17.8968896042707,3,"IPM"
"IPM - Solvent",17.9806546170634,3,"IPM"
"IPM - Solvent",18.5792470195975,3,"IPM"
"IPM - Solvent",17.7917453356185,3,"IPM"
"IPM - Solvent",18.88814237288,3,"IPM"
"IPM - Solvent",15.0598570609379,3,"IPM"
"IPM - Solvent",20.0814493026426,3,"IPM"
"IPM - Solvent",16.9198556730955,3,"IPM"
"IPM - Solvent",17.7518041518828,3,"IPM"
"IPM - Solvent",18.3008266550648,3,"IPM"
"IPM - Solvent",19.2101981064061,3,"IPM"
"IPM - Solvent",18.2908482445825,3,"IPM"
"IPM - Solvent",19.2570220498594,3,"IPM"
"IPM - Solvent",16.7771167260374,3,"IPM"
"IPM - Solvent",17.0333812047779,3,"IPM"
"IPM - Solvent",18.4820958125703,3,"IPM"
"IPM - Solvent",18.6242122494372,3,"IPM"
"IPM - Solvent",18.6897479794852,3,"IPM"
"IPM - Solvent",18.8455392667347,3,"IPM"
"IPM - Solvent",18.4373850170546,3,"IPM"
"IPM - Solvent",18.7429533330575,3,"IPM"
"IPM - Solvent",18.6547196144739,3,"IPM"
"IPM - Solvent",18.5685382084931,3,"IPM"
"IPM - Solvent",18.009030803542,3,"IPM"
"IPM - Solvent",17.4671411948447,3,"IPM"
"IPM - Solvent",18.4052031489587,3,"IPM"
"IPM - Solvent",16.7520628022016,3,"IPM"
"IPM - Solvent",17.7660518258068,3,"IPM"
"IPM - Solvent",17.2297092743528,3,"IPM"
"IPM - Solvent",17.7353447434459,3,"IPM"
"IPM - Solvent",19.4550340116723,3,"IPM"
"IPM - Solvent",19.5555196372217,3,"IPM"
"IPM - Solvent",17.5262203856428,3,"IPM"
"IPM - Solvent",17.4837137599146,3,"IPM"
"IPM - Solvent",17.6432971078221,3,"IPM"
"IPM - Solvent",19.1646428438795,3,"IPM"
"IPM - Solvent",19.9026350919544,3,"IPM"
"IPM - Solvent",17.1858650960179,3,"IPM"
"IPM - Solvent",17.9156155885349,3,"IPM"
"IPM - Solvent",17.3058147177794,3,"IPM"
"IPM - Solvent",17.1303113636238,3,"IPM"
"IPM - Solvent",18.4533566378576,3,"IPM"
"IPM - Solvent",16.7141828978023,3,"IPM"
"IPM - Solvent",21.9053895136397,3,"IPM"
"IPM - Solvent",17.2814290581212,3,"IPM"
"IPM - Solvent",18.7848253080453,3,"IPM"
"IPM - Solvent",17.8797926413525,3,"IPM"
"IPM - Solvent",19.826131611912,3,"IPM"
"IPM - Solvent",19.1844805297401,3,"IPM"
"IPM - Solvent",20.7694853284346,3,"IPM"
"IPM - Solvent",18.8945584986472,3,"IPM"
"IPM - Solvent",17.4209239979541,3,"IPM"
"IPM - Solvent",18.9338374488382,3,"IPM"
"IPM - Solvent",18.9679578174528,3,"IPM"
"IPM - Solvent",18.2298227666087,3,"IPM"
"IPM - Solvent",18.8258711138054,3,"IPM"
"IPM - Solvent",18.8000380244023,3,"IPM"
"IPM - Solvent",18.2357069333382,3,"IPM"
"IPM - Solvent",17.6984373118172,3,"IPM"
"IPM - Solvent",19.3009520762514,3,"IPM"
"IPM - Solvent",18.9928464743403,3,"IPM"
"IPM - Solvent",19.8622770669624,3,"IPM"
"IPM - Solvent",17.426750562882,3,"IPM"
"IPM - Solvent",18.8470307950987,3,"IPM"
"IPM - Solvent",18.9374467814649,3,"IPM"
"IPM - Solvent",20.3036428610824,3,"IPM"
"IPM - Solvent",20.3314063806463,3,"IPM"
"IPM - Solvent",20.2849560469466,3,"IPM"
"IPM - Solvent",17.8744223440946,3,"IPM"
"IPM - Solvent",17.2685968409117,3,"IPM"
"IPM - Solvent",17.3971317225341,3,"IPM"
"IPM - Solvent",17.7460657198778,3,"IPM"
"IPM - Solvent",19.2924679173673,3,"IPM"
"IPM - Solvent",18.7836658407875,3,"IPM"
"IPM - Solvent",18.0979114074434,3,"IPM"
"IPM - Solvent",17.9744944365576,3,"IPM"
"IPM - Solvent",18.7096929862341,3,"IPM"
"IPM - Solvent",18.6578684813742,3,"IPM"
"IPM - Solvent",18.9325409366059,3,"IPM"
"IPM - Solvent",18.0683730820285,3,"IPM"
"IPM - Solvent",17.8007155346919,3,"IPM"
"IPM - Solvent",18.0159427762683,3,"IPM"
"IPM - Solvent",18.8311454823536,3,"IPM"
"IPM - Solvent",18.271735338271,3,"IPM"
"IPM - Solvent",17.4824981026208,3,"IPM"
"IPM - Solvent",20.0326819448076,3,"IPM"
"IPM - Solvent",19.5019444803829,3,"IPM"
"IPM - Solvent",18.3294522509165,3,"IPM"
"IPM - Solvent",18.9176073065547,3,"IPM"
"IPM - Solvent",17.7013953334957,3,"IPM"
"IPM - Solvent",16.8337231062541,3,"IPM"
"IPM - Solvent",17.7264440367222,3,"IPM"
"IPM - Solvent",18.6707187107604,3,"IPM"
"IPM - Solvent",20.3991851812631,3,"IPM"
"IPM - Solvent",19.7258682080656,3,"IPM"
"IPM - Solvent",18.1279285863015,3,"IPM"
"IPM - Solvent",19.8182937896865,3,"IPM"
"IPM - Solvent",18.2052593296796,3,"IPM"
"IPM - Solvent",19.3917104149312,3,"IPM"
"IPM - Solvent",18.7291897433673,3,"IPM"
"IPM - Solvent",18.3350986812869,3,"IPM"
"IPM - Solvent",20.388867526919,3,"IPM"
"IPM - Solvent",19.4727183732138,3,"IPM"
"IPM - Solvent",19.2158490288767,3,"IPM"
"IPM - Solvent",20.1706879479891,3,"IPM"
"IPM - Solvent",19.2548234880676,3,"IPM"
"IPM - Solvent",16.7698649505652,3,"IPM"
"IPM - Solvent",19.308063925823,3,"IPM"
"IPM - Solvent",19.22201540181,3,"IPM"
"IPM - Solvent",18.2082861650087,3,"IPM"
"IPM - Solvent",18.7748684911801,3,"IPM"
"IPM - Solvent",17.9931064690691,3,"IPM"
"IPM - Solvent",17.8981966930099,3,"IPM"
"IPM - Solvent",18.4536357829597,3,"IPM"
"IPM - Solvent",18.3864065013434,3,"IPM"
"IPM - Solvent",19.2302106477572,3,"IPM"
"IPM - Solvent",19.819373783492,3,"IPM"
"IPM - Solvent",17.3161822415028,3,"IPM"
"IPM - Solvent",19.0318517339954,3,"IPM"
"IPM - Solvent",18.1269833935515,3,"IPM"
"IPM - Solvent",18.0662834781684,3,"IPM"
"IPM - Solvent",19.3295496849574,3,"IPM"
"IPM - Solvent",17.0579522793011,3,"IPM"
"IPM - Solvent",17.2879843025641,3,"IPM"
"IPM - Solvent",18.7778379639041,3,"IPM"
"IPM - Solvent",17.9413406920107,3,"IPM"
"IPM - Solvent",18.1139618437207,3,"IPM"
"IPM - Solvent",17.9511137337973,3,"IPM"
"IPM - Solvent",18.0853482570445,3,"IPM"
"IPM - Solvent",18.4130040167864,3,"IPM"
"IPM - Solvent",19.0594273603557,3,"IPM"
"IPM - Solvent",18.0167031984067,3,"IPM"
"IPM - Solvent",18.5729186449415,3,"IPM"
"IPM - Solvent",16.0936789026303,3,"IPM"
"IPM - Solvent",18.4600544241399,3,"IPM"
"IPM - Solvent",18.5378699751001,3,"IPM"
"IPM - Solvent",19.4520018249809,3,"IPM"
"IPM - Solvent",18.714575052354,3,"IPM"
"IPM - Solvent",20.1104868724901,3,"IPM"
"IPM - Solvent",18.8619336860187,3,"IPM"
"IPM - Solvent",19.159687461168,3,"IPM"
"IPM - Solvent",19.1952001803381,3,"IPM"
"IPM - Solvent",18.5136614039509,3,"IPM"
"IPM - Solvent",18.8478528889963,3,"IPM"
"IPM - Solvent",18.9683438461196,3,"IPM"
"IPM - Solvent",17.8632650370286,3,"IPM"
"IPM - Solvent",18.4978221556604,3,"IPM"
"IPM - Solvent",18.6183921558158,3,"IPM"
"IPM - Solvent",17.3504591703575,3,"IPM"
"IPM - Solvent",17.1055880688707,3,"IPM"
"IPM - Solvent",18.1942002610536,3,"IPM"
"IPM - Solvent",20.3720690663819,3,"IPM"
"IPM - Solvent",20.168474154771,3,"IPM"
"IPM - Solvent",17.4793641323877,3,"IPM"
"IPM - Solvent",18.1547113748076,3,"IPM"
"IPM - Solvent",18.983900745182,3,"IPM"
"IPM - Solvent",18.9697918864383,3,"IPM"
"IPM - Solvent",18.0399647283296,3,"IPM"
"IPM - Solvent",17.9652175975919,3,"IPM"
"IPM - Solvent",15.726943197482,3,"IPM"
"IPM - Solvent",19.7371851547378,3,"IPM"
"IPM - Solvent",18.3234893845391,3,"IPM"
"IPM - Solvent",18.6734415623787,3,"IPM"
"IPM - Solvent",18.2999460511752,3,"IPM"
"IPM - Solvent",18.0733671437609,3,"IPM"
"IPM - Solvent",20.1242993152052,3,"IPM"
"IPM - Solvent",18.7607102986792,3,"IPM"
"IPM - Solvent",19.8573736867744,3,"IPM"
"IPM - Solvent",17.0975034830148,3,"IPM"
"IPM - Solvent",18.1694646775745,3,"IPM"
"IPM - Solvent",18.4596541877623,3,"IPM"
"IPM - Solvent",18.6024373293708,3,"IPM"
"IPM - Solvent",19.3187074281315,3,"IPM"
"IPM - Solvent",18.0220659036349,3,"IPM"
"IPM - Solvent",16.5757446980941,3,"IPM"
"IPM - Solvent",20.3328748863187,3,"IPM"
"IPM - Solvent",19.3741692676346,3,"IPM"
"IPM - Solvent",17.6202596533103,3,"IPM"
"IPM - Solvent",17.8840458603399,3,"IPM"
"IPM - Solvent",18.6845897503798,3,"IPM"
"IPM - Solvent",17.4848162434526,3,"IPM"
"IPM - Solvent",17.6606804097316,3,"IPM"
"IPM - Solvent",19.8225776670254,3,"IPM"
"IPM - Solvent",19.0169058391185,3,"IPM"
"IPM - Solvent",18.3454133344342,3,"IPM"
"IPM - Solvent",18.5833413393621,3,"IPM"
"IPM - Solvent",20.0593628918884,3,"IPM"
"IPM - Solvent",18.9472236171994,3,"IPM"
"IPM - Solvent",18.4579383390525,3,"IPM"
"IPM - Solvent",19.8020728286363,3,"IPM"
"IPM - Solvent",18.8938608820064,3,"IPM"
"IPM - Solvent",18.509484214739,3,"IPM"
"IPM - Solvent",19.0440264675564,3,"IPM"
"IPM - Solvent",18.1840380852188,3,"IPM"
"IPM - Solvent",18.9561874751014,3,"IPM"
"IPM - Solvent",17.4909414403674,3,"IPM"
"IPM - Solvent",18.2142991388209,3,"IPM"
"IPM - Solvent",18.4804870677146,3,"IPM"
"IPM - Solvent",18.2970907650757,3,"IPM"
"IPM - Solvent",18.8121867203544,3,"IPM"
"IPM - Solvent",16.734182996901,3,"IPM"
"IPM - Solvent",19.2872633586373,3,"IPM"
"IPM - Solvent",20.2741783246458,3,"IPM"
"IPM - Solvent",19.0907969324531,3,"IPM"
"IPM - Solvent",17.9561141388081,3,"IPM"
"IPM - Solvent",20.0275569702698,3,"IPM"
"IPM - Solvent",19.6365809847687,3,"IPM"
"IPM - Solvent",18.8356327661271,3,"IPM"
"IPM - Solvent",20.0103616493898,3,"IPM"
"IPM - Solvent",20.8093560094742,3,"IPM"
"IPM - Solvent",17.4255663183459,3,"IPM"
"IPM - Solvent",18.8986879966471,3,"IPM"
"IPM - Solvent",19.1488146057391,3,"IPM"
"IPM - Solvent",19.8115025934219,3,"IPM"
"IPM - Solvent",18.7491017176676,3,"IPM"
"IPM - Solvent",17.8391454120077,3,"IPM"
"IPM - Solvent",19.1004504527685,3,"IPM"
"IPM - Solvent",17.096756428457,3,"IPM"
"IPM - Solvent",17.7450370649964,3,"IPM"
"IPM - Solvent",17.5703246389565,3,"IPM"
"IPM - Solvent",18.8803270547058,3,"IPM"
"IPM - Solvent",17.9308595933961,3,"IPM"
"IPM - Solvent",19.7863051123781,3,"IPM"
"IPM - Solvent",18.5416206991084,3,"IPM"
"IPM - Solvent",18.2940765751702,3,"IPM"
"IPM - Solvent",18.2199488171713,3,"IPM"
"IPM - Solvent",19.0197576292385,3,"IPM"
"IPM - Solvent",19.0435268159479,3,"IPM"
"IPM - Solvent",18.0972468067805,3,"IPM"
"IPM - Solvent",17.7431639099683,3,"IPM"
"IPM - Solvent",19.4632741734963,3,"IPM"
"IPM - Solvent",18.1888863335448,3,"IPM"
"IPM - Solvent",18.9506969274949,3,"IPM"
"IPM - Solvent",19.4219600403834,3,"IPM"
"IPM - Solvent",19.3465206050302,3,"IPM"
"IPM - Solvent",18.2231161693552,3,"IPM"
"IPM - Solvent",18.1765857520575,3,"IPM"
"IPM - Solvent",18.5974972424489,3,"IPM"
"IPM - Solvent",17.5856617878515,3,"IPM"
"IPM - Solvent",19.5503073323971,3,"IPM"
"IPM - Solvent",18.1430789179429,3,"IPM"
"IPM - Solvent",17.8059252999243,3,"IPM"
"IPM - Solvent",18.995398216889,3,"IPM"
"IPM - Solvent",18.3215660356774,3,"IPM"
"IPM - Solvent",17.2435541894374,3,"IPM"
"IPM - Solvent",19.6869426331271,3,"IPM"
"IPM - Solvent",16.4475061845702,3,"IPM"
"IPM - Solvent",17.0467846525298,3,"IPM"
"IPM - Solvent",19.5009314144376,3,"IPM"
"IPM - Solvent",17.5044664937467,3,"IPM"
"IPM - Solvent",18.1695346629267,3,"IPM"
"IPM - Solvent",19.9872176500989,3,"IPM"
"IPM - Solvent",18.5927695452119,3,"IPM"
"IPM - Solvent",18.659309290183,3,"IPM"
"IPM - Solvent",17.3258850166015,3,"IPM"
"IPM - Solvent",17.8996949870555,3,"IPM"
"IPM - Solvent",17.8803017092723,3,"IPM"
"IPM - Solvent",18.8499876486794,3,"IPM"
"IPM - Solvent",19.5843806614904,3,"IPM"
"IPM - Solvent",18.7133451201386,3,"IPM"
"IPM - Solvent",17.6381555980581,3,"IPM"
"IPM - Solvent",18.4519230119632,3,"IPM"
"IPM - Solvent",20.6413859561427,3,"IPM"
"IPM - Solvent",19.5370157373349,3,"IPM"
"IPM - Solvent",18.4384661743171,3,"IPM"
"IPM - Solvent",17.6726023904374,3,"IPM"
"IPM - Solvent",18.4022350262814,3,"IPM"
"IPM - Solvent",18.0568555813062,3,"IPM"
"IPM - Solvent",18.2561956210041,3,"IPM"
"IPM - Solvent",18.7672857467635,3,"IPM"
"IPM - Solvent",20.3218431132052,3,"IPM"
"IPM - Solvent",18.6682947203917,3,"IPM"
"IPM - Solvent",18.3551785074777,3,"IPM"
"IPM - Solvent",19.0996050497974,3,"IPM"
"IPM - Solvent",16.8581779030121,3,"IPM"
"IPM - Solvent",19.0313402585242,3,"IPM"
"IPM - Solvent",17.6710469867548,3,"IPM"
"IPM - Solvent",18.3838878445125,3,"IPM"
"IPM - Solvent",18.7471870856602,3,"IPM"
"IPM - Solvent",19.2798356001642,3,"IPM"
"IPM - Solvent",17.2216235311346,3,"IPM"
"IPM - Solvent",19.7888732027984,3,"IPM"
"IPM - Solvent",17.7696083522045,3,"IPM"
"IPM - Solvent",19.385099567148,3,"IPM"
"IPM - Solvent",19.0821070726842,3,"IPM"
"IPM - Solvent",17.602372361275,3,"IPM"
"IPM - Solvent",19.0893195856233,3,"IPM"
"IPM - Solvent",16.7559258141908,3,"IPM"
"IPM - Solvent",17.9837209073609,3,"IPM"
"IPM - Solvent",15.9499650853277,3,"IPM"
"IPM - Solvent",18.1570992559778,3,"IPM"
"IPM - Solvent",17.1701939089108,3,"IPM"
"IPM - Solvent",19.691592729238,3,"IPM"
"IPM - Solvent",18.6761462061476,3,"IPM"
"IPM - Solvent",19.512434434867,3,"IPM"
"IPM - Solvent",19.2445556479832,3,"IPM"
"IPM - Solvent",19.3205242273006,3,"IPM"
"IPM - Solvent",18.6733296742769,3,"IPM"
"IPM - Solvent",17.3185397622103,3,"IPM"
"IPM - Solvent",19.668385559555,3,"IPM"
"IPM - Solvent",19.4104384082301,3,"IPM"
"IPM - Solvent",18.6670711310047,3,"IPM"
"IPM - Solvent",19.0964251130486,3,"IPM"
