"longitude","latitude","percentage_lost"
-133.25,57.25,15.9617909227548
-132.75,55.25,17.5226143478182
-132.75,57.25,17.8390667661085
-132.75,57.75,16.5347492524074
-132.75,59.25,16.9473401635679
-132.75,59.75,16.5266659669182
-132.75,61.25,13.3435037415477
-132.75,61.75,12.4686626192464
-132.25,57.25,16.9066608125398
-132.25,57.75,16.5984154944151
-132.25,59.25,16.0831301016646
-132.25,59.75,16.9794362347985
-132.25,60.25,14.074749775452
-132.25,61.25,14.1394335238917
-132.25,61.75,14.4480334258731
-131.75,57.25,16.7907550939016
-131.75,57.75,17.863421494307
-131.25,57.75,18.6465355251685
-131.25,58.25,16.5262999873896
-130.75,57.75,17.1987100200072
-129.75,64.25,14.0132772736913
-129.75,64.75,11.9048072458563
-129.25,64.25,13.8560818633702
-128.75,56.75,22.1254853740816
-128.75,57.25,20.2542973729895
-128.25,53.25,26.6570982441237
-128.25,53.75,27.3993922640932
-128.25,54.25,25.7962258767665
-128.25,56.75,21.2248751735275
-128.25,57.25,22.2508598526961
-128.25,57.75,19.842484851232
-128.25,67.75,11.6988470453919
-128.25,68.25,12.5543012576016
-127.75,53.75,27.1868766554769
-127.75,54.25,26.6817397525972
-127.75,57.25,21.1318336584185
-127.75,57.75,20.3416048900781
-127.25,52.25,29.4242523592544
-127.25,54.25,27.744242197232
-127.25,54.75,26.6682808732359
-127.25,55.25,26.0166055524683
-127.25,55.75,24.1935851523518
-127.25,60.25,18.761489255175
-127.25,60.75,20.3425843712394
-127.25,61.25,18.8390903578642
-127.25,61.75,15.6392857928189
-126.75,55.25,25.7526388818257
-126.75,55.75,25.1605391844827
-126.75,56.25,23.3658010428805
-126.75,57.25,22.2042986276488
-126.75,57.75,21.3781178515379
-126.75,60.25,18.847336922806
-126.75,60.75,20.4631332910588
-126.75,61.25,20.0717935516255
-126.75,61.75,18.6495201995671
-126.25,56.25,24.4104389612538
-126.25,56.75,24.5440103312032
-126.25,57.25,26.5004560542201
-126.25,57.75,25.675901370027
-126.25,58.25,23.23043138665
-126.25,61.25,17.2473987050969
-126.25,61.75,18.73236462463
-126.25,67.25,11.5845541948333
-125.75,49.25,37.4044111765541
-125.75,49.75,35.7217843258437
-125.75,51.75,33.8684322467081
-125.75,52.25,33.6461535850336
-125.75,52.75,31.2080659762107
-125.75,55.75,25.6926334471207
-125.75,56.25,25.3590820670077
-125.75,56.75,24.5596654542027
-125.75,57.25,26.6354268365343
-125.75,57.75,26.1629928668592
-125.75,58.25,24.5922264580675
-125.75,61.75,17.6477363958204
-125.75,62.25,17.7055884774379
-125.25,49.25,38.1675431883694
-125.25,51.75,35.3027493618111
-125.25,52.25,35.2913215051387
-125.25,52.75,34.6990902694738
-125.25,53.25,32.3365153452607
-125.25,57.25,23.6288092127093
-125.25,57.75,25.0899882873248
-125.25,58.25,21.6097259572704
-125.25,59.75,21.6218523294058
-125.25,60.25,22.3383669905347
-125.25,60.75,21.3680836573451
-125.25,61.25,18.175971832641
-125.25,62.25,17.260176355401
-125.25,62.75,15.9520953098286
-125.25,63.25,16.1332673342231
-125.25,63.75,15.6995853688758
-124.75,48.75,39.1610491508917
-124.75,49.25,40.4743162214578
-124.75,50.75,34.9712527064505
-124.75,51.25,34.0920863835123
-124.75,52.25,33.0012793940107
-124.75,52.75,33.9741454417887
-124.75,53.25,31.3657043981328
-124.75,59.75,23.2730745123954
-124.75,60.25,22.8843162442255
-124.75,60.75,22.1203465885872
-124.75,61.25,19.3779323374374
-124.75,63.25,15.5265732677852
-124.25,48.75,42.9371309525649
-124.25,49.25,43.187500122967
-124.25,50.25,36.6411322048773
-124.25,50.75,36.1269228802197
-124.25,52.75,34.7232922333826
-124.25,53.25,32.7847389970883
-124.25,57.75,23.8792802097821
-124.25,58.25,24.7468766078478
-124.25,58.75,23.0793402904234
-124.25,59.25,22.3575392327764
-124.25,59.75,22.3633777450327
-124.25,60.25,20.5227066359096
-124.25,60.75,21.7894631192526
-124.25,61.25,20.0153462056012
-123.75,39.25,51.4677336507898
-123.75,39.75,52.203504673479
-123.75,40.25,51.547383543799
-123.75,40.75,53.3946611262392
-123.75,41.25,52.1283304323813
-123.75,45.75,44.538646937874
-123.75,48.75,41.9029177546756
-123.75,49.75,43.5154954928462
-123.75,50.25,41.7805202553871
-123.75,50.75,38.9521667563191
-123.75,51.25,36.0507573764422
-123.75,52.75,34.2125521407351
-123.75,53.25,34.0276681683119
-123.75,53.75,30.8153235153456
-123.75,57.25,24.935333003047
-123.75,57.75,27.8305767880627
-123.75,58.25,26.9168666107318
-123.75,58.75,24.6006266008453
-123.75,59.25,23.562523351599
-123.75,59.75,22.2439015388628
-123.75,60.75,18.7341898286121
-123.75,64.75,14.518976659277
-123.25,39.25,52.6009675167143
-123.25,39.75,55.1660941124244
-123.25,40.25,55.8251126761034
-123.25,40.75,56.1780949698702
-123.25,41.25,53.3823187360767
-123.25,43.25,47.8215823113892
-123.25,43.75,47.6345310314471
-123.25,45.75,46.4323395932443
-123.25,46.25,45.1882486413389
-123.25,49.75,44.0927384089311
-123.25,50.25,43.138114280993
-123.25,50.75,41.4917514696631
-123.25,51.25,38.5154205247854
-123.25,51.75,35.7453704897703
-123.25,53.75,31.0457778869515
-123.25,57.25,26.8586590839395
-123.25,57.75,28.167416022094
-123.25,58.25,27.1264599871333
-123.25,58.75,24.0320433065473
-123.25,59.25,22.8373623195822
-123.25,59.75,21.2156502504334
-122.75,38.25,53.3640085097453
-122.75,38.75,54.0683066223033
-122.75,39.25,53.4112618312077
-122.75,39.75,54.1065022407524
-122.75,40.25,56.4080744828382
-122.75,40.75,56.8134479318873
-122.75,41.25,54.1930162530857
-122.75,43.25,48.5252233079372
-122.75,43.75,48.6435998119229
-122.75,45.75,48.1143672115639
-122.75,46.25,48.2925210963618
-122.75,46.75,44.8599328333696
-122.75,49.75,39.6215969152019
-122.75,50.25,40.2990565986566
-122.75,50.75,38.8813139651241
-122.75,51.25,38.412016094396
-122.75,51.75,39.910052814727
-122.75,52.25,36.44805686859
-122.75,55.25,28.9879836714893
-122.75,57.75,26.4847227955102
-122.75,58.25,25.9466229417623
-122.75,58.75,24.6987230158033
-122.75,71.75,12.088209671692
-122.25,37.25,56.1576151766621
-122.25,38.25,57.4631464078824
-122.25,38.75,58.2012774260712
-122.25,39.25,54.6165004376
-122.25,39.75,51.6066693859748
-122.25,40.25,54.222099438698
-122.25,40.75,57.3833948258974
-122.25,41.25,55.8206498911964
-122.25,41.75,51.5342372995837
-122.25,43.75,50.3653955371819
-122.25,45.75,49.7819782869942
-122.25,46.25,51.2176128785336
-122.25,46.75,48.6734364616952
-122.25,47.25,44.8628861068818
-122.25,51.75,38.6199145379106
-122.25,52.25,37.622787968303
-122.25,52.75,35.3950830184934
-122.25,53.25,34.2169381559277
-122.25,53.75,33.8592559276229
-122.25,54.25,32.4200661404461
-122.25,54.75,31.1323022858353
-122.25,55.25,28.7666320695033
-122.25,58.25,23.6815026607529
-122.25,58.75,25.0248451180453
-122.25,67.75,11.7004270364775
-122.25,68.25,13.4873271626763
-122.25,68.75,13.9176697891819
-122.25,69.25,12.4159307938221
-122.25,71.75,10.7903011406326
-121.75,36.75,54.4246533793129
-121.75,37.25,56.537963355027
-121.75,37.75,56.1228518745796
-121.75,38.25,56.0969044104002
-121.75,38.75,56.4333140798432
-121.75,39.25,53.9514405023884
-121.75,40.75,54.6656723261168
-121.75,41.25,55.5223382629131
-121.75,41.75,55.6565191800112
-121.75,42.25,52.1246504473685
-121.75,43.75,49.5983181476205
-121.75,45.75,50.4765107335792
-121.75,46.25,50.7057322069568
-121.75,46.75,46.8295697591483
-121.75,51.75,36.8998053727187
-121.75,52.75,34.3249674233377
-121.75,53.25,35.4298930377978
-121.75,53.75,35.6450189864366
-121.75,54.25,32.3928520417741
-121.75,63.25,16.0760993903947
-121.75,68.25,14.3469141640839
-121.75,68.75,13.9639252366156
-121.75,69.25,12.2375368281693
-121.25,37.25,54.5233752171603
-121.25,37.75,54.8483245981984
-121.25,41.25,54.4887737962991
-121.25,41.75,54.8453989556752
-121.25,42.25,54.1878225500714
-121.25,42.75,52.9768827453195
-121.25,43.25,49.7008262864429
-121.25,45.75,47.9022432093188
-121.25,46.25,48.637961119017
-121.25,46.75,47.4820883834656
-121.25,50.75,38.3599487898133
-121.25,51.25,38.7225370491815
-121.25,51.75,36.6853791052194
-121.25,62.75,17.0871009636624
-121.25,63.25,16.6541966092437
-121.25,68.25,12.8961231360865
-121.25,68.75,11.8377680682758
-120.75,35.75,54.1582306034363
-120.75,37.75,55.3147724930299
-120.75,41.25,55.5089757830841
-120.75,41.75,52.9364276738104
-120.75,42.25,51.6512482743146
-120.75,42.75,53.5895395140036
-120.75,46.25,47.1880736871472
-120.75,46.75,48.9865681118438
-120.75,47.25,46.6734870844307
-120.75,47.75,44.4650855507736
-120.75,50.75,38.5395189703599
-120.75,51.25,38.0202741046585
-120.75,57.75,25.3388569528624
-120.75,62.75,17.5094210419788
-120.75,63.25,16.8650171032108
-120.25,34.75,57.095340467344
-120.25,35.25,58.9883698469401
-120.25,35.75,56.8924412755829
-120.25,36.25,53.8671415679286
-120.25,37.75,55.9803179405736
-120.25,38.25,54.0798875375985
-120.25,39.75,53.3487888723969
-120.25,40.25,53.9213425277913
-120.25,40.75,55.4943453708924
-120.25,41.25,55.1260009182423
-120.25,44.75,50.1915250244553
-120.25,45.25,47.9691920266465
-120.25,46.75,47.7648022707517
-120.25,47.25,47.762719294059
-120.25,47.75,47.7088467954678
-120.25,48.25,46.9646212925009
-120.25,48.75,44.7737295626985
-120.25,49.25,41.5653571863051
-120.25,57.75,24.7392237946045
-120.25,58.25,25.2429136762657
-120.25,62.75,17.2353355459059
-120.25,63.25,16.595605525302
-120.25,64.25,16.1248181121423
-119.75,34.75,58.8147789058611
-119.75,35.25,60.1553262554875
-119.75,35.75,56.9431727526959
-119.75,38.25,53.9773612275163
-119.75,38.75,55.9090746451359
-119.75,39.25,58.0861095933403
-119.75,39.75,59.1847273559739
-119.75,40.25,57.194464975653
-119.75,40.75,54.2859309039119
-119.75,46.75,45.9431787000789
-119.75,47.25,46.5044992624539
-119.75,47.75,46.3854691055017
-119.75,48.25,46.68303813755
-119.75,48.75,45.2862019550938
-119.75,49.25,42.7811045260687
-119.75,50.25,40.4599102261527
-119.75,50.75,38.9563283571482
-119.75,57.75,25.3415943056895
-119.75,58.25,27.5736678726292
-119.75,58.75,25.1341613244737
-119.75,59.75,22.5259602664539
-119.75,62.75,19.7135804113898
-119.75,63.25,18.6855446526264
-119.75,63.75,18.4188276401021
-119.75,64.25,18.5433905238673
-119.25,35.25,56.8572045065001
-119.25,35.75,58.7021441331883
-119.25,36.25,56.4318736081841
-119.25,38.75,54.5417491809333
-119.25,39.25,56.6188587220257
-119.25,39.75,56.9197193635761
-119.25,40.25,55.6811717911225
-119.25,47.25,46.5395856230029
-119.25,47.75,46.4179177341196
-119.25,48.25,45.5310316507932
-119.25,48.75,42.5950438803723
-119.25,52.75,34.9114364469935
-119.25,53.25,36.0491459156095
-119.25,53.75,32.8057197885004
-119.25,55.25,31.3666384059468
-119.25,55.75,30.0327254493205
-119.25,57.75,28.2259834906177
-119.25,58.25,25.7460988691593
-119.25,59.75,23.9517177413679
-119.25,60.25,22.5230189726973
-119.25,62.25,17.7357381011393
-119.25,62.75,20.4636493147098
-119.25,63.25,18.9416820531895
-119.25,63.75,16.9179250225257
-119.25,64.25,15.417784251749
-118.75,35.75,58.3261442687162
-118.75,36.25,57.3329362806864
-118.75,39.25,54.6078692511335
-118.75,43.25,51.9563723133371
-118.75,43.75,51.2277220107611
-118.75,44.25,51.5315914093023
-118.75,46.25,48.3106617453302
-118.75,46.75,48.8508754774853
-118.75,47.25,47.8241496660451
-118.75,47.75,46.5207614090873
-118.75,48.25,46.0306104910628
-118.75,55.25,30.5690104803113
-118.75,55.75,29.2514894501503
-118.75,60.25,20.7682626937415
-118.75,71.75,11.7993183076705
-118.25,35.75,55.1250748457845
-118.25,38.25,54.7776677520484
-118.25,38.75,56.4573123478783
-118.25,39.25,55.5014297237943
-118.25,42.75,52.8625374556048
-118.25,43.25,52.3352964801615
-118.25,43.75,50.544530036436
-118.25,45.75,49.754498977062
-118.25,46.25,52.789896233695
-118.25,46.75,52.4734532464372
-118.25,47.25,48.9949540039155
-118.25,51.75,38.1400890036272
-118.25,55.25,30.2386550280861
-118.25,55.75,29.5018661988578
-118.25,56.25,28.5397789720178
-117.75,33.75,56.2048550491181
-117.75,38.25,56.7591019803985
-117.75,38.75,57.0668987710118
-117.75,39.25,54.9430860825761
-117.75,42.75,53.3815383508831
-117.75,43.25,52.1068597092227
-117.75,45.75,53.1475728924409
-117.75,46.25,53.0991960414435
-117.75,46.75,48.7103027454187
-117.75,47.25,46.4618473806544
-117.75,51.25,39.3863499379878
-117.75,51.75,38.9417461128286
-117.75,55.25,31.8216159099941
-117.75,55.75,33.223826948993
-117.75,56.25,31.0527832897781
-117.75,65.75,14.4521408879936
-117.75,66.25,13.4909000393375
-117.25,32.75,56.6420973686873
-117.25,33.25,55.6057256033243
-117.25,33.75,54.6892698104205
-117.25,37.75,56.1282311472078
-117.25,38.25,57.8025831147913
-117.25,38.75,57.9793407163362
-117.25,39.25,56.5689858484163
-117.25,41.75,53.1785574519959
-117.25,42.25,53.5701392141095
-117.25,45.75,52.9832750516208
-117.25,46.25,50.6574424874383
-117.25,48.75,43.6887159473549
-117.25,49.25,43.9302018072935
-117.25,49.75,42.2623833261267
-117.25,50.25,41.4081971814097
-117.25,50.75,40.3112559310316
-117.25,54.75,30.8325562565496
-117.25,55.25,30.7175761531999
-117.25,55.75,30.3294950851632
-117.25,56.25,28.1052738193715
-117.25,58.75,24.9150685472723
-117.25,62.75,17.2520606895395
-117.25,65.75,16.5392987426473
-117.25,66.25,16.1203826953284
-117.25,66.75,14.1332188086805
-116.75,32.25,55.8969321002191
-116.75,32.75,56.3969184992398
-116.75,33.25,54.7910655858343
-116.75,35.25,54.5598891118155
-116.75,35.75,56.9581979871181
-116.75,36.25,58.4260525908624
-116.75,36.75,56.9204596901425
-116.75,37.25,56.7560785825054
-116.75,37.75,58.9732218343334
-116.75,38.25,58.4944859356426
-116.75,38.75,57.699663382924
-116.75,39.25,57.7702851247555
-116.75,39.75,54.5514577203497
-116.75,40.75,53.5082119169477
-116.75,41.25,54.3148931820848
-116.75,41.75,56.6144280296746
-116.75,42.25,55.3619678190182
-116.75,45.75,49.369023859342
-116.75,46.25,49.4922081121844
-116.75,48.75,46.9665763474347
-116.75,49.25,47.7292325360465
-116.75,49.75,46.5605951701864
-116.75,50.25,42.0647746158033
-116.75,54.75,30.6542369969192
-116.75,58.75,26.4887053239325
-116.75,59.25,24.6147371500175
-116.75,59.75,21.0691269687818
-116.75,62.75,17.3362459863583
-116.75,66.25,16.051273325602
-116.75,66.75,15.5555977145232
-116.25,31.25,53.0513349964093
-116.25,31.75,55.6087878950202
-116.25,32.25,53.065491034266
-116.25,34.75,54.1222608697146
-116.25,35.25,54.9308099803857
-116.25,35.75,55.4945985169814
-116.25,36.25,59.6591259206683
-116.25,36.75,61.0046462842143
-116.25,37.25,58.5607712463398
-116.25,37.75,59.6759051151527
-116.25,38.25,60.8637688486622
-116.25,38.75,60.172153525677
-116.25,39.25,59.2449615410705
-116.25,39.75,58.5252928509157
-116.25,40.25,56.2691443618444
-116.25,40.75,54.6633992373252
-116.25,41.25,54.9174173003081
-116.25,41.75,55.6388141919311
-116.25,42.25,53.9877066538083
-116.25,42.75,51.8211586454517
-116.25,43.25,52.1733970036963
-116.25,43.75,51.5299213153838
-116.25,46.25,51.1480426411539
-116.25,46.75,49.5533983347113
-116.25,48.25,43.7953503866074
-116.25,48.75,45.9320702078274
-116.25,49.25,46.4945584511594
-116.25,49.75,44.1585191425363
-116.25,54.75,31.7603401052679
-116.25,57.75,25.6600671664991
-116.25,58.25,27.0516994951897
-116.25,58.75,27.1631541307595
-116.25,59.25,24.5912487053353
-116.25,59.75,22.3459849736995
-116.25,60.25,20.9600188807062
-116.25,62.75,16.943051586378
-116.25,63.25,16.4274916174365
-116.25,66.75,14.3264857825256
-116.25,67.25,12.6770628863307
-115.75,30.25,54.9903160472816
-115.75,30.75,54.8108368522516
-115.75,31.25,53.4123420919106
-115.75,31.75,52.3205452139867
-115.75,33.75,53.8772500127142
-115.75,34.25,54.9717953209169
-115.75,34.75,55.9451448564117
-115.75,35.25,54.9893174016718
-115.75,36.25,57.3114799852404
-115.75,36.75,60.0031783477254
-115.75,37.25,57.1044391953944
-115.75,37.75,57.8445180249982
-115.75,38.25,60.763891053192
-115.75,38.75,60.1702537654757
-115.75,39.25,59.7428509719182
-115.75,39.75,60.1961774216932
-115.75,40.25,59.2311703174513
-115.75,40.75,55.4199178695545
-115.75,41.25,55.6701842382858
-115.75,41.75,55.1788361352035
-115.75,42.25,51.7572574163752
-115.75,43.25,52.9932230311531
-115.75,43.75,53.4786406680731
-115.75,44.25,51.025070475143
-115.75,46.25,52.0266926005643
-115.75,46.75,51.1677137571386
-115.75,47.25,45.7271393397219
-115.75,49.25,41.6957076524826
-115.75,50.75,38.8541335910822
-115.75,54.25,32.4245007244241
-115.75,54.75,32.218009160217
-115.75,57.75,29.0064860733375
-115.75,58.25,27.9965313721024
-115.75,58.75,27.0108987827384
-115.75,59.25,24.6081624450312
-115.75,59.75,23.2160831375024
-115.75,60.25,20.7396729729782
-115.75,63.25,16.3285713786372
-115.75,67.25,12.7272156627383
-115.75,67.75,11.6320219340933
-115.25,29.75,55.4044095415169
-115.25,30.25,56.4878716892365
-115.25,30.75,55.9497802982817
-115.25,31.25,52.7310434191617
-115.25,33.75,54.8829578727449
-115.25,34.25,53.721699264701
-115.25,37.75,54.3392239883923
-115.25,38.25,56.5526740639243
-115.25,38.75,57.826523169386
-115.25,39.25,58.3853261272885
-115.25,39.75,58.8695936811374
-115.25,40.25,57.1732689820222
-115.25,40.75,53.7528266988712
-115.25,41.25,54.0787274122922
-115.25,41.75,53.8419922538653
-115.25,43.25,51.8692201832515
-115.25,43.75,51.8844954445191
-115.25,46.25,49.2264681496674
-115.25,46.75,47.6159961165674
-115.25,50.25,41.0832517698109
-115.25,50.75,43.6148817349812
-115.25,51.25,41.1859223781887
-115.25,54.25,31.5013376852424
-115.25,54.75,32.0910728776346
-115.25,55.25,29.5601831345122
-115.25,57.75,27.0113450859601
-115.25,58.25,25.4298503478818
-115.25,58.75,24.1419562590233
-115.25,59.25,24.0714763082249
-115.25,59.75,24.333433871317
-115.25,60.25,21.3227856833908
-115.25,67.25,11.8147447061723
-114.75,27.75,48.036148285469
-114.75,29.75,51.9984066109181
-114.75,30.25,55.4335603060699
-114.75,30.75,54.3063391644014
-114.75,31.75,53.2222341716841
-114.75,32.25,54.6156372022139
-114.75,38.25,55.5352801731589
-114.75,38.75,57.6696331427858
-114.75,39.25,56.5313773312493
-114.75,39.75,54.6267004703017
-114.75,40.25,54.6041646143944
-114.75,43.25,51.2572366664225
-114.75,43.75,50.7223853879426
-114.75,46.25,46.5624665313038
-114.75,47.75,44.6015701945497
-114.75,49.75,40.8842787235652
-114.75,50.25,42.0986934202625
-114.75,50.75,39.7142244462865
-114.75,51.25,37.2386619706867
-114.75,53.25,32.9511543387351
-114.75,54.25,32.2292557072912
-114.75,54.75,34.0441706030557
-114.75,55.25,29.2985226649466
-114.25,27.25,47.570795715285
-114.25,31.75,53.9616533607843
-114.25,32.25,58.2959610682081
-114.25,32.75,54.5193829680253
-114.25,33.75,53.2006592469379
-114.25,34.25,56.0104317985265
-114.25,34.75,57.1886603408357
-114.25,35.25,55.8834075713719
-114.25,37.75,56.101614635522
-114.25,38.25,56.2848528217988
-114.25,38.75,55.1491202989739
-114.25,39.25,53.3450233425219
-114.25,40.25,54.8834163986461
-114.25,40.75,53.5545802003495
-114.25,43.25,50.7981429829144
-114.25,43.75,49.9120621171336
-114.25,44.25,49.3198094430218
-114.25,47.25,45.508320618142
-114.25,47.75,45.7024842043065
-114.25,52.25,35.7633635466091
-114.25,52.75,36.4319709355902
-114.25,53.25,36.1137421701197
-114.25,53.75,34.4479189168283
-114.25,54.25,34.1392644501928
-114.25,54.75,32.9324820215133
-113.75,27.25,47.2319681563463
-113.75,32.25,53.2319623065985
-113.75,33.75,55.2092235232433
-113.75,34.25,58.5728434151208
-113.75,34.75,59.6005201289613
-113.75,35.25,55.9888309049935
-113.75,37.75,55.7807232772812
-113.75,40.25,55.6985067942435
-113.75,40.75,55.5323037519259
-113.75,41.25,51.9527970343814
-113.75,51.75,36.8656633694109
-113.75,52.25,38.371830604488
-113.75,52.75,38.4238111090962
-113.75,53.25,37.9411332370345
-113.75,53.75,36.8216109590938
-113.75,54.25,33.1606140218937
-113.75,65.75,13.4205815009444
-113.75,66.25,13.4467376156973
-113.25,27.25,47.3294769023316
-113.25,27.75,47.5413582551297
-113.25,33.75,54.5948384414732
-113.25,34.25,57.620677115174
-113.25,34.75,57.2346711372326
-113.25,35.25,53.5466635345834
-113.25,40.25,52.4762753881306
-113.25,40.75,53.147842126002
-113.25,41.25,52.0828184302425
-113.25,41.75,51.3947821785054
-113.25,51.75,37.1624392786
-113.25,52.25,37.1161962988155
-113.25,52.75,37.1963652405306
-113.25,53.25,37.0210360885267
-113.25,53.75,36.3333262418011
-113.25,54.25,31.3106146564237
-113.25,66.25,12.4052749187685
-112.75,26.75,44.5305464550487
-112.75,27.25,47.2176396787568
-112.75,27.75,48.8771168958256
-112.75,33.75,54.3808050837437
-112.75,34.25,58.2906272960564
-112.75,34.75,57.1319704502015
-112.75,38.25,53.4398816331402
-112.75,42.25,50.6120122406225
-112.75,42.75,51.4253765002667
-112.75,45.25,47.836378893849
-112.75,46.75,44.9603726463644
-112.75,47.25,44.1961551491086
-112.75,48.75,41.8561877133805
-112.75,49.25,40.6850974812416
-112.75,51.25,40.0800139514273
-112.75,51.75,40.3871944044449
-112.75,52.25,38.3026449024744
-112.75,52.75,35.1703042625883
-112.75,57.25,24.2178658537724
-112.75,57.75,24.0338589178723
-112.75,60.75,20.34713853736
-112.25,26.25,45.3602354131326
-112.25,26.75,48.6086880304777
-112.25,27.25,48.8210699107536
-112.25,29.75,49.4941831185981
-112.25,33.75,54.6049134680719
-112.25,34.25,58.6291959953183
-112.25,34.75,58.1568665910708
-112.25,35.25,53.517035497993
-112.25,37.75,53.3320577162279
-112.25,38.25,53.4095421792538
-112.25,38.75,52.7884497248834
-112.25,42.25,50.9047795392772
-112.25,42.75,52.5881463073094
-112.25,44.75,48.0269782358301
-112.25,45.25,48.3126946868438
-112.25,46.75,44.4073547388051
-112.25,48.25,45.2342799805251
-112.25,48.75,44.8608895232626
-112.25,49.25,43.4294439631447
-112.25,49.75,41.4697784838239
-112.25,50.25,39.450126076612
-112.25,50.75,40.5850150649216
-112.25,51.25,41.6113486531438
-112.25,51.75,40.5098492265739
-112.25,52.25,37.0344665941987
-112.25,54.75,29.0931749297907
-112.25,57.25,26.5436898181393
-112.25,57.75,27.5117284837956
-112.25,58.25,22.8045780817779
-112.25,59.25,21.0862386708575
-112.25,60.75,18.8164687588078
-112.25,61.25,18.3322776233157
-112.25,63.25,17.9800037900167
-112.25,63.75,17.7695148012363
-112.25,64.25,15.2739285506533
-111.75,24.75,41.4242075843978
-111.75,25.25,44.779285363064
-111.75,25.75,47.6183373860078
-111.75,26.25,48.5806393521197
-111.75,26.75,49.5127444102157
-111.75,28.75,50.0928577911049
-111.75,29.25,50.9191788261055
-111.75,29.75,49.4730148678968
-111.75,30.75,50.2396024153827
-111.75,31.25,52.3180755499177
-111.75,31.75,50.6849096382494
-111.75,33.25,51.8508808585785
-111.75,33.75,53.7496851837787
-111.75,34.25,54.9124642636513
-111.75,34.75,55.3986341133929
-111.75,35.25,53.1957512524797
-111.75,37.75,53.4112243069483
-111.75,42.75,51.8695295946356
-111.75,43.25,50.1883403901536
-111.75,47.75,42.5242474358652
-111.75,48.25,45.5744021674425
-111.75,48.75,43.72954721871
-111.75,49.25,42.3312213327836
-111.75,49.75,41.5861748175988
-111.75,50.25,39.345968442045
-111.75,50.75,39.1646836809076
-111.75,51.25,39.8047486715766
-111.75,51.75,37.7848307849085
-111.75,54.25,30.4528939330846
-111.75,57.25,25.0320939907229
-111.75,57.75,26.2046207186533
-111.75,58.75,21.3981427531683
-111.75,59.25,23.3321206337523
-111.75,59.75,20.2181213232097
-111.75,65.75,12.8168392835318
-111.25,24.25,38.6169820825067
-111.25,24.75,39.8636253321222
-111.25,25.25,41.9082260782385
-111.25,28.25,46.3705981783745
-111.25,28.75,48.7497917711081
-111.25,29.25,49.931892255464
-111.25,29.75,50.172186952269
-111.25,30.25,51.3415058780163
-111.25,30.75,52.0098866126195
-111.25,31.25,50.5793208231605
-111.25,33.25,52.9216939746298
-111.25,33.75,52.8147338437246
-111.25,37.75,52.9795285554922
-111.25,40.25,52.7677677830946
-111.25,42.75,50.4371654547798
-111.25,43.25,51.425947122818
-111.25,43.75,49.6666175768258
-111.25,51.25,35.8018219488304
-111.25,52.75,33.2157534844851
-111.25,53.25,33.3223984855186
-111.25,53.75,32.3931692963871
-111.25,54.25,32.18620820626
-111.25,54.75,30.6597739349588
-111.25,55.25,28.453587831604
-111.25,55.75,26.6478478004509
-111.25,59.25,23.8969640692692
-111.25,59.75,23.1154392210704
-111.25,65.75,12.85672765262
-110.75,24.75,40.9623336901206
-110.75,29.25,48.8078704115937
-110.75,29.75,51.6874592602732
-110.75,30.25,52.7364294645685
-110.75,30.75,51.2150863268416
-110.75,32.75,50.8587668275816
-110.75,33.25,52.1234439574868
-110.75,33.75,52.1928218733025
-110.75,36.25,53.591132686211
-110.75,36.75,54.7089600527291
-110.75,37.25,53.5862689278933
-110.75,37.75,53.9235036220224
-110.75,38.25,54.3353180921886
-110.75,38.75,53.8903689756439
-110.75,40.25,54.6475346378336
-110.75,40.75,51.8406942534517
-110.75,42.75,49.9865926952228
-110.75,43.25,54.673441163805
-110.75,43.75,53.6208803698008
-110.75,44.25,48.8516185594151
-110.75,51.25,36.748561958873
-110.75,51.75,35.7266337700095
-110.75,52.25,33.7272304233483
-110.75,52.75,33.9834518740014
-110.75,53.25,33.7416441100091
-110.75,53.75,33.8866146554861
-110.75,54.25,33.5595592421003
-110.75,54.75,31.3828668403151
-110.75,55.25,29.7657986028973
-110.75,55.75,28.6201094407943
-110.75,56.25,25.5366404709289
-110.75,59.25,20.6020117298268
-110.75,59.75,20.6438625925074
-110.25,29.25,46.6211134768444
-110.25,29.75,49.8496159828573
-110.25,30.25,51.1825179844742
-110.25,30.75,50.3267854274622
-110.25,32.75,50.8284551364156
-110.25,33.75,51.6206347550894
-110.25,34.25,52.0555924868267
-110.25,36.25,53.8774296325942
-110.25,36.75,54.5111864164329
-110.25,37.75,53.0745668031203
-110.25,38.25,56.1084494696697
-110.25,38.75,55.9553593373081
-110.25,39.25,51.7283881479241
-110.25,40.25,54.5536265313248
-110.25,40.75,54.458932081988
-110.25,42.75,50.4545735026009
-110.25,43.25,55.0379491687336
-110.25,43.75,54.4073610510152
-110.25,44.25,48.7523620862994
-110.25,45.75,45.2043533201775
-110.25,46.25,47.0632781794028
-110.25,46.75,45.8595236017312
-110.25,51.25,37.7434384598465
-110.25,51.75,36.0748290619236
-110.25,52.75,32.1053252277376
-110.25,53.25,33.1710412240808
-110.25,53.75,34.7366150001418
-110.25,54.25,32.548275948046
-110.25,54.75,28.4496097408417
-110.25,63.75,14.5051592848848
-110.25,67.25,12.8791967142246
-109.75,28.75,46.5083542547491
-109.75,30.25,47.9392482745858
-109.75,30.75,49.4845164382757
-109.75,31.25,49.7878724881051
-109.75,31.75,51.3812776735706
-109.75,32.25,51.8873427179452
-109.75,32.75,50.866356352645
-109.75,33.75,51.111778361296
-109.75,34.25,53.2359578849119
-109.75,36.25,55.1637997735416
-109.75,36.75,53.8603809257226
-109.75,38.25,53.288893626824
-109.75,38.75,52.5728623761133
-109.75,39.75,52.1924002833099
-109.75,40.25,55.851508348495
-109.75,40.75,56.3125021845922
-109.75,41.25,52.4225548472678
-109.75,42.75,50.018399476107
-109.75,43.25,53.1343706832532
-109.75,43.75,54.2316283818342
-109.75,44.25,49.1710629417386
-109.75,46.25,45.1171847083446
-109.75,46.75,45.8136516556233
-109.75,47.25,45.1727457930413
-109.75,47.75,42.3194399863952
-109.75,49.25,39.3612899054251
-109.75,51.25,35.6423826148988
-109.75,51.75,34.4114050957351
-109.75,59.75,19.3873727854124
-109.75,60.25,18.236652388343
-109.75,63.75,13.8111518823958
-109.75,67.25,13.0649023612676
-109.25,25.75,41.0189145795926
-109.25,30.75,49.9118408298924
-109.25,31.25,52.7751170553445
-109.25,31.75,55.845516773474
-109.25,32.25,54.4587927060735
-109.25,34.25,53.2509968358537
-109.25,34.75,52.2915048144193
-109.25,35.75,52.3157430021011
-109.25,36.25,53.397274829164
-109.25,37.75,52.9081121712649
-109.25,38.25,52.0061951134138
-109.25,39.75,53.6728179722232
-109.25,40.25,54.3515965631963
-109.25,40.75,52.9227622675422
-109.25,41.25,51.4042734461469
-109.25,41.75,49.7767977019329
-109.25,42.25,49.5900141638865
-109.25,42.75,48.8065082411243
-109.25,43.25,49.1020282021976
-109.25,43.75,51.9449795084963
-109.25,44.25,51.3873289279827
-109.25,46.75,45.16558769668
-109.25,47.25,48.4585126318484
-109.25,47.75,46.0681757787217
-109.25,48.25,41.4060304412159
-109.25,49.25,39.2624940755
-109.25,49.75,39.4187718171814
-109.25,55.75,26.3036674789355
-109.25,56.25,25.0816408372169
-109.25,62.25,15.7891596018717
-109.25,62.75,15.5585587487761
-109.25,63.25,14.4153563566895
-108.75,25.75,41.8547031154696
-108.75,26.25,41.8524765977113
-108.75,31.25,51.908399968605
-108.75,31.75,55.7235014451392
-108.75,32.25,55.3591326325486
-108.75,33.75,52.073088786791
-108.75,34.25,54.4311203270621
-108.75,34.75,52.4889055397946
-108.75,35.25,52.7142607726365
-108.75,35.75,53.280203419511
-108.75,36.25,51.9883984629405
-108.75,36.75,52.0942289522149
-108.75,37.25,53.6731350073518
-108.75,37.75,56.2919091860302
-108.75,38.25,54.1371047767491
-108.75,39.75,53.606681526848
-108.75,40.25,51.7534415152788
-108.75,41.75,50.2326973031838
-108.75,42.25,49.9838840208793
-108.75,46.75,45.0968789483654
-108.75,47.25,47.2077034007083
-108.75,47.75,46.3386262409968
-108.75,48.25,42.7125164917612
-108.75,48.75,39.3074719888407
-108.75,49.25,39.2616872588259
-108.75,49.75,41.4044675074428
-108.75,50.25,37.4162966724104
-108.75,52.25,32.2879454251385
-108.75,62.75,14.8636661470566
-108.75,63.25,14.602722211741
-108.75,63.75,15.4889783488698
-108.25,25.75,40.2823651630158
-108.25,27.25,43.4100266528159
-108.25,27.75,47.2132627037145
-108.25,28.25,48.7826334180057
-108.25,31.75,51.1264618578564
-108.25,32.25,52.4084349963125
-108.25,32.75,50.7992978886301
-108.25,33.75,52.6139817791175
-108.25,34.25,52.2671014201031
-108.25,35.25,51.7682528962951
-108.25,35.75,53.1784175636737
-108.25,36.25,54.396720982156
-108.25,36.75,56.0080774824847
-108.25,37.25,55.5879077001544
-108.25,37.75,55.9380278635612
-108.25,38.25,54.8721445608758
-108.25,38.75,52.3874657024932
-108.25,39.25,53.3498000227175
-108.25,39.75,52.4959466396647
-108.25,40.25,50.8505664997067
-108.25,40.75,51.1774359798173
-108.25,42.25,49.8091318533028
-108.25,46.25,44.3655402346919
-108.25,46.75,45.5964151621381
-108.25,47.25,43.558970992367
-108.25,47.75,42.1386901143786
-108.25,49.25,39.2270535441274
-108.25,49.75,42.0380796510163
-108.25,50.25,41.8435132713221
-108.25,50.75,40.3754585575021
-108.25,51.25,39.8480626296918
-108.25,51.75,36.3093329633986
-108.25,53.25,30.6352412663629
-108.25,63.25,13.9807986057916
-108.25,63.75,14.1295938210903
-107.75,26.75,41.7928273407811
-107.75,27.25,45.7156967736318
-107.75,27.75,48.836791108175
-107.75,28.25,50.184622068098
-107.75,28.75,46.5105911542725
-107.75,32.25,50.6967852727598
-107.75,32.75,51.9249406328381
-107.75,35.25,52.8437457173725
-107.75,35.75,54.3861021233294
-107.75,36.25,55.5251453303289
-107.75,36.75,56.1157972877477
-107.75,37.25,54.4002275562638
-107.75,37.75,54.7041191997075
-107.75,38.25,54.0157856735634
-107.75,38.75,53.5953955815006
-107.75,39.25,55.0041143126085
-107.75,39.75,54.1998055324826
-107.75,40.25,54.1741858572859
-107.75,40.75,55.6252238319871
-107.75,41.25,53.0332114979099
-107.75,42.25,50.4863710759425
-107.75,42.75,50.1650363703671
-107.75,44.25,47.3729724029856
-107.75,46.25,46.5064432021684
-107.75,46.75,48.2214996178187
-107.75,47.25,42.897109049103
-107.75,48.75,41.85862975037
-107.75,49.25,42.7378105720773
-107.75,49.75,41.3523380488902
-107.75,50.25,41.9171665458837
-107.75,50.75,39.982897425507
-107.75,51.25,37.5794574790582
-107.75,51.75,33.3517952227529
-107.75,53.25,31.8480988700629
-107.75,53.75,30.1097858750687
-107.75,54.25,28.1558128507425
-107.75,63.25,13.9274867806543
-107.25,26.75,41.9776733218313
-107.25,27.25,46.7575489682568
-107.25,27.75,48.4360043367991
-107.25,28.25,48.2593231914673
-107.25,28.75,46.3934956524196
-107.25,32.25,51.4489622331727
-107.25,32.75,52.4174905576041
-107.25,34.75,52.4112894156657
-107.25,35.25,55.0774083794018
-107.25,35.75,55.1120870030186
-107.25,36.25,52.2453132519438
-107.25,37.25,52.1712721936087
-107.25,37.75,55.2228298560211
-107.25,38.25,53.1434913206635
-107.25,39.25,51.8986163910634
-107.25,39.75,53.9382514570681
-107.25,40.25,55.2680785405968
-107.25,40.75,54.6809049543378
-107.25,41.25,51.1361933267694
-107.25,42.25,49.9300239230457
-107.25,42.75,51.4916849144065
-107.25,43.25,47.9190660585767
-107.25,44.25,49.5196181529279
-107.25,44.75,48.1804607810127
-107.25,46.25,46.4307512411872
-107.25,46.75,46.9404841620603
-107.25,47.25,41.9008731921427
-107.25,48.25,40.6540006567046
-107.25,48.75,45.0131155871799
-107.25,49.25,43.9675764099291
-107.25,49.75,37.3567391964751
-107.25,50.25,36.3422698765063
-107.25,50.75,36.7911422794773
-107.25,51.25,35.2450322536607
-107.25,52.75,32.5564777476028
-107.25,53.25,33.1554669684023
-107.25,53.75,31.4680139962483
-107.25,54.25,31.2869614931057
-107.25,54.75,28.978308756312
-107.25,55.25,26.0779082890613
-107.25,66.25,12.3994994480364
-106.75,32.25,51.1416921328032
-106.75,32.75,50.9773756958895
-106.75,34.25,52.6599664853023
-106.75,34.75,53.9536515160969
-106.75,35.25,52.8555713550391
-106.75,35.75,52.9565986133672
-106.75,37.75,52.5684279304161
-106.75,38.25,51.6334519416655
-106.75,39.75,52.570612807636
-106.75,40.25,52.8384377013062
-106.75,42.75,51.8000519846047
-106.75,43.25,49.0451189086751
-106.75,44.25,46.5990394205884
-106.75,44.75,48.0216380772787
-106.75,45.25,47.8451246813094
-106.75,45.75,45.9273304792271
-106.75,46.25,43.9971335667294
-106.75,48.25,42.1806158168324
-106.75,48.75,44.9529006210251
-106.75,49.25,43.9026390454914
-106.75,49.75,36.9357281392076
-106.75,50.75,35.3379237149285
-106.75,51.25,34.095945739627
-106.75,51.75,33.9741201513928
-106.75,52.25,34.5194804982544
-106.75,52.75,34.3171945941382
-106.75,53.25,33.6454868009205
-106.75,53.75,31.6089557985394
-106.75,54.25,29.8478310086592
-106.75,54.75,27.9807406343881
-106.25,31.75,49.6701039277899
-106.25,32.25,50.9364676326171
-106.25,32.75,52.5459499646694
-106.25,33.25,52.0970910825201
-106.25,35.75,52.2929413829017
-106.25,38.25,52.7317202582898
-106.25,38.75,52.1656364378506
-106.25,39.25,51.2345554327302
-106.25,39.75,52.2706380946169
-106.25,40.25,51.7429966737785
-106.25,42.75,51.4823246338387
-106.25,43.25,48.4942965316574
-106.25,44.75,48.6001040115269
-106.25,45.25,49.9697045857021
-106.25,45.75,47.1716695654347
-106.25,48.25,42.9103390267954
-106.25,48.75,43.1745180317953
-106.25,49.25,43.3293561365302
-106.25,49.75,41.1385604176171
-106.25,50.25,36.7396732364829
-106.25,52.25,33.545943974968
-106.25,52.75,30.9023087615689
-106.25,53.25,29.9074657858311
-106.25,53.75,28.5826412089331
-106.25,55.25,26.1151830349794
-105.75,23.75,36.2812519142035
-105.75,24.25,36.8171389441912
-105.75,32.75,51.7559309233987
-105.75,33.25,53.1986497671699
-105.75,33.75,52.0440878317805
-105.75,35.75,53.9753701709485
-105.75,38.25,54.3165564877725
-105.75,38.75,53.6729669230978
-105.75,39.25,51.4858160242128
-105.75,39.75,51.3698892085787
-105.75,40.25,51.9934680201423
-105.75,42.25,50.3558048054784
-105.75,42.75,49.851789493773
-105.75,44.75,48.9197008993584
-105.75,45.25,47.4151310442971
-105.75,47.75,41.3383116416458
-105.75,48.25,41.2588594643267
-105.75,49.25,39.592428150399
-105.75,49.75,42.7774478815549
-105.75,50.25,38.5217308339798
-105.75,55.25,27.3710663440854
-105.25,22.25,32.8262100994399
-105.25,23.75,38.1610208990649
-105.25,24.25,42.1192367056655
-105.25,24.75,42.9784279845518
-105.25,25.25,38.8807911208252
-105.25,32.25,50.3091251425578
-105.25,32.75,51.2176053359134
-105.25,33.25,51.2119273867138
-105.25,33.75,52.4554893993801
-105.25,34.25,51.9498576721383
-105.25,35.75,53.7289875099755
-105.25,36.25,53.6702501250126
-105.25,38.25,52.3914853918725
-105.25,38.75,53.232927047643
-105.25,39.25,52.5612844688369
-105.25,40.25,51.5379077599302
-105.25,41.75,51.158088899646
-105.25,42.25,51.7745259768201
-105.25,42.75,48.7173396763527
-105.25,44.25,47.2017537413213
-105.25,44.75,46.8537860356623
-105.25,49.25,40.8297459019667
-105.25,49.75,42.7935772411366
-105.25,50.25,38.9248509731327
-105.25,53.25,31.2735256439238
-105.25,53.75,30.2951861688748
-105.25,54.25,27.4722801930778
-105.25,57.75,21.0397008465813
-105.25,59.25,18.6125444709262
-104.75,21.25,32.2053811950775
-104.75,21.75,32.5699828471664
-104.75,24.25,39.6235199400663
-104.75,24.75,42.1905635793994
-104.75,25.25,40.883480257924
-104.75,31.25,49.2784481279031
-104.75,31.75,50.2057403822001
-104.75,32.25,55.432458470931
-104.75,32.75,55.7858612235127
-104.75,34.25,51.6743288151585
-104.75,34.75,52.7214656933811
-104.75,35.25,52.9424808364131
-104.75,35.75,53.9890523129809
-104.75,36.25,57.173481674455
-104.75,36.75,56.8765769150366
-104.75,37.25,54.9916024364287
-104.75,37.75,51.97657158831
-104.75,38.75,52.4791790386481
-104.75,39.25,52.8300422455379
-104.75,41.75,50.7328667687617
-104.75,42.25,50.9404630169583
-104.75,42.75,49.6597631116692
-104.75,43.25,50.089761143014
-104.75,43.75,50.0765662376189
-104.75,44.25,50.9806263500563
-104.75,44.75,48.5644780669575
-104.75,45.75,45.5124517530014
-104.75,46.25,44.4347415070944
-104.75,48.25,40.8325798512207
-104.75,48.75,43.6886275660023
-104.75,49.25,43.5318165385154
-104.75,49.75,41.7061991746548
-104.75,50.25,38.9200089077607
-104.75,53.25,33.5378520710174
-104.75,53.75,33.3732441363461
-104.75,54.25,28.5859429429426
-104.75,56.75,22.7142919443925
-104.75,57.25,23.4210650784716
-104.75,57.75,22.020602380823
-104.75,59.25,18.6693281583967
-104.75,59.75,18.510289648199
-104.25,21.25,33.2947473423809
-104.25,21.75,31.6920370253184
-104.25,26.25,41.5759004610515
-104.25,26.75,42.807009437742
-104.25,29.25,48.1230829292711
-104.25,29.75,47.4032550181505
-104.25,32.25,54.6041404289765
-104.25,32.75,53.8934481321535
-104.25,35.25,53.7998958681717
-104.25,35.75,56.237385441566
-104.25,36.25,58.7916485756093
-104.25,36.75,58.8450948162318
-104.25,37.25,58.8451807172573
-104.25,37.75,54.6407458520204
-104.25,42.75,49.0836861973529
-104.25,43.25,50.4267250820294
-104.25,43.75,48.321941918294
-104.25,44.25,50.4399200481439
-104.25,44.75,50.6667940318985
-104.25,45.25,47.343818285609
-104.25,45.75,47.5288850118469
-104.25,46.25,46.7443734563826
-104.25,46.75,44.8806484370225
-104.25,48.25,42.4268247692874
-104.25,48.75,43.5823646868329
-104.25,49.25,41.6369392390049
-104.25,49.75,37.5677254310853
-104.25,53.25,32.8882215816543
-104.25,53.75,33.7393102916246
-104.25,54.25,30.6475493564342
-104.25,56.75,22.6107510442522
-104.25,57.25,24.4316391684274
-104.25,57.75,24.0691563744576
-104.25,58.25,20.6572311185367
-104.25,59.25,18.9228086590012
-104.25,59.75,18.9985992864811
-104.25,60.25,17.1744042616215
-103.75,21.25,33.340806641269
-103.75,26.25,44.024651157039
-103.75,26.75,46.8183020950666
-103.75,27.25,44.8122529115759
-103.75,29.25,47.7644374989793
-103.75,29.75,47.8111899930032
-103.75,35.25,52.4123882967132
-103.75,35.75,57.7418567126832
-103.75,36.25,58.9770442167459
-103.75,36.75,57.2233196102832
-103.75,37.25,56.0257394792758
-103.75,37.75,54.7210963691816
-103.75,40.25,52.9499429687145
-103.75,40.75,53.3383449601556
-103.75,41.25,50.6309545359632
-103.75,42.75,48.8774829337178
-103.75,43.25,48.9699891417911
-103.75,44.75,48.1981258457811
-103.75,45.25,47.4212133175869
-103.75,45.75,48.0843021025645
-103.75,46.25,48.4309284167707
-103.75,46.75,48.1165038794707
-103.75,47.25,44.7820365743828
-103.75,47.75,42.8485350596041
-103.75,48.25,43.4549612079667
-103.75,48.75,43.6610768979362
-103.75,49.25,40.7276087484997
-103.75,53.25,32.0471428563278
-103.75,53.75,32.8708722450597
-103.75,54.25,29.7357650991649
-103.75,56.75,22.7600681088286
-103.75,57.25,23.7638720051696
-103.75,57.75,24.4767963313505
-103.75,58.25,23.1820823508928
-103.75,58.75,21.4386479008277
-103.75,59.25,20.5265190120797
-103.75,59.75,18.5112227462237
-103.75,62.75,16.2800016621634
-103.25,21.25,31.3335769753597
-103.25,21.75,31.8187201951079
-103.25,24.75,38.3356598559976
-103.25,26.25,45.1741895698247
-103.25,26.75,45.9394736888642
-103.25,35.75,55.6452718898941
-103.25,36.25,57.3406128396506
-103.25,36.75,52.7656406197997
-103.25,37.75,53.5189202328518
-103.25,38.25,53.2027256392315
-103.25,39.75,51.6398476484981
-103.25,40.25,54.9296613665274
-103.25,40.75,54.238129927725
-103.25,41.25,51.1744422771137
-103.25,41.75,50.5299658499854
-103.25,42.25,50.3365526090904
-103.25,42.75,49.6892404143371
-103.25,45.25,46.4560812863099
-103.25,45.75,49.3664514791442
-103.25,46.25,49.4083036451769
-103.25,46.75,46.7264942833471
-103.25,47.25,43.0512150087308
-103.25,47.75,43.8216602027319
-103.25,48.25,46.2768500651865
-103.25,48.75,45.3352203196987
-103.25,49.25,42.4616940344148
-103.25,50.75,35.9840176434449
-103.25,51.25,35.2669283503121
-103.25,53.25,29.6163885234465
-103.25,53.75,30.2579036472554
-103.25,57.75,24.7490391467696
-103.25,58.25,24.1982741024193
-103.25,58.75,21.285214071909
-103.25,62.25,14.6582804645547
-103.25,62.75,15.9813665191475
-102.75,18.75,25.4277050725202
-102.75,19.25,26.7658001835736
-102.75,21.75,32.7363028420058
-102.75,22.25,32.905490078187
-102.75,24.75,39.3649396690346
-102.75,25.25,39.5068106751407
-102.75,25.75,40.3075542806939
-102.75,26.25,43.0556269779411
-102.75,26.75,43.0886089002301
-102.75,32.25,51.2809647837911
-102.75,32.75,52.4827485092097
-102.75,33.25,52.430604906522
-102.75,33.75,52.9672878877502
-102.75,34.25,53.3447360222022
-102.75,38.25,52.7027666300854
-102.75,41.75,53.1866473994252
-102.75,42.25,52.785030166142
-102.75,42.75,50.0023273690263
-102.75,43.25,49.4823369969169
-102.75,45.75,49.2806430774284
-102.75,46.25,50.1796351783463
-102.75,46.75,47.028962773624
-102.75,47.25,42.9898715751095
-102.75,47.75,44.6371138867701
-102.75,48.25,46.5682370237307
-102.75,48.75,45.49530451818
-102.75,49.25,43.0149115334349
-102.75,49.75,37.3457824012834
-102.75,50.75,38.4571160444644
-102.75,51.25,39.2003466784943
-102.75,51.75,35.4761284156263
-102.75,55.25,26.8233919799664
-102.75,55.75,24.9905103695435
-102.75,57.75,23.1312743899329
-102.75,58.25,21.4953161182704
-102.25,18.25,24.9768242095877
-102.25,18.75,27.3629916839134
-102.25,19.25,29.7036469223787
-102.25,19.75,27.9255233156339
-102.25,21.25,33.0690168640863
-102.25,21.75,35.0147913572656
-102.25,22.25,34.8349032475913
-102.25,22.75,34.8500752758326
-102.25,25.75,41.9620124720921
-102.25,26.25,43.9241792071573
-102.25,26.75,43.9346967575651
-102.25,30.25,49.5666786763975
-102.25,30.75,48.9902837871709
-102.25,32.25,53.1589700665005
-102.25,32.75,56.6959188545618
-102.25,33.25,58.2187090271795
-102.25,33.75,57.0158785305086
-102.25,34.25,54.8954246481238
-102.25,34.75,54.3312287636704
-102.25,41.75,54.908077591877
-102.25,42.25,54.0354525679763
-102.25,42.75,50.6629991823219
-102.25,43.25,52.7311371224126
-102.25,43.75,54.8682512755634
-102.25,44.25,53.1433847905316
-102.25,44.75,47.497293035809
-102.25,45.25,46.2273599679162
-102.25,45.75,48.8536529418996
-102.25,46.25,50.758921630563
-102.25,46.75,48.5942344147291
-102.25,47.25,45.2057538262648
-102.25,47.75,45.999733732559
-102.25,48.25,46.532621941721
-102.25,48.75,43.4837093985355
-102.25,49.25,39.8684646925756
-102.25,50.75,38.2589910735357
-102.25,51.25,38.9458393064422
-102.25,51.75,34.4545018167688
-102.25,54.75,27.5007412503335
-102.25,55.25,29.1363886565975
-102.25,55.75,25.6409091366932
-101.75,18.25,25.9396520030638
-101.75,18.75,26.4068603399769
-101.75,19.25,26.8952789323079
-101.75,20.75,29.873042358142
-101.75,21.25,34.0738510701624
-101.75,21.75,35.2887201937344
-101.75,22.25,35.6414402857133
-101.75,22.75,34.9904572536553
-101.75,23.75,37.3009438655606
-101.75,24.25,39.8455248105572
-101.75,24.75,38.7183584420017
-101.75,25.25,41.383324376033
-101.75,25.75,44.4648025693201
-101.75,26.25,44.3471948737378
-101.75,26.75,46.0477228534677
-101.75,27.25,45.0403824607784
-101.75,28.25,45.7284416640398
-101.75,28.75,47.0387531838346
-101.75,30.25,49.3067004824919
-101.75,30.75,50.1715619900512
-101.75,32.25,51.2135636727925
-101.75,32.75,53.189093507909
-101.75,33.25,55.4806229198085
-101.75,33.75,57.2615820595362
-101.75,34.25,55.2774432082086
-101.75,34.75,53.7563285275033
-101.75,41.75,53.4298172091177
-101.75,42.25,51.7392105035004
-101.75,42.75,50.6271849205198
-101.75,43.25,55.3760856767248
-101.75,43.75,55.1223215522688
-101.75,44.25,54.3866979766391
-101.75,44.75,49.8397545312466
-101.75,45.25,46.1324105047256
-101.75,45.75,47.2749955542862
-101.75,46.25,49.2705159248922
-101.75,46.75,47.3098116416541
-101.75,47.25,46.3446640716527
-101.75,47.75,46.8466174354612
-101.75,48.25,46.2710855046408
-101.75,48.75,43.3275956487144
-101.75,49.25,39.6912595681743
-101.75,49.75,39.1795309695729
-101.75,50.25,38.6690044961492
-101.75,50.75,38.8536111064366
-101.75,51.25,37.8343423898011
-101.75,54.75,30.0428450091736
-101.75,55.25,30.4646330346325
-101.75,59.75,19.6490526148213
-101.75,60.25,19.4599193061249
-101.25,18.25,24.7098126000361
-101.25,23.75,37.4846145333787
-101.25,24.25,40.7787947689999
-101.25,24.75,39.5497424153508
-101.25,25.25,41.2692981644525
-101.25,25.75,42.8698369745111
-101.25,26.75,44.1386214239078
-101.25,27.25,46.596581068214
-101.25,27.75,46.3467762454348
-101.25,31.25,50.3784789404128
-101.25,31.75,51.0293413952051
-101.25,32.25,51.3213079633533
-101.25,34.25,53.0950450856439
-101.25,34.75,53.2578638614816
-101.25,35.25,53.1307409220852
-101.25,40.75,53.7923443533426
-101.25,41.25,54.8575287688903
-101.25,41.75,51.486179722769
-101.25,43.25,54.6261442154191
-101.25,43.75,55.3941736281526
-101.25,44.25,54.6550256176589
-101.25,44.75,53.0989822881944
-101.25,45.25,48.5649518562594
-101.25,45.75,45.8851175272365
-101.25,46.25,44.7036529229845
-101.25,47.25,46.7474560230087
-101.25,47.75,47.4778067987662
-101.25,48.25,44.4513677111735
-101.25,48.75,43.0478929412309
-101.25,49.25,42.7892204752747
-101.25,49.75,43.8384608854455
-101.25,50.25,41.3347166648614
-101.25,50.75,37.4741565106288
-101.25,54.75,28.8645210696351
-101.25,55.25,28.8584727072533
-101.25,55.75,24.7954913467909
-100.75,17.75,24.5967638178412
-100.75,18.25,24.8631628344686
-100.75,23.25,36.4596017059605
-100.75,23.75,37.2934476220423
-100.75,27.25,44.6434726572653
-100.75,31.25,50.7510345257856
-100.75,31.75,52.5058295213073
-100.75,32.25,53.4396072090561
-100.75,32.75,54.6944923960023
-100.75,33.25,52.4654934299324
-100.75,36.25,54.9125389027196
-100.75,36.75,57.0541880979622
-100.75,37.25,55.7188788528023
-100.75,37.75,55.1481787410997
-100.75,38.25,54.2945826340012
-100.75,38.75,53.4609122168204
-100.75,39.25,55.4523684809174
-100.75,39.75,55.5048475902343
-100.75,40.25,54.8206094220542
-100.75,40.75,56.4640350568301
-100.75,41.25,55.3122272920033
-100.75,43.25,50.6006198683199
-100.75,43.75,49.8812071191265
-100.75,44.25,51.7893735249781
-100.75,44.75,54.1488231894848
-100.75,45.25,52.5755122414981
-100.75,45.75,48.7763447762218
-100.75,46.25,45.1619805865381
-100.75,47.25,45.8724336222297
-100.75,47.75,47.1320275304508
-100.75,48.25,45.1466626511792
-100.75,48.75,43.9239084574042
-100.75,49.25,42.978297219031
-100.75,49.75,42.9706035184496
-100.75,50.25,38.5535628099545
-100.75,56.25,25.323856510989
-100.75,56.75,24.4389345100582
-100.75,64.25,12.9864580883988
-100.75,64.75,14.011653910131
-100.75,65.25,11.9982730063005
-100.25,17.75,26.6806886259146
-100.25,18.25,28.8259642282116
-100.25,22.25,34.3622242204558
-100.25,22.75,38.4162077247549
-100.25,23.25,41.1903217934552
-100.25,23.75,39.3661410735441
-100.25,25.75,41.9278282373394
-100.25,26.25,47.4232427199432
-100.25,26.75,48.3620131276915
-100.25,27.25,46.6983323310309
-100.25,27.75,45.392330172525
-100.25,29.75,49.7802465993192
-100.25,30.25,49.6528244349485
-100.25,31.75,51.495108262561
-100.25,32.25,52.3539653222132
-100.25,32.75,54.2417028291347
-100.25,33.25,55.293216523273
-100.25,33.75,54.6992233937728
-100.25,36.25,57.7566736580599
-100.25,36.75,60.9272494862363
-100.25,37.25,59.1780675285114
-100.25,38.75,55.6214367162313
-100.25,39.25,59.0655917232969
-100.25,39.75,58.6688517699649
-100.25,40.25,56.0079802432759
-100.25,40.75,54.391561409997
-100.25,41.25,53.4455828047026
-100.25,42.75,51.7394571096945
-100.25,43.25,50.9053692850371
-100.25,43.75,49.2780951370337
-100.25,44.25,50.3324454014217
-100.25,44.75,52.1514806403386
-100.25,45.25,52.3520305507174
-100.25,45.75,50.7547712374004
-100.25,46.25,48.3552068284698
-100.25,46.75,45.5096218239537
-100.25,47.25,43.585175949865
-100.25,47.75,44.9628655772837
-100.25,48.25,47.6943403066091
-100.25,48.75,45.9822337560679
-100.25,49.25,39.6842837913984
-100.25,55.75,26.529920613969
-100.25,56.25,28.494095390854
-100.25,56.75,27.6733810166183
-100.25,57.25,23.5521878243432
-100.25,59.25,21.1976061033998
-100.25,59.75,20.8518763102146
-100.25,64.25,12.8075164303708
-100.25,64.75,13.4788363343994
-99.75,18.25,28.5465279880084
-99.75,18.75,26.8747626482327
-99.75,20.25,32.5285209551325
-99.75,22.75,36.9049211852998
-99.75,23.25,40.9782142045204
-99.75,23.75,40.387823893836
-99.75,25.75,42.1425364128171
-99.75,26.25,48.4125201740263
-99.75,26.75,49.9564147196637
-99.75,27.25,46.1886490381659
-99.75,29.25,48.7472030099404
-99.75,29.75,52.7337855785535
-99.75,30.25,51.386120021786
-99.75,32.75,52.9676976745665
-99.75,33.25,54.6235462596056
-99.75,33.75,56.8530777344518
-99.75,34.25,54.7406359594912
-99.75,36.25,56.565219617347
-99.75,36.75,61.2566040831756
-99.75,37.25,58.5296082105211
-99.75,38.75,54.2370961019352
-99.75,39.25,56.7267851071919
-99.75,39.75,56.6884073955028
-99.75,40.25,56.5437601541987
-99.75,40.75,54.5578032965973
-99.75,41.25,54.193917147024
-99.75,41.75,52.6405628429568
-99.75,43.25,52.2876690642769
-99.75,43.75,52.9761021089397
-99.75,44.25,50.3222780221155
-99.75,44.75,48.5301455799308
-99.75,45.25,49.1833125027108
-99.75,45.75,49.4948626371515
-99.75,46.25,49.9614426903916
-99.75,46.75,47.2833034172939
-99.75,48.25,46.9471074081325
-99.75,48.75,44.9904358554819
-99.75,53.25,30.4841958533584
-99.75,55.75,28.8258076644412
-99.75,56.25,28.908529693129
-99.75,56.75,27.7973905747144
-99.75,57.25,26.3728510420442
-99.75,57.75,22.7583236513671
-99.75,59.25,19.151045829711
-99.25,20.25,31.5450903927472
-99.25,20.75,31.4434848586119
-99.25,23.75,39.357549795645
-99.25,24.25,40.243671590681
-99.25,26.25,44.7842084012615
-99.25,26.75,44.9752352619374
-99.25,29.75,52.058602794259
-99.25,30.25,52.8615255692989
-99.25,30.75,51.6484278189289
-99.25,32.75,52.9955942177993
-99.25,33.25,55.0797950508701
-99.25,33.75,57.140334814705
-99.25,34.25,55.7770667954153
-99.25,36.25,56.8399247834975
-99.25,36.75,60.5688595284016
-99.25,37.25,55.6443431875031
-99.25,40.25,58.5549730869266
-99.25,40.75,57.5315045733332
-99.25,41.25,56.8475359575817
-99.25,41.75,54.9721227742028
-99.25,43.75,52.5231359300218
-99.25,45.75,48.7162600999885
-99.25,46.25,52.0582909404666
-99.25,46.75,50.9304238018219
-99.25,47.25,44.6196876525436
-99.25,48.25,45.0990628811418
-99.25,48.75,44.2208277235314
-99.25,53.25,32.8923775277776
-99.25,53.75,31.289184112727
-99.25,54.25,29.0447267959356
-99.25,55.75,26.4228654020531
-99.25,56.25,28.5097897728741
-99.25,56.75,25.1809821151514
-99.25,57.25,23.6283370248088
-99.25,57.75,25.6114757197866
-99.25,58.25,22.7768897502667
-99.25,63.25,14.2085196289281
-98.75,16.75,22.6834774441684
-98.75,20.25,32.2445937670389
-98.75,20.75,33.4409732281753
-98.75,23.75,40.340921381864
-98.75,24.25,43.888886987118
-98.75,24.75,41.2893146986182
-98.75,30.25,51.77733566917
-98.75,30.75,52.5028485475809
-98.75,31.25,52.5506324343439
-98.75,31.75,53.1146429981339
-98.75,32.25,52.8271092776819
-98.75,33.25,54.8701306269601
-98.75,33.75,56.0080067646367
-98.75,34.25,55.5568892020829
-98.75,34.75,54.5080123987795
-98.75,36.75,57.1579329980366
-98.75,37.25,56.4693012883587
-98.75,40.25,60.3076978815664
-98.75,40.75,60.0063818144624
-98.75,41.25,58.6934069929175
-98.75,41.75,54.8738015537353
-98.75,43.75,51.0081569972882
-98.75,45.75,48.5041169819956
-98.75,46.25,50.6722216708242
-98.75,46.75,49.837815882465
-98.75,47.25,45.4552962249155
-98.75,48.25,42.7734218520363
-98.75,48.75,43.7923300047344
-98.75,49.25,41.5762249195119
-98.75,49.75,40.1102752375455
-98.75,53.25,31.2922482833743
-98.75,53.75,30.950296757173
-98.75,55.25,27.10850265223
-98.75,57.75,24.3259855982484
-98.75,62.75,15.6599098390147
-98.75,63.25,16.49852125098
-98.25,16.25,22.930202886583
-98.25,16.75,24.1663111478354
-98.25,19.75,30.6294590743133
-98.25,20.25,34.0502281892871
-98.25,20.75,33.7276410126473
-98.25,23.75,41.505432091837
-98.25,24.25,43.8333282302782
-98.25,24.75,40.7762634378353
-98.25,26.75,45.7884103188003
-98.25,27.25,45.9198956132836
-98.25,30.25,51.2033988417425
-98.25,30.75,53.8086856895235
-98.25,31.25,53.2360329738272
-98.25,31.75,53.512436007912
-98.25,33.25,54.2225160070952
-98.25,33.75,55.3700325664544
-98.25,34.25,56.0908653728517
-98.25,34.75,56.4156756607614
-98.25,36.75,55.5151131667024
-98.25,37.25,59.8477421477371
-98.25,37.75,56.4918689422368
-98.25,39.75,55.2566669663551
-98.25,40.25,60.2220137698731
-98.25,40.75,60.5670867190582
-98.25,41.25,58.514480257485
-98.25,41.75,54.3276017563679
-98.25,42.75,51.9370027207554
-98.25,44.75,49.9318774814717
-98.25,45.25,49.4200654124909
-98.25,45.75,48.4802275834086
-98.25,46.25,47.3112434948795
-98.25,48.75,43.6640669161778
-98.25,49.25,42.6835139292896
-98.25,49.75,41.085369417933
-98.25,53.75,29.9506445315004
-98.25,55.25,29.4599265206834
-98.25,55.75,26.431876220714
-98.25,60.25,18.6857191582177
-98.25,62.75,17.371556296959
-98.25,63.25,16.7289975835009
-98.25,63.75,13.3289071696719
-97.75,16.25,24.1702787290297
-97.75,16.75,26.3065957458902
-97.75,17.25,25.6592410076531
-97.75,17.75,25.9724891965192
-97.75,18.25,26.0367929040588
-97.75,19.75,30.2221905107472
-97.75,20.25,34.8977158612985
-97.75,20.75,35.7368404555761
-97.75,21.25,33.1080618786601
-97.75,23.75,41.6552437467427
-97.75,24.25,42.5538665176086
-97.75,26.75,45.3968374479846
-97.75,27.25,47.8482066788716
-97.75,27.75,47.7808675852427
-97.75,28.25,49.2795660712779
-97.75,28.75,53.3661082555211
-97.75,29.25,51.0498746594621
-97.75,30.75,56.6443989411941
-97.75,31.25,57.3254312769481
-97.75,31.75,55.6694926800584
-97.75,34.25,57.2745596118058
-97.75,34.75,59.5078039043325
-97.75,35.25,56.7082630596822
-97.75,36.75,56.1309810338516
-97.75,37.25,60.0380564052478
-97.75,37.75,58.0537139842439
-97.75,39.25,55.8011774887021
-97.75,39.75,58.064324644639
-97.75,40.25,60.522762514666
-97.75,40.75,59.5572081180759
-97.75,41.25,56.377094435424
-97.75,41.75,53.1620581064634
-97.75,42.75,52.2625047202893
-97.75,44.25,49.9341118294142
-97.75,44.75,50.5829795040647
-97.75,45.25,51.2334310479888
-97.75,45.75,50.2131735443176
-97.75,46.25,47.0265635258078
-97.75,48.25,42.783120604359
-97.75,48.75,42.5794809694916
-97.75,49.25,41.9036918044757
-97.75,49.75,42.4601225429459
-97.75,50.25,40.2217949410226
-97.75,53.75,30.3473522092221
-97.75,54.25,28.9269125276471
-97.75,54.75,29.4158443633105
-97.75,55.25,30.9259689638423
-97.75,55.75,28.925357012088
-97.75,56.25,26.457562896132
-97.75,56.75,23.6575251450513
-97.75,59.75,18.8430241716768
-97.75,60.25,19.7525818042276
-97.75,62.75,17.4295729243781
-97.75,63.25,16.7814027571636
-97.75,63.75,14.5519260180373
-97.25,16.25,23.5008127433994
-97.25,16.75,27.2417217318598
-97.25,17.25,26.3325874178288
-97.25,17.75,25.8169672799173
-97.25,18.25,26.0495717657944
-97.25,20.25,31.6018480537929
-97.25,20.75,34.1145887040425
-97.25,28.25,49.2188085478435
-97.25,28.75,52.6347447645688
-97.25,29.25,50.6726798913381
-97.25,30.75,53.7214965205334
-97.25,31.25,56.1226027205639
-97.25,31.75,57.2028671333382
-97.25,32.25,54.9367732151657
-97.25,34.75,59.2065343120634
-97.25,35.25,56.5954428150585
-97.25,36.75,56.6241219037274
-97.25,37.25,57.9288109284356
-97.25,37.75,58.1861170197645
-97.25,38.25,59.5110237180371
-97.25,38.75,60.0423804830226
-97.25,39.25,58.1217217509702
-97.25,39.75,56.7574238462685
-97.25,40.25,56.4693259060807
-97.25,40.75,56.0010588958659
-97.25,43.75,51.5972563291075
-97.25,44.25,52.3736161902978
-97.25,44.75,51.5562463982838
-97.25,45.25,50.7020980851734
-97.25,45.75,49.5568985941939
-97.25,48.25,43.3568919210354
-97.25,48.75,42.1440234854589
-97.25,49.75,40.4266784499803
-97.25,50.25,40.5333138157691
-97.25,50.75,38.3355193630736
-97.25,51.25,37.5838900761753
-97.25,55.25,28.8729723145999
-97.25,55.75,29.093611773511
-97.25,56.25,27.7895413475575
-97.25,56.75,26.4925330140607
-97.25,57.25,24.1014897318546
-97.25,59.75,20.8632148007091
-97.25,60.25,19.6651290883699
-97.25,62.75,14.2386063325625
-97.25,63.25,16.8367835432737
-97.25,63.75,13.5914034522489
-96.75,16.25,25.5796961221496
-96.75,16.75,28.1683929174274
-96.75,17.25,26.4756825487312
-96.75,31.75,55.2630872826464
-96.75,32.25,59.3498264439073
-96.75,32.75,57.0841454349217
-96.75,34.75,57.9226553981499
-96.75,36.75,58.3142198465694
-96.75,37.25,57.9992041641714
-96.75,37.75,58.6782492268697
-96.75,38.25,61.914530342427
-96.75,38.75,61.5383744273746
-96.75,39.25,59.2964590188705
-96.75,39.75,57.7402291223907
-96.75,40.25,56.6691859166179
-96.75,40.75,55.9140656164109
-96.75,41.25,54.6586627177398
-96.75,43.75,52.7389102337213
-96.75,44.25,52.9937279337082
-96.75,47.75,46.6269712470832
-96.75,48.25,46.7076334441781
-96.75,48.75,42.840192501842
-96.75,55.75,26.7838959406486
-96.75,56.25,27.761895886351
-96.75,56.75,26.8596604825397
-96.75,57.25,23.886389071194
-96.75,58.25,22.7172161598268
-96.75,58.75,22.3139580660511
-96.75,59.25,20.0706040663361
-96.75,59.75,20.5968056188541
-96.75,60.25,18.9591799493253
-96.75,63.25,16.7930584158408
-96.75,63.75,14.3096511296784
-96.25,16.25,25.7263914771263
-96.25,16.75,28.3720212356054
-96.25,17.25,25.9537509851597
-96.25,18.25,26.6052426922001
-96.25,18.75,27.6386609785824
-96.25,29.25,51.1391909167586
-96.25,29.75,51.5190215992459
-96.25,32.25,58.503693120042
-96.25,32.75,59.0849487401266
-96.25,33.25,56.8817419614264
-96.25,33.75,55.8971158598516
-96.25,34.25,57.2394779643306
-96.25,34.75,59.4715372071555
-96.25,36.25,56.883110323668
-96.25,36.75,60.6289941217442
-96.25,37.25,58.9845315465746
-96.25,37.75,56.8585566115904
-96.25,38.25,58.9799767033019
-96.25,38.75,60.248028998849
-96.25,39.25,59.7701286560302
-96.25,39.75,59.465482180024
-96.25,40.25,58.5674307022028
-96.25,43.25,52.6882240219976
-96.25,43.75,53.4059670956266
-96.25,44.25,51.2322298738945
-96.25,46.25,50.0083937741364
-96.25,46.75,48.3677466206288
-96.25,47.25,46.5689280601781
-96.25,47.75,50.9918734626955
-96.25,48.25,50.0177414140294
-96.25,48.75,45.2483203244046
-96.25,55.75,27.6309891811565
-96.25,56.25,27.2605100116515
-96.25,56.75,25.8690171599614
-96.25,57.25,24.1645903507409
-96.25,58.25,21.5844158865877
-96.25,58.75,22.153477365112
-96.25,59.25,19.7137384807799
-96.25,59.75,18.7145917113857
-96.25,60.25,18.0991281284459
-96.25,63.25,14.2560349419126
-96.25,63.75,13.5470761209758
-95.75,16.25,23.5880327321971
-95.75,16.75,24.1642389539956
-95.75,18.25,27.1856586240361
-95.75,28.75,50.0483153668979
-95.75,32.25,56.419218835087
-95.75,32.75,59.1393076477533
-95.75,33.25,58.3732016746396
-95.75,33.75,59.0791759882712
-95.75,34.25,60.3921262293844
-95.75,34.75,60.1735304021116
-95.75,35.25,57.01664100456
-95.75,36.25,58.6579227025019
-95.75,36.75,57.1613182032842
-95.75,38.75,60.81598292926
-95.75,39.25,59.6975955926511
-95.75,39.75,57.8847523524552
-95.75,40.25,56.9641107226583
-95.75,42.75,53.4689902448863
-95.75,43.25,54.2059194497033
-95.75,43.75,54.8726474396302
-95.75,46.25,53.8095685558373
-95.75,46.75,51.1204674205453
-95.75,47.25,48.261657479158
-95.75,47.75,50.2211790883732
-95.75,48.25,48.326219371154
-95.75,48.75,43.8608873000149
-95.75,55.25,27.8740317341407
-95.75,55.75,27.2939038327478
-95.75,56.25,25.6801932895094
-95.75,56.75,24.895761663062
-95.75,57.25,24.0178322913122
-95.75,57.75,22.3259442522863
-95.75,58.25,21.3237780975644
-95.75,58.75,20.3318687797003
-95.75,60.75,18.6885839374388
-95.75,61.25,16.4994194147636
-95.25,32.75,57.9032200101543
-95.25,33.25,58.4383773029415
-95.25,33.75,59.8750345424643
-95.25,34.25,60.5141744525914
-95.25,34.75,59.9654532484584
-95.25,35.25,58.6037137768663
-95.25,35.75,58.5684510987646
-95.25,38.75,60.1677519796406
-95.25,39.25,59.3671064080336
-95.25,39.75,58.5768387825999
-95.25,40.25,57.1122880486765
-95.25,41.25,55.6856950575445
-95.25,41.75,56.5540598539943
-95.25,42.25,54.438972875228
-95.25,42.75,54.8116571067158
-95.25,43.25,56.1478902313511
-95.25,43.75,54.8357296909839
-95.25,44.75,51.3609116867748
-95.25,45.25,53.0604171514174
-95.25,45.75,53.3286908527438
-95.25,46.25,54.8982057880672
-95.25,46.75,53.8863762392683
-95.25,47.25,50.0501106511167
-95.25,47.75,47.5945550580836
-95.25,48.25,44.0869593186746
-95.25,49.75,40.7696891567579
-95.25,50.25,40.6837269578286
-95.25,57.75,23.086441749848
-95.25,58.25,23.1208724198183
-95.25,60.75,19.2762916924628
-95.25,61.25,18.1964695536995
-94.75,30.25,55.3631261182237
-94.75,30.75,54.1254674406239
-94.75,33.75,59.138200920498
-94.75,34.25,61.2278263402426
-94.75,34.75,60.9523098773925
-94.75,35.25,59.8043877345576
-94.75,35.75,58.2137006432875
-94.75,38.25,57.631318558852
-94.75,38.75,59.5131771401099
-94.75,39.25,59.9454682754005
-94.75,39.75,58.9735724694524
-94.75,41.25,56.4338215491026
-94.75,41.75,57.032709201687
-94.75,42.25,54.8378595835222
-94.75,42.75,55.4232777488917
-94.75,43.25,54.5495634643721
-94.75,44.75,53.9891756152702
-94.75,45.25,53.6258342822692
-94.75,45.75,52.2149723480149
-94.75,46.25,53.2939583505233
-94.75,46.75,51.9403973918814
-94.75,47.25,48.0893445764564
-94.75,47.75,45.6930485833662
-94.75,50.75,39.2901036040637
-94.75,51.25,38.4716610882543
-94.75,58.25,21.715253344313
-94.25,29.75,54.0176991483674
-94.25,30.25,54.1356946683598
-94.25,33.75,58.3884383067337
-94.25,34.25,60.6818352332049
-94.25,34.75,60.5204325625498
-94.25,35.25,60.4025475722384
-94.25,35.75,59.5945912896414
-94.25,37.75,58.4240012780565
-94.25,38.25,57.7324315237674
-94.25,38.75,59.6508611846643
-94.25,39.25,61.5514777922441
-94.25,39.75,59.1225949257319
-94.25,41.75,55.8882521085001
-94.25,42.25,55.7047247519929
-94.25,42.75,55.8510379408111
-94.25,45.75,51.076328871582
-94.25,46.25,51.4112586141001
-94.25,46.75,49.1227082644157
-94.25,48.25,44.9335270042955
-94.25,50.75,40.3035844591466
-94.25,51.25,41.0576942887133
-94.25,51.75,37.0232887090972
-94.25,54.25,30.8667402554799
-94.25,54.75,30.6790944484978
-94.25,55.25,29.0158985871997
-93.75,32.75,57.6005405843197
-93.75,33.25,61.0379980652924
-93.75,33.75,62.2368140053126
-93.75,34.25,60.3026178437299
-93.75,34.75,58.8403667326558
-93.75,35.25,58.8892489869548
-93.75,35.75,58.7442120711991
-93.75,37.75,58.2621419164441
-93.75,38.25,58.7291193509836
-93.75,38.75,59.3442258813886
-93.75,39.25,61.4908793235749
-93.75,39.75,60.5779172960911
-93.75,40.25,57.4356440425071
-93.75,40.75,56.7674820591531
-93.75,41.25,56.4147240174975
-93.75,42.75,55.7327175779962
-93.75,45.75,51.4912937762151
-93.75,46.25,50.1479016020852
-93.75,50.25,40.4492251100856
-93.75,50.75,41.0927900123591
-93.75,51.25,41.4315140234265
-93.75,51.75,36.6710976985404
-93.75,53.75,32.2229382181517
-93.75,54.25,34.9584299123649
-93.75,54.75,33.2493492525018
-93.75,55.25,29.8197304713956
-93.75,57.25,24.8716304494543
-93.25,30.75,54.8121860113081
-93.25,31.25,55.7041500074205
-93.25,31.75,56.9568515080838
-93.25,32.25,57.3474778224612
-93.25,32.75,59.1237132309793
-93.25,33.25,63.6385802152689
-93.25,33.75,64.4191983542447
-93.25,34.25,61.1771351454346
-93.25,34.75,58.9221113031017
-93.25,38.25,58.9445955001646
-93.25,38.75,59.7445647361169
-93.25,39.25,59.1808308337163
-93.25,39.75,58.2562130540891
-93.25,40.25,59.810789234492
-93.25,40.75,60.3128027805774
-93.25,41.25,58.1560034301724
-93.25,45.25,51.710775072765
-93.25,45.75,50.3861199552367
-93.25,49.75,43.1666180284405
-93.25,50.25,42.8845496596174
-93.25,50.75,42.4805179695745
-93.25,51.25,42.3369693152319
-93.25,51.75,39.6195442979331
-93.25,53.75,35.1615612132951
-93.25,54.25,36.1775660117252
-93.25,54.75,34.8605973310631
-93.25,55.25,30.5992505431183
-93.25,57.25,25.7287692761658
-93.25,57.75,24.1433702786223
-92.75,29.75,53.3968277919323
-92.75,30.25,56.6139386957705
-92.75,30.75,55.8928599609607
-92.75,31.75,60.0152147518453
-92.75,32.25,61.9684286534701
-92.75,32.75,60.5697271442879
-92.75,33.25,61.6904641524297
-92.75,33.75,62.4502383542116
-92.75,34.25,61.6199501762631
-92.75,34.75,60.4817747662513
-92.75,36.25,58.86970428801
-92.75,36.75,58.8820075864529
-92.75,38.25,60.6835377848732
-92.75,38.75,63.5768541655003
-92.75,39.25,61.0842819744464
-92.75,40.25,59.3950830491061
-92.75,40.75,58.9834722329186
-92.75,50.75,41.2537842182844
-92.75,51.25,41.1085279270601
-92.75,51.75,39.4155656835829
-92.75,53.75,34.7290672332648
-92.75,54.25,36.3133728124656
-92.75,54.75,35.0392586122092
-92.75,55.25,31.2247189595347
-92.25,29.75,55.8638805731238
-92.25,30.25,56.8309591857369
-92.25,31.75,57.3974137533517
-92.25,32.25,59.194578206806
-92.25,32.75,59.5886324154564
-92.25,33.25,62.8761188430296
-92.25,33.75,64.5100090196903
-92.25,34.25,63.4462860362339
-92.25,34.75,61.5754589530189
-92.25,38.25,62.1875497433001
-92.25,38.75,65.7836585194283
-92.25,39.25,65.5561562204174
-92.25,39.75,60.5901934535525
-92.25,40.25,58.7053703845891
-92.25,42.75,56.504729504596
-92.25,43.25,57.3845892066568
-92.25,43.75,56.5570274148041
-92.25,44.25,54.9160643976751
-92.25,46.75,51.6089430655233
-92.25,47.25,51.3278143566226
-92.25,47.75,48.3903772060035
-92.25,53.75,32.5085213557035
-92.25,54.25,32.1677264405897
-92.25,54.75,31.5948000614115
-92.25,55.25,30.5524183339355
-92.25,64.25,14.8831742028671
-92.25,64.75,14.2098957391564
-91.75,29.75,57.5114100673973
-91.75,30.25,57.117678611058
-91.75,31.75,56.5510605451557
-91.75,33.25,61.3437889955272
-91.75,33.75,65.2564523749635
-91.75,34.25,64.9895425901793
-91.75,34.75,62.895303233193
-91.75,38.25,60.3373994365054
-91.75,38.75,66.0015809376157
-91.75,39.25,65.816589193572
-91.75,39.75,62.8139969233498
-91.75,42.75,56.6013416757952
-91.75,43.25,60.0154691589631
-91.75,43.75,59.8350195256225
-91.75,44.25,56.2145409640505
-91.75,46.75,50.0995927645983
-91.75,47.25,50.5913710682828
-91.75,47.75,49.904480397519
-91.75,48.75,44.6369682081484
-91.75,49.25,46.0435506671525
-91.75,49.75,43.5691947594327
-91.75,54.25,31.4866057660973
-91.75,54.75,30.3927419082842
-91.75,64.25,13.9675825987206
-91.75,64.75,14.4610663181081
-91.25,14.25,21.4247415877449
-91.25,18.25,30.7487345682374
-91.25,18.75,34.3810089712757
-91.25,29.75,59.8174503690513
-91.25,30.25,58.157869256997
-91.25,31.75,58.0998761867207
-91.25,32.25,57.5073203843839
-91.25,33.25,58.8887748886454
-91.25,33.75,63.5713504209716
-91.25,34.25,64.9019118762172
-91.25,34.75,63.9351615246233
-91.25,37.25,62.3496929337677
-91.25,37.75,60.1858837802439
-91.25,38.75,62.1211847951465
-91.25,39.25,66.0648590236393
-91.25,39.75,63.7428025043555
-91.25,42.75,56.9856615771223
-91.25,43.25,59.7227938536718
-91.25,43.75,58.4099569272124
-91.25,44.25,54.3598051621003
-91.25,47.75,49.0960289616996
-91.25,48.25,46.8415529238698
-91.25,48.75,46.4552471348427
-91.25,49.25,47.4935919929024
-91.25,49.75,48.2149608388257
-91.25,50.25,45.1166235447403
-91.25,52.75,36.3430273217701
-91.25,53.25,35.5593528656069
-91.25,54.75,30.1985122347312
-91.25,55.25,29.4898358909991
-90.75,14.75,23.3394117064567
-90.75,18.25,32.2580947443562
-90.75,18.75,35.6574044222002
-90.75,19.25,34.1109745908401
-90.75,29.25,54.2209927861495
-90.75,29.75,57.3056490934506
-90.75,30.25,57.1343301785288
-90.75,31.75,58.2424963669756
-90.75,32.25,60.2404201049594
-90.75,32.75,60.534772279053
-90.75,33.25,59.1888301246116
-90.75,33.75,61.2455762838376
-90.75,34.25,62.9442568497206
-90.75,34.75,60.2144581650528
-90.75,37.25,61.1827818173924
-90.75,37.75,60.185698534259
-90.75,38.75,59.714212848152
-90.75,39.25,65.0484108812664
-90.75,39.75,64.2288741018315
-90.75,40.25,61.7117105404983
-90.75,40.75,62.0695689476043
-90.75,41.25,59.0703397603985
-90.75,43.25,56.5078588206237
-90.75,43.75,54.9040246388108
-90.75,47.25,52.723106034618
-90.75,47.75,52.7853352242638
-90.75,48.25,49.4050268567397
-90.75,48.75,46.9787187504822
-90.75,49.25,44.763646834823
-90.75,49.75,46.0773314344444
-90.75,50.25,44.8044697490788
-90.75,53.25,37.1558200340237
-90.75,53.75,33.8416324358234
-90.75,54.75,31.5522584441263
-90.75,55.25,32.1205761590649
-90.25,17.75,29.1396675673776
-90.25,18.25,31.0742843653751
-90.25,18.75,31.5894934898356
-90.25,31.75,57.7770777493041
-90.25,32.25,61.3890608981702
-90.25,32.75,60.7226482767554
-90.25,33.75,60.514027409171
-90.25,34.25,63.2522970884764
-90.25,37.25,61.2652869467107
-90.25,37.75,60.4853988746689
-90.25,38.25,60.0738196560658
-90.25,38.75,63.3495972847043
-90.25,39.25,63.152476050314
-90.25,39.75,61.3182524581793
-90.25,40.25,63.1462338584181
-90.25,40.75,65.4993075732584
-90.25,41.25,63.5136501983388
-90.25,41.75,59.1341403813936
-90.25,42.25,57.6297842723565
-90.25,43.75,55.0028879262207
-90.25,46.25,50.6559969119016
-90.25,46.75,52.246834096908
-90.25,47.25,55.3848246857339
-90.25,47.75,54.2585168441651
-90.25,48.25,51.3171468115851
-90.25,48.75,45.2163074661559
-90.25,53.75,35.8092148979321
-90.25,54.25,33.7929557345226
-90.25,54.75,32.4250496011627
-90.25,55.25,30.1573572915913
-89.75,13.75,25.1121200680624
-89.75,14.25,26.2533897912536
-89.75,14.75,24.1908125879835
-89.75,17.25,30.5968111394633
-89.75,31.75,59.1562420573093
-89.75,32.25,59.9366638419984
-89.75,34.25,62.8630802109765
-89.75,34.75,60.163160172625
-89.75,36.75,62.2185952002325
-89.75,37.25,64.3688526680188
-89.75,37.75,60.8778229970922
-89.75,38.25,61.1718229741561
-89.75,38.75,64.9951381248583
-89.75,39.25,61.728475052897
-89.75,39.75,59.2876297278831
-89.75,40.25,61.3771163142686
-89.75,40.75,64.8688615767222
-89.75,41.25,65.2536754295182
-89.75,41.75,62.8513003669654
-89.75,42.25,60.0497648135668
-89.75,42.75,57.6067629158345
-89.75,43.75,55.2761717702803
-89.75,44.25,54.9200736813811
-89.75,44.75,54.1641302728107
-89.75,45.25,53.8261556611972
-89.75,45.75,52.025310442669
-89.75,46.25,51.3465416752614
-89.75,46.75,52.2358775616363
-89.75,47.25,54.3325843110599
-89.75,47.75,54.4506216635355
-89.75,48.25,51.3024357366778
-89.75,49.75,43.4558920171221
-89.75,53.75,33.5688828631296
-89.75,54.25,36.0739727807168
-89.75,54.75,33.3178493792722
-89.75,55.75,28.0791454343084
-89.25,13.75,23.5579650189214
-89.25,14.25,26.0821035510373
-89.25,14.75,24.2125887016096
-89.25,16.75,29.031868751513
-89.25,17.25,29.8093765469598
-89.25,29.25,54.9519472718117
-89.25,30.75,56.9786466671822
-89.25,31.75,58.9188942872567
-89.25,36.75,62.2939494266171
-89.25,37.25,62.6233722570995
-89.25,38.75,60.9980416565398
-89.25,39.25,61.0307251704067
-89.25,39.75,60.0293662847909
-89.25,40.75,60.6195910425778
-89.25,41.25,63.57859385404
-89.25,41.75,62.5032611224608
-89.25,42.25,60.2220453920169
-89.25,42.75,58.8405990553706
-89.25,43.25,56.7656261672187
-89.25,44.25,54.56040089579
-89.25,44.75,54.7304602000199
-89.25,45.25,54.9903888532973
-89.25,45.75,52.3141377213549
-89.25,47.25,49.5065037460781
-89.25,47.75,50.1699462634084
-89.25,48.25,49.5949446582853
-89.25,48.75,45.5909693984589
-89.25,50.75,42.4886312598831
-89.25,51.25,40.8870459061462
-89.25,54.25,36.124860656797
-89.25,54.75,34.100977292194
-89.25,55.25,29.9848540081788
-88.75,14.25,24.4331940646796
-88.75,19.25,33.4281850296789
-88.75,19.75,35.6321785765369
-88.75,30.75,58.9909887475562
-88.75,34.75,60.4613118262504
-88.75,35.25,61.4928287061753
-88.75,37.25,61.0499307065858
-88.75,39.25,61.5743149527715
-88.75,39.75,61.5468527591668
-88.75,40.75,59.1396013777492
-88.75,41.25,61.0244782266852
-88.75,41.75,61.1563626569822
-88.75,42.25,60.5613985361577
-88.75,42.75,59.1014653613348
-88.75,43.25,57.4979655983155
-88.75,43.75,55.5453129979955
-88.75,45.25,55.2550741624832
-88.75,45.75,53.2054795925738
-88.75,50.75,41.3451366935849
-88.75,51.25,40.2914392927097
-88.75,54.25,32.3476791943196
-88.75,54.75,31.8904600500665
-88.25,18.25,31.4378870761014
-88.25,19.25,33.5524084236896
-88.25,19.75,35.0431661845061
-88.25,30.25,63.0754312459081
-88.25,30.75,61.3778644982612
-88.25,34.25,62.6003814894616
-88.25,34.75,64.0289301096015
-88.25,35.25,60.891868119942
-88.25,37.25,64.3136978043892
-88.25,37.75,65.0267934666332
-88.25,38.25,62.456808313218
-88.25,38.75,60.8270562001648
-88.25,39.25,61.6755703475537
-88.25,39.75,62.5318205192868
-88.25,40.25,60.8273779141009
-88.25,40.75,59.6261423607342
-88.25,41.25,60.5008500556255
-88.25,41.75,62.2723665557466
-88.25,42.25,61.0876005941805
-88.25,42.75,58.8447509498173
-88.25,43.25,57.8602559355702
-88.25,43.75,55.7563108423657
-88.25,44.75,54.4600090507669
-88.25,45.25,55.8753216113157
-88.25,45.75,53.7309222609619
-88.25,46.75,50.6645639673406
-88.25,47.25,49.6043827969091
-88.25,50.75,42.1718148265437
-88.25,51.25,40.7334115984358
-88.25,51.75,38.8907809268086
-88.25,52.25,37.8831948874911
-88.25,52.75,36.1441302236667
-87.75,21.25,41.8699888082537
-87.75,30.75,60.8544669026121
-87.75,33.75,60.0007779249655
-87.75,34.25,66.2604948810249
-87.75,34.75,67.3690479037961
-87.75,35.25,61.4995450753251
-87.75,37.25,64.9207198310379
-87.75,37.75,65.8245631569154
-87.75,38.25,64.9201857715632
-87.75,38.75,62.392080057541
-87.75,39.25,61.0667137864865
-87.75,39.75,61.7120797599621
-87.75,40.25,61.0527996934029
-87.75,40.75,60.2063109136883
-87.75,41.25,59.5406210855858
-87.75,41.75,60.9375580183076
-87.75,42.25,60.3285562630379
-87.75,42.75,59.7195761094592
-87.75,43.25,60.036767511443
-87.75,43.75,56.9289600834736
-87.75,44.75,54.8746430175941
-87.75,45.25,56.9816012853025
-87.75,45.75,54.2608669193732
-87.75,47.25,50.0019720924479
-87.75,47.75,49.5029575859153
-87.75,49.75,43.6602310847815
-87.75,50.25,42.5035167545964
-87.75,50.75,43.8188623376325
-87.75,51.25,42.9313020736199
-87.75,51.75,40.7778187416579
-87.75,52.25,38.8757076840467
-87.75,55.25,30.2242932608012
-87.25,20.75,40.8196780258272
-87.25,21.25,43.580037689478
-87.25,30.75,60.8575284350791
-87.25,31.25,61.2595323650104
-87.25,31.75,61.7679348978705
-87.25,32.25,59.8232916309043
-87.25,33.75,61.9823534676713
-87.25,34.25,66.7260001926399
-87.25,34.75,64.1037919229003
-87.25,37.25,62.0225884692387
-87.25,41.75,59.0610470370239
-87.25,42.25,59.0961321806808
-87.25,42.75,58.7571974871871
-87.25,43.25,60.2727594786933
-87.25,43.75,58.8960324627221
-87.25,44.75,54.6922078383032
-87.25,45.25,56.1161040905808
-87.25,49.75,45.5299505383799
-87.25,55.25,30.0254963946581
-87.25,55.75,28.9235938614989
-86.75,30.75,61.8280576999627
-86.75,31.25,63.5855064582307
-86.75,31.75,62.7404279295647
-86.75,33.75,61.7522391793222
-86.75,34.25,64.0791467040233
-86.75,37.25,61.2766985907013
-86.75,39.75,60.6163966704392
-86.75,42.25,58.0547401117773
-86.75,42.75,57.379385932044
-86.75,43.25,57.6952571573122
-86.75,43.75,57.7144968375602
-86.75,44.25,56.5251378124812
-86.75,44.75,55.8866854970185
-86.75,45.25,54.2357213407773
-86.75,48.75,47.6370002989302
-86.75,49.25,48.1828682872748
-86.75,49.75,48.8555273086163
-86.75,50.25,44.364785341067
-86.75,52.75,38.1951077435389
-86.75,53.25,37.7779500286023
-86.75,53.75,34.1530327784298
-86.75,55.75,28.9173817713715
-86.25,15.25,28.1071123997701
-86.25,30.75,60.8348627672382
-86.25,31.25,63.7959674450703
-86.25,31.75,62.6844370485999
-86.25,33.25,60.243359108945
-86.25,33.75,60.8834447985188
-86.25,34.25,62.8730736812525
-86.25,34.75,62.0398349489717
-86.25,37.25,61.3451949415018
-86.25,39.25,62.1123126082566
-86.25,39.75,65.0257366306089
-86.25,40.25,62.4568786629144
-86.25,40.75,60.9898463116974
-86.25,42.75,58.3561507558758
-86.25,43.25,57.2247155276583
-86.25,44.25,56.1178758494083
-86.25,44.75,58.1924956429773
-86.25,45.25,55.3619534234097
-86.25,48.25,49.4054548373834
-86.25,48.75,50.9101023700126
-86.25,49.25,51.4782841547574
-86.25,49.75,50.4772056360443
-86.25,50.25,47.192524691519
-86.25,50.75,44.6269575638579
-86.25,51.25,42.7099388981626
-86.25,51.75,39.9072036985236
-86.25,52.25,38.0309258262803
-86.25,52.75,38.0730664406393
-86.25,53.25,38.6621988807816
-86.25,53.75,35.3600800295732
-85.75,10.25,22.1922874115725
-85.75,11.75,23.7491728595536
-85.75,12.25,24.5773381453496
-85.75,30.75,59.0460340437614
-85.75,31.25,63.9334267593198
-85.75,31.75,63.434867181425
-85.75,33.25,60.8687258366187
-85.75,33.75,60.6325831461592
-85.75,34.25,63.7845841960227
-85.75,34.75,64.0858992419697
-85.75,39.75,61.8430777536648
-85.75,40.25,62.5254281743388
-85.75,40.75,62.3260806941761
-85.75,42.75,59.9129645322444
-85.75,43.25,58.6735590193791
-85.75,44.75,58.2228899574313
-85.75,45.25,57.5257069763718
-85.75,48.25,49.794843730173
-85.75,48.75,51.8903490662541
-85.75,49.25,49.9553634620803
-85.75,49.75,46.9186473458791
-85.75,50.25,44.6181581525853
-85.75,50.75,43.555457936413
-85.75,51.25,42.8862223252819
-85.75,51.75,40.1175706128647
-85.75,53.25,36.3370292170243
-85.75,53.75,34.0940650161642
-85.25,10.25,22.9693869838968
-85.25,12.25,27.7154899384631
-85.25,12.75,28.7387664195648
-85.25,13.25,27.2990304135649
-85.25,30.75,58.21179813631
-85.25,31.25,60.7544321902287
-85.25,31.75,60.8072852736784
-85.25,32.25,59.6522967373442
-85.25,32.75,60.4015333892774
-85.25,33.25,60.9277622144522
-85.25,34.75,61.3145650455008
-85.25,35.25,61.3992715813707
-85.25,37.75,63.8181963250527
-85.25,38.25,63.4525949821099
-85.25,40.75,60.4199855116328
-85.25,42.75,58.0394760935805
-85.25,44.75,54.9546201692494
-85.25,45.25,56.9885676429042
-85.25,48.25,49.9542791504412
-85.25,48.75,52.4623153509089
-85.25,49.25,49.1259632474222
-85.25,49.75,45.1484621828711
-85.25,53.25,36.0688890325179
-84.75,12.25,29.6631304318482
-84.75,12.75,30.2921067812053
-84.75,13.25,30.5149229021998
-84.75,32.75,61.2996395173791
-84.75,33.25,60.6075462721146
-84.75,37.25,62.6224523811735
-84.75,37.75,66.3722473071629
-84.75,38.25,65.2958981800397
-84.75,40.75,60.5666134387511
-84.75,41.25,60.1020972820363
-84.75,45.25,54.64992862237
-84.75,45.75,53.748628748855
-84.75,47.25,51.1006557948449
-84.75,47.75,50.6206030990892
-84.75,48.25,50.0309373139979
-84.75,48.75,50.4921100624198
-84.75,49.25,47.4227536640699
-84.75,49.75,44.4511242716432
-84.75,51.25,40.6739161517917
-84.75,53.25,35.7564010881792
-84.75,54.75,33.1846511177023
-84.25,11.75,26.6482125523136
-84.25,12.25,30.4681850681076
-84.25,12.75,30.1333925953949
-84.25,30.25,58.0710301925063
-84.25,34.75,63.1053435260325
-84.25,37.25,65.0000641441912
-84.25,37.75,67.1139278320417
-84.25,38.25,65.0644445121469
-84.25,38.75,63.5585720842868
-84.25,39.25,62.8220235465545
-84.25,39.75,62.3255763523909
-84.25,40.25,61.7047826780469
-84.25,41.75,59.8508182155455
-84.25,44.75,56.3695344296307
-84.25,45.25,55.6712747257904
-84.25,45.75,54.9228562315219
-84.25,46.25,52.8212888247443
-84.25,47.25,50.0916524704679
-84.25,47.75,50.7917116764426
-84.25,50.75,42.6039499793419
-84.25,51.25,44.2466528710519
-84.25,51.75,42.1178522840184
-84.25,52.25,38.0841499074021
-84.25,52.75,37.1597020463823
-84.25,53.25,35.7627836072646
-83.75,10.25,28.1994775570268
-83.75,10.75,27.326461598396
-83.75,12.25,28.0911686479508
-83.75,32.25,62.8300267852084
-83.75,32.75,61.1056346353492
-83.75,34.25,62.1214016830806
-83.75,34.75,63.6554697249917
-83.75,37.25,62.866054519513
-83.75,37.75,65.4277981432904
-83.75,38.25,64.8500689659589
-83.75,38.75,64.6352376768625
-83.75,39.25,64.7699177104246
-83.75,39.75,63.4388424098873
-83.75,44.25,57.581120731702
-83.75,44.75,60.8767901973311
-83.75,45.25,58.19325090195
-83.75,45.75,55.0766177954181
-83.75,46.25,54.0825119618353
-83.75,46.75,52.2050944168648
-83.75,47.25,50.9781163283753
-83.75,50.25,45.6806407430638
-83.75,50.75,46.1294392694212
-83.75,51.25,46.4522419769607
-83.75,51.75,43.8845863931726
-83.75,52.25,39.1747943079922
-83.75,52.75,37.3112841805628
-83.75,53.25,36.6666013131965
-83.25,29.75,60.4739999952926
-83.25,32.25,61.2053796478013
-83.25,32.75,62.9294282467302
-83.25,33.25,61.529375637965
-83.25,34.25,62.0609287437969
-83.25,34.75,63.2260794078029
-83.25,37.25,62.1825885927349
-83.25,37.75,63.2609150815745
-83.25,38.25,62.5440934026063
-83.25,38.75,64.1504315575307
-83.25,39.25,65.1798099826725
-83.25,39.75,62.0977401033919
-83.25,43.75,56.9751783999569
-83.25,44.25,57.3654623893947
-83.25,44.75,59.0839416535585
-83.25,45.25,57.0845112516084
-83.25,45.75,54.9346315249928
-83.25,46.25,54.4657808883189
-83.25,46.75,53.016686524197
-83.25,47.25,51.4460064364702
-83.25,49.75,45.8900152865919
-83.25,50.25,48.0395474808169
-83.25,50.75,45.8245602875528
-83.25,51.25,43.1873447345469
-83.25,51.75,39.6615412098025
-83.25,53.25,36.4717708084665
-82.75,27.75,56.2104756073582
-82.75,29.25,61.1354154211959
-82.75,29.75,59.144804184485
-82.75,37.25,61.9648900421211
-82.75,38.75,64.5259737654664
-82.75,39.25,66.5753895688115
-82.75,39.75,62.1163318141261
-82.75,41.75,60.0493586715362
-82.75,43.75,58.7039594691719
-82.75,44.25,58.3486610986428
-82.75,44.75,56.8325365048045
-82.75,45.25,54.933015705775
-82.75,45.75,53.6661274544651
-82.75,46.25,52.2525540169345
-82.75,48.25,48.8775879981001
-82.75,48.75,51.2378040803604
-82.75,49.25,47.6060556640149
-82.75,49.75,45.869986711094
-82.75,50.25,46.8869676417794
-82.75,50.75,42.4385255379186
-82.25,27.25,54.3350339049347
-82.25,27.75,56.1150507182946
-82.25,28.25,59.2948647027988
-82.25,28.75,59.2359310492771
-82.25,29.25,56.9421939367862
-82.25,31.75,60.7652278005371
-82.25,35.75,63.4206693484053
-82.25,36.25,63.6357024869295
-82.25,36.75,62.2224094376059
-82.25,38.75,62.183887663406
-82.25,39.25,64.0334924815655
-82.25,39.75,63.0769120874128
-82.25,40.25,63.2331789967727
-82.25,40.75,63.7320248429641
-82.25,41.25,63.4712665369584
-82.25,41.75,63.4226315010069
-82.25,42.25,60.1775356126182
-82.25,43.75,57.2469622061739
-82.25,44.25,57.7383968029906
-82.25,45.25,54.2400182853734
-82.25,45.75,53.6576155830537
-82.25,47.75,50.8426748659406
-82.25,48.25,51.6198429282686
-82.25,48.75,48.8009925988831
-82.25,50.25,43.0661042101408
-82.25,54.75,34.9714287165746
-81.75,26.25,55.0315997982733
-81.75,26.75,55.1714050638284
-81.75,27.25,54.4224921697529
-81.75,27.75,56.2796508317972
-81.75,28.25,58.3217952027719
-81.75,28.75,57.8136079311164
-81.75,31.75,61.978012489446
-81.75,34.75,62.2169088472753
-81.75,35.75,63.6627807217359
-81.75,36.25,66.6492630083278
-81.75,36.75,64.8304656200985
-81.75,39.75,61.7007738373861
-81.75,40.25,63.4488499098332
-81.75,40.75,62.4065086948768
-81.75,41.25,61.6893524350835
-81.75,41.75,62.2166882530268
-81.75,42.25,62.3438853823818
-81.75,42.75,60.1815135383847
-81.75,43.25,57.4984068143053
-81.75,43.75,56.5878505417667
-81.75,47.75,51.2091264495394
-81.75,48.25,51.0207431994534
-81.25,25.75,54.0590497086642
-81.25,26.25,54.6143976513079
-81.25,26.75,55.493004480314
-81.25,27.25,55.4528148522192
-81.25,27.75,56.1905324592391
-81.25,28.25,58.6812106270423
-81.25,28.75,58.3521050063815
-81.25,32.75,61.0057489988397
-81.25,33.25,62.0745485829308
-81.25,33.75,63.1359346654278
-81.25,34.25,64.3512042916831
-81.25,34.75,64.8017333757109
-81.25,36.25,63.2515942571629
-81.25,36.75,63.6817166449344
-81.25,41.75,60.6715305567886
-81.25,42.25,64.6006725436858
-81.25,42.75,64.7811857017356
-81.25,43.25,60.7146732837052
-81.25,44.75,56.2782643037894
-81.25,47.25,53.2543942141073
-81.25,47.75,52.1392374639078
-81.25,48.25,47.9396602514368
-81.25,49.25,46.7304957581129
-81.25,49.75,45.8985906504812
-81.25,51.25,41.2152245872259
-80.75,-6.25,35.2106094117357
-80.75,-5.75,37.1588115097244
-80.75,-5.25,35.5017762369529
-80.75,22.75,47.2244424939451
-80.75,25.25,57.0233186422389
-80.75,25.75,56.2125509667368
-80.75,26.25,54.2930088183066
-80.75,26.75,55.9013921333564
-80.75,27.25,54.4886606014894
-80.75,28.25,57.4222255959187
-80.75,28.75,57.8477299154289
-80.75,32.25,62.8733964386099
-80.75,32.75,63.4868771395768
-80.75,33.25,62.8605498893156
-80.75,33.75,64.2595313404271
-80.75,34.25,64.6351395882604
-80.75,34.75,64.9619857551434
-80.75,35.25,61.9986624188646
-80.75,37.25,64.3114582623106
-80.75,37.75,64.2627729536048
-80.75,42.25,61.9005573516095
-80.75,42.75,60.2900491686231
-80.75,44.25,56.8899703594827
-80.75,44.75,59.5876900307604
-80.75,45.25,54.7040128522277
-80.75,46.75,54.0350875082634
-80.75,47.25,54.2341686531137
-80.75,47.75,50.6659458675403
-80.75,49.25,48.0502278746326
-80.75,49.75,47.1329069904189
-80.75,51.75,39.3965914779359
-80.75,52.75,36.9346244312557
-80.25,-6.25,38.7816800254749
-80.25,-5.75,38.8366833029434
-80.25,-5.25,35.8998249395753
-80.25,-4.25,34.7809956906112
-80.25,-3.75,37.8557425397969
-80.25,22.75,49.6981493475854
-80.25,25.75,54.3054219059134
-80.25,26.25,53.8726473817732
-80.25,26.75,55.5172481202645
-80.25,32.75,63.2100457011713
-80.25,33.25,61.509992443196
-80.25,33.75,62.4439482440437
-80.25,34.25,63.4941472293531
-80.25,34.75,65.0902570285265
-80.25,35.25,63.3252081009166
-80.25,37.25,65.0203031161914
-80.25,37.75,66.1062967908936
-80.25,38.25,63.1706244091635
-80.25,39.75,60.8736829811365
-80.25,40.25,60.9050491911055
-80.25,44.25,60.0933054335967
-80.25,44.75,58.6524835510967
-80.25,46.25,52.8265392550141
-80.25,46.75,52.5837337104643
-80.25,49.25,47.7999875926944
-80.25,49.75,47.6687463581515
-80.25,50.25,43.186424891477
-79.75,-6.75,36.8788101489313
-79.75,-6.25,38.8757259810928
-79.75,-5.75,36.9290131652014
-79.75,-4.25,36.259416873256
-79.75,-3.75,39.4551282063063
-79.75,-3.25,39.2289553675539
-79.75,19.75,44.0117400860138
-79.75,22.25,46.2221531274626
-79.75,22.75,47.8148842830006
-79.75,33.25,62.3766349604292
-79.75,33.75,65.3262185567164
-79.75,34.25,64.7514753820815
-79.75,36.25,62.2975518778388
-79.75,37.25,61.94667393681
-79.75,37.75,63.143736441913
-79.75,38.25,62.3202073284171
-79.75,39.75,61.9972120080005
-79.75,40.25,62.0833434944664
-79.75,40.75,61.0963887313944
-79.75,43.25,57.6628389985973
-79.75,43.75,57.6080958191328
-79.75,44.25,58.9999124807046
-79.75,44.75,56.8274888391701
-79.75,45.25,54.1684760025328
-79.75,45.75,53.863718406846
-79.75,46.25,53.6911244746022
-79.75,61.75,17.4946846518536
-79.75,62.25,17.3628857224971
-79.25,-6.75,38.0491645829275
-79.25,-6.25,41.7893598421249
-79.25,-5.75,41.2527027996456
-79.25,-3.75,38.4996559889797
-79.25,-3.25,40.2116380754482
-79.25,-1.25,37.076080518757
-79.25,-0.75,37.9330986483953
-79.25,-0.25,36.8490046717365
-79.25,21.75,49.2709397402088
-79.25,22.25,51.3856835024529
-79.25,33.75,66.7668260439872
-79.25,34.25,63.7537126056157
-79.25,36.25,64.6327627550446
-79.25,36.75,62.0958689415512
-79.25,37.25,63.0274609074365
-79.25,37.75,63.3033350525983
-79.25,38.25,62.9692636650701
-79.25,38.75,61.8714558589106
-79.25,39.75,61.104257501605
-79.25,40.25,62.5937903719795
-79.25,40.75,63.073505443305
-79.25,41.25,60.9374157079617
-79.25,42.75,60.1630305226066
-79.25,43.25,60.0890168563559
-79.25,43.75,57.6689969406803
-79.25,44.25,57.7025763923352
-79.25,44.75,56.8838368482082
-79.25,45.25,54.5017386390994
-78.75,-8.75,42.843928729467
-78.75,-8.25,44.1999067750058
-78.75,-7.75,41.2745590148601
-78.75,-6.25,43.4501146450987
-78.75,-5.75,43.221653345473
-78.75,-5.25,38.6698711185388
-78.75,-3.25,39.7474906187352
-78.75,-2.75,37.7276961057877
-78.75,-1.25,37.4301847723438
-78.75,-0.75,39.9536918341428
-78.75,-0.25,40.5526501505854
-78.75,0.25,39.404334221539
-78.75,21.75,48.7503170792633
-78.75,22.25,50.1136808721117
-78.75,34.25,61.5399085454073
-78.75,35.75,65.7714310403949
-78.75,36.25,67.2869249119916
-78.75,36.75,65.4457928238979
-78.75,37.25,66.6489444201713
-78.75,37.75,65.8044009816817
-78.75,38.25,63.4833222272206
-78.75,38.75,62.4451739305119
-78.75,39.25,62.1145378245902
-78.75,39.75,62.3170737323714
-78.75,40.25,61.7520477472461
-78.75,40.75,60.6952197370696
-78.75,42.75,59.3842422840183
-78.75,43.25,59.6075359953593
-78.75,43.75,58.2409457171886
-78.75,44.25,57.9005197261483
-78.75,44.75,57.6224394390498
-78.75,45.25,54.356553936877
-78.75,47.25,51.2833381427025
-78.75,47.75,50.9122885142274
-78.75,48.25,48.1947753735794
-78.75,53.25,37.4765891233456
-78.75,53.75,38.4286610145214
-78.75,54.25,34.0212997775252
-78.25,-8.25,45.4440506732794
-78.25,-7.75,44.4092711973258
-78.25,-6.25,40.8005828036343
-78.25,-5.75,43.191305669551
-78.25,-3.75,39.0635765578935
-78.25,-3.25,41.6304623330302
-78.25,-2.75,41.70502076886
-78.25,-2.25,38.9297035742722
-78.25,-0.75,38.799025035703
-78.25,-0.25,38.5518328811677
-78.25,0.25,37.5986053835239
-78.25,2.25,36.5671415848783
-78.25,21.25,46.7650500694082
-78.25,21.75,47.4442498305131
-78.25,24.75,54.1595417485001
-78.25,34.25,63.6747834034096
-78.25,34.75,64.1771805598591
-78.25,35.25,65.5675500490996
-78.25,35.75,68.6742671728864
-78.25,36.25,68.6014581490884
-78.25,36.75,65.3261981238146
-78.25,37.25,65.0018970590782
-78.25,37.75,65.0678783625411
-78.25,38.25,62.2612464399268
-78.25,38.75,61.9789676737287
-78.25,39.25,64.3722027331203
-78.25,39.75,64.4986810035513
-78.25,40.25,63.4237020856854
-78.25,40.75,62.9344588887277
-78.25,41.25,61.7801078482587
-78.25,41.75,58.9197219588881
-78.25,44.25,56.88406155843
-78.25,44.75,56.9103081899192
-78.25,45.25,54.390690587907
-78.25,45.75,53.878367254982
-78.25,46.25,52.9496517968958
-78.25,46.75,51.3807345260177
-78.25,47.25,52.6082171453806
-78.25,47.75,51.4994911940513
-78.25,48.25,49.2549063028762
-78.25,51.25,42.1070215513085
-78.25,53.25,38.0031694132242
-78.25,53.75,37.5211144527404
-78.25,54.25,33.9691414838267
-78.25,58.75,22.723677854073
-77.75,-8.25,43.4588284973524
-77.75,-7.75,43.0308491901623
-77.75,-3.25,41.0871927553048
-77.75,-2.75,40.8172714027911
-77.75,-2.25,39.662031700903
-77.75,2.75,37.3416587050893
-77.75,7.25,38.136008076994
-77.75,34.75,64.6408083775992
-77.75,35.25,63.7741476150294
-77.75,35.75,65.8513112205856
-77.75,36.25,67.6042089713194
-77.75,36.75,63.6131239267725
-77.75,38.75,63.4879743216113
-77.75,39.25,65.6194793799811
-77.75,39.75,64.8502683415316
-77.75,40.25,64.2706452450732
-77.75,40.75,64.9204656046512
-77.75,41.25,64.6588338904321
-77.75,41.75,61.4692410765081
-77.75,42.25,58.0027121641684
-77.75,45.75,54.0778427140696
-77.75,46.25,53.4490932933578
-77.75,47.25,50.0237793917744
-77.75,47.75,49.4308955660736
-77.75,48.25,49.8029289495124
-77.75,48.75,49.1225334694834
-77.75,49.25,44.9871472466878
-77.75,53.25,37.2934714841081
-77.25,-11.25,44.9911532961161
-77.25,-7.25,43.2748205421741
-77.25,-6.75,43.8595610694298
-77.25,-5.25,43.907484691788
-77.25,-4.75,43.2845234490474
-77.25,-0.75,41.6640124053053
-77.25,0.75,39.9667233792443
-77.25,2.75,38.923460270644
-77.25,3.25,42.4493316681683
-77.25,4.25,38.2213867822473
-77.25,18.25,44.4271856470217
-77.25,36.25,64.5421674152172
-77.25,36.75,62.2389978495429
-77.25,38.75,63.0616368035829
-77.25,39.25,63.1072637279123
-77.25,39.75,61.6175146681464
-77.25,40.25,61.0751484730513
-77.25,40.75,61.5507099918729
-77.25,41.25,64.2780481358114
-77.25,41.75,64.0817967601947
-77.25,42.25,60.3847942361173
-77.25,42.75,57.7457912102478
-77.25,43.25,57.1030844629915
-77.25,46.25,52.0069618876585
-77.25,47.75,48.6400030241269
-77.25,48.25,51.1864119961645
-77.25,48.75,51.4717956332991
-77.25,49.25,46.0546470162273
-77.25,52.75,37.8057920665555
-77.25,53.25,35.961014648132
-77.25,58.25,25.2575782720444
-76.75,-5.25,43.6941417200402
-76.75,-4.75,44.6738067190077
-76.75,-4.25,44.747988306094
-76.75,-3.25,42.879174359857
-76.75,-2.75,43.6822639374321
-76.75,-2.25,41.673128721163
-76.75,0.25,40.5216461321908
-76.75,3.25,39.6824145813999
-76.75,3.75,41.5410774672842
-76.75,4.25,39.6340969743946
-76.75,18.25,43.3869300097293
-76.75,38.75,61.2048958093936
-76.75,40.75,62.208886079876
-76.75,41.25,65.7296768548303
-76.75,41.75,64.6996381638817
-76.75,42.25,59.5264825611778
-76.75,46.25,53.4884332573023
-76.75,46.75,50.5153971132135
-76.75,47.25,49.7036450902074
-76.75,47.75,50.4953737454029
-76.75,48.25,50.3143297873131
-76.75,48.75,49.6000185683001
-76.75,49.25,47.0677811359467
-76.75,52.25,38.5055830830918
-76.75,52.75,40.1427132475579
-76.75,53.25,35.7856450855833
-76.75,55.75,28.7329876121902
-76.75,57.75,24.0385461955321
-76.75,58.25,23.0895897555894
-76.75,59.75,21.5739114213072
-76.75,60.25,19.433827744753
-76.25,-4.75,45.1902854533044
-76.25,-4.25,46.7973349302194
-76.25,-3.75,45.4458587256092
-76.25,-3.25,45.559340437317
-76.25,-2.75,46.4189401792089
-76.25,-2.25,45.9017931038653
-76.25,-1.75,42.3872508812824
-76.25,40.75,64.5511767787258
-76.25,41.25,65.5375070639741
-76.25,41.75,59.9772668929796
-76.25,43.75,55.6046646708562
-76.25,45.75,53.8921049189281
-76.25,46.25,55.2418325340047
-76.25,46.75,52.2347383263534
-76.25,47.25,51.0187072811543
-76.25,47.75,49.3546566705191
-76.25,49.25,47.8478369892722
-76.25,49.75,46.1507498179101
-76.25,50.25,43.193133921135
-76.25,52.75,36.8721010610062
-76.25,56.25,28.9476288800918
-76.25,56.75,27.7389424488763
-76.25,59.75,21.5363498017779
-75.75,-14.25,48.702762812533
-75.75,-2.25,46.7748083571308
-75.75,-1.75,45.5172498441573
-75.75,6.25,42.0918861946159
-75.75,6.75,42.0975367101906
-75.75,37.75,62.5427916006481
-75.75,38.25,61.3805913462848
-75.75,38.75,61.0061740094933
-75.75,40.75,60.6683936332664
-75.75,41.25,59.67253315584
-75.75,43.25,56.9519891402106
-75.75,43.75,56.8246716215475
-75.75,44.75,53.9332146516182
-75.75,45.25,54.417794721475
-75.75,45.75,54.7229566143738
-75.75,46.25,51.8424428184821
-75.75,46.75,50.7825560348556
-75.75,47.25,50.2879887421155
-75.75,49.25,44.7018230832045
-75.75,49.75,45.6579125122987
-75.75,50.25,45.1435875234404
-75.75,50.75,41.7805864029783
-75.75,58.25,24.503847513477
-75.75,58.75,22.7193196769368
-75.25,-1.75,44.8640633635889
-75.25,-0.25,43.8269524515809
-75.25,6.25,41.5103702143914
-75.25,6.75,41.7461007238956
-75.25,38.25,62.3010913319376
-75.25,40.25,59.1830729305203
-75.25,42.25,57.2936917549518
-75.25,42.75,56.5747456816177
-75.25,43.25,57.241513397541
-75.25,43.75,58.3215130680945
-75.25,44.25,55.7142272365666
-75.25,44.75,55.6771970252543
-75.25,45.25,55.0624428296443
-75.25,45.75,52.4797302989389
-75.25,46.75,49.7492916079294
-75.25,47.25,49.4688653794475
-75.25,53.75,34.6796923433808
-75.25,54.25,33.3329063733665
-75.25,58.25,23.5438286902987
-75.25,58.75,21.7421387555766
-75.25,60.75,19.8345874055837
-75.25,61.25,18.2780388916479
-74.75,-50.75,21.0243250984937
-74.75,-15.25,51.6801383517689
-74.75,-14.75,50.4943026352492
-74.75,-4.25,46.0491586945752
-74.75,-0.25,45.047217019444
-74.75,9.75,40.6942850194664
-74.75,10.25,41.0655621123488
-74.75,10.75,41.4876916227464
-74.75,39.75,61.1621542850129
-74.75,40.25,62.7448831238411
-74.75,40.75,60.6910884957711
-74.75,41.25,60.0108689133447
-74.75,41.75,60.860206603759
-74.75,42.25,61.5181697686742
-74.75,42.75,60.2977490297499
-74.75,43.25,58.895962749065
-74.75,43.75,60.605166322557
-74.75,44.25,58.0704996961581
-74.75,44.75,53.802368741707
-74.75,46.25,51.6998832429385
-74.75,46.75,50.9067516597833
-74.75,47.25,48.8189243911793
-74.75,47.75,48.9588246930809
-74.75,48.25,48.2255048689704
-74.75,53.75,33.195727938398
-74.75,54.25,32.71678807183
-74.75,55.25,30.0989350194002
-74.75,55.75,29.5054693778613
-74.75,60.75,18.5248588818682
-74.25,-50.75,21.3404327221885
-74.25,-50.25,19.5068756068807
-74.25,-44.75,27.3125463038493
-74.25,-12.75,51.1013990810052
-74.25,-12.25,55.1227961935488
-74.25,-11.75,53.7186359376965
-74.25,-11.25,50.579217433103
-74.25,-4.25,47.1122332910432
-74.25,-3.75,46.6953242580393
-74.25,-3.25,46.5279283645981
-74.25,9.75,42.7234430748518
-74.25,10.25,41.5985461428797
-74.25,22.75,50.7371864154318
-74.25,40.25,63.1266589247566
-74.25,40.75,62.2350108813754
-74.25,41.25,57.8495683445739
-74.25,41.75,57.7317253072619
-74.25,42.25,62.3206567198368
-74.25,42.75,62.764406518587
-74.25,43.25,61.3469368840964
-74.25,43.75,61.2948729058031
-74.25,44.25,57.4157785540552
-74.25,45.75,52.7767028377032
-74.25,46.25,55.7983883127452
-74.25,46.75,52.0383365454756
-74.25,47.25,48.2188791089926
-74.25,47.75,50.7183948979832
-74.25,48.25,51.3035554889582
-74.25,48.75,45.9737593059371
-74.25,54.25,33.299839366817
-74.25,54.75,32.5283366079842
-74.25,55.25,31.9192082829049
-74.25,55.75,30.7773974000077
-74.25,56.25,26.8374799763921
-74.25,62.25,18.6499197076444
-73.75,-51.25,18.8431626997012
-73.75,-42.75,30.0738395849957
-73.75,-42.25,31.5858533134653
-73.75,-12.75,54.1345622210946
-73.75,-12.25,56.6858886153417
-73.75,-11.75,56.4824945501487
-73.75,-11.25,52.7160781194678
-73.75,-9.25,49.8740843545978
-73.75,-3.25,48.8013075333834
-73.75,-2.75,50.5595123822576
-73.75,-2.25,48.4234185125919
-73.75,-1.75,45.9893395926288
-73.75,3.75,45.8480826919826
-73.75,4.25,44.4702543988092
-73.75,8.75,42.4868598130213
-73.75,9.25,41.5443404769711
-73.75,40.75,58.9250307018513
-73.75,42.25,62.4685887542981
-73.75,42.75,62.4514315347491
-73.75,43.25,58.5128011328694
-73.75,43.75,57.6211849354582
-73.75,44.25,55.7957576383768
-73.75,45.75,52.813703886808
-73.75,46.25,55.4698146430185
-73.75,46.75,49.6062653212621
-73.75,47.75,50.1337952657805
-73.75,48.25,51.2044224155709
-73.75,48.75,45.6107769156874
-73.75,53.75,33.0832394982956
-73.75,54.25,33.7286318334818
-73.75,54.75,34.4062289421501
-73.75,55.25,31.6498873404071
-73.75,55.75,28.8174825986533
-73.75,56.25,27.0518652360463
-73.75,57.25,24.6867054841243
-73.25,-38.75,39.5320133767189
-73.25,-13.25,52.1200740308349
-73.25,-12.75,56.4351133341953
-73.25,-12.25,57.3078009922296
-73.25,-11.75,56.2590476154516
-73.25,-11.25,54.8915154967568
-73.25,-10.75,52.466687162348
-73.25,-6.75,50.4866826014195
-73.25,-6.25,49.0632964773341
-73.25,-3.25,48.7016661980473
-73.25,-2.75,49.8477605999722
-73.25,-2.25,50.4597730070715
-73.25,-1.75,51.1193012672315
-73.25,-1.25,49.7023614113983
-73.25,-0.75,45.8684133941749
-73.25,3.75,47.6448103851192
-73.25,4.25,46.904221662941
-73.25,19.75,45.5079405999593
-73.25,41.75,58.5654233398486
-73.25,42.25,59.3556049655693
-73.25,42.75,58.5717637455436
-73.25,43.25,55.1082909597552
-73.25,44.25,54.0991759728257
-73.25,44.75,54.110421724342
-73.25,46.25,53.0321483791779
-73.25,46.75,49.6391024058242
-73.25,47.75,46.7118381912439
-73.25,48.25,47.8026259643943
-73.25,48.75,45.7922773928468
-73.25,55.75,28.3317334538621
-73.25,56.25,29.4405950587828
-73.25,56.75,28.2017760729793
-73.25,57.25,27.8187014959272
-73.25,57.75,26.8319637689292
-72.75,-44.25,31.108248109638
-72.75,-43.75,31.1260562384307
-72.75,-42.25,32.7731839686902
-72.75,-16.25,54.7443579755169
-72.75,-15.75,55.6084456673593
-72.75,-15.25,55.6021930929786
-72.75,-14.75,54.3612179670436
-72.75,-12.75,54.3010649310867
-72.75,-12.25,53.9980348449863
-72.75,-11.75,53.7561436968238
-72.75,-11.25,55.3408866007557
-72.75,-10.75,55.2965261259761
-72.75,-10.25,54.6814713226139
-72.75,-9.75,53.5407146721181
-72.75,-6.75,50.008149256672
-72.75,-6.25,51.2135866881466
-72.75,-5.75,50.1511893501842
-72.75,-4.75,48.9202591122825
-72.75,-2.25,47.3640223953362
-72.75,-1.75,50.7228320549099
-72.75,-1.25,49.9291273828059
-72.75,-0.75,45.9109708550388
-72.75,1.75,45.4913868955722
-72.75,3.75,45.3263023307146
-72.75,4.25,45.4319973218707
-72.75,41.75,58.1302029220643
-72.75,42.25,57.0434219544222
-72.75,42.75,59.5161844773369
-72.75,43.25,57.6410747961008
-72.75,44.25,53.5819344111184
-72.75,44.75,55.3987290643292
-72.75,45.25,51.3608066437475
-72.75,46.75,51.3102007912498
-72.75,47.25,47.6211017425836
-72.75,48.25,45.8741641146067
-72.75,48.75,45.9207040185699
-72.75,49.25,43.1404525878741
-72.75,52.25,37.9705913383159
-72.75,52.75,35.8763271252336
-72.75,55.75,28.6156951813621
-72.75,56.25,28.6068119149979
-72.75,56.75,26.5142725341676
-72.75,57.25,25.5146296742097
-72.75,57.75,24.4734455387139
-72.25,-47.75,24.6561957626273
-72.25,-47.25,25.436126808141
-72.25,-44.25,32.0600334568375
-72.25,-43.75,31.0286806368891
-72.25,-35.25,46.2356794799308
-72.25,-16.25,54.0503291571965
-72.25,-15.75,53.8535693408533
-72.25,-10.25,53.1173074318837
-72.25,-9.75,54.2960946928092
-72.25,-6.25,52.3148921187348
-72.25,-5.75,54.3478063852895
-72.25,-5.25,49.8240007585591
-72.25,1.25,47.5434727502434
-72.25,1.75,48.4851628808407
-72.25,2.25,46.2778154478679
-72.25,2.75,44.4476168970768
-72.25,4.25,44.0096512081423
-72.25,4.75,44.037329962872
-72.25,5.25,44.7974815260947
-72.25,5.75,43.2173581533844
-72.25,6.75,42.9085649528194
-72.25,7.25,45.0261898803024
-72.25,7.75,45.8676604363721
-72.25,8.25,43.9154628359207
-72.25,11.25,42.4951113564663
-72.25,11.75,42.9595096633934
-72.25,41.75,57.8956863267886
-72.25,42.25,57.2993118050958
-72.25,42.75,58.3158075729245
-72.25,43.25,57.2097754399658
-72.25,43.75,55.3936082505266
-72.25,44.25,54.3043351568923
-72.25,44.75,53.906606384516
-72.25,45.25,51.3039819785693
-72.25,46.25,50.60806500589
-72.25,46.75,48.4289792323776
-72.25,48.25,45.5604695769985
-72.25,48.75,45.440015256356
-72.25,51.25,40.01722019131
-72.25,51.75,40.2059228625604
-72.25,52.25,40.2504887468124
-72.25,52.75,36.7483713299602
-72.25,54.75,29.8918991195638
-72.25,55.25,29.2907185627839
-72.25,55.75,28.2595283870975
-71.75,-48.25,24.2304460326013
-71.75,-47.75,25.5200474098574
-71.75,-47.25,26.1967508526076
-71.75,-46.75,26.2754151058917
-71.75,-46.25,27.2331297222052
-71.75,-44.75,28.6334895210555
-71.75,-44.25,29.5203981171394
-71.75,-34.75,46.2373068173144
-71.75,-34.25,49.0536335033102
-71.75,-33.75,47.1997852342124
-71.75,-12.75,53.3594703614311
-71.75,-9.75,52.2055205259894
-71.75,-6.25,52.0015691977845
-71.75,-5.75,54.6943025119221
-71.75,-5.25,50.0973469870013
-71.75,1.25,49.2343485890144
-71.75,1.75,47.2100270330848
-71.75,2.25,45.3493004221003
-71.75,2.75,48.5791904440903
-71.75,3.25,48.3854333488122
-71.75,3.75,46.260737798832
-71.75,4.25,45.3669014993666
-71.75,4.75,45.7817421679609
-71.75,5.25,45.2068647792408
-71.75,6.75,45.4875008428989
-71.75,7.25,46.718591109122
-71.75,7.75,46.611065609547
-71.75,8.25,45.090004747068
-71.75,11.75,43.4568194116104
-71.75,18.25,44.0075424939156
-71.75,18.75,46.7070005214702
-71.75,19.25,46.0580840596181
-71.75,42.25,55.2822682655648
-71.75,42.75,55.6749817008387
-71.75,43.25,54.3250592528748
-71.75,43.75,53.7604168929873
-71.75,44.25,53.4936727302925
-71.75,45.75,51.6971091994624
-71.75,46.25,50.3438535895304
-71.75,48.25,45.6128815656927
-71.75,48.75,47.5955214941456
-71.75,49.25,43.9670870637466
-71.75,51.25,38.3081150763303
-71.75,51.75,39.0411871565148
-71.75,52.25,37.334429848071
-71.75,52.75,34.8355437313644
-71.75,53.25,33.7783062967983
-71.75,60.75,18.0785441974646
-71.25,-47.75,24.1098709629127
-71.25,-46.75,25.6736903882444
-71.25,-46.25,26.5886042794782
-71.25,-34.25,48.1523783507703
-71.25,-33.75,46.6905258816056
-71.25,-31.75,49.2219268869101
-71.25,-31.25,51.7447978882363
-71.25,-30.75,50.5329737389655
-71.25,-12.75,55.0701741090525
-71.25,-12.25,54.5402461415997
-71.25,-5.75,53.4216509938447
-71.25,-5.25,50.2035730843607
-71.25,-0.75,46.4427470632954
-71.25,-0.25,47.06378711468
-71.25,1.25,46.9286225906695
-71.25,1.75,45.7012550766385
-71.25,2.25,44.5054136281722
-71.25,2.75,48.4552004321951
-71.25,3.25,48.3430144054521
-71.25,3.75,47.6122230810981
-71.25,4.25,46.7074798458489
-71.25,4.75,46.6498586985344
-71.25,5.25,43.3746187064592
-71.25,6.75,43.8247891221475
-71.25,7.25,44.866161240279
-71.25,7.75,43.2309102945611
-71.25,18.25,47.144792537066
-71.25,18.75,48.9055853673979
-71.25,19.25,49.3117569907578
-71.25,19.75,45.4314599299659
-71.25,42.75,58.9795478529993
-71.25,43.25,57.6336801587349
-71.25,45.75,50.8234434219941
-71.25,46.25,49.2949933955689
-71.25,48.25,46.1853638088507
-71.25,48.75,48.630545956027
-71.25,49.25,43.9832478165341
-71.25,50.25,40.7842496607827
-71.25,55.75,27.1676288545012
-71.25,59.75,20.6344099096264
-71.25,60.25,18.6602597534457
-71.25,63.25,14.4889903289343
-70.75,-32.25,50.7224226335569
-70.75,-31.75,51.6414350816196
-70.75,-31.25,54.9139952521541
-70.75,-30.75,54.4814717097373
-70.75,-30.25,52.8274842383995
-70.75,-29.75,54.4358543956899
-70.75,-27.25,54.3516804232518
-70.75,-26.75,57.0596648171452
-70.75,-14.75,58.0140683196759
-70.75,-14.25,57.2889888817681
-70.75,-13.75,54.7304249964484
-70.75,-12.75,54.8325727848924
-70.75,-12.25,55.4822902438845
-70.75,-11.75,54.2369851519454
-70.75,-11.25,52.8017507796073
-70.75,-7.25,50.5132282868762
-70.75,-5.75,51.0600083739563
-70.75,-5.25,49.5688132211374
-70.75,-0.75,46.5840752402797
-70.75,-0.25,47.7858079321963
-70.75,0.25,47.2623116367245
-70.75,1.75,45.8555958792694
-70.75,2.25,45.5221338271554
-70.75,2.75,46.1906226689125
-70.75,3.25,45.8911481762423
-70.75,3.75,43.6376448044703
-70.75,4.25,46.0540142851308
-70.75,4.75,46.4537456916611
-70.75,9.25,42.5043622053937
-70.75,18.75,48.640448409153
-70.75,19.25,49.0363095641039
-70.75,19.75,46.1651314133095
-70.75,43.25,59.6204481313492
-70.75,47.75,45.7691726185733
-70.75,48.25,47.6886888301858
-70.75,48.75,46.8353373085152
-70.75,49.25,42.2144002554246
-70.75,50.25,40.7819616169763
-70.75,50.75,41.2380915152876
-70.75,54.75,30.7560379502391
-70.75,55.25,28.6290577029848
-70.75,55.75,28.7907004143246
-70.75,56.25,26.8411444171228
-70.75,59.25,20.567845216498
-70.75,59.75,22.0646197600341
-70.75,62.75,15.4524920732565
-70.75,63.25,17.0774640315286
-70.25,-32.25,51.2325842485329
-70.25,-31.25,50.7165699784305
-70.25,-30.75,52.9200127768072
-70.25,-30.25,55.1087430221153
-70.25,-29.75,57.0454145201392
-70.25,-29.25,55.651707323941
-70.25,-26.75,55.4418511313902
-70.25,-24.75,58.4389176329446
-70.25,-24.25,56.7599624370505
-70.25,-23.25,55.5575015869779
-70.25,-22.75,56.767083884591
-70.25,-15.25,57.2493932203557
-70.25,-14.75,60.41339013478
-70.25,-14.25,60.190846532178
-70.25,-13.75,57.950689704703
-70.25,-13.25,54.4755554354925
-70.25,-12.75,53.6503182109334
-70.25,-12.25,55.5812536679995
-70.25,-11.75,55.5045789370361
-70.25,-9.25,54.8745936729338
-70.25,-8.75,53.0422147653894
-70.25,-8.25,51.9761944361454
-70.25,-7.75,53.7116948029511
-70.25,-7.25,54.2159895026648
-70.25,-6.75,51.5568130765493
-70.25,-2.75,47.3987616035084
-70.25,-1.25,46.8818551617647
-70.25,-0.75,48.3319206420249
-70.25,-0.25,46.8118074064297
-70.25,2.25,47.4100680358352
-70.25,2.75,47.9112484433097
-70.25,3.25,44.1531253857449
-70.25,4.25,43.4506411826348
-70.25,4.75,44.9436786944555
-70.25,18.25,45.4534117699579
-70.25,18.75,45.1603495808822
-70.25,43.75,52.4566227899744
-70.25,46.25,49.7346078041991
-70.25,46.75,47.9443658289477
-70.25,47.25,46.1097351714509
-70.25,47.75,47.7535278442157
-70.25,48.25,46.7378721308943
-70.25,49.25,41.8042438773617
-70.25,49.75,42.9102706534789
-70.25,50.25,41.3288028095256
-70.25,50.75,40.3382161450828
-70.25,51.25,37.8618380483628
-70.25,54.25,30.0333067869222
-70.25,54.75,31.8197280676502
-70.25,55.25,29.0083230820142
-70.25,55.75,29.2088811506351
-70.25,56.25,28.7873278300371
-70.25,57.75,23.4865132981739
-70.25,58.25,22.4932180375082
-70.25,59.25,21.5354688854296
-70.25,59.75,21.8719446885559
-70.25,63.25,14.8738975795022
-69.75,-36.75,43.8024967632803
-69.75,-36.25,45.8088644457429
-69.75,-34.75,46.4640172443483
-69.75,-34.25,47.988851092894
-69.75,-29.75,52.9387424308313
-69.75,-29.25,54.1448526285693
-69.75,-27.75,54.4206012624954
-69.75,-27.25,55.8268938961224
-69.75,-26.75,56.8446847541012
-69.75,-24.25,55.4988848816068
-69.75,-23.75,56.3447450360039
-69.75,-23.25,56.8063097659638
-69.75,-22.75,56.9795055035882
-69.75,-22.25,58.2960530573671
-69.75,-21.75,57.6078422515469
-69.75,-20.25,57.0267777878793
-69.75,-19.75,57.1102878043419
-69.75,-17.25,55.5879263188614
-69.75,-16.75,60.7279306258848
-69.75,-16.25,61.1288402199636
-69.75,-15.75,58.8094414781417
-69.75,-15.25,56.9169188630221
-69.75,-14.75,58.293004606154
-69.75,-14.25,59.1685624110939
-69.75,-13.75,57.2422640157277
-69.75,-13.25,53.9278935641363
-69.75,-12.25,56.5346321101495
-69.75,-11.75,56.5086787016741
-69.75,-11.25,52.9804950794371
-69.75,-9.25,55.7492056134409
-69.75,-8.75,54.6867142876995
-69.75,-8.25,55.2545761838094
-69.75,-7.75,56.0827303962995
-69.75,-7.25,55.7008243967221
-69.75,-6.75,53.8278659675737
-69.75,-3.75,49.1762617963104
-69.75,-3.25,51.9475341159885
-69.75,-2.75,52.0986256769032
-69.75,-2.25,49.3973588060093
-69.75,-1.25,47.733953339077
-69.75,-0.75,49.306111176044
-69.75,2.25,46.0850885921405
-69.75,2.75,47.9359420223754
-69.75,3.25,44.8748554016595
-69.75,9.25,42.715052483397
-69.75,9.75,41.7389795072056
-69.75,44.25,53.3047472989355
-69.75,45.75,48.7224754167536
-69.75,46.25,50.7615922064125
-69.75,46.75,48.3255456784258
-69.75,47.25,46.0151180112324
-69.75,49.25,41.6207143476046
-69.75,49.75,44.5212509388735
-69.75,50.25,39.6238799547922
-69.75,51.25,37.2500012809131
-69.75,51.75,35.9484847645324
-69.75,55.75,28.6348347387882
-69.75,56.25,29.6427009754608
-69.75,56.75,25.8170450913688
-69.25,-45.25,31.894604948146
-69.25,-44.75,33.0569011099507
-69.25,-44.25,31.087658416042
-69.25,-42.25,35.0746136413143
-69.25,-40.25,40.1578552710375
-69.25,-34.25,47.7323134713831
-69.25,-27.75,56.2242798439527
-69.25,-27.25,58.5248021428275
-69.25,-26.75,57.7978537374411
-69.25,-26.25,55.6302878855291
-69.25,-23.75,58.7888420305464
-69.25,-23.25,57.7877621528012
-69.25,-22.75,56.6887883797668
-69.25,-22.25,57.7066121485087
-69.25,-21.75,57.7253976333052
-69.25,-20.25,58.3363805768436
-69.25,-19.75,57.3926358001353
-69.25,-17.25,56.6804799373008
-69.25,-16.75,61.3934401255327
-69.25,-16.25,61.2057011222502
-69.25,-15.75,60.9998986617757
-69.25,-15.25,56.9118419349252
-69.25,-14.75,55.1366662394087
-69.25,-14.25,56.2653170041018
-69.25,-13.75,55.4072748579291
-69.25,-12.25,55.2114727931649
-69.25,-11.75,55.051254840804
-69.25,-11.25,53.8728241538161
-69.25,-9.25,52.6403612681278
-69.25,-8.75,53.8058630063079
-69.25,-8.25,54.5815970876322
-69.25,-7.75,55.8720006581372
-69.25,-7.25,55.4743903406921
-69.25,-6.75,52.6411532518172
-69.25,-4.25,48.4513786461226
-69.25,-3.75,48.4875310244846
-69.25,-3.25,49.8685809568249
-69.25,-2.75,49.9417806084439
-69.25,-0.75,45.4431388893872
-69.25,8.75,41.7490272742283
-69.25,9.25,41.6389300934189
-69.25,9.75,41.1458795680155
-69.25,19.25,43.3755600328868
-69.25,44.25,53.5401025034158
-69.25,45.75,49.4255967516988
-69.25,46.25,50.5798969310191
-69.25,46.75,48.1063225807261
-69.25,47.25,45.2397325665099
-69.25,49.25,43.6144697755564
-69.25,49.75,41.7502073629495
-69.25,51.25,36.8223102166666
-69.25,55.75,27.8899470549247
-69.25,56.25,26.227104765561
-68.75,-44.75,32.5201041453393
-68.75,-44.25,33.4320153810124
-68.75,-42.25,34.7588110651738
-68.75,-40.75,38.8223214419351
-68.75,-40.25,41.0615098612311
-68.75,-39.75,40.8781129650207
-68.75,-30.75,52.3240454893381
-68.75,-27.25,56.7990319126846
-68.75,-25.75,56.2027570578126
-68.75,-23.75,59.7607383745042
-68.75,-23.25,59.7203275168333
-68.75,-22.75,57.7838224231302
-68.75,-22.25,58.2259042097322
-68.75,-21.75,58.4412557646593
-68.75,-21.25,57.0063962309442
-68.75,-20.75,57.9881317379974
-68.75,-20.25,61.7372096051905
-68.75,-19.75,61.5730586185666
-68.75,-19.25,59.434475641808
-68.75,-18.75,58.0809341526655
-68.75,-18.25,56.0065860115966
-68.75,-17.25,56.6439913615637
-68.75,-16.75,60.95872584465
-68.75,-16.25,61.2204109012231
-68.75,-15.75,60.3377532888655
-68.75,-15.25,56.1628113122071
-68.75,-13.75,54.1726051754323
-68.75,-11.75,52.9586331061787
-68.75,-11.25,53.9070449847954
-68.75,-10.75,52.5727116857715
-68.75,-9.25,52.6348431078389
-68.75,-8.75,54.3748621296291
-68.75,-8.25,53.4785180901475
-68.75,-7.75,52.9484517437065
-68.75,-7.25,51.6679743684919
-68.75,-0.75,45.1873890406631
-68.75,-0.25,46.2746642068403
-68.75,0.25,47.2861522890433
-68.75,0.75,43.8937497530036
-68.75,45.75,49.4818062044048
-68.75,46.25,50.038328957642
-68.75,46.75,50.2802564321661
-68.75,47.25,49.5405513354836
-68.75,47.75,47.4730567875619
-68.75,48.25,44.5246399641284
-68.75,49.25,44.4704996809917
-68.75,49.75,40.8199495351925
-68.75,55.25,27.6011933522291
-68.75,55.75,27.7430727444237
-68.25,-43.75,33.2981626523802
-68.25,-40.75,37.3553751896569
-68.25,-40.25,38.4401661522963
-68.25,-39.75,40.7925411742343
-68.25,-39.25,41.4682443062181
-68.25,-35.75,46.9731413725705
-68.25,-33.75,48.7715236943574
-68.25,-33.25,50.439921021679
-68.25,-31.25,54.4607594978155
-68.25,-30.75,54.4990450617645
-68.25,-27.25,55.7554115964848
-68.25,-22.25,58.0000886071872
-68.25,-21.75,59.7529448271567
-68.25,-21.25,59.1328357096986
-68.25,-20.75,60.4572198079156
-68.25,-20.25,62.3729873099208
-68.25,-19.75,62.3023139607403
-68.25,-19.25,60.5205375689292
-68.25,-18.75,59.3602092678649
-68.25,-18.25,58.4800977000111
-68.25,-17.25,56.9575730239425
-68.25,-16.75,58.708458046846
-68.25,-16.25,56.3953952737792
-68.25,-15.75,56.8788280841087
-68.25,-15.25,55.675169624348
-68.25,-11.25,52.3130720452313
-68.25,-10.75,54.0145870926655
-68.25,-10.25,52.4825916119892
-68.25,-9.75,52.2989123704806
-68.25,-9.25,53.8334050029759
-68.25,-8.75,53.3975765664657
-68.25,-8.25,53.5011400058431
-68.25,-7.75,54.3376122504151
-68.25,-7.25,51.5841732958826
-68.25,-0.75,45.5973045861536
-68.25,-0.25,45.711906200809
-68.25,0.25,46.8883749890463
-68.25,0.75,44.8983336084826
-68.25,9.25,40.3657423351577
-68.25,44.75,50.9254753125806
-68.25,45.25,51.041378288936
-68.25,45.75,49.1768145793029
-68.25,46.25,48.2013289805155
-68.25,46.75,50.8957540394264
-68.25,47.25,50.1965294853054
-68.25,47.75,49.130781072927
-68.25,48.25,46.5265440164749
-68.25,55.25,29.2006799646028
-68.25,55.75,27.9221942114663
-68.25,60.25,19.0883309035781
-67.75,-39.75,40.3599100947848
-67.75,-39.25,42.6746065518555
-67.75,-38.75,41.1780199936854
-67.75,-36.25,45.5489109061214
-67.75,-35.75,48.4290532229556
-67.75,-35.25,47.972144952012
-67.75,-34.75,48.4584406692149
-67.75,-34.25,50.2271692168245
-67.75,-33.75,51.4747158212155
-67.75,-31.75,51.6014735954612
-67.75,-31.25,54.8157686121064
-67.75,-30.75,53.6479799358105
-67.75,-28.75,54.1361364119619
-67.75,-27.25,55.9527033418183
-67.75,-26.75,58.479055743412
-67.75,-26.25,56.3244256078188
-67.75,-25.75,56.5253342461054
-67.75,-21.75,56.7884561754979
-67.75,-21.25,56.5012934306847
-67.75,-20.75,56.8092607213986
-67.75,-20.25,58.1865478641933
-67.75,-19.75,57.5365929880315
-67.75,-18.25,58.1486172981265
-67.75,-17.75,56.0620704136161
-67.75,-17.25,56.0651169366134
-67.75,-16.75,56.9967809803638
-67.75,-16.25,56.2782888759197
-67.75,-15.75,56.93555962014
-67.75,-15.25,56.127791107575
-67.75,-10.75,54.9460189599114
-67.75,-10.25,53.9575671762564
-67.75,-9.75,52.5290484868175
-67.75,-8.25,50.967925765633
-67.75,-7.75,54.2649231485053
-67.75,-7.25,53.4848240448816
-67.75,-4.75,47.2825117291932
-67.75,0.75,43.1312670128298
-67.75,8.75,40.6202936298527
-67.75,44.75,50.2369728003414
-67.75,45.25,51.1836616366403
-67.75,45.75,48.0142679149851
-67.75,46.25,46.3013165386649
-67.75,46.75,48.1063865299042
-67.75,47.25,49.2375863015493
-67.75,47.75,48.6756715820969
-67.75,48.25,46.4668994962328
-67.75,48.75,42.1580004492754
-67.75,50.25,38.0413907297976
-67.75,52.25,34.4270836223874
-67.75,52.75,32.7398220373667
-67.75,54.75,29.3715288034026
-67.75,55.25,30.1754087094867
-67.75,55.75,28.1368811806576
-67.25,-48.75,23.6008655393093
-67.25,-46.75,27.0116679960184
-67.25,-45.25,32.1870312688846
-67.25,-44.75,31.488440596486
-67.25,-42.75,36.8105703260952
-67.25,-42.25,35.9376845672105
-67.25,-37.75,45.0079492690787
-67.25,-34.25,49.2218107029112
-67.25,-33.75,50.8137318082309
-67.25,-29.75,55.367461900827
-67.25,-29.25,55.7315157503298
-67.25,-26.75,57.939226139745
-67.25,-26.25,58.3953500736495
-67.25,-25.75,60.2730622124457
-67.25,-22.75,57.8172444580432
-67.25,-17.75,56.4273683945477
-67.25,-17.25,57.0725064121108
-67.25,-16.75,58.8893411767653
-67.25,-16.25,58.8703841771044
-67.25,-15.75,58.1211249299006
-67.25,-15.25,57.0126871681099
-67.25,-10.75,52.4574578577362
-67.25,-7.75,48.8470117210308
-67.25,-7.25,48.8401965916616
-67.25,0.75,42.9646303538323
-67.25,1.25,45.4859119773274
-67.25,1.75,43.8587992414254
-67.25,2.25,41.3791308663919
-67.25,46.25,46.1247543023073
-67.25,46.75,45.2129198452041
-67.25,47.25,45.4018488733096
-67.25,47.75,47.1557268966022
-67.25,48.25,45.1832718438224
-67.25,48.75,45.0284891113342
-67.25,49.75,41.0651608696236
-67.25,50.25,37.9925702855491
-67.25,52.25,34.6165807262364
-67.25,52.75,32.5510276811864
-67.25,55.25,27.0050722007773
-67.25,55.75,26.2948710258619
-67.25,56.25,24.5623704846404
-66.75,-48.25,25.4965989485433
-66.75,-47.75,25.1953728461631
-66.75,-47.25,27.2473894656591
-66.75,-43.25,34.0515971207146
-66.75,-42.75,37.6229764908164
-66.75,-42.25,35.276771805242
-66.75,-38.75,41.7162585433004
-66.75,-38.25,44.0459429598419
-66.75,-37.75,46.3434393500577
-66.75,-33.75,50.7737226428081
-66.75,-30.25,54.2375742400823
-66.75,-29.75,59.0686265636729
-66.75,-29.25,58.1768423835418
-66.75,-28.25,54.8470345034129
-66.75,-26.25,56.2830101873815
-66.75,-25.75,57.3915888798522
-66.75,-22.75,58.6526187672663
-66.75,-22.25,57.6525434884778
-66.75,-17.75,56.708759648316
-66.75,-17.25,59.2760481964705
-66.75,-16.75,59.9338685718473
-66.75,-16.25,57.4511257388733
-66.75,-15.75,55.4315061436808
-66.75,-15.25,54.8753364094071
-66.75,-13.75,54.4797056659551
-66.75,-13.25,54.3527011269105
-66.75,-12.75,52.6634942167162
-66.75,-2.25,44.3611889196647
-66.75,0.75,43.8232856099516
-66.75,1.25,45.1935587348534
-66.75,1.75,44.8089046618737
-66.75,2.25,43.1212134459751
-66.75,10.25,39.5202463810355
-66.75,48.75,42.2126125775412
-66.75,50.25,37.4878186283427
-66.75,51.75,33.8203928995864
-66.75,52.25,34.2426870294126
-66.75,52.75,31.8865256994422
-66.75,56.25,24.9620635646168
-66.25,-47.75,28.0493126728908
-66.25,-47.25,28.4572124793665
-66.25,-43.25,33.5851438117975
-66.25,-42.75,36.7198264670509
-66.25,-39.25,44.0945167728865
-66.25,-38.75,45.7404405525528
-66.25,-38.25,46.5381325452172
-66.25,-37.75,45.9340392116704
-66.25,-30.25,55.8077230233516
-66.25,-29.75,59.229297053324
-66.25,-29.25,56.6988501578953
-66.25,-28.25,56.6103927545387
-66.25,-27.75,56.1848727585037
-66.25,-24.75,56.3875745676184
-66.25,-22.75,60.0307573933335
-66.25,-22.25,57.5124228970578
-66.25,-19.25,57.910699468425
-66.25,-18.75,58.0745814603326
-66.25,-18.25,57.6514596468684
-66.25,-17.75,58.6918766032795
-66.25,-17.25,58.7289835161595
-66.25,-16.75,57.4213103278642
-66.25,-16.25,55.0274418462006
-66.25,-7.75,48.8216683652771
-66.25,-7.25,47.2401374031613
-66.25,1.25,41.9267858086001
-66.25,1.75,42.4381008854979
-66.25,2.25,39.7201129550487
-66.25,10.25,39.0639073190811
-66.25,50.25,37.2281202731801
-66.25,50.75,36.3321329332739
-66.25,52.25,33.4884015570524
-66.25,56.25,25.5786855355606
-65.75,-41.75,36.1727482010175
-65.75,-39.25,41.3752321576111
-65.75,-38.75,43.7081413971491
-65.75,-38.25,45.2971366515143
-65.75,-37.75,44.1405570097328
-65.75,-35.75,49.6358268421198
-65.75,-35.25,48.1999114283393
-65.75,-30.75,54.2133770224917
-65.75,-30.25,56.9853413465675
-65.75,-29.75,56.2109780356894
-65.75,-25.25,57.9771132116314
-65.75,-24.75,59.9112362961274
-65.75,-24.25,57.5279438070745
-65.75,-23.25,56.9477607028023
-65.75,-22.75,60.1742758581695
-65.75,-22.25,57.1350199251341
-65.75,-21.25,56.3752006736198
-65.75,-19.25,56.2244831492951
-65.75,-18.75,58.5482838523323
-65.75,-18.25,58.6160343260633
-65.75,-17.75,58.5011673531937
-65.75,-17.25,55.9921963903429
-65.75,-16.75,55.0572193431235
-65.75,-16.25,54.5449788177496
-65.75,-9.25,48.8095971031619
-65.75,-8.75,49.9721668903634
-65.75,-7.25,47.12073147814
-65.75,-0.25,40.9414687179221
-65.75,9.25,37.4638964239803
-65.75,18.25,42.8292146761222
-65.75,43.75,49.0891704354751
-65.75,46.25,44.5541208250189
-65.75,50.75,38.2840963427205
-65.75,51.25,34.9228353143901
-65.75,52.25,32.031976250332
-65.25,-41.25,39.1259838945976
-65.25,-35.75,49.6202479958891
-65.25,-35.25,48.0460881358649
-65.25,-31.25,52.8040391542499
-65.25,-30.75,56.0589349881574
-65.25,-30.25,55.0965402289994
-65.25,-26.75,56.0733014002655
-65.25,-25.75,57.1673368119175
-65.25,-25.25,58.2599371654395
-65.25,-24.75,58.8321694206602
-65.25,-24.25,56.7362097704504
-65.25,-22.75,57.3810000133879
-65.25,-18.75,56.7817923625314
-65.25,-18.25,56.7303907626317
-65.25,-17.75,57.1243715695062
-65.25,-16.25,54.2984691590961
-65.25,-9.25,50.348447603065
-65.25,-8.75,52.5173488673916
-65.25,-7.25,46.023783153635
-65.25,-6.75,46.6459971703771
-65.25,-2.25,42.7744738687382
-65.25,-1.75,42.9998134986556
-65.25,7.75,36.1467040163182
-65.25,8.75,36.2876753239826
-65.25,9.25,36.6441653531633
-65.25,43.75,49.1962013007412
-65.25,47.25,43.2522166326694
-65.25,47.75,44.6418835599633
-65.25,48.25,43.3988776716489
-65.25,48.75,41.7636241989596
-65.25,50.75,36.8731504809151
-64.75,-40.75,38.6165183426751
-64.75,-36.25,47.0100778877442
-64.75,-35.75,49.3500183278648
-64.75,-30.75,53.7656210960247
-64.75,-30.25,54.198212709038
-64.75,-26.75,56.8628570497451
-64.75,-24.75,56.8424579148237
-64.75,-24.25,56.5388762195314
-64.75,-22.75,56.4300500574897
-64.75,-18.75,55.7496328567525
-64.75,-18.25,56.4342044501115
-64.75,-17.75,57.5697037167953
-64.75,-9.25,50.5948950454274
-64.75,-8.75,52.1083090430354
-64.75,-8.25,48.2167808823458
-64.75,-7.25,45.5895703183584
-64.75,-6.75,45.1775682831663
-64.75,-2.25,43.8785966293313
-64.75,-1.75,42.2733759560428
-64.75,0.25,38.2214041079211
-64.75,7.75,35.1933758122375
-64.75,48.25,44.7074377577003
-64.75,48.75,42.7699346057078
-64.75,50.75,35.4905078586656
-64.75,54.25,28.1131408083808
-64.75,54.75,28.3536304128131
-64.75,58.25,20.8293034383974
-64.75,58.75,20.9703581965602
-64.75,60.25,16.8436050781103
-64.25,-39.25,41.9006199907377
-64.25,-36.25,46.7287544891305
-64.25,-35.75,49.3010194257735
-64.25,-33.75,51.1688083954347
-64.25,-24.75,57.6587956536664
-64.25,-24.25,56.9847328383682
-64.25,-22.75,56.8987898445719
-64.25,-22.25,57.0687681303925
-64.25,-19.25,55.8570730715015
-64.25,-18.75,56.451525542151
-64.25,-18.25,56.4443462663172
-64.25,-17.75,56.3128946727178
-64.25,-15.75,57.542142402096
-64.25,-15.25,58.4015881871153
-64.25,-14.75,53.2550033562277
-64.25,-11.75,49.2170229538291
-64.25,-9.25,50.3973642139814
-64.25,-8.75,51.3892699759128
-64.25,-8.25,49.5804344845098
-64.25,-7.75,46.0875181108717
-64.25,-7.25,44.3921490270407
-64.25,-5.25,42.3539647155652
-64.25,-4.75,42.9558509492241
-64.25,-2.25,40.9015463643023
-64.25,-1.75,40.2038330679386
-64.25,-0.25,37.8548255012998
-64.25,0.25,38.8117375824925
-64.25,0.75,37.5923090764655
-64.25,2.75,36.7090471094395
-64.25,10.25,34.2597657280946
-64.25,54.25,29.423348384638
-64.25,54.75,29.837525442008
-64.25,58.75,20.2527197605734
-63.75,-36.25,46.6428049122135
-63.75,-35.75,49.7194771866793
-63.75,-35.25,48.3397173518414
-63.75,-33.75,52.2092300996188
-63.75,-33.25,53.0119568398051
-63.75,-32.75,51.345514144215
-63.75,-25.25,56.7601101638972
-63.75,-24.75,57.4020384343095
-63.75,-22.25,57.3432858573016
-63.75,-19.75,55.4234725442615
-63.75,-19.25,56.8761025820567
-63.75,-18.75,56.3723850488992
-63.75,-15.75,55.6177151119379
-63.75,-15.25,58.1618723134961
-63.75,-14.75,56.535295578201
-63.75,-14.25,53.4143973653539
-63.75,-13.75,52.3453979835984
-63.75,-13.25,50.1804012809074
-63.75,-11.25,48.4628725623624
-63.75,-9.25,48.4661928126299
-63.75,-8.75,50.6533505249106
-63.75,-8.25,46.8560089912561
-63.75,-7.25,44.0100436332
-63.75,-5.75,41.7362111269062
-63.75,-5.25,44.3311576575067
-63.75,-4.75,43.2858698276375
-63.75,-1.25,37.2586866446232
-63.75,-0.75,36.931650381653
-63.75,-0.25,37.6964378460599
-63.75,3.25,35.5456737899079
-63.75,3.75,35.5185998506759
-63.75,4.25,33.4916470527355
-63.75,45.25,44.1050250441622
-63.75,45.75,44.4027139166466
-63.75,51.25,32.6483927602067
-63.75,51.75,34.1988019098712
-63.75,52.25,32.5519501808758
-63.75,54.25,28.2451037581748
-63.25,-35.75,47.4411541873254
-63.25,-34.25,50.8505604144826
-63.25,-33.75,53.3648710484154
-63.25,-33.25,55.9277561136715
-63.25,-32.75,56.606768821198
-63.25,-32.25,55.0474370908259
-63.25,-27.25,57.6849232718585
-63.25,-26.75,56.6378983416926
-63.25,-22.25,56.6326590003482
-63.25,-21.75,55.88764209735
-63.25,-19.75,56.6839682741393
-63.25,-19.25,57.6778391711698
-63.25,-18.75,55.4425220316861
-63.25,-17.25,54.8391229089141
-63.25,-15.25,56.4491413520568
-63.25,-14.75,56.0972347226846
-63.25,-14.25,54.1538046763072
-63.25,-13.75,53.6445264339019
-63.25,-13.25,51.9163592465736
-63.25,-12.75,49.7966419622917
-63.25,-11.25,48.1817729436429
-63.25,-9.75,46.1642036915223
-63.25,-9.25,45.5231034395425
-63.25,-6.75,42.0151693264879
-63.25,-6.25,41.5381982516076
-63.25,-5.75,42.1596978492482
-63.25,-5.25,41.611594994264
-63.25,-3.25,38.2108256315545
-63.25,-1.25,36.7723756782741
-63.25,-0.75,36.9155798374684
-63.25,-0.25,37.4053089324484
-63.25,45.25,44.7712431962557
-63.25,45.75,44.4331155738178
-63.25,51.25,33.5781399487832
-63.25,51.75,33.2283452064231
-63.25,52.25,34.3202136916322
-63.25,52.75,33.6596413956668
-63.25,53.25,32.216762032002
-63.25,53.75,28.9210496506399
-62.75,-34.75,50.8527551600811
-62.75,-34.25,52.2981170504547
-62.75,-33.75,53.8936513034012
-62.75,-33.25,53.9500874406285
-62.75,-32.75,53.0982350497054
-62.75,-32.25,53.3420933809566
-62.75,-27.25,58.4947392803832
-62.75,-23.25,56.5027967560273
-62.75,-22.75,56.2724777718088
-62.75,-22.25,57.8844942037412
-62.75,-21.75,57.4162165562146
-62.75,-21.25,57.0825759306125
-62.75,-20.75,55.2745215167994
-62.75,-19.25,55.988850309421
-62.75,-18.75,54.6928648195403
-62.75,-17.25,56.6377024312654
-62.75,-15.25,54.7799481638436
-62.75,-14.75,51.9012954428328
-62.75,-14.25,50.1470879292342
-62.75,-13.75,51.7263898789746
-62.75,-13.25,50.3494529810145
-62.75,-11.75,47.466715220429
-62.75,-11.25,48.1325913848261
-62.75,-10.75,46.3361412057085
-62.75,-10.25,46.4971680193991
-62.75,-9.75,48.2651861588056
-62.75,-9.25,45.7822635875458
-62.75,-7.25,41.8020900792802
-62.75,-6.75,42.5192298245403
-62.75,-6.25,43.0519991464275
-62.75,-5.75,41.6999956430167
-62.75,-0.75,36.5818284968855
-62.75,-0.25,38.2941261586325
-62.75,50.75,35.844489360608
-62.75,51.25,33.2394008949707
-62.75,52.75,32.0090669943187
-62.75,53.25,31.7974410656828
-62.25,-35.25,48.4101640816342
-62.25,-34.75,53.4409863590414
-62.25,-34.25,54.7237029408317
-62.25,-33.75,54.5834779745454
-62.25,-27.75,56.212140262479
-62.25,-27.25,57.3650549989916
-62.25,-23.25,57.4779060768332
-62.25,-22.75,56.6444692111398
-62.25,-22.25,57.2680694779142
-62.25,-21.75,58.2520454211708
-62.25,-21.25,59.2616990153175
-62.25,-20.75,57.1559344581872
-62.25,-18.75,55.7593963812973
-62.25,-17.75,53.290457625337
-62.25,-17.25,55.3276749855762
-62.25,-12.25,48.1490877739029
-62.25,-11.75,48.6777865155705
-62.25,-10.25,45.303277015665
-62.25,-9.75,46.6865399443788
-62.25,-9.25,46.9431979061528
-62.25,-8.75,45.5943079839269
-62.25,-8.25,43.2482682585148
-62.25,-6.25,41.6000582412027
-62.25,-5.75,40.7173556323403
-62.25,-4.75,37.78065134807
-62.25,-4.25,39.4993900921073
-62.25,-3.75,37.6131200591259
-62.25,-0.75,33.5874792299572
-62.25,-0.25,37.0589862557621
-62.25,0.25,33.7733479750836
-62.25,0.75,33.074434944343
-62.25,50.75,32.3713060632673
-62.25,53.25,29.1079047513446
-61.75,-37.25,47.9069881386276
-61.75,-36.75,46.2464155302775
-61.75,-34.75,52.5696253058639
-61.75,-34.25,54.8581854153776
-61.75,-33.75,55.3307070968892
-61.75,-28.75,55.7675521032686
-61.75,-28.25,56.9772981657372
-61.75,-27.75,57.010554835132
-61.75,-27.25,56.5017609960691
-61.75,-23.25,56.8975597626609
-61.75,-22.75,58.351431643305
-61.75,-22.25,58.2050755785128
-61.75,-21.75,58.7719171107298
-61.75,-21.25,59.8384424681307
-61.75,-20.75,57.4396526522456
-61.75,-18.75,56.2372190046492
-61.75,-18.25,56.0751648606637
-61.75,-17.75,55.3062136548806
-61.75,-17.25,55.8890723493242
-61.75,-16.75,52.8239017620325
-61.75,-12.75,48.249680826254
-61.75,-12.25,50.5877666877148
-61.75,-11.75,49.6505051643709
-61.75,-11.25,46.5937338577112
-61.75,-5.75,39.3555497776726
-61.75,-5.25,39.3667880741689
-61.75,-4.75,39.380153024484
-61.75,-4.25,37.898128198877
-61.75,-3.75,37.3467347362847
-61.75,-3.25,35.5186101529237
-61.75,-0.75,34.0842978765304
-61.75,-0.25,35.2740478110219
-61.75,0.25,33.4822756894983
-61.75,3.75,29.689050488401
-61.75,4.25,30.6642350710222
-61.75,4.75,30.3683568262066
-61.75,5.25,30.5079396923717
-61.75,5.75,29.7398649125947
-61.25,-37.75,46.209154584215
-61.25,-37.25,49.8249013879311
-61.25,-36.75,48.7516228348371
-61.25,-34.25,54.3317290541877
-61.25,-33.75,54.273498527355
-61.25,-33.25,52.1697225836253
-61.25,-28.75,60.7183311656886
-61.25,-28.25,60.4818884780671
-61.25,-27.75,56.9068137877447
-61.25,-26.75,57.5337010937752
-61.25,-26.25,57.8121727436232
-61.25,-22.75,59.3246249847849
-61.25,-22.25,60.7024041007477
-61.25,-21.75,58.688471003954
-61.25,-21.25,56.6504739725604
-61.25,-18.75,56.3586612922206
-61.25,-18.25,57.0970436472222
-61.25,-17.75,56.5955516887771
-61.25,-17.25,56.757452351379
-61.25,-16.75,53.6770763532983
-61.25,-15.25,50.2603034464415
-61.25,-14.75,49.8497923136401
-61.25,-13.25,49.4616106574033
-61.25,-12.75,49.8203214012101
-61.25,-12.25,50.2924219397004
-61.25,-11.75,50.6212236376878
-61.25,-11.25,50.4081882809001
-61.25,-10.75,44.7554198474001
-61.25,-6.75,38.7168569576312
-61.25,-5.25,38.3702762788152
-61.25,-4.75,39.5100814721238
-61.25,-4.25,36.7817921185451
-61.25,-1.25,33.9568175159387
-61.25,-0.75,35.5661649278658
-61.25,-0.25,34.9410823362212
-61.25,0.25,31.0119398159593
-61.25,2.75,29.0577976569639
-61.25,3.75,28.5763126376875
-61.25,4.25,31.4114428859266
-61.25,4.75,31.4012001067336
-61.25,5.25,30.3377457937606
-61.25,5.75,29.8278563986686
-61.25,6.25,28.4282162817844
-60.75,-38.75,44.1129550971694
-60.75,-37.75,46.4722050878665
-60.75,-37.25,49.96036051856
-60.75,-36.75,50.9013442282279
-60.75,-33.25,52.1983743610029
-60.75,-32.75,52.0582968415613
-60.75,-28.75,59.335825926372
-60.75,-28.25,58.7086808294468
-60.75,-26.75,56.6023877806334
-60.75,-26.25,57.8735654071209
-60.75,-24.75,56.3614941220732
-60.75,-24.25,59.1735713231332
-60.75,-23.75,57.6089841537888
-60.75,-22.75,56.1924466770653
-60.75,-22.25,57.7670058214686
-60.75,-21.75,56.2267585943165
-60.75,-19.25,55.9940622149495
-60.75,-18.75,59.6892281260982
-60.75,-18.25,58.4201990674392
-60.75,-17.75,55.9517854784342
-60.75,-17.25,55.3045382414541
-60.75,-16.75,53.4719276478048
-60.75,-15.25,49.9938733735248
-60.75,-14.75,49.4630282330243
-60.75,-14.25,50.9956893265264
-60.75,-13.75,51.1722114600924
-60.75,-13.25,49.4233597356102
-60.75,-12.75,47.6194557991409
-60.75,-12.25,48.0853597818801
-60.75,-11.75,48.9548030890197
-60.75,-11.25,48.3819213450744
-60.75,-10.75,43.7377568762772
-60.75,-8.25,42.4246767212893
-60.75,-7.75,41.1822006460637
-60.75,-7.25,39.7666084476951
-60.75,-6.75,40.2321578267722
-60.75,-4.75,36.438493623874
-60.75,-4.25,36.1654349345371
-60.75,-1.25,33.2165493524213
-60.75,-0.75,34.4411989976236
-60.75,-0.25,30.637066423729
-60.75,4.25,26.9835990514205
-60.75,6.25,27.2987339215188
-60.75,50.25,33.0671042976139
-60.75,50.75,31.3962604829488
-60.75,51.25,30.8717974842877
-60.25,-38.75,45.3292890098912
-60.25,-37.25,49.6432801939441
-60.25,-36.75,51.0470178075094
-60.25,-36.25,49.1035258028162
-60.25,-35.75,48.380038367949
-60.25,-28.75,57.0919777924127
-60.25,-26.75,56.7410568097729
-60.25,-26.25,60.75957070197
-60.25,-25.75,58.1636915191932
-60.25,-24.25,56.8709796332491
-60.25,-23.75,58.4167545913073
-60.25,-23.25,56.8926483095902
-60.25,-20.75,55.5663123828483
-60.25,-20.25,55.062720138699
-60.25,-19.75,55.2945013391485
-60.25,-19.25,58.0867887275817
-60.25,-18.75,59.7470485107019
-60.25,-18.25,59.2725775990719
-60.25,-17.75,55.6341138868479
-60.25,-17.25,52.7577785004204
-60.25,-14.25,50.5929216760961
-60.25,-13.75,50.8919331510148
-60.25,-13.25,49.0643403746728
-60.25,-12.75,48.2137399202357
-60.25,-12.25,47.587637208221
-60.25,-11.75,45.4778853119898
-60.25,-8.75,41.533111239253
-60.25,-8.25,43.5073266545579
-60.25,-7.75,41.6911403993458
-60.25,-7.25,38.5514787530319
-60.25,-6.75,40.2856712775637
-60.25,-6.25,39.9984048840243
-60.25,-5.75,35.7380332741269
-60.25,-4.25,34.0982280289385
-60.25,2.25,27.5863288074736
-60.25,2.75,27.7569983865031
-60.25,3.25,26.9340874631893
-60.25,50.75,31.09157562355
-60.25,51.25,31.4005858233838
-60.25,51.75,29.3453841266084
-60.25,53.75,26.6849929302021
-60.25,54.25,24.7293101546288
-59.75,-37.25,48.9573118451777
-59.75,-36.75,51.1668572520972
-59.75,-36.25,50.3541151447307
-59.75,-35.75,51.6766386636823
-59.75,-35.25,52.0750761530451
-59.75,-31.75,55.0580797024994
-59.75,-31.25,56.1818242227029
-59.75,-30.75,54.2254713319577
-59.75,-29.75,56.203967931199
-59.75,-29.25,57.870490027932
-59.75,-28.75,56.2415648902409
-59.75,-26.75,56.307362443824
-59.75,-26.25,62.1577042915131
-59.75,-25.75,62.0542250793823
-59.75,-25.25,58.5460993998421
-59.75,-21.75,59.0696697358721
-59.75,-21.25,57.9397467950899
-59.75,-20.75,55.0104728872521
-59.75,-20.25,54.4862861999587
-59.75,-19.75,55.513908487976
-59.75,-19.25,56.2251898496157
-59.75,-18.75,59.1666553077441
-59.75,-18.25,59.1440342837039
-59.75,-17.75,57.9204364048258
-59.75,-17.25,52.7307151955614
-59.75,-14.25,48.0698962689074
-59.75,-13.75,48.5505254183825
-59.75,-13.25,46.9351297933048
-59.75,-12.75,47.347671765935
-59.75,-12.25,46.554503932731
-59.75,-8.25,39.9303677865991
-59.75,-7.75,38.2545019587841
-59.75,-6.75,37.8931607968937
-59.75,-6.25,39.2586395328301
-59.75,-5.75,36.8910353518352
-59.75,-5.25,35.5790640263989
-59.75,-4.75,34.4329648407099
-59.75,-4.25,32.969437155483
-59.75,-3.75,31.917856997067
-59.75,2.75,28.3985685255128
-59.75,3.25,28.345582703683
-59.25,-38.25,43.8549182105119
-59.25,-37.75,45.8691114302052
-59.25,-37.25,48.5823387565428
-59.25,-36.75,49.1823055126848
-59.25,-36.25,48.9409836104293
-59.25,-35.75,49.7868972300962
-59.25,-35.25,50.2466233944392
-59.25,-31.75,57.2843934974549
-59.25,-31.25,59.5129974707653
-59.25,-30.75,57.6711752543185
-59.25,-29.75,57.0138320436565
-59.25,-29.25,57.0758619850932
-59.25,-26.75,57.8296828413238
-59.25,-26.25,62.2715425085465
-59.25,-25.75,62.7219608390517
-59.25,-25.25,62.7588270734782
-59.25,-22.25,56.5156296957333
-59.25,-21.75,61.223973004129
-59.25,-21.25,58.9034456471904
-59.25,-18.75,54.8298423760561
-59.25,-18.25,58.9520568983289
-59.25,-17.75,56.8175872134302
-59.25,-17.25,52.0620827031229
-59.25,-12.25,45.5175178736898
-59.25,-11.75,43.613284237961
-59.25,-11.25,43.0989345995578
-59.25,-10.75,45.38366888225
-59.25,-10.25,41.384306868922
-59.25,-6.25,34.983305314925
-59.25,-5.75,35.1090349618631
-59.25,-5.25,34.9150534617329
-59.25,-4.75,35.9386206428107
-59.25,-4.25,34.4011003515745
-59.25,1.25,25.8966610380472
-59.25,7.75,24.3819256528237
-58.75,-38.25,44.4054180363124
-58.75,-37.25,46.6893270261996
-58.75,-33.25,51.9710332759803
-58.75,-31.75,57.1419428624029
-58.75,-31.25,59.5746555137082
-58.75,-30.75,57.1090643000418
-58.75,-30.25,54.7646102519023
-58.75,-27.25,57.7430121467305
-58.75,-26.75,60.5004439274775
-58.75,-26.25,61.7180620810274
-58.75,-25.75,60.2722080274519
-58.75,-25.25,60.1753051462852
-58.75,-24.75,57.9367165911842
-58.75,-21.75,55.9410805628206
-58.75,-21.25,57.1916612518162
-58.75,-18.25,53.0211760523253
-58.75,-17.75,52.8729756939931
-58.75,-12.25,44.476324792353
-58.75,-11.75,44.3465131446449
-58.75,-11.25,44.1572565497936
-58.75,-10.75,47.4636965960028
-58.75,-10.25,45.2349681571607
-58.75,-9.75,39.9045476858189
-58.75,-5.25,32.6114949178743
-58.75,-4.75,34.6570178811162
-58.75,-4.25,34.1328043123306
-58.75,1.25,28.027095667987
-58.75,1.75,26.1603971977991
-58.75,5.25,23.0023511178384
-58.75,5.75,25.9708345009738
-58.75,6.25,26.2269048520487
-58.75,48.25,36.078280102371
-58.25,-33.75,52.1658487763959
-58.25,-33.25,52.9597514574271
-58.25,-32.75,53.2187729547569
-58.25,-32.25,55.2031113931337
-58.25,-31.75,55.96072593165
-58.25,-31.25,55.7814494815152
-58.25,-30.75,55.7741111139085
-58.25,-30.25,55.189704340781
-58.25,-27.25,57.9549223583981
-58.25,-26.75,59.1326451910718
-58.25,-26.25,60.1866748814394
-58.25,-25.75,57.265471646717
-58.25,-24.75,59.518912517617
-58.25,-24.25,59.069647464574
-58.25,-23.75,57.6208093204937
-58.25,-23.25,56.1918612632383
-58.25,-18.25,53.2692063134235
-58.25,-17.75,55.1329997789569
-58.25,-17.25,54.5129722488651
-58.25,-16.75,51.6672600404877
-58.25,-14.75,48.0442082724079
-58.25,-14.25,47.1576349578987
-58.25,-13.25,46.1008457433075
-58.25,-12.25,44.5027578335221
-58.25,-11.75,46.3325463249057
-58.25,-11.25,45.1662692376695
-58.25,-10.75,46.0646220494577
-58.25,-10.25,45.1445953238899
-58.25,-9.75,40.9571529926095
-58.25,-4.75,34.2311412175091
-58.25,-4.25,34.2914814172953
-58.25,1.25,25.1484219480689
-58.25,5.75,23.0898285714409
-58.25,6.25,23.8114517112994
-58.25,48.25,37.4350117648972
-58.25,48.75,35.4943653105959
-57.75,-32.25,53.855328508779
-57.75,-31.75,55.114113545474
-57.75,-31.25,56.2892536086695
-57.75,-30.75,57.182685603773
-57.75,-30.25,56.741956451294
-57.75,-29.75,55.9754735795022
-57.75,-27.25,58.6519182507005
-57.75,-26.75,59.6834042649343
-57.75,-26.25,61.841412558929
-57.75,-25.75,57.8772762099138
-57.75,-24.75,56.9079515236473
-57.75,-24.25,58.6562107268201
-57.75,-23.75,59.7984575558291
-57.75,-23.25,59.2640143574634
-57.75,-22.75,56.3548054854698
-57.75,-19.75,55.3333574517726
-57.75,-19.25,54.8252903707743
-57.75,-18.75,56.2793513542726
-57.75,-18.25,58.3891706354408
-57.75,-17.75,57.0987981219333
-57.75,-17.25,55.131529904806
-57.75,-16.75,54.3684713169707
-57.75,-16.25,52.4979750398564
-57.75,-15.75,49.5220800811762
-57.75,-12.75,44.2912613548976
-57.75,-12.25,44.9477267187769
-57.75,-11.75,45.8342563169179
-57.75,-11.25,41.9086665136644
-57.75,-10.25,41.8923171502952
-57.75,-9.75,41.7755716052267
-57.75,-9.25,38.5029921911419
-57.75,-5.25,32.3150776961234
-57.75,-4.75,33.5051588198651
-57.75,-4.25,31.9598475558859
-57.75,-2.75,27.5032073609142
-57.75,-2.25,27.1868869579315
-57.75,1.75,23.1502175966285
-57.25,-31.75,54.6874881552524
-57.25,-31.25,57.8187730562955
-57.25,-30.75,59.373299429368
-57.25,-30.25,59.2868592720555
-57.25,-29.75,57.8649052165325
-57.25,-27.75,58.0698186784509
-57.25,-27.25,59.4203590164201
-57.25,-26.75,60.5005545197129
-57.25,-26.25,62.4980599216806
-57.25,-25.75,58.0960561389873
-57.25,-24.25,59.9716542242415
-57.25,-23.75,62.8321129219277
-57.25,-23.25,61.8988840645919
-57.25,-22.75,58.9186841932508
-57.25,-21.25,55.0181011775146
-57.25,-19.75,55.0842497643469
-57.25,-19.25,56.2899674660669
-57.25,-18.75,58.7231879599801
-57.25,-18.25,58.8085476480054
-57.25,-17.75,55.2819471638406
-57.25,-17.25,52.2632366547534
-57.25,-16.75,51.4061658462427
-57.25,-16.25,50.1162803905782
-57.25,-12.25,44.9308194247809
-57.25,-11.75,44.1244748049508
-57.25,-10.25,39.9684348796646
-57.25,-9.75,43.5490089539492
-57.25,-9.25,41.1895423543616
-57.25,-8.75,36.9556680237595
-57.25,-6.75,34.0669421227055
-57.25,-6.25,33.6046271422071
-57.25,-4.75,30.1585084087095
-57.25,-4.25,29.0467156707339
-57.25,-3.25,27.6486336630291
-57.25,-2.75,29.9725780074176
-57.25,-2.25,29.660007121464
-57.25,-1.75,27.391660566812
-57.25,-1.25,27.2219798707662
-56.75,-31.75,56.1588668823286
-56.75,-31.25,57.2474458167617
-56.75,-30.75,57.6033777338361
-56.75,-30.25,58.1784290366571
-56.75,-29.75,57.7913112593838
-56.75,-27.75,60.2029485228431
-56.75,-27.25,58.9729591751612
-56.75,-26.75,60.2050298757995
-56.75,-26.25,63.3114214896659
-56.75,-25.75,62.0816540477818
-56.75,-25.25,59.1256405490335
-56.75,-24.75,59.1462896146245
-56.75,-24.25,61.0076179280148
-56.75,-23.75,62.283175901472
-56.75,-23.25,61.05678673589
-56.75,-22.75,58.4604497688432
-56.75,-22.25,56.1999181729488
-56.75,-21.75,55.7884112351388
-56.75,-21.25,58.0081455330111
-56.75,-20.75,55.9577456522049
-56.75,-19.75,54.8216006021671
-56.75,-19.25,55.5321495800312
-56.75,-18.75,56.2114422092884
-56.75,-18.25,55.0375268864096
-56.75,-17.75,52.9206371629511
-56.75,-16.75,50.245209757941
-56.75,-16.25,50.1745017427591
-56.75,-12.75,44.0224445679103
-56.75,-12.25,44.6900210312126
-56.75,-11.75,43.8756990841983
-56.75,-9.75,41.0597668520902
-56.75,-9.25,38.2049563904043
-56.75,-7.25,34.2258058314906
-56.75,-6.75,38.0445757952875
-56.75,-6.25,37.0580265650045
-56.75,-5.75,32.5113143846592
-56.75,-4.75,30.8566225528954
-56.75,-4.25,31.1611010136338
-56.75,-3.75,28.690536247367
-56.75,-3.25,28.4668997821323
-56.75,-2.75,29.7568750300561
-56.75,-2.25,29.8920421570476
-56.75,-1.75,29.1222309322462
-56.75,-1.25,28.3882599283258
-56.25,-31.75,57.3312511181627
-56.25,-31.25,56.467087579213
-56.25,-29.75,55.9940537304539
-56.25,-29.25,56.4059707473279
-56.25,-28.25,57.2893487420311
-56.25,-27.75,59.956344983989
-56.25,-27.25,58.3249104757552
-56.25,-26.75,60.1298324028173
-56.25,-26.25,63.462388583341
-56.25,-25.75,63.5019593196224
-56.25,-25.25,58.8976376033229
-56.25,-24.25,57.6628550686761
-56.25,-23.75,57.7299788021903
-56.25,-23.25,57.3412625855334
-56.25,-22.75,56.3536387585699
-56.25,-21.75,56.9749884488662
-56.25,-21.25,57.8692296384234
-56.25,-20.75,55.6596241841434
-56.25,-20.25,54.5575540490154
-56.25,-19.75,53.7140688016026
-56.25,-16.75,53.4158337495878
-56.25,-16.25,55.1004621968199
-56.25,-15.75,53.1129882803375
-56.25,-15.25,48.6377942325803
-56.25,-14.25,46.962156514045
-56.25,-12.75,45.0528015778461
-56.25,-12.25,44.6506658452298
-56.25,-11.75,44.0456483224074
-56.25,-11.25,42.6104370036965
-56.25,-9.25,37.5478262206694
-56.25,-7.25,34.3324595362243
-56.25,-6.75,36.6640559563067
-56.25,-6.25,35.8310109162326
-56.25,-5.75,32.5036788187529
-56.25,-5.25,29.908709924141
-56.25,-4.75,30.6390740609657
-56.25,-4.25,29.886753038858
-56.25,-2.25,29.0678039182676
-56.25,-1.75,28.5259579931446
-56.25,-1.25,27.4581222530115
-55.75,-31.75,56.4166818908409
-55.75,-31.25,55.2925179976409
-55.75,-29.75,56.2422312305067
-55.75,-29.25,58.9604681940092
-55.75,-28.75,59.2991031077016
-55.75,-28.25,59.7741250158344
-55.75,-27.75,58.8621377853615
-55.75,-27.25,57.7663061888741
-55.75,-26.75,60.1980242007073
-55.75,-26.25,63.523499409095
-55.75,-25.75,61.5082958799469
-55.75,-21.75,56.033749185766
-55.75,-21.25,56.6100313320915
-55.75,-20.75,55.3345517280649
-55.75,-16.75,54.5354316099881
-55.75,-16.25,55.9901074781243
-55.75,-15.75,55.1861627179347
-55.75,-15.25,50.5585718663879
-55.75,-14.75,46.9394456378648
-55.75,-14.25,48.3623187021733
-55.75,-13.75,47.3752689902435
-55.75,-12.75,44.4291139551201
-55.75,-12.25,44.805292249766
-55.75,-11.75,42.1648602896747
-55.75,-9.25,39.1098751359247
-55.75,-8.75,36.6906040341435
-55.75,-7.75,34.1132131362564
-55.75,-7.25,34.8829228309527
-55.75,-6.75,33.6638189623915
-55.75,-2.25,27.2833514380401
-55.75,-1.75,27.982211278051
-55.75,-1.25,25.8925388069476
-55.25,-33.75,52.5596002819103
-55.25,-33.25,54.6688880534066
-55.25,-32.75,55.3788833952804
-55.25,-32.25,56.219736120638
-55.25,-31.75,56.1169779113446
-55.25,-30.25,57.4251193995328
-55.25,-29.75,57.7447123584343
-55.25,-29.25,58.6491829120022
-55.25,-28.75,59.3982181064439
-55.25,-28.25,58.8596785093441
-55.25,-26.75,58.5180412434195
-55.25,-26.25,61.2791771156389
-55.25,-25.75,58.8791129709463
-55.25,-22.25,59.4870979505588
-55.25,-21.75,59.4140732443107
-55.25,-21.25,55.2073819678652
-55.25,-18.75,54.3719565076972
-55.25,-18.25,54.4689986231
-55.25,-17.25,50.7952596543059
-55.25,-16.75,52.1194420541139
-55.25,-16.25,54.2902501069586
-55.25,-15.75,53.2733366341926
-55.25,-15.25,49.0219754741007
-55.25,-14.75,47.7165158301348
-55.25,-14.25,50.1026983033949
-55.25,-13.75,47.7320541351986
-55.25,-12.75,44.6403500863636
-55.25,-12.25,44.8978194450573
-55.25,-9.25,39.6247150370754
-55.25,-8.75,39.9333505986471
-55.25,-8.25,37.3922764763886
-55.25,-7.75,37.0922671068318
-55.25,-7.25,37.7157849940078
-55.25,-6.75,33.7388230664094
-54.75,-34.25,53.2290257382806
-54.75,-33.75,58.0124409723019
-54.75,-33.25,58.7200822935435
-54.75,-32.75,57.9579129579501
-54.75,-32.25,58.6099212532375
-54.75,-31.75,58.546480457562
-54.75,-31.25,55.3688637180341
-54.75,-30.25,56.6590130143652
-54.75,-27.75,58.0291305426473
-54.75,-27.25,58.8178795159775
-54.75,-26.75,59.1297646808924
-54.75,-26.25,58.6208299960141
-54.75,-22.75,57.2056807333889
-54.75,-22.25,62.843941968437
-54.75,-21.75,62.5067234407003
-54.75,-18.75,54.1791741581376
-54.75,-18.25,53.6953713403423
-54.75,-16.25,50.9872146146229
-54.75,-15.75,50.8042171476146
-54.75,-15.25,47.8341708519879
-54.75,-14.75,47.4966872365452
-54.75,-14.25,49.1541899749222
-54.75,-13.75,46.4750809481123
-54.75,-12.75,46.3133212333619
-54.75,-12.25,45.0523145669083
-54.75,-9.25,37.5594165848364
-54.75,-8.75,39.6071483916891
-54.75,-8.25,38.3346557354481
-54.75,-7.75,36.5269939535315
-54.75,-7.25,35.7300255357088
-54.75,-6.75,32.2341306281156
-54.75,-6.25,30.39022290305
-54.75,5.25,18.0527772707873
-54.25,-34.25,54.1174108400076
-54.25,-33.75,58.1775951289988
-54.25,-33.25,58.8854003705594
-54.25,-32.75,55.9899607064303
-54.25,-32.25,55.9868524972108
-54.25,-31.75,58.4096863757692
-54.25,-31.25,57.2225609316156
-54.25,-27.75,61.0503788735585
-54.25,-27.25,61.9848617501365
-54.25,-26.75,58.6414116919454
-54.25,-22.75,58.0903189993322
-54.25,-22.25,62.9496167637872
-54.25,-21.75,60.7176378979164
-54.25,-18.75,53.5744082120657
-54.25,-18.25,53.0585198424084
-54.25,-16.25,49.9410506967138
-54.25,-15.75,49.9729746817918
-54.25,-15.25,47.7291316452394
-54.25,-13.75,45.2509772167356
-54.25,-13.25,45.9760876282565
-54.25,-12.75,48.0018163605938
-54.25,-12.25,47.4098856853213
-54.25,-11.75,43.1418419708707
-54.25,-10.75,39.309807474309
-54.25,-8.75,36.0178545851555
-54.25,-8.25,36.2137368232231
-54.25,-7.75,33.2498536215611
-54.25,-6.25,31.908936503084
-54.25,-5.75,29.7561387791015
-54.25,-5.25,29.3324966953228
-54.25,-4.75,30.0681412221014
-54.25,-4.25,26.56080813163
-53.75,-34.25,52.4398178766583
-53.75,-33.75,54.8184099699343
-53.75,-33.25,55.2107215313735
-53.75,-31.75,56.5357710644708
-53.75,-31.25,58.1108789515473
-53.75,-30.75,57.1065430628651
-53.75,-28.25,58.2869299500124
-53.75,-27.75,60.6593117861688
-53.75,-27.25,58.7780114922213
-53.75,-24.75,58.0944662291018
-53.75,-24.25,57.8836721589555
-53.75,-23.25,57.4017119748381
-53.75,-22.75,59.0728286563349
-53.75,-22.25,59.4084354678751
-53.75,-21.75,57.65438482162
-53.75,-19.25,53.7812807038928
-53.75,-18.75,54.4352293448864
-53.75,-18.25,53.7466158537228
-53.75,-17.75,52.7339323548483
-53.75,-16.75,50.2008499344838
-53.75,-16.25,49.4019210552246
-53.75,-13.25,47.1018180204554
-53.75,-12.75,49.3593844877547
-53.75,-12.25,48.305165314624
-53.75,-11.75,44.4555830100017
-53.75,-9.25,37.0845341077289
-53.75,-8.75,37.6474955140915
-53.75,-8.25,36.8758570656601
-53.75,-6.75,33.5248682042547
-53.75,-6.25,34.9914396739212
-53.75,-5.75,32.2811679099497
-53.75,-5.25,29.9845873666961
-53.75,-4.75,28.5920216488407
-53.75,-4.25,26.441122819499
-53.75,-3.75,26.1907898066606
-53.75,1.25,19.6557581263516
-53.75,1.75,18.2051489061347
-53.25,-33.25,53.9025334950646
-53.25,-31.25,56.4649118911653
-53.25,-28.75,57.53006679881
-53.25,-28.25,59.3849210313672
-53.25,-27.75,58.449081452776
-53.25,-23.75,57.5069248095172
-53.25,-23.25,60.1406355378506
-53.25,-22.75,59.9651183827115
-53.25,-22.25,58.1468402885711
-53.25,-21.75,58.1571046511451
-53.25,-21.25,57.7235236662803
-53.25,-19.25,56.0657015939802
-53.25,-18.75,57.4117233069727
-53.25,-18.25,55.7870780624787
-53.25,-17.75,54.6025655598574
-53.25,-17.25,54.4802633985993
-53.25,-16.75,53.4637963853919
-53.25,-16.25,49.4650401371425
-53.25,-13.25,45.4101456645903
-53.25,-12.75,49.3028808798538
-53.25,-12.25,48.2368168196721
-53.25,-11.75,45.0768036741159
-53.25,-11.25,40.7596774916695
-53.25,-9.25,37.3695126761767
-53.25,-8.75,38.0654624396555
-53.25,-8.25,35.1576540321735
-53.25,-6.75,35.5069317839731
-53.25,-6.25,34.7694967758698
-53.25,-5.75,33.6853012121636
-53.25,-5.25,28.2142407857227
-53.25,-3.75,26.3393278470127
-53.25,0.75,19.7293810394101
-53.25,1.25,21.5835622498237
-53.25,1.75,18.2498700459788
-53.25,4.25,16.7009923844875
-53.25,4.75,16.6788051075686
-53.25,46.75,31.2392273491314
-53.25,47.75,30.6911616075479
-52.75,-33.25,54.7567115872754
-52.75,-28.75,59.1483032472936
-52.75,-28.25,59.0440217715278
-52.75,-23.25,58.0794779889766
-52.75,-22.75,57.3330162936368
-52.75,-21.25,58.2311221811265
-52.75,-20.75,57.9087102492017
-52.75,-20.25,58.355609161075
-52.75,-19.75,58.2974103683414
-52.75,-19.25,57.1378063003816
-52.75,-18.75,58.9455747815171
-52.75,-18.25,57.4828536494574
-52.75,-17.75,54.123373950896
-52.75,-17.25,55.3433574713408
-52.75,-16.75,55.2167635914475
-52.75,-16.25,51.0646053505147
-52.75,-12.75,44.7884853307735
-52.75,-12.25,45.2228266662886
-52.75,-11.75,42.6322046914551
-52.75,-11.25,39.9121282220194
-52.75,-8.75,35.4184358490129
-52.75,-8.25,33.6090658732499
-52.75,-6.75,33.8659481282626
-52.75,-6.25,34.573339914466
-52.75,-5.75,33.4780572201821
-52.75,-5.25,29.7489174252121
-52.75,-3.25,24.766022954969
-52.75,0.75,19.4414372344384
-52.75,1.25,19.3601565149384
-52.75,3.75,16.5354878156537
-52.75,4.25,19.6522456803728
-52.75,4.75,19.6220195419069
-52.75,5.25,17.7916688248258
-52.75,47.75,31.9850558566448
-52.25,-30.75,58.1951850445593
-52.25,-28.75,58.4378106708857
-52.25,-28.25,58.7551090732811
-52.25,-27.75,58.5182995175821
-52.25,-23.25,58.1367220731901
-52.25,-22.75,57.5133973994272
-52.25,-21.75,56.4434046303566
-52.25,-21.25,60.4168307792092
-52.25,-20.75,62.0900564610762
-52.25,-20.25,61.5917119693007
-52.25,-19.75,60.0867160995618
-52.25,-19.25,56.910173090092
-52.25,-18.75,58.0860292757235
-52.25,-18.25,56.194743088656
-52.25,-17.25,51.4335780776152
-52.25,-16.75,53.4114768919213
-52.25,-16.25,50.9102943786995
-52.25,-14.25,46.3874512836777
-52.25,-13.75,45.886428482375
-52.25,-10.25,38.1125943331578
-52.25,-8.25,35.6408864390506
-52.25,-6.75,31.0758946587634
-52.25,-6.25,34.3992577727288
-52.25,-5.75,33.2941266395124
-52.25,-5.25,31.5477942087181
-52.25,-4.75,27.4062841042659
-52.25,-3.25,24.06604323882
-52.25,4.25,16.474473308291
-52.25,4.75,17.447167281885
-51.75,-31.25,57.1965563227278
-51.75,-30.75,59.3660196385307
-51.75,-28.75,59.0371539244838
-51.75,-28.25,61.1915394202368
-51.75,-27.75,61.7981424008879
-51.75,-27.25,59.5055636404002
-51.75,-23.25,59.4549643051121
-51.75,-22.75,59.1491957600407
-51.75,-22.25,57.3967487323434
-51.75,-21.75,59.8023813540677
-51.75,-21.25,62.5998349015806
-51.75,-20.75,62.1433799496544
-51.75,-20.25,61.641193397819
-51.75,-19.75,59.0910496545064
-51.75,-19.25,58.7795199237468
-51.75,-18.75,58.1076278056029
-51.75,-18.25,53.6914482432075
-51.75,-16.25,50.2619585785375
-51.75,-14.75,47.4638511176088
-51.75,-14.25,49.0113438084617
-51.75,-13.75,47.7609525873171
-51.75,-10.75,38.8443555951741
-51.75,-10.25,40.2172528586686
-51.75,-8.25,33.7987704392949
-51.75,-7.75,32.4522711743672
-51.75,-6.25,29.1949875312188
-51.75,-5.25,28.7043155218699
-51.75,-4.75,29.385607534187
-51.75,-4.25,25.1207254113051
-51.25,-28.75,60.048342308055
-51.25,-28.25,62.6680304241902
-51.25,-27.75,61.2771922735328
-51.25,-24.75,59.5302411043549
-51.25,-23.25,58.9608334082333
-51.25,-22.75,59.785311885357
-51.25,-21.75,57.3854026586284
-51.25,-21.25,61.0674748122473
-51.25,-20.75,61.1140900098396
-51.25,-20.25,57.1986407193965
-51.25,-19.75,55.4500841255648
-51.25,-19.25,57.3415941628377
-51.25,-18.75,55.6585256474601
-51.25,-16.25,51.2322891656998
-51.25,-14.25,50.0073728059368
-51.25,-13.75,50.0600708022416
-51.25,-13.25,47.2363581624945
-51.25,-12.75,44.0309431886925
-51.25,-12.25,41.9029630952541
-51.25,-10.75,38.9630876261321
-51.25,-10.25,39.4102604936783
-51.25,-8.25,33.3320396808971
-51.25,-7.75,32.2814258196286
-50.75,-30.25,61.1384250952396
-50.75,-29.75,57.8732406266768
-50.75,-29.25,57.9261313983148
-50.75,-28.75,61.9479623131339
-50.75,-28.25,61.356357630074
-50.75,-26.75,61.5167802569575
-50.75,-26.25,61.943416972498
-50.75,-24.75,61.1855432028065
-50.75,-24.25,58.8078749718419
-50.75,-22.75,58.130048790305
-50.75,-16.75,52.5757595435396
-50.75,-16.25,52.3318586321642
-50.75,-14.25,48.8321590765439
-50.75,-13.75,49.5317590762907
-50.75,-13.25,46.9780784938369
-50.75,-12.75,44.9761403579106
-50.75,-12.25,42.74213346336
-50.75,-10.25,38.0262582645742
-50.75,-9.75,37.9391669161206
-50.75,-8.75,35.0643311076911
-50.75,-8.25,36.7446484503244
-50.75,-2.75,22.1643870354852
-50.75,-1.25,19.9058822670422
-50.25,-30.25,61.3275063953615
-50.25,-29.75,60.9137729575009
-50.25,-29.25,62.0227901759832
-50.25,-28.75,62.101171226587
-50.25,-26.75,62.1336774427834
-50.25,-26.25,60.2064263601841
-50.25,-25.25,60.1115706871921
-50.25,-24.75,63.4899335548213
-50.25,-24.25,61.5116889676856
-50.25,-18.25,52.8086110658408
-50.25,-17.75,52.7728248931958
-50.25,-17.25,54.3573546666722
-50.25,-16.75,56.8617663590159
-50.25,-16.25,55.6618783226973
-50.25,-15.75,50.2041317550052
-50.25,-14.25,47.5903399512507
-50.25,-13.75,48.1413217992404
-50.25,-13.25,46.3041815586447
-50.25,-12.75,44.705239694908
-50.25,-10.25,38.2375382996701
-50.25,-9.75,39.4190984762888
-50.25,-9.25,35.8100255072378
-50.25,-5.75,28.5015056123243
-50.25,-5.25,26.6542783247606
-50.25,-4.75,26.1722308152583
-50.25,-2.25,23.351503882311
-50.25,-1.75,21.2581166276496
-49.75,-29.25,60.5948974167107
-49.75,-28.75,59.3014837324759
-49.75,-26.75,58.2818093257912
-49.75,-25.75,58.2866895205305
-49.75,-25.25,64.4678086413108
-49.75,-24.75,64.6190073579356
-49.75,-24.25,63.0347177434151
-49.75,-23.75,58.6527403313911
-49.75,-17.75,52.8962031802134
-49.75,-17.25,54.8167831878809
-49.75,-16.75,56.4314004174969
-49.75,-16.25,55.9391069743156
-49.75,-15.75,53.0407020630071
-49.75,-15.25,48.2178499333178
-49.75,-14.75,47.3751785685447
-49.75,-14.25,49.1833164092854
-49.75,-13.75,47.5293893032891
-49.75,-13.25,44.3930429758787
-49.75,-12.75,44.5161548054316
-49.75,-10.75,39.4399665267708
-49.75,-10.25,39.5284021652974
-49.75,-9.75,39.1735390212164
-49.75,-4.75,26.5951911334389
-49.75,-4.25,25.9588665424621
-49.75,-2.75,22.3883841143128
-49.75,-2.25,24.7875789656585
-49.75,-1.75,21.1713220642656
-49.25,-25.75,59.0447784948509
-49.25,-25.25,63.39770228466
-49.25,-24.75,63.0941801861621
-49.25,-24.25,63.0308027937086
-49.25,-23.75,62.1879736899987
-49.25,-23.25,59.0791954165071
-49.25,-22.75,57.3162646137461
-49.25,-22.25,58.5187635805314
-49.25,-21.75,57.2575271323217
-49.25,-17.75,52.0204285713825
-49.25,-17.25,52.1259943294743
-49.25,-16.75,52.4179693729514
-49.25,-16.25,51.6320477586778
-49.25,-15.75,50.5017905017354
-49.25,-15.25,47.8950499794668
-49.25,-14.75,46.8466225815025
-49.25,-14.25,48.0936682468363
-49.25,-13.75,45.6576812717247
-49.25,-13.25,43.755922320087
-49.25,-12.75,45.4884656179489
-49.25,-12.25,42.9911187880417
-49.25,-10.75,39.3453394380708
-49.25,-10.25,39.1192695334968
-49.25,-9.75,39.2417362651526
-49.25,-9.25,37.0845108143627
-49.25,-4.25,25.2197567379245
-49.25,-3.75,24.2522308189688
-49.25,-2.25,20.9376883845444
-48.75,-28.25,59.8333572176058
-48.75,-26.25,58.2057551997478
-48.75,-24.25,58.2172673541807
-48.75,-23.75,59.479102446117
-48.75,-23.25,57.867663767069
-48.75,-22.25,57.5640882149072
-48.75,-21.75,57.7162030458054
-48.75,-21.25,56.2584870497152
-48.75,-15.75,49.0186300284894
-48.75,-13.25,46.0500126392268
-48.75,-12.75,47.4788659385499
-48.75,-12.25,43.2444780340036
-48.75,-10.25,37.4289578399759
-48.75,-9.75,37.5915242416226
-48.75,-9.25,35.1967943234098
-48.75,-3.75,23.4930018289567
-48.75,-0.25,18.029746757417
-48.25,-22.75,57.0290215651319
-48.25,-22.25,56.9088704375763
-48.25,-21.75,56.575813985381
-48.25,-21.25,56.7610944516318
-48.25,-18.25,53.1445476635523
-48.25,-16.25,50.1948686724334
-48.25,-15.75,50.4018465334164
-48.25,-15.25,48.6852220781842
-48.25,-13.75,46.1422895496111
-48.25,-13.25,48.8503230661801
-48.25,-12.75,47.8269152541322
-48.25,-12.25,42.5236891894488
-48.25,-10.25,38.6611015018972
-48.25,-9.75,37.4338956919804
-47.75,-24.25,58.2595753990111
-47.75,-22.75,60.0623295558399
-47.75,-22.25,58.869189119678
-47.75,-21.75,56.1917184080155
-47.75,-21.25,55.9891985787749
-47.75,-19.75,54.9452138594498
-47.75,-18.25,54.2894360218467
-47.75,-17.75,52.9146225480864
-47.75,-16.25,52.8146911963038
-47.75,-15.75,51.9945101188765
-47.75,-15.25,49.1344118781889
-47.75,-14.25,46.3557014691657
-47.75,-13.75,49.0480551599483
-47.75,-13.25,49.5006335009189
-47.75,-12.75,46.5983023888834
-47.75,-12.25,41.8724831002991
-47.75,-10.75,38.2231295773394
-47.75,-10.25,39.4464011884397
-47.75,-9.75,37.95162324032
-47.75,-4.25,25.3162635524364
-47.25,-24.25,59.1386374107272
-47.25,-22.75,60.2538516609677
-47.25,-22.25,58.4107797969742
-47.25,-18.75,55.0815903047707
-47.25,-18.25,57.7504632747007
-47.25,-17.75,57.7300688683731
-47.25,-17.25,54.8287705304071
-47.25,-16.75,53.16508517383
-47.25,-16.25,54.6578552537376
-47.25,-15.75,52.4000770571594
-47.25,-15.25,47.7440073660717
-47.25,-13.75,47.1595598493994
-47.25,-13.25,47.8423565599175
-47.25,-12.75,47.4950429873928
-47.25,-12.25,45.5009073239005
-47.25,-10.25,38.1659108707208
-47.25,-9.75,39.7026031884567
-47.25,-9.25,37.5890190912131
-47.25,-7.75,34.4742664392622
-47.25,-7.25,33.406809659492
-47.25,-6.75,30.1010058844561
-46.75,-23.25,56.9875373969067
-46.75,-22.75,59.4187020442503
-46.75,-22.25,59.0077164822417
-46.75,-21.75,58.4199625200978
-46.75,-18.75,56.3837108832316
-46.75,-18.25,57.4474466724474
-46.75,-17.75,57.8529035634155
-46.75,-17.25,56.8316413287323
-46.75,-16.75,53.1097130369224
-46.75,-16.25,52.7904128246337
-46.75,-15.75,52.2747421782553
-46.75,-15.25,49.23552900148
-46.75,-13.75,45.0865883230966
-46.75,-13.25,46.4576772141972
-46.75,-12.75,47.5747659878759
-46.75,-12.25,46.7252304828562
-46.75,-11.75,41.51536386255
-46.75,-9.75,38.638233569303
-46.75,-9.25,40.1129445231603
-46.75,-8.75,38.7280111588764
-46.75,-8.25,34.4796190667028
-46.75,-7.75,32.4242713240603
-46.75,-7.25,31.3439223672245
-46.75,-6.75,29.3865996190802
-46.75,-3.25,22.4999244321444
-46.75,-2.75,24.981449494926
-46.75,-2.25,21.1661091916328
-46.25,-22.25,58.6664018743667
-46.25,-21.75,60.8825447474409
-46.25,-21.25,57.8718084376799
-46.25,-18.75,55.5304882171225
-46.25,-18.25,54.2739908724912
-46.25,-17.75,52.797016311505
-46.25,-17.25,52.4217249763422
-46.25,-16.75,50.8428897304301
-46.25,-16.25,49.9800734829554
-46.25,-15.75,51.3571303769341
-46.25,-15.25,51.0903205573825
-46.25,-14.75,46.2914732049782
-46.25,-13.25,44.2342057783937
-46.25,-12.75,43.8474169507708
-46.25,-12.25,42.1059513961303
-46.25,-9.25,37.6731277486121
-46.25,-8.75,37.2501083492702
-46.25,-3.25,22.2268908061977
-46.25,-2.75,25.1685528053915
-46.25,-2.25,22.3086860614445
-45.75,-21.75,58.5960424330035
-45.75,-21.25,57.9661867994424
-45.75,-20.75,57.0295607579588
-45.75,-18.75,53.3214701616663
-45.75,-18.25,54.2651962587418
-45.75,-17.75,51.7264148012334
-45.75,-17.25,50.8923940444531
-45.75,-16.75,51.7768669694899
-45.75,-16.25,51.8195515726688
-45.75,-15.75,51.9284998251775
-45.75,-15.25,50.4083430447499
-45.75,-5.75,26.9118255746306
-45.25,-21.25,55.2862599193568
-45.25,-20.75,58.4661435878775
-45.25,-20.25,56.3870083130128
-45.25,-18.75,52.3073495571314
-45.25,-18.25,56.2817590822056
-45.25,-17.75,55.5146480963738
-45.25,-17.25,53.6941114003153
-45.25,-16.75,52.5493966491449
-45.25,-16.25,52.5721260567843
-45.25,-15.75,51.4255111750643
-45.25,-15.25,48.696085427218
-45.25,-14.75,46.0832624579875
-45.25,-14.25,45.8122785014174
-45.25,-8.25,34.0713555176409
-45.25,-7.75,34.9721260369991
-45.25,-7.25,31.7469699223566
-45.25,-5.75,26.6841228709284
-44.75,-22.75,56.3963107098734
-44.75,-21.25,55.0876937551851
-44.75,-20.75,58.5544302112413
-44.75,-20.25,59.1625765317375
-44.75,-19.75,56.601701564402
-44.75,-19.25,53.6970390667959
-44.75,-18.75,54.7174689188197
-44.75,-18.25,57.7105587982542
-44.75,-17.75,56.7676317909013
-44.75,-17.25,53.4402811409106
-44.75,-16.75,50.6945686901865
-44.75,-16.25,49.1747457711963
-44.75,-15.25,46.7299908725155
-44.75,-14.75,46.4237775610095
-44.75,-14.25,46.7478932556442
-44.75,-13.75,44.0470038000683
-44.75,-12.75,42.6475584434595
-44.75,-12.25,43.7301390267816
-44.75,-8.25,36.9907062491041
-44.75,-7.75,35.6729638553101
-44.75,-4.75,24.7147934471408
-44.25,-22.75,57.3874391822704
-44.25,-21.25,55.9864069260626
-44.25,-20.75,58.7847673149762
-44.25,-20.25,59.9513346691738
-44.25,-19.75,58.7336853777912
-44.25,-19.25,55.0990567916827
-44.25,-18.75,54.5380146900457
-44.25,-18.25,55.3421292290017
-44.25,-17.75,54.4895370139468
-44.25,-17.25,52.8619878256694
-44.25,-16.75,50.6721611115453
-44.25,-16.25,48.4980406888209
-44.25,-12.25,44.1617063980485
-44.25,-11.75,41.6308182035173
-44.25,-10.25,40.0158561561851
-44.25,-9.75,36.0961586270048
-44.25,-8.75,33.1404448251226
-44.25,-8.25,36.7707891184645
-44.25,-7.75,32.5729518045722
-43.75,-22.75,56.8037976110898
-43.75,-20.75,54.7029156265381
-43.75,-20.25,55.4278297025311
-43.75,-19.75,53.5471118019814
-43.75,-19.25,52.7350617281228
-43.75,-18.75,53.606474313063
-43.75,-18.25,51.9711690436409
-43.75,-17.75,52.4891808037024
-43.75,-17.25,53.1814472146528
-43.75,-16.75,49.8718179173943
-43.75,-16.25,48.8586199952281
-43.75,-15.75,48.3135055043125
-43.75,-15.25,46.6991154075529
-43.75,-14.75,45.7820029604685
-43.75,-12.25,40.3172027816495
-43.75,-11.75,41.1079784671205
-43.75,-11.25,38.9121085121171
-43.75,-10.75,39.8286334975719
-43.75,-10.25,40.4123018010439
-43.75,-9.75,35.5301288776651
-43.75,-8.25,33.7336050411886
-43.75,-4.25,23.4287402115226
-43.25,-22.75,56.6952690892474
-43.25,-19.25,53.2577823339353
-43.25,-18.75,56.2127872950385
-43.25,-18.25,53.040185756568
-43.25,-17.75,52.0641678288767
-43.25,-17.25,52.6892621669423
-43.25,-16.75,48.7967633025182
-43.25,-16.25,48.5298491967687
-43.25,-15.75,48.6512698709489
-43.25,-15.25,46.2000136737634
-43.25,-11.25,38.3499324700342
-43.25,-10.75,40.0461598637068
-43.25,-10.25,38.6790369162331
-43.25,-9.75,34.9789615514542
-43.25,-4.75,24.4236682561737
-43.25,-4.25,23.1580974453209
-42.75,-22.75,55.1872674008956
-42.75,-19.25,51.6781537311267
-42.75,-18.75,53.2153519172863
-42.75,-18.25,52.5449495103051
-42.75,-17.75,52.0526216240314
-42.75,-17.25,51.1457933469889
-42.75,-10.75,36.971819888889
-42.75,-10.25,36.5665714650881
-42.25,-18.25,51.6709522597106
-42.25,-17.75,51.2857794589079
-42.25,-14.75,44.852992371942
-42.25,-10.25,35.2628497112067
-42.25,-8.25,32.2760074529672
-42.25,-7.75,30.0550272739204
-41.75,-22.25,55.1123941434427
-41.75,-21.75,55.7625486784774
-41.75,-21.25,55.9550188582736
-41.75,-20.75,55.7931942857088
-41.75,-20.25,55.0913529108271
-41.75,-19.75,52.1291708081576
-41.75,-18.25,49.609513714181
-41.75,-17.75,49.8522162708199
-41.75,-17.25,48.2494079118086
-41.75,-12.25,41.2992903060181
-41.75,-11.75,40.1887131968411
-41.75,-11.25,37.1445287172224
-41.75,-8.25,31.526186495156
-41.75,-6.75,28.3692035321169
-41.75,-6.25,26.558191689093
-41.75,-4.75,23.86555318582
-41.25,-21.75,57.1564770872952
-41.25,-21.25,54.704986088344
-41.25,-20.75,53.5542265489185
-41.25,-20.25,53.9930091784955
-41.25,-19.75,53.7792562671031
-41.25,-19.25,51.46064165829
-41.25,-17.25,48.4172340040548
-41.25,-12.25,38.7516647912199
-41.25,-6.75,28.0546322363199
-41.25,-6.25,28.9649257475514
-41.25,-5.75,26.2710527783771
-41.25,-5.25,24.2193021020684
-41.25,-4.75,24.7017959499208
-41.25,-4.25,22.8929546762219
-40.75,-20.25,51.5102587742679
-40.75,-19.75,52.1553823507816
-40.75,-17.25,47.81344574789
-40.75,-5.25,24.1287630364653
-40.75,-4.75,23.8521124786445
-40.75,-4.25,22.3695986649948
-40.75,-3.75,21.7059002318369
-40.75,-3.25,20.972622345836
-40.25,-19.75,50.5750836443473
-40.25,-17.25,47.1583261781292
-40.25,-14.25,41.8801372971519
-40.25,-5.25,24.884795443929
-40.25,-4.75,22.844716263471
-40.25,-3.25,20.6928346783468
-39.75,-14.25,43.7526172815014
-39.75,-5.25,25.4668977405196
-39.75,-4.75,23.6642643500029
-39.75,-3.25,20.4222970042163
-39.25,-14.75,41.9901364537273
-39.25,-14.25,43.6836262398107
-39.25,-13.75,40.7018005705267
-39.25,-6.25,25.4543206370817
-39.25,-4.75,22.959854766872
-38.75,-6.75,27.637133452419
-38.75,-6.25,27.6810639521563
-38.25,-12.75,38.622893543975
-38.25,-6.75,26.9835387873186
-38.25,-6.25,26.7846755317227
-37.75,-8.25,30.42582637791
-37.75,-7.75,28.4857432761371
-37.75,-7.25,27.3093900630706
-37.75,-6.75,27.0618007035249
-37.75,-6.25,26.5110579662199
-37.25,-8.25,28.2818876701325
-37.25,-7.75,27.3693687966099
-37.25,-7.25,27.3616799316671
-37.25,-6.75,25.0841728216627
-36.75,-9.75,31.2006920055825
-36.75,-7.25,26.3554806989172
-36.25,-9.25,29.803590035931
-35.75,-6.25,23.1763574617599
-35.75,-5.75,22.2729162262314
-35.25,-7.25,24.8370854281115
-35.25,-6.75,23.7572708727594
-23.75,15.25,25.9529180936691
-22.75,66.25,27.121057030327
-19.25,63.75,36.0436839487117
-19.25,64.25,36.606375340076
-18.25,65.75,34.1088171908332
-17.75,65.75,33.999583026813
-16.25,12.25,27.9500081685074
-15.75,11.25,28.7168957133235
-15.75,12.25,29.730517535445
-15.75,12.75,26.0937006070467
-15.75,18.75,21.2484114075113
-15.75,64.25,38.3042365712372
-15.75,66.25,36.6980473116784
-15.25,11.25,28.8074493219876
-15.25,11.75,29.467412289794
-15.25,12.25,29.8467301816889
-15.25,12.75,27.8684317946746
-15.25,13.25,26.8345755518489
-15.25,15.75,24.3139746649377
-15.25,18.25,21.3171081034365
-15.25,18.75,22.9690304536787
-15.25,19.25,19.7924702421237
-15.25,66.25,36.5240354286415
-14.75,11.25,29.0244689775516
-14.75,11.75,29.5806780299445
-14.75,12.25,29.9622003015881
-14.75,12.75,27.2181530052194
-14.75,15.25,25.7359388913938
-14.75,15.75,26.060411312823
-14.75,16.25,24.4071534726998
-14.75,17.25,22.3392103819011
-14.75,17.75,22.5108288946643
-14.75,18.25,20.8946000669566
-14.75,18.75,21.1815533826453
-14.75,19.25,19.4811437927294
-14.75,21.25,17.5633248746845
-14.75,21.75,18.6780238830011
-14.75,22.25,17.0729448577999
-14.25,10.25,26.1415580822748
-14.25,10.75,27.7811055379881
-14.25,11.25,27.4538595769253
-14.25,11.75,26.0944818132265
-14.25,12.25,26.0999938715037
-14.25,15.25,26.1339980067493
-14.25,15.75,27.3875021273292
-14.25,16.25,25.4282275808465
-14.25,17.75,23.2360632421412
-14.25,18.25,22.6539202421441
-14.25,18.75,21.2780733154954
-14.25,21.25,19.7549685371687
-14.25,21.75,19.3904984554254
-13.75,10.25,25.8400701671186
-13.75,10.75,26.0507840702215
-13.75,14.75,26.1770668847352
-13.75,15.25,29.1641844649527
-13.75,15.75,28.5024932871799
-13.75,16.25,25.5248922689496
-13.75,17.75,22.2888045992625
-13.75,18.25,23.6320687413181
-13.75,18.75,20.7352307424744
-13.75,21.75,17.5647949975846
-13.25,14.75,26.6172766095839
-13.25,15.25,28.7415283165692
-13.25,15.75,28.482769338648
-13.25,16.25,24.7443794384285
-13.25,17.75,23.301855796443
-13.25,18.25,23.5511623675504
-13.25,18.75,20.8947559274483
-12.25,12.75,27.1747159413054
-11.75,12.25,27.4247667003827
-11.75,12.75,26.9335250724551
-11.75,19.75,21.4164295422844
-11.75,20.25,21.3492024167934
-11.75,21.75,17.9578416666201
-11.75,22.25,19.7260367078735
-11.25,8.75,21.9940383424761
-11.25,12.25,27.3435859872952
-11.25,14.75,26.4219716520203
-11.25,19.75,21.5221623392398
-11.25,20.25,21.4525332991418
-11.25,20.75,19.3353256720129
-11.25,21.75,19.8639847372852
-11.25,22.25,19.8430410811124
-10.75,10.75,26.0863352939451
-10.75,14.75,28.6667642221167
-10.75,15.25,27.5326085008851
-10.75,17.25,23.2682147838019
-10.75,17.75,22.2078879262852
-10.75,19.75,22.2477990941974
-10.75,20.25,21.556067216283
-10.75,20.75,20.9710509154666
-10.75,22.25,18.4301319569256
-10.25,7.25,18.5007411742051
-10.25,14.75,30.1689856234455
-10.25,15.25,29.939471674417
-10.25,15.75,25.2103156264267
-10.25,17.25,24.6427024130866
-10.25,17.75,23.7274688405023
-10.25,19.75,22.3500718913489
-10.25,20.25,21.6597486887142
-10.25,28.25,26.0929347913151
-10.25,52.25,68.031534939337
-9.75,14.25,27.8043639934431
-9.75,14.75,30.2137893658592
-9.75,15.25,30.0471145734488
-9.75,15.75,25.81617960508
-9.75,17.25,24.3534274676203
-9.75,17.75,23.1821702638539
-9.75,27.75,24.0246541984289
-9.75,52.25,66.2806722549271
-9.75,53.75,64.9263473436459
-9.75,54.25,64.5768511428813
-9.25,7.75,20.8006288111127
-9.25,14.75,26.4433543213582
-9.25,15.25,26.6632777978753
-9.25,16.75,24.8878198599119
-9.25,17.25,23.1364066639032
-9.25,27.75,24.8310326984273
-9.25,52.75,64.3929341730731
-9.25,54.25,65.4617865148673
-8.75,7.25,19.3990504933383
-8.75,7.75,21.4318913250665
-8.75,10.25,28.1061887342159
-8.75,10.75,29.641011026077
-8.75,11.25,27.3607932267076
-8.75,19.25,21.2346257614501
-8.75,19.75,21.1234165831429
-8.75,20.25,19.4734140388
-8.75,20.75,18.7523666808285
-8.75,22.75,18.5836909799912
-8.75,27.25,25.3927385669495
-8.75,27.75,25.1003256983276
-8.75,37.25,48.9100878058329
-8.75,43.25,61.2718922339833
-8.75,54.25,69.3498361808696
-8.25,7.25,18.6576849033044
-8.25,9.75,24.9075315222268
-8.25,10.25,28.9088160889993
-8.25,10.75,29.7479486652947
-8.25,12.25,27.564951999171
-8.25,12.75,27.4765273612645
-8.25,15.75,25.7265006685545
-8.25,19.25,20.9111585931284
-8.25,19.75,21.4010127531952
-8.25,20.25,20.7603097103755
-8.25,22.25,18.2864533373017
-8.25,22.75,20.50742077099
-8.25,27.25,25.1400596070312
-8.25,27.75,24.5511072226651
-8.25,37.25,49.3301959666975
-8.25,37.75,50.3835609591919
-8.25,38.25,51.9596235848829
-8.25,38.75,53.9858630623556
-8.25,39.25,55.2968894936103
-8.25,39.75,55.3457207156232
-8.25,40.25,56.5613663272102
-8.25,40.75,56.9061531133448
-8.25,53.75,64.7636131234179
-8.25,54.25,69.9154000429409
-8.25,54.75,67.7739919564425
-7.75,8.75,22.2822318999065
-7.75,9.25,23.7514425053657
-7.75,9.75,24.1267874435944
-7.75,10.25,26.7969032035356
-7.75,10.75,25.9554131565622
-7.75,11.75,27.9396861084364
-7.75,12.25,31.5152315984864
-7.75,12.75,30.2801111928355
-7.75,13.75,27.4292885400915
-7.75,15.75,29.7951482782459
-7.75,16.25,27.5900671236615
-7.75,19.75,19.8100105877273
-7.75,27.75,25.2725722056499
-7.75,28.25,27.2920178279448
-7.75,37.75,51.3610767113796
-7.75,38.25,55.4422876281995
-7.75,38.75,57.2978102337485
-7.75,39.25,57.1117997765262
-7.75,39.75,57.2632446132295
-7.75,40.25,58.4766214228411
-7.75,40.75,58.0391169304948
-7.75,53.75,66.089739426553
-7.75,54.25,69.4909795010338
-7.75,54.75,66.6491391784129
-7.25,10.25,25.2687668474092
-7.25,10.75,26.0247863812388
-7.25,11.75,29.7382635953906
-7.25,12.25,31.3392741285538
-7.25,12.75,28.2982324166398
-7.25,13.75,28.0712944061672
-7.25,14.25,27.1830766259498
-7.25,15.75,29.8986482486802
-7.25,16.25,29.1212816314854
-7.25,28.25,27.2434926183158
-7.25,37.25,50.3558212577682
-7.25,37.75,53.1559523778919
-7.25,38.25,56.4598643391529
-7.25,38.75,57.7537534715402
-7.25,39.25,56.5558105118837
-7.25,41.75,61.5930802962553
-7.25,42.25,60.9802283376775
-7.25,53.75,65.630432553416
-7.25,54.25,67.3402453903557
-6.75,6.25,17.5393062091913
-6.75,10.25,26.2475511151131
-6.75,10.75,28.0490867602638
-6.75,11.25,29.598504364518
-6.75,11.75,31.3345423875415
-6.75,12.25,30.458939682761
-6.75,15.75,30.0016472267123
-6.75,16.25,29.2233633754777
-6.75,16.75,24.7964277801492
-6.75,37.25,52.277666603004
-6.75,37.75,53.6607161361113
-6.75,38.25,56.5584245661723
-6.75,38.75,58.1985358570807
-6.75,39.25,55.5852353706429
-6.75,43.25,64.7108039663998
-6.25,6.25,17.343049584948
-6.25,11.25,29.6849995417696
-6.25,11.75,31.4434138147194
-6.25,12.25,28.7368646105857
-6.25,29.75,30.5304349962143
-6.25,37.25,50.5858181865643
-6.25,37.75,53.2223957282074
-6.25,38.25,56.6947254094701
-6.25,38.75,58.6319208957271
-6.25,39.25,57.386582844233
-6.25,42.75,63.9198530605438
-6.25,43.25,67.5021753176851
-6.25,55.75,64.3546829073433
-5.75,6.25,17.2128680576986
-5.75,7.75,20.6797595936546
-5.75,11.25,26.7111735108041
-5.75,11.75,29.5097320526782
-5.75,12.25,27.6670150211508
-5.75,16.75,24.7571667801478
-5.75,31.75,36.3460370676845
-5.75,32.25,38.0548186373335
-5.75,37.25,51.8286305604378
-5.75,37.75,55.3086813611144
-5.75,38.25,56.1786683737101
-5.75,38.75,57.6022278763388
-5.75,39.25,57.321816871371
-5.75,42.25,61.70270374573
-5.75,42.75,63.2214290649139
-5.75,43.25,65.0744622472576
-5.75,56.75,63.7212204326609
-5.25,8.25,21.6085675969986
-5.25,12.25,28.4782845281256
-5.25,12.75,30.4481010093144
-5.25,13.25,28.1287616648542
-5.25,15.25,27.4081493963492
-5.25,15.75,26.5951759650103
-5.25,16.25,27.6968001954973
-5.25,16.75,26.3283013011328
-5.25,31.75,38.617559740933
-5.25,32.25,39.6438226125216
-5.25,37.25,50.9530575511127
-5.25,37.75,52.8267506815016
-5.25,41.75,64.4434213540244
-5.25,42.25,65.4499173349933
-5.25,42.75,63.4880098221296
-5.25,43.25,64.1945640058271
-5.25,50.25,69.45695309215
-5.25,58.25,62.9446061166582
-4.75,8.25,22.2768789565088
-4.75,8.75,22.7050673251676
-4.75,12.25,28.6003265549429
-4.75,12.75,32.0295129314276
-4.75,13.25,28.9537000693151
-4.75,15.75,27.9314492906895
-4.75,16.25,27.3137457398543
-4.75,26.75,25.0817616745616
-4.75,28.25,28.1669402614308
-4.75,28.75,30.5775634175196
-4.75,31.75,37.3669309137344
-4.75,32.25,38.5544348335207
-4.75,33.75,42.6133615474892
-4.75,38.75,55.4755476118436
-4.75,41.75,64.3730068110859
-4.75,42.25,65.4990417817417
-4.75,42.75,63.9134789680164
-4.75,43.25,64.0955714049658
-4.75,56.25,64.8851833499373
-4.75,56.75,65.7082006785494
-4.75,58.25,61.9686454931602
-4.25,8.75,22.9136145360558
-4.25,11.25,27.1030883726592
-4.25,11.75,27.7499549746981
-4.25,12.25,27.8639598810353
-4.25,12.75,31.0329649324642
-4.25,13.25,29.0893644979798
-4.25,15.75,27.5507080120755
-4.25,16.25,25.7588866252989
-4.25,19.75,22.4185407532227
-4.25,20.25,21.7049176253383
-4.25,26.25,25.1734695778301
-4.25,26.75,26.1421436241515
-4.25,28.75,30.5301917242856
-4.25,31.75,37.0455045157157
-4.25,32.25,39.8855177381483
-4.25,33.75,42.6242833724569
-4.25,38.75,55.4491027361354
-4.25,39.25,57.0029278145082
-4.25,39.75,59.0512018630052
-4.25,40.25,59.19617608149
-4.25,41.75,62.5838292948805
-4.25,42.25,63.0313780451745
-4.25,55.25,66.4263041452952
-4.25,56.25,67.2943362793599
-4.25,56.75,69.5495014086751
-4.25,57.25,64.1024231004145
-4.25,58.25,62.5003220440039
-3.75,15.75,26.3232138796207
-3.75,16.25,26.1218893369356
-3.75,19.25,23.2790959402627
-3.75,19.75,23.6718132285473
-3.75,20.25,23.0029616059847
-3.75,28.75,28.282385463845
-3.75,29.25,30.453879540953
-3.75,31.75,39.0197683637919
-3.75,32.25,40.8462095299
-3.75,39.75,58.2721892719318
-3.75,40.25,61.0169570335684
-3.75,40.75,61.5415809066283
-3.75,50.75,70.1223736605454
-3.75,51.75,71.4582140630727
-3.75,52.25,73.1247533550596
-3.75,52.75,69.640167908521
-3.75,55.25,67.1529630584464
-3.75,56.75,68.5551909892094
-3.75,57.25,66.3138289462188
-3.75,58.25,64.7926864060953
-3.25,8.25,22.96790993982
-3.25,8.75,23.1683285840122
-3.25,16.25,26.2296709592502
-3.25,19.75,21.5387496817248
-3.25,20.25,22.6408904373959
-3.25,28.75,29.6472574031094
-3.25,29.25,32.1394901489012
-3.25,29.75,32.5161554961229
-3.25,31.25,36.9103327395991
-3.25,31.75,39.7163448304664
-3.25,40.75,61.7557843052763
-3.25,41.25,62.6674280350002
-3.25,48.75,72.1202282124629
-3.25,51.75,75.0609858624069
-3.25,52.25,74.0912121046804
-3.25,52.75,69.2361856561843
-3.25,54.25,71.9677150698027
-3.25,54.75,70.5945178708586
-3.25,56.25,66.2993538424521
-3.25,56.75,68.0679421609173
-3.25,57.25,66.6648141576719
-2.75,6.25,18.354455515926
-2.75,7.75,24.6590190221067
-2.75,8.25,25.0605845751732
-2.75,12.75,28.8389677204397
-2.75,13.25,28.4406282660099
-2.75,27.75,27.4258161007618
-2.75,28.25,28.3751882362781
-2.75,28.75,30.2628691091715
-2.75,29.25,32.7783117981099
-2.75,29.75,34.181572005117
-2.75,31.25,36.1070327635446
-2.75,41.25,63.4034089789728
-2.75,41.75,63.2459714316671
-2.75,43.25,65.7049001356973
-2.75,51.75,70.7703343225009
-2.75,52.25,70.4001480147722
-2.75,53.75,70.9681096105961
-2.75,54.25,71.9093699689607
-2.75,54.75,70.1021177380722
-2.75,55.25,67.5147142275749
-2.75,55.75,69.7349916784102
-2.75,56.25,71.8499115681162
-2.75,56.75,70.8423055888667
-2.75,57.25,67.0210660536328
-2.25,7.25,20.503652559973
-2.25,7.75,23.8439401678934
-2.25,8.25,23.732978879004
-2.25,29.25,32.8672245784729
-2.25,29.75,34.3987117456875
-2.25,41.25,64.4151639524147
-2.25,41.75,63.991066977948
-2.25,52.75,71.7666272740518
-2.25,53.25,72.6077712232477
-2.25,53.75,74.2247135997818
-2.25,54.25,73.4116381363218
-2.25,54.75,69.8908007160542
-2.25,57.25,71.2975803305396
-1.75,6.25,19.673932809386
-1.75,6.75,20.5444853861133
-1.75,17.25,26.277935104255
-1.75,17.75,25.6053639555887
-1.75,18.25,23.6645277094504
-1.75,18.75,22.0990453823368
-1.75,25.75,22.507511420892
-1.75,29.25,30.5072017701878
-1.75,31.25,37.0148125724991
-1.75,38.75,57.121080047459
-1.75,41.25,63.2050240076443
-1.75,52.75,72.4012420522713
-1.75,53.25,72.7947256980016
-1.75,53.75,73.7182497760073
-1.75,54.25,73.1726600001853
-1.75,54.75,69.9560408533822
-1.25,5.25,19.2631105575835
-1.25,5.75,19.4655738366146
-1.25,6.25,21.0061318757348
-1.25,6.75,20.4188549496566
-1.25,10.75,28.1142436243963
-1.25,17.25,27.3019797938731
-1.25,17.75,27.0111036703402
-1.25,18.25,24.7993367472757
-1.25,18.75,22.140027020044
-1.25,25.75,22.603229431618
-1.25,26.25,24.6766064193936
-1.25,31.25,37.7285271567276
-1.25,31.75,37.9711296735811
-1.25,52.25,71.3843723503815
-1.25,52.75,71.7370850991495
-1.25,53.25,70.2007462867539
-1.25,53.75,69.6903569908233
-1.25,54.25,70.4354689306961
-1.25,60.25,60.7883452109086
-0.75,5.75,17.6366716775937
-0.75,6.25,18.668627433021
-0.75,10.75,27.661289475805
-0.75,17.75,25.3089600163246
-0.75,18.25,24.8973806161555
-0.75,18.75,23.391635194379
-0.75,26.25,24.2231762999492
-0.75,31.25,36.4533053999782
-0.75,31.75,37.7411575413615
-0.75,33.25,42.585893548545
-0.75,44.75,72.0218432878754
-0.75,45.25,72.1836737021421
-0.75,46.75,70.0285262440904
-0.75,51.25,72.4005387225286
-0.75,51.75,72.4988180165708
-0.75,52.25,72.3989346745422
-0.75,54.25,70.6197031642988
-0.25,10.75,28.4426573338595
-0.25,17.75,25.5538817774661
-0.25,18.25,25.2640187171214
-0.25,18.75,23.5932058932999
-0.25,23.25,19.8593027085876
-0.25,30.75,34.9653137475206
-0.25,31.75,38.0862877988376
-0.25,32.25,40.7045320682459
-0.25,32.75,41.6985584395999
-0.25,35.25,50.1109398357577
-0.25,35.75,51.6462685187778
-0.25,39.75,63.6567769661605
-0.25,40.25,63.5105837671612
-0.25,40.75,63.2416789545027
-0.25,44.25,68.5520166828072
-0.25,44.75,73.7635517724309
-0.25,45.25,71.5080025050669
-0.25,46.75,72.5157987456809
-0.25,47.25,71.8841039699535
-0.25,48.25,72.0135383541286
-0.25,48.75,72.4839424054327
-0.25,51.25,75.1718576825861
-0.25,51.75,73.6796431539777
-0.25,52.25,71.7388328342591
-0.25,53.75,73.4522401162591
0.25,6.25,19.5586963615251
0.25,6.75,21.2612664090199
0.25,7.25,21.1732299816335
0.25,10.25,27.5211885130734
0.25,10.75,30.407304283937
0.25,11.25,28.613479038166
0.25,12.25,29.8871482229169
0.25,12.75,31.7585772924863
0.25,13.25,31.9753404683032
0.25,13.75,32.1344690705812
0.25,14.25,29.4197812589665
0.25,35.25,48.5993220362084
0.25,35.75,51.2759332818272
0.25,40.25,65.5050305019286
0.25,40.75,64.7761827790281
0.25,44.75,70.2171979987344
0.25,45.25,69.7502221745628
0.25,47.75,71.3348040492326
0.25,48.25,71.6484807610964
0.25,48.75,72.4718002820607
0.25,49.25,71.9211783875078
0.25,51.25,73.4871521710684
0.25,51.75,72.8846781163244
0.25,52.25,74.2655833511433
0.25,52.75,73.4390369457961
0.25,53.25,72.0602223998343
0.75,6.25,20.0861406805165
0.75,6.75,22.8772780325554
0.75,10.25,27.7665889236657
0.75,10.75,29.9090742973158
0.75,11.25,30.1970575470365
0.75,11.75,30.4505764192514
0.75,12.25,32.6437149108604
0.75,12.75,32.0941419219216
0.75,13.25,30.2913728933253
0.75,13.75,32.4635124821784
0.75,14.25,32.1879680164476
0.75,15.75,28.3402696865737
0.75,16.25,29.0520319991957
0.75,16.75,26.755693168499
0.75,40.75,67.010730971227
0.75,41.25,65.0410188722095
0.75,44.75,70.0838833029551
0.75,45.25,72.1376100608786
0.75,45.75,70.5026416397771
0.75,52.25,73.0226782012925
0.75,52.75,73.8670378253584
1.25,11.75,28.5867395968608
1.25,14.25,29.3149627120247
1.25,16.25,28.910456313599
1.25,16.75,27.4750953748933
1.25,21.75,20.6002992858146
1.25,41.25,69.4744591654421
1.25,41.75,67.1787220213199
1.25,42.25,69.1670020550746
1.25,42.75,69.3657643626409
1.25,45.25,72.1023228240159
1.25,45.75,73.7249961276399
1.25,46.25,72.0207644900941
1.25,46.75,71.0802434317586
1.25,47.25,71.8735281853611
1.75,16.25,27.826659587458
1.75,16.75,27.4539350527239
1.75,20.75,22.2650613214554
1.75,21.25,22.3649341596856
1.75,21.75,20.5233559430502
1.75,41.25,68.0842552308693
1.75,41.75,68.1209941581389
1.75,42.25,69.5026859679665
1.75,42.75,67.6817172364232
1.75,45.75,73.61301534141
1.75,46.25,74.8250309690993
1.75,46.75,73.9037144131703
1.75,49.25,72.3197096913056
2.25,20.25,22.3631139190564
2.25,20.75,23.6720313978732
2.25,21.25,22.9922701109716
2.25,45.75,73.2298938170347
2.25,46.25,73.5810576685362
2.25,46.75,73.3058394172063
2.25,48.25,72.7692741360695
2.25,48.75,74.8024125273526
2.25,49.25,77.2011635965998
2.25,49.75,75.4649890042563
2.25,50.75,72.5203958315095
2.75,11.75,30.9718468696111
2.75,12.25,31.1988055862798
2.75,12.75,30.8695093240765
2.75,13.25,31.0868501406967
2.75,20.25,21.0652708896969
2.75,20.75,22.131580949741
2.75,21.25,22.479669494825
2.75,21.75,20.4474140873184
2.75,24.25,22.2115124248307
2.75,24.75,22.9605225216679
2.75,25.25,24.5198872945352
2.75,25.75,26.2266502341995
2.75,33.75,45.8039781164697
2.75,35.75,52.7765794629797
2.75,36.25,53.1983989524546
2.75,43.25,68.1493183824795
2.75,43.75,70.3339315973886
2.75,44.25,71.4502757213315
2.75,44.75,71.6836768672546
2.75,45.25,73.7168800897403
2.75,45.75,76.2291873303859
2.75,46.25,73.9555899653197
2.75,46.75,73.2185087604357
2.75,47.25,73.2570621254577
2.75,47.75,72.4919882580362
2.75,48.25,72.4790332074619
2.75,48.75,74.3763411854191
2.75,49.25,76.1253318459716
2.75,49.75,74.6633007452483
3.25,8.25,25.2498725501288
3.25,11.25,29.1092624429847
3.25,11.75,30.3667630210318
3.25,12.25,29.6787552193383
3.25,12.75,30.4816448746129
3.25,13.25,30.3927824629823
3.25,15.75,27.9668488342994
3.25,18.75,23.8293326198552
3.25,20.75,21.3495541007456
3.25,21.25,23.3882606801831
3.25,21.75,22.6770431015159
3.25,24.75,23.6108419044222
3.25,25.25,23.8787908868429
3.25,33.75,48.1016457903079
3.25,34.25,50.1084748223421
3.25,34.75,51.8919605600479
3.25,35.25,53.815382217243
3.25,35.75,55.4008645930566
3.25,36.25,57.296422183764
3.25,36.75,58.7103649066111
3.25,43.25,70.1769898776827
3.25,43.75,70.6665479535839
3.25,44.25,71.1455775929425
3.25,44.75,71.3736040271745
3.25,45.25,73.1936165262643
3.25,45.75,73.8187390533748
3.25,46.25,72.0139097823471
3.25,46.75,75.3332062652929
3.25,47.25,77.2735121489032
3.25,47.75,75.070512727358
3.75,8.25,25.9220051392939
3.75,10.25,28.0395979372749
3.75,10.75,28.3024240315477
3.75,11.25,30.5711329573538
3.75,11.75,30.0906301007148
3.75,14.25,30.4866702155678
3.75,15.75,28.0566112507991
3.75,16.25,27.7313274480982
3.75,18.75,25.2926326264519
3.75,20.75,20.9681595122639
3.75,21.25,23.0851954939208
3.75,21.75,22.7033043576084
3.75,22.25,20.5950660326869
3.75,33.25,45.6883330802693
3.75,33.75,46.6447997704325
3.75,34.75,49.2706223287608
3.75,35.25,51.6157189853006
3.75,35.75,52.1316508063907
3.75,36.25,53.6650809711703
3.75,36.75,56.7411489625601
3.75,46.75,72.0116913709286
3.75,47.25,73.5441605756748
3.75,49.75,73.2718269218008
3.75,50.25,73.9818315880653
4.25,6.75,21.6169058971323
4.25,14.25,30.3926141398721
4.25,20.75,21.6425670075522
4.25,21.25,21.1619722010578
4.25,33.25,46.0466078621552
4.25,49.75,75.0487205349677
4.25,50.25,75.1674744367986
4.75,6.25,21.2978619200717
4.75,6.75,21.3909856506554
4.75,8.75,26.5218033257307
4.75,20.75,21.9301120590355
4.75,46.25,72.1758029430982
4.75,48.25,73.495461725248
4.75,48.75,73.5631241898936
4.75,49.25,74.7153429168155
4.75,49.75,75.9676889713466
4.75,50.25,73.3481771973944
4.75,51.25,73.5440854292733
4.75,51.75,74.1301962936651
4.75,52.25,77.8155595865205
4.75,52.75,79.5204392537496
5.25,6.25,20.897822961978
5.25,8.75,27.074776536977
5.25,46.25,74.1698992124768
5.25,46.75,75.9932903999746
5.25,47.25,74.4277468721815
5.25,47.75,73.2310218313343
5.25,48.25,73.1391958771061
5.25,49.25,75.3933748688723
5.25,49.75,76.7305399453869
5.25,50.25,73.6197146431906
5.25,50.75,74.6456813169412
5.25,51.25,77.6487076436228
5.25,51.75,76.621121673511
5.25,52.25,77.3573927175784
5.25,52.75,79.6684098693985
5.25,59.25,65.6219536800881
5.25,59.75,65.4799152352252
5.25,60.25,67.7100428092846
5.25,60.75,68.0862079128033
5.25,61.25,66.8733124637304
5.25,61.75,64.5985749713416
5.75,8.25,25.3248551305438
5.75,17.25,26.7903451951647
5.75,17.75,26.6802175114843
5.75,22.25,20.9935736041166
5.75,22.75,21.0805338054007
5.75,25.25,23.6543033420317
5.75,25.75,26.257313136526
5.75,26.25,24.8993103523745
5.75,44.75,73.6864539043531
5.75,45.25,73.0443172177091
5.75,46.25,73.4930594778084
5.75,46.75,75.7302574256669
5.75,47.25,76.2481367627285
5.75,47.75,75.7393556144538
5.75,48.25,75.9536963725159
5.75,48.75,75.5514536908216
5.75,49.25,76.4642060189382
5.75,49.75,77.8066322314281
5.75,50.25,77.412978982915
5.75,50.75,77.9782091514872
5.75,51.25,78.4887468776763
5.75,51.75,77.0296529299595
5.75,52.25,76.4954303414165
5.75,52.75,78.235939673986
5.75,53.25,77.2696910056999
5.75,58.75,67.8069139219931
5.75,60.25,66.2821079648117
5.75,60.75,68.3329889276245
5.75,61.25,67.0689872609105
5.75,61.75,64.0259112767856
5.75,62.25,62.4979085226225
6.25,7.75,24.5089781935433
6.25,8.25,27.5421401679965
6.25,8.75,26.2138156397701
6.25,19.25,23.4240476039597
6.25,19.75,24.5089900737034
6.25,21.75,22.1202994531699
6.25,22.25,23.5580896866785
6.25,25.75,24.5459164654094
6.25,28.75,31.2902022591867
6.25,32.25,42.8783769803967
6.25,32.75,44.326406102602
6.25,33.25,44.6666376772033
6.25,33.75,46.0261711472617
6.25,36.25,55.1935041847775
6.25,36.75,58.0382151617624
6.25,44.25,71.5741933576151
6.25,44.75,73.5256323484062
6.25,45.25,71.5920797591162
6.25,46.25,72.9955333914948
6.25,46.75,75.3544034252164
6.25,47.25,76.7135292475361
6.25,47.75,76.5371150550993
6.25,48.25,78.912688269974
6.25,48.75,79.7661225234
6.25,49.25,77.4845162983104
6.25,49.75,77.4565030813127
6.25,50.25,79.0471911963098
6.25,50.75,78.4832751193405
6.25,51.25,76.8903423039413
6.25,51.75,76.4034304865603
6.25,52.25,75.6762206648865
6.25,52.75,74.4122517921057
6.25,53.25,74.4632157122046
6.25,58.75,66.6732900894411
6.25,59.25,65.3329128943273
6.25,59.75,64.5213998510832
6.25,60.25,65.0252673729675
6.25,60.75,66.4439656617254
6.25,61.25,64.3171875682372
6.25,61.75,60.3710853097693
6.25,62.25,59.6687195817235
6.75,4.75,19.6294746033087
6.75,5.25,20.2371877167904
6.75,8.25,25.1473201500376
6.75,15.75,30.4192852192424
6.75,16.25,29.225431567344
6.75,16.75,27.6185236812858
6.75,19.75,23.4531066704376
6.75,20.25,22.0899109621899
6.75,32.25,42.4549342522384
6.75,32.75,43.7163900486327
6.75,33.25,45.5584941959656
6.75,33.75,47.35845699215
6.75,36.25,53.8803683798573
6.75,36.75,59.694689054629
6.75,44.25,70.4061561086053
6.75,46.75,73.9671269130458
6.75,47.25,74.397740658795
6.75,47.75,76.055792971983
6.75,48.25,80.0514250727253
6.75,48.75,80.2740537621691
6.75,49.25,78.1270623442484
6.75,49.75,76.8500648996211
6.75,50.25,77.2421246271106
6.75,50.75,78.0807761113746
6.75,51.25,78.2838355989875
6.75,51.75,78.6181802633897
6.75,52.25,75.6413918504254
6.75,60.75,62.3272735711216
6.75,62.25,59.8321221237909
7.25,6.25,21.586894587699
7.25,12.25,30.7229984518567
7.25,16.75,26.9268129371918
7.25,19.75,22.7167186921781
7.25,33.25,46.4206549698766
7.25,33.75,48.5427945195973
7.25,35.25,52.6442121307821
7.25,36.75,55.3593253330293
7.25,43.75,72.6847759083323
7.25,44.25,71.7812630678829
7.25,47.75,75.8841419770087
7.25,48.25,79.8081245237464
7.25,48.75,79.8472939070718
7.25,49.25,79.6608764888691
7.25,49.75,77.3921805020376
7.25,50.25,73.937411591494
7.25,50.75,75.3237137608634
7.25,51.25,78.8307620073368
7.25,51.75,79.5206971288783
7.25,52.25,74.7544761530422
7.25,61.75,60.6908431251425
7.25,62.25,61.3774700664574
7.75,5.25,20.6767089095226
7.75,5.75,22.1076085780822
7.75,6.25,22.8361244531906
7.75,33.25,45.0564116508249
7.75,33.75,47.4804957429109
7.75,34.25,49.8341441558753
7.75,34.75,51.4021727604109
7.75,35.25,54.3637614010352
7.75,35.75,52.8520864984731
7.75,47.75,75.1652738195225
7.75,48.25,78.2685034645216
7.75,48.75,79.5312615909152
7.75,49.25,79.5863092306944
7.75,49.75,76.2009930192658
7.75,51.25,74.2199276852968
7.75,51.75,74.7313091967951
7.75,59.25,65.5869385612287
7.75,61.75,61.7627611497916
7.75,62.25,62.6220264276023
7.75,62.75,59.1232244474011
8.25,5.25,20.474987251017
8.25,8.75,29.6454896305062
8.25,9.25,31.7003790551327
8.25,9.75,28.4697174436594
8.25,18.75,24.0212830466579
8.25,30.75,37.5741252697002
8.25,32.75,43.6684314625634
8.25,35.25,51.3147212247174
8.25,44.25,71.2073559261563
8.25,44.75,74.7969668566039
8.25,45.25,73.386231851296
8.25,47.75,74.8799899439599
8.25,48.25,77.2710584911235
8.25,48.75,79.6114826831267
8.25,49.25,78.2102635123577
8.25,52.75,73.6495672785244
8.25,53.25,73.3858331399534
8.25,55.75,74.7684824630156
8.25,56.25,74.0430452222784
8.25,58.25,68.288481107225
8.25,58.75,69.4073834713844
8.25,59.25,68.5898311580028
8.25,61.75,60.1220460555774
8.25,62.25,62.8999528093426
8.25,62.75,60.9641070094697
8.25,63.25,57.6029070599441
8.75,5.75,21.4495942064231
8.75,8.75,26.969824969016
8.75,9.25,30.1654133616703
8.75,9.75,29.5618360529197
8.75,13.75,30.6130599757531
8.75,23.75,22.0590212988572
8.75,24.25,24.6976932420615
8.75,30.25,35.6710054408455
8.75,30.75,40.1265107477809
8.75,31.25,42.006567975499
8.75,31.75,43.300802779765
8.75,32.25,42.9865671299904
8.75,32.75,43.5349021453034
8.75,44.75,75.7129688958825
8.75,45.25,72.5927333416574
8.75,47.75,74.0998252052378
8.75,48.25,76.7170066736222
8.75,48.75,79.2566052709613
8.75,49.25,77.365779388904
8.75,52.75,73.813100008036
8.75,54.75,72.1781362672231
8.75,55.25,74.6522538609279
8.75,55.75,74.3885916007067
8.75,56.25,71.5903134925199
8.75,58.75,68.1030230467296
8.75,59.25,68.8976224575819
8.75,59.75,66.7869062755027
8.75,61.75,61.4340764772048
8.75,62.25,61.5445067991632
8.75,62.75,60.0720320359308
8.75,63.25,59.1611789966354
8.75,63.75,55.8850687352481
9.25,5.75,22.2913434488368
9.25,9.75,28.7570936951899
9.25,20.25,23.6382151108111
9.25,23.75,22.880960170902
9.25,24.25,24.4349151302563
9.25,29.25,33.3401289458849
9.25,29.75,36.7369180184141
9.25,30.25,37.4881665121023
9.25,30.75,37.9222160679154
9.25,31.25,39.9670724460686
9.25,31.75,41.5391916439488
9.25,44.75,76.3604824725272
9.25,45.25,74.0028619533017
9.25,47.75,74.4567114365109
9.25,48.25,76.4670579541424
9.25,48.75,77.6609465616578
9.25,49.25,76.1552300450733
9.25,54.25,73.4594637856486
9.25,54.75,77.4684447453435
9.25,55.25,78.4988951865511
9.25,55.75,73.8880993651069
9.25,58.75,67.3487835740179
9.25,59.25,69.1883798245712
9.25,59.75,66.3531036241678
9.25,61.75,60.9808351405545
9.25,62.75,57.3063346301603
9.25,63.25,56.9725311678743
9.75,4.25,23.2442311029907
9.75,4.75,22.9298745592217
9.75,15.75,30.3956079201208
9.75,16.25,30.5064135267197
9.75,44.25,72.5235322518006
9.75,44.75,74.5082940583244
9.75,45.25,74.1957236267473
9.75,46.75,75.1030536326874
9.75,47.25,77.0651536497889
9.75,47.75,77.8876297700932
9.75,48.25,77.8281056931421
9.75,48.75,77.3036924885719
9.75,49.25,75.7776493902631
9.75,54.25,75.6075747212159
9.75,54.75,79.0036533912408
9.75,55.75,74.1510101883276
9.75,57.25,72.7682782232241
9.75,59.25,69.2401040396633
9.75,61.75,60.1609493523879
10.25,4.25,23.7890488442566
10.25,4.75,24.4381970023106
10.25,11.75,30.9153602124846
10.25,12.25,32.0973076481801
10.25,12.75,32.8180395012208
10.25,14.25,30.6155727411542
10.25,15.75,31.5555489171253
10.25,16.25,30.853746800329
10.25,27.75,29.6710669202057
10.25,44.75,72.1925938391035
10.25,45.25,73.9336408898785
10.25,45.75,74.2128094670764
10.25,46.25,74.2293702909135
10.25,46.75,76.53834195573
10.25,47.25,79.4113231817604
10.25,47.75,79.9904526312408
10.25,48.25,79.640181979764
10.25,48.75,79.7531767471696
10.25,49.25,78.3529342620561
10.25,54.25,76.4847852416583
10.25,55.25,76.3470792816256
10.25,56.25,73.7105516207228
10.25,57.25,71.7331515524767
10.25,59.25,67.4321398177019
10.25,60.75,63.424625764642
10.25,61.25,67.1789283864511
10.25,61.75,64.4618639107521
10.25,62.75,57.809699763778
10.25,63.25,57.08437281383
10.75,6.25,24.2979095515673
10.75,10.25,33.1231757822465
10.75,10.75,33.8508195775147
10.75,11.25,32.1828439796025
10.75,11.75,32.8164990227014
10.75,12.25,32.4780909430697
10.75,12.75,32.7919046574577
10.75,32.75,44.7866201338703
10.75,36.75,55.7187271392937
10.75,43.25,69.6293931358979
10.75,43.75,71.7914370267087
10.75,44.25,70.8193163869032
10.75,45.75,74.7408182359567
10.75,46.25,76.1678277806599
10.75,46.75,76.4840810439934
10.75,47.25,78.2538351347245
10.75,47.75,78.9167205431918
10.75,48.25,78.7338162028958
10.75,48.75,79.5658832891557
10.75,49.25,78.4477170589647
10.75,52.75,74.1937664702799
10.75,53.25,73.4805131482581
10.75,54.25,75.2592249281488
10.75,55.25,77.5995900114395
10.75,56.25,76.7371590539538
10.75,60.25,64.1857855238068
10.75,60.75,66.3166200889205
10.75,61.25,67.949364161634
10.75,61.75,64.9177276940291
10.75,62.25,60.0144084725123
10.75,62.75,60.2851045250978
10.75,63.25,56.9607980024559
11.25,10.25,34.082071627834
11.25,10.75,34.2680008794727
11.25,11.25,31.7667893218114
11.25,12.75,32.3592541473987
11.25,22.25,22.5961312332274
11.25,22.75,24.3973987656013
11.25,25.75,25.3230019675983
11.25,28.75,31.3164570178125
11.25,32.25,41.9150763851627
11.25,32.75,47.0060103097063
11.25,43.25,70.2764694125469
11.25,43.75,73.696102412747
11.25,44.25,71.6351890756666
11.25,46.25,74.0764381411908
11.25,46.75,73.9116382394248
11.25,47.25,74.380790989978
11.25,47.75,74.4272834254216
11.25,48.25,74.8789853743068
11.25,48.75,76.2780937748478
11.25,49.25,76.2542278896483
11.25,49.75,75.0159092906665
11.25,51.25,74.6216493612395
11.25,52.25,74.0467244651388
11.25,52.75,78.4484916260094
11.25,53.25,77.8703862097266
11.25,53.75,74.0681274527837
11.25,55.25,72.6328888938757
11.25,58.75,69.544481293254
11.25,59.25,68.0544158406225
11.25,59.75,65.8721541388927
11.25,61.25,61.5553619984663
11.25,62.25,59.1765540757378
11.25,62.75,58.3721653004719
11.75,2.75,20.3672935823466
11.75,9.75,29.4351037999093
11.75,10.25,31.0472131515993
11.75,12.75,32.1767723522047
11.75,22.75,23.9088647433007
11.75,23.25,22.3373192206961
11.75,25.75,25.031704552011
11.75,26.25,26.1616971868666
11.75,29.25,33.1906874940342
11.75,30.75,37.1671292708207
11.75,32.75,46.9787827533498
11.75,43.25,70.3778869186179
11.75,43.75,72.2669820109914
11.75,44.25,71.8006658214534
11.75,46.75,73.9081444998234
11.75,48.75,76.1882345553972
11.75,49.25,77.164605344885
11.75,49.75,77.8119165002499
11.75,50.25,75.7156972920964
11.75,52.25,76.2317100858783
11.75,52.75,80.1532811398658
11.75,53.25,78.5460442394324
11.75,53.75,74.8913075635859
11.75,57.75,73.2841197027682
11.75,58.25,71.4955365466214
11.75,58.75,70.9520937226517
11.75,59.25,69.8445778825589
11.75,59.75,67.8562328168673
12.25,-18.25,25.2858621301271
12.25,-17.75,25.2237428908533
12.25,-17.25,26.0953448437111
12.25,-16.75,27.4068070708027
12.25,-16.25,24.2287395993189
12.25,-15.25,23.5728325340421
12.25,2.25,22.0575634472909
12.25,2.75,22.2222983613637
12.25,4.75,23.2180430943899
12.25,6.25,24.7049252191662
12.25,8.75,30.1448466693267
12.25,9.25,33.2976732797488
12.25,9.75,32.2654625143451
12.25,26.25,27.0748396620159
12.25,26.75,26.8665607858372
12.25,30.25,35.8443002359916
12.25,30.75,37.777525305477
12.25,32.75,45.6326408897465
12.25,43.75,70.6480563754657
12.25,44.25,70.9862277620625
12.25,46.75,73.973970825389
12.25,48.75,75.193400118644
12.25,49.25,76.5209100578016
12.25,49.75,75.2297046377995
12.25,52.25,78.7290351631911
12.25,52.75,80.584138445673
12.25,53.25,77.4141568233161
12.25,53.75,73.5544296168829
12.25,57.25,70.799402670119
12.25,57.75,72.0716859529727
12.25,58.25,72.6958631766894
12.25,58.75,70.6175861540291
12.25,59.25,68.4668830322665
12.25,59.75,66.7430758435328
12.25,61.75,61.813283361559
12.25,62.25,60.8344370757097
12.25,62.75,57.4345811497316
12.75,-18.25,27.384490403267
12.75,-17.75,28.5833498698248
12.75,-17.25,28.4262992704293
12.75,-16.75,28.2582931375233
12.75,-16.25,28.0409014165823
12.75,-15.75,24.8987023476528
12.75,-2.25,20.1204707544341
12.75,-1.75,20.0878796145998
12.75,2.25,21.7399411979018
12.75,6.25,24.7156441984638
12.75,8.75,32.6661508227841
12.75,9.25,33.4997484551367
12.75,9.75,32.7641184497242
12.75,24.25,22.9886691138811
12.75,24.75,24.5692356454364
12.75,26.25,25.9549108702728
12.75,26.75,29.0109698470834
12.75,27.25,30.6248369236534
12.75,43.75,70.1954340450257
12.75,46.25,73.0214701438688
12.75,46.75,74.3557098286272
12.75,47.25,73.9525257646518
12.75,47.75,74.7306484440319
12.75,50.75,75.7444483472775
12.75,51.25,77.1931024750622
12.75,51.75,77.6807773908831
12.75,52.25,80.7701491073895
12.75,52.75,80.5705142739139
12.75,53.25,76.4102494518951
12.75,58.25,68.2326571484155
12.75,58.75,67.0850073126417
12.75,59.75,65.1620118846848
12.75,60.25,64.2875482047076
12.75,61.25,63.0979176939444
12.75,61.75,66.2464861590852
12.75,62.25,65.231429819747
12.75,62.75,61.3891880176904
12.75,64.75,52.2274116119462
12.75,65.75,50.8613732423069
13.25,-17.75,28.0253597749566
13.25,-17.25,27.0790588405994
13.25,-16.75,26.9243653276114
13.25,-16.25,27.1101686782301
13.25,-2.25,21.1280019086127
13.25,8.75,28.4888269457866
13.25,9.25,33.5658648026374
13.25,9.75,32.4670345134741
13.25,12.25,33.2459998119085
13.25,26.75,26.7060639065409
13.25,27.25,30.6216940164143
13.25,27.75,29.8520491369957
13.25,46.25,76.647176434325
13.25,46.75,75.4319453793126
13.25,47.25,74.4092176267073
13.25,47.75,75.3604344936223
13.25,49.75,75.7594425835791
13.25,50.25,74.8677443379027
13.25,50.75,74.6656718164049
13.25,51.25,74.6630366797255
13.25,51.75,75.6008743437474
13.25,52.25,77.1457525822478
13.25,52.75,76.8881869924903
13.25,53.25,74.7940909486903
13.25,53.75,73.4739102863897
13.25,56.25,72.7176046697628
13.25,56.75,71.0150385472996
13.25,59.75,66.4247669158711
13.25,60.25,66.0021474111116
13.25,60.75,65.1914513534618
13.25,61.25,65.3437675806663
13.25,61.75,66.1244091525816
13.25,62.25,63.7327837175763
13.25,62.75,58.9790894561857
13.25,64.75,51.8258827487877
13.25,65.25,53.2430340315386
13.25,65.75,51.1088934786959
13.25,66.25,49.8940578206968
13.75,-21.25,28.223831425137
13.75,-19.75,26.4571069933859
13.75,-17.25,26.3677793245538
13.75,-16.75,25.6463069655425
13.75,-16.25,25.8548338877217
13.75,-7.25,22.7565221922658
13.75,-6.75,22.0425596324971
13.75,0.75,21.4128061871771
13.75,1.25,20.9452830598898
13.75,1.75,22.4371863562335
13.75,2.25,22.0273069847959
13.75,9.25,30.3519040928975
13.75,9.75,31.2597010852412
13.75,11.75,33.8812948003655
13.75,12.25,36.828048007689
13.75,12.75,35.5057769251513
13.75,17.25,27.4764761911115
13.75,17.75,29.5144466493883
13.75,21.25,22.1810825391599
13.75,37.25,56.7447024667884
13.75,45.25,77.2014704201759
13.75,45.75,78.5392646143298
13.75,46.25,79.0254875854696
13.75,46.75,76.0751935167612
13.75,47.25,74.2935365852579
13.75,49.25,74.293039666084
13.75,49.75,77.7313314884931
13.75,50.25,76.8497667194412
13.75,50.75,75.1689696385016
13.75,51.25,74.7722397587333
13.75,51.75,74.8588916002923
13.75,52.25,74.4290834844507
13.75,52.75,76.2373286759135
13.75,53.25,77.5875785352471
13.75,53.75,77.5824617464233
13.75,55.75,73.6358153275331
13.75,56.25,74.374398058625
13.75,56.75,73.3154997511267
13.75,59.25,67.7441648210458
13.75,59.75,70.4116217885231
13.75,60.25,68.3934351045492
13.75,60.75,65.2863487960635
13.75,61.25,62.6910877100808
13.75,61.75,59.9983881287667
13.75,63.25,56.7805423036782
13.75,63.75,54.6579791163258
13.75,65.25,51.6341791586604
13.75,65.75,49.9628912621497
13.75,66.75,47.3399809916539
13.75,78.75,15.6323668395483
14.25,-21.75,28.7406938259194
14.25,-21.25,30.9807766127675
14.25,-20.75,27.6629380476094
14.25,-18.75,27.8050782509548
14.25,-17.25,27.8340211789539
14.25,-16.75,27.0175144528086
14.25,-16.25,26.9907796376671
14.25,-10.75,25.404636240062
14.25,-10.25,24.4062442486264
14.25,-9.75,23.6300609862078
14.25,-7.75,22.7792357911947
14.25,-7.25,26.208070691128
14.25,-6.75,26.0482164175149
14.25,-6.25,25.8933314028132
14.25,-5.75,24.1451689984417
14.25,1.75,22.5084788624659
14.25,2.25,22.1266220748678
14.25,12.75,32.8261138321769
14.25,17.25,29.6200961875949
14.25,17.75,30.4753899996637
14.25,21.25,22.7016025075905
14.25,21.75,22.0782409435426
14.25,24.75,24.4698172773728
14.25,45.25,77.0865064502634
14.25,45.75,77.5847083602349
14.25,46.25,75.5702021997952
14.25,46.75,74.0283536165682
14.25,47.25,73.7366638063759
14.25,49.25,75.2371406127452
14.25,49.75,75.8358228369678
14.25,50.25,76.3680182839237
14.25,50.75,78.289527633903
14.25,51.25,77.3555184877176
14.25,51.75,75.7280262143314
14.25,52.25,74.8052261848279
14.25,52.75,76.6399830435874
14.25,53.25,78.5726830077482
14.25,56.25,71.8251725413483
14.25,56.75,72.6322593405853
14.25,57.25,71.4615390599076
14.25,57.75,69.3555650220062
14.25,58.25,68.5027949141413
14.25,59.25,68.0018493820331
14.25,59.75,71.2054498900842
14.25,60.25,67.7267582974991
14.25,62.75,58.398201939569
14.25,63.25,59.5788644235188
14.25,63.75,58.5892326560661
14.25,64.25,55.3253226866126
14.25,64.75,51.1175556581004
14.25,65.25,49.5763206047451
14.25,65.75,48.657047900301
14.25,66.25,46.4177211848719
14.25,66.75,45.3106537446153
14.25,78.75,14.6228458684807
14.75,-24.75,28.6853585524168
14.75,-24.25,29.6443972955125
14.75,-23.75,29.7575255869928
14.75,-23.25,29.9076984627685
14.75,-22.75,29.726138259639
14.75,-21.75,27.8536939332898
14.75,-21.25,31.547380906266
14.75,-20.75,30.5173746947457
14.75,-18.75,29.894043243396
14.75,-18.25,28.6823173186318
14.75,-17.75,26.811743271478
14.75,-17.25,27.3981528252374
14.75,-16.75,26.668528193439
14.75,-16.25,26.7392771077794
14.75,-15.75,29.6049571338397
14.75,-15.25,29.6393800675304
14.75,-14.75,25.9413423295754
14.75,-10.75,27.5384380026958
14.75,-10.25,26.9664063446776
14.75,-9.75,24.214087010149
14.75,-8.75,23.9750666977464
14.75,-8.25,23.4263976497136
14.75,-7.25,26.6879830609436
14.75,-6.75,26.5247210843171
14.75,-6.25,26.3664561242354
14.75,-5.75,26.2130938638201
14.75,-5.25,24.3606387743508
14.75,21.75,22.8037025389073
14.75,22.25,22.0853203726764
14.75,24.25,24.314703401537
14.75,24.75,25.0357791161498
14.75,37.75,57.5498126140012
14.75,45.25,73.3834227953722
14.75,48.75,74.5522852338326
14.75,49.25,75.1364820927909
14.75,49.75,75.3783409661988
14.75,50.25,77.895280440008
14.75,50.75,79.7892735741751
14.75,51.25,76.4268146324595
14.75,51.75,73.898247342152
14.75,52.25,74.1304268589442
14.75,52.75,75.3438829079276
14.75,53.25,75.8540225635045
14.75,53.75,77.4685037860322
14.75,55.25,72.6195278179657
14.75,57.25,72.3675170775242
14.75,57.75,71.0821101731495
14.75,58.25,68.6902908337865
14.75,58.75,66.9720951480464
14.75,59.25,67.5259291251477
14.75,59.75,67.3686710679495
14.75,62.25,59.1652667952661
14.75,62.75,60.5922080675433
14.75,63.25,59.6604973958197
14.75,63.75,58.6761010693198
14.75,64.25,55.1458875678497
14.75,64.75,51.1829877470929
14.75,68.75,37.8215256988925
14.75,78.75,14.5104000421257
15.25,-25.25,29.2705732103267
15.25,-24.75,31.5474793446071
15.25,-24.25,30.0147744288814
15.25,-23.75,28.0817361224953
15.25,-23.25,30.9211844339463
15.25,-22.75,32.0453156774035
15.25,-22.25,29.6206047453052
15.25,-21.75,28.7704564635127
15.25,-21.25,31.9431063234507
15.25,-20.75,29.6939945855405
15.25,-15.75,30.6457179349007
15.25,-15.25,30.4354310228296
15.25,-14.75,30.2199967950429
15.25,-14.25,26.271561521488
15.25,-11.25,25.7245887641506
15.25,-10.75,26.7261838851739
15.25,-10.25,25.7986813352512
15.25,-8.75,24.3836941101239
15.25,-6.75,26.406958135276
15.25,-6.25,26.8359732476995
15.25,-5.75,26.6793799032194
15.25,-5.25,25.3978416378502
15.25,20.25,23.0492551691995
15.25,20.75,22.8948675648638
15.25,22.25,22.0061819068952
15.25,22.75,23.6042817150479
15.25,23.25,22.4355266642585
15.25,24.25,23.8379561758241
15.25,25.75,24.8610105978516
15.25,48.75,75.3043936217569
15.25,49.25,74.2360617709194
15.25,49.75,75.6766107754537
15.25,50.25,79.9704145137283
15.25,50.75,80.3166853389951
15.25,51.25,76.8432262510262
15.25,51.75,74.9595646836186
15.25,52.25,76.7495809637177
15.25,52.75,78.4785082043798
15.25,53.25,75.987831567691
15.25,53.75,74.8763106509619
15.25,57.25,71.2122623448304
15.25,57.75,72.010151004346
15.25,58.25,69.8653777329157
15.25,58.75,66.6831564510225
15.25,62.25,60.4570297298567
15.25,62.75,59.8868617831907
15.25,63.25,57.7646382598522
15.25,63.75,56.1643380864173
15.25,64.25,53.7385432202513
15.25,64.75,51.3269280643891
15.25,78.75,16.4225225774211
15.75,-25.25,28.3965185595823
15.75,-24.75,28.4398166787917
15.75,-23.25,29.6276136697882
15.75,-22.75,29.8737819717895
15.75,-21.75,28.7820501653868
15.75,-21.25,30.6383047996644
15.75,-20.75,29.5613203977896
15.75,-15.75,28.0255604349209
15.75,-15.25,30.9606459481483
15.75,-14.75,30.7419268502201
15.75,-12.25,26.5068062845262
15.75,-11.75,25.9322991810438
15.75,-9.75,26.5298877664973
15.75,-9.25,27.426856366237
15.75,-6.25,26.0140566680033
15.75,-5.75,27.1412867681438
15.75,-5.25,24.2192592057418
15.75,4.75,24.5607872234082
15.75,5.25,28.6556801719678
15.75,5.75,27.1646248393242
15.75,10.25,31.2708506327271
15.75,18.75,25.322171881534
15.75,19.25,24.7768608337331
15.75,19.75,24.3944785806914
15.75,21.25,23.0665240471827
15.75,25.75,26.4039731289805
15.75,26.25,28.3266618410477
15.75,26.75,27.2834339951019
15.75,38.25,61.3618318438215
15.75,48.75,74.9052834027074
15.75,50.25,78.6801130744582
15.75,50.75,80.3433297568692
15.75,51.25,77.6671660492482
15.75,51.75,76.1147799163073
15.75,52.25,78.7178315209858
15.75,52.75,79.8458910078185
15.75,53.25,76.3155711553263
15.75,53.75,75.5399864763784
15.75,56.75,71.3817261099215
15.75,57.25,72.3862605165295
15.75,57.75,72.4281162765892
15.75,58.25,70.4149139363906
15.75,78.75,14.7864024334918
16.25,-21.25,29.2928991884806
16.25,-20.75,31.3390281607711
16.25,-20.25,30.9982940901224
16.25,-15.25,29.1926196725368
16.25,-14.75,29.6643255425768
16.25,-12.75,26.5345865728854
16.25,-9.75,27.2967396714238
16.25,-9.25,28.8444843597187
16.25,-8.75,24.9756256532488
16.25,-6.25,24.3575308819987
16.25,-5.75,26.1084618496481
16.25,-2.75,23.4893691325551
16.25,-0.75,23.7611989568084
16.25,4.75,26.3489422489153
16.25,5.25,28.9661298591424
16.25,5.75,29.5980400802751
16.25,6.25,26.8497870783776
16.25,7.75,28.4472942921565
16.25,8.25,30.6555011740151
16.25,8.75,30.0290685841554
16.25,9.75,30.8777886438272
16.25,12.75,32.5819379575739
16.25,14.75,32.3104286982068
16.25,18.75,26.6188352040732
16.25,19.25,25.5110688190114
16.25,19.75,24.4192145128009
16.25,25.25,24.770667309454
16.25,25.75,27.549548014896
16.25,26.25,28.4580231030584
16.25,26.75,27.9753353131541
16.25,38.25,59.9330053361242
16.25,43.75,75.5373758334759
16.25,44.25,71.9816152903058
16.25,45.75,73.3407641383915
16.25,48.25,74.1769632490663
16.25,50.25,75.3017439612097
16.25,50.75,78.0801792818169
16.25,51.25,75.9170933558966
16.25,51.75,74.2698472794703
16.25,52.25,74.6670577904979
16.25,52.75,74.8664509331784
16.25,53.25,74.7306563065983
16.25,53.75,77.3786989484891
16.25,54.25,76.8813190860227
16.25,56.75,74.3611307541267
16.25,57.25,74.7060744377771
16.25,57.75,70.6983104633034
16.25,58.25,67.4445597612548
16.25,60.25,63.2216020084421
16.75,-25.75,30.0959669639564
16.75,-25.25,29.5231360936705
16.75,-21.75,30.959832885226
16.75,-21.25,29.9146043798494
16.75,-20.75,30.0794535280548
16.75,-20.25,29.8092745337778
16.75,-10.75,27.6832491051572
16.75,-9.25,26.2009661947286
16.75,-2.75,25.4588685127903
16.75,-2.25,27.0466941199957
16.75,-1.75,26.7327929398064
16.75,-1.25,25.4803590640667
16.75,-0.75,24.1091122281089
16.75,5.25,27.6478432167924
16.75,5.75,27.5120267771839
16.75,9.75,31.9197113202066
16.75,12.75,32.6792925442945
16.75,13.25,32.783524830366
16.75,14.75,31.6985340131385
16.75,15.25,31.9660132813846
16.75,15.75,31.9133112327975
16.75,16.25,30.6372141979852
16.75,22.75,22.2059389578309
16.75,23.25,22.9684819458414
16.75,25.25,25.6801515713386
16.75,25.75,26.0114147168418
16.75,43.75,72.3712682859736
16.75,45.75,75.1697026646912
16.75,46.25,74.6165087238486
16.75,47.25,74.8283019962959
16.75,47.75,78.6174476441333
16.75,48.25,77.1872523978488
16.75,50.25,74.0553606232001
16.75,50.75,76.72331728527
16.75,53.25,74.9525734260427
16.75,53.75,78.5098796847306
16.75,54.25,75.0613570218108
16.75,56.75,72.9086276231994
16.75,60.25,66.1322633528904
16.75,60.75,65.0907865559698
17.25,-27.75,27.8933349201182
17.25,-25.75,29.6616498637615
17.25,-22.25,30.7568853860454
17.25,-21.75,31.9600045856688
17.25,-10.75,29.7914899802993
17.25,-4.75,25.4006892227412
17.25,-2.75,24.3153462130341
17.25,-2.25,27.4690759548508
17.25,-1.75,27.3564712327664
17.25,-1.25,27.0297794335768
17.25,-0.75,25.142561498379
17.25,4.75,25.0733256457385
17.25,5.25,27.2963674313009
17.25,9.25,30.7987220300864
17.25,9.75,35.0464170683592
17.25,10.25,34.8754769581807
17.25,10.75,32.0723784259006
17.25,15.75,32.6330304507964
17.25,16.25,32.4556580172343
17.25,16.75,32.5383562923344
17.25,17.25,28.2710117315881
17.25,22.75,25.0553775662566
17.25,23.25,23.7647170109354
17.25,25.25,26.6957736102688
17.25,25.75,27.1683749080635
17.25,45.75,73.3442690119531
17.25,46.25,73.1282404892252
17.25,46.75,73.8568824164886
17.25,47.25,77.5456016613379
17.25,47.75,79.5428499291105
17.25,48.25,77.5881664016337
17.25,48.75,74.2148393910716
17.25,49.25,73.8058515428556
17.25,49.75,74.5316096121444
17.25,50.25,76.4659325250085
17.25,50.75,76.8376032664992
17.25,53.25,75.9323814792608
17.25,53.75,75.9454357076422
17.25,59.25,66.4389669167694
17.25,59.75,65.0557103073796
17.25,60.25,68.6307591961029
17.25,60.75,68.1167205936797
17.25,62.25,59.6542807865154
17.25,62.75,60.5537128777379
17.25,63.25,58.1179067531489
17.25,67.75,41.0730127328309
17.25,68.25,41.7306310940844
17.25,69.25,36.3046021835078
17.75,-22.25,32.7790117007438
17.75,-21.75,31.6483707538517
17.75,-11.25,27.4142623098975
17.75,-10.75,27.2881625793113
17.75,-6.75,25.8757244267639
17.75,-5.25,26.5455713941531
17.75,-4.75,28.6006322841184
17.75,-4.25,26.9061502943622
17.75,-2.75,26.9497217430771
17.75,-2.25,27.8845908714156
17.75,-1.75,27.7683004737022
17.75,-1.25,27.6664262042832
17.75,-0.75,27.3695539864388
17.75,-0.25,25.738037376436
17.75,3.25,25.3260588747554
17.75,5.25,26.3842772281232
17.75,7.75,32.9130652034223
17.75,8.25,31.275687640612
17.75,9.25,32.2152482352197
17.75,9.75,35.611655385081
17.75,10.25,36.3694473886694
17.75,10.75,34.9262064317759
17.75,15.75,31.1963260328279
17.75,16.25,33.1175508312677
17.75,16.75,33.0458328940517
17.75,17.25,31.0112962485962
17.75,19.25,25.5925347581516
17.75,20.75,24.4292272572694
17.75,21.25,22.8887956321116
17.75,22.25,22.2230986886206
17.75,22.75,23.367892127766
17.75,25.25,24.8384254591216
17.75,25.75,25.4774510295197
17.75,44.75,71.5428983012949
17.75,45.25,73.647160582668
17.75,45.75,72.9185060465899
17.75,46.75,72.4161789346165
17.75,47.25,74.2439582636659
17.75,47.75,76.3072732585623
17.75,48.25,77.367277215537
17.75,48.75,76.7743766842144
17.75,49.25,75.9814513556185
17.75,49.75,75.9450354750953
17.75,50.25,77.2553939415444
17.75,50.75,76.3961686931529
17.75,52.75,73.9963283334268
17.75,53.25,75.2521979521392
17.75,53.75,73.2310547433163
17.75,60.25,68.9877502458864
17.75,62.75,62.0433083528391
17.75,63.25,58.1532253690707
17.75,65.25,48.9835775797584
17.75,65.75,48.2048546987449
17.75,66.25,45.5474544735853
17.75,67.75,42.0734560578017
17.75,68.25,40.7487719969308
17.75,69.25,35.728236511367
18.25,-22.25,32.4308342980637
18.25,-21.75,32.6761852757653
18.25,-18.75,31.193230965131
18.25,-18.25,31.8750500296375
18.25,-16.75,30.285421821885
18.25,-16.25,32.8515370526789
18.25,-15.75,31.4064705685849
18.25,-5.25,26.4787167174254
18.25,-4.75,26.4229538604456
18.25,-3.25,26.3697121111433
18.25,-2.75,28.4234950204426
18.25,-2.25,28.2924416415998
18.25,-1.75,27.7717237536345
18.25,-1.25,26.7702669305029
18.25,-0.75,24.8831485402683
18.25,3.25,25.984521645739
18.25,3.75,27.6086878498334
18.25,7.75,33.4813698522074
18.25,8.25,33.1754096270275
18.25,8.75,31.6888117474067
18.25,9.25,32.5708993669902
18.25,9.75,32.8603343668394
18.25,10.25,33.1875711872255
18.25,10.75,33.4834116515985
18.25,15.75,33.5601057509181
18.25,16.25,34.0359739251035
18.25,16.75,32.1642953114233
18.25,17.25,28.0835045874603
18.25,20.75,25.1807484412234
18.25,21.25,25.7395128931081
18.25,21.75,24.3766725728056
18.25,22.25,22.1074864157334
18.25,44.25,72.7241894077775
18.25,44.75,74.1330422848091
18.25,45.25,74.4190725843716
18.25,45.75,73.3796632813695
18.25,47.75,75.1888136906512
18.25,48.25,77.8172178877978
18.25,48.75,75.7277683872503
18.25,50.25,75.6657784678869
18.25,50.75,75.829466722453
18.25,52.75,73.9091430007244
18.25,53.25,73.6832487845169
18.25,53.75,73.6639236018648
18.25,54.25,75.7146523138076
18.25,54.75,74.8173627866132
18.25,59.75,64.6223578992481
18.25,60.25,67.7435341421488
18.25,63.25,55.7772162152012
18.25,65.25,50.1788257360928
18.25,65.75,48.7913112306629
18.25,69.25,36.2991963584963
18.75,-31.75,25.4526356518398
18.75,-28.75,28.1672945995715
18.75,-28.25,28.701843943463
18.75,-26.25,32.9759932875037
18.75,-25.75,32.804057177074
18.75,-17.25,30.9544311174293
18.75,-16.75,34.534642361676
18.75,-16.25,34.3257212577501
18.75,-15.75,29.8928948926309
18.75,-13.25,30.1197970187269
18.75,-12.75,31.2081156974104
18.75,-9.25,29.312468157772
18.75,-8.75,28.503903389709
18.75,-3.75,25.8377451503843
18.75,-3.25,27.9295077977521
18.75,-2.75,27.1653083026932
18.75,-2.25,25.695989900465
18.75,3.25,25.593614153834
18.75,3.75,28.8122723116231
18.75,4.25,27.6951021454882
18.75,7.75,32.229540731181
18.75,8.25,31.671544248115
18.75,8.75,30.7753196943393
18.75,10.25,32.4788914722398
18.75,10.75,33.625123453106
18.75,14.25,34.1401306317173
18.75,15.75,34.0405774849595
18.75,16.25,33.5922306476165
18.75,18.25,27.8315227851003
18.75,18.75,25.5121322337624
18.75,20.75,24.2425525629683
18.75,21.25,25.7780314351436
18.75,21.75,24.156854115448
18.75,44.25,71.1649711231381
18.75,44.75,71.5833319635764
18.75,47.25,72.2517220753336
18.75,47.75,78.482563720641
18.75,48.25,79.4143556057819
18.75,48.75,74.604228822255
18.75,50.25,74.7297647725717
18.75,50.75,75.5730202422401
18.75,51.25,73.6749649107676
18.75,51.75,75.393251385705
18.75,52.25,77.5220310174707
18.75,52.75,75.8765532313502
18.75,53.25,72.6219541564083
18.75,53.75,73.6140317320201
18.75,54.25,78.7021315390217
18.75,59.75,65.0065875654918
18.75,63.25,54.6911633297669
18.75,65.25,51.8338843337721
18.75,65.75,49.2968907586485
18.75,68.75,37.6126177966735
18.75,69.25,36.8560591677616
19.25,-27.25,29.6620695807965
19.25,-26.75,31.0601526135653
19.25,-26.25,34.0918687816022
19.25,-25.75,33.6314078034851
19.25,-17.75,31.7991734185079
19.25,-17.25,34.3487819924013
19.25,-16.75,34.9783534206439
19.25,-16.25,33.7963919234921
19.25,-13.75,29.9175687786672
19.25,-13.25,33.3652842567101
19.25,-12.75,33.1234517875063
19.25,-12.25,29.9216571936362
19.25,-9.75,28.3009956553287
19.25,-9.25,29.0998102541898
19.25,-8.75,27.747490293261
19.25,-3.25,26.7375408444424
19.25,3.75,26.5296854786347
19.25,4.25,26.5484993453005
19.25,4.75,27.3825549413628
19.25,5.25,27.8905431316789
19.25,10.25,33.7567039525162
19.25,10.75,35.4685890465181
19.25,11.25,33.6603749429272
19.25,14.25,35.8599507673606
19.25,15.75,32.5537153939657
19.25,16.25,31.3679597944159
19.25,20.75,25.0529263543612
19.25,21.25,23.6838628421292
19.25,42.25,67.000129365175
19.25,47.25,73.5079610143182
19.25,47.75,78.9627529916713
19.25,48.25,79.2562854648758
19.25,48.75,74.4516204104822
19.25,50.25,74.317748731757
19.25,50.75,77.1915374781914
19.25,51.25,77.3026601460837
19.25,51.75,78.6109745169746
19.25,52.25,78.0184354949584
19.25,52.75,74.1795264242653
19.25,54.25,76.7167293425521
19.25,65.25,50.081210233119
19.25,65.75,49.9839702746602
19.25,66.25,47.9266661563737
19.25,66.75,45.0482579260009
19.25,67.25,43.3332993880614
19.25,67.75,41.210937887407
19.25,68.25,38.923886963167
19.25,68.75,37.9935399037114
19.75,-34.75,24.3403981888052
19.75,-27.25,30.8690374484209
19.75,-26.75,32.2899728627221
19.75,-26.25,32.4973873737501
19.75,-20.25,33.4702498282758
19.75,-19.75,33.0652799049505
19.75,-18.75,32.7101534451302
19.75,-18.25,31.664379449034
19.75,-17.75,31.5411127241033
19.75,-17.25,34.3935248672473
19.75,-16.75,34.1902318051282
19.75,-14.25,30.0478314607844
19.75,-13.75,33.6872760054421
19.75,-13.25,33.7860355159682
19.75,-12.75,31.2871570747725
19.75,-10.25,29.7077915529363
19.75,-9.75,28.8283462698982
19.75,7.25,29.0947432541097
19.75,10.75,34.814246166362
19.75,11.25,36.7198250405939
19.75,11.75,34.8568097860933
19.75,12.25,33.8588546236334
19.75,14.25,32.5175610033603
19.75,20.25,23.4694347379635
19.75,20.75,23.8905270473839
19.75,42.75,67.6156937775145
19.75,43.25,68.3440107974019
19.75,47.25,73.3274648831126
19.75,47.75,78.7914204912059
19.75,48.25,77.2345357562639
19.75,50.25,73.9011833961836
19.75,50.75,78.4090837780423
19.75,51.25,77.0733149966732
19.75,51.75,75.0948779126323
19.75,52.25,74.7545649093104
19.75,52.75,72.6931542066833
19.75,54.25,73.5739594828595
19.75,60.25,66.6284610552902
19.75,65.75,51.2492761630952
19.75,66.25,50.7473967758195
19.75,66.75,46.4475717147422
19.75,67.25,42.8021250728683
19.75,68.75,36.681365385259
20.25,-27.75,30.0972165338579
20.25,-27.25,32.5587272714366
20.25,-26.75,32.0518127887948
20.25,-20.25,34.4229490569926
20.25,-19.75,34.258707559059
20.25,-19.25,32.1679151622322
20.25,-17.25,32.3250248291222
20.25,-16.75,31.5969371417705
20.25,-14.25,33.1532891062783
20.25,-13.75,34.4372149593097
20.25,-13.25,34.1926218631004
20.25,-12.75,30.0064193212527
20.25,-10.25,29.3209962206678
20.25,-7.25,28.834565169353
20.25,-5.75,27.1789747259825
20.25,1.75,26.7665725166734
20.25,2.25,27.0575445313144
20.25,11.25,36.4101770985075
20.25,11.75,36.2878787144999
20.25,12.25,35.2677938739156
20.25,12.75,34.373801166813
20.25,25.75,26.5730513958906
20.25,26.25,25.9815922260087
20.25,31.25,37.0088379790186
20.25,42.25,66.2426098115289
20.25,42.75,69.9413609769004
20.25,43.25,70.9405678167778
20.25,43.75,69.0321606181144
20.25,47.25,76.2256254783404
20.25,47.75,76.8898248429148
20.25,48.25,74.2141260016899
20.25,50.75,77.3936694165128
20.25,51.25,76.4100710324206
20.25,51.75,72.9844718069203
20.25,52.75,72.5214643514681
20.25,53.25,73.4077002447021
20.25,53.75,74.5193210923165
20.25,54.25,73.9694946789038
20.25,54.75,74.5476659856428
20.25,63.75,56.3595260237886
20.25,64.25,53.0598419229643
20.25,65.25,47.9316167862755
20.25,65.75,51.3917975623797
20.25,66.25,50.5667034668428
20.25,66.75,47.5104151347073
20.25,67.25,43.7064709011279
20.25,67.75,40.1262829783491
20.75,-30.75,28.3932465460685
20.75,-17.25,32.1242088377569
20.75,-14.25,32.5609408251288
20.75,-13.75,34.830231186817
20.75,-13.25,34.5371930176123
20.75,-12.75,31.0509525082327
20.75,-7.75,29.7103332278013
20.75,-7.25,29.904209786377
20.75,-6.25,27.6685751364985
20.75,-5.75,28.6295042043769
20.75,-5.25,28.437755144638
20.75,-4.75,26.998337900189
20.75,-3.75,27.2441549212549
20.75,-3.25,26.6163999730566
20.75,1.25,27.3196326151691
20.75,1.75,27.7610657790285
20.75,2.25,26.6103848127038
20.75,11.75,34.6858093267035
20.75,12.25,35.89770724769
20.75,12.75,36.0866577307098
20.75,16.75,28.9605716020421
20.75,17.25,28.9868352669558
20.75,17.75,28.0562057678712
20.75,23.25,22.1325831558203
20.75,25.25,25.4616466552533
20.75,25.75,26.5623867980406
20.75,30.25,34.4861994252149
20.75,30.75,37.4207285861865
20.75,31.25,39.604146847755
20.75,31.75,41.5703593164855
20.75,32.25,43.1075745285271
20.75,37.75,56.0566494441962
20.75,42.75,66.6961741876022
20.75,47.25,73.1189254679732
20.75,48.75,73.7344663395835
20.75,49.25,73.5460086110812
20.75,50.75,76.2426218436751
20.75,51.25,75.2383289046958
20.75,53.75,72.9780769180678
20.75,54.25,71.6729795081636
20.75,54.75,71.7764622473277
20.75,64.25,53.351750125164
20.75,65.75,48.8007361721548
20.75,66.25,49.6271806010229
20.75,66.75,45.7244338543946
20.75,67.25,43.9740597494514
20.75,67.75,43.782107646413
21.25,-33.75,25.4588712083418
21.25,-33.25,27.9423024041644
21.25,-32.75,28.6727197213718
21.25,-32.25,27.3652038747613
21.25,-31.25,26.9330106847678
21.25,-30.75,29.8234277999964
21.25,-17.75,33.0783568741019
21.25,-13.75,30.8867909716079
21.25,-13.25,31.4930347000518
21.25,-12.75,31.6461627382552
21.25,-11.25,30.430304825997
21.25,-10.75,32.2825036016977
21.25,-10.25,30.8600073857651
21.25,-6.75,28.804721372661
21.25,-6.25,29.0594134887411
21.25,-5.75,28.5220376958547
21.25,-5.25,29.7882175469567
21.25,-4.75,30.426820030141
21.25,-4.25,31.1688418252801
21.25,-3.75,31.0022666738152
21.25,-3.25,30.7074194048358
21.25,1.25,27.3635078973419
21.25,1.75,27.7079452031855
21.25,2.25,26.2178679566756
21.25,4.25,27.6979141644406
21.25,4.75,31.3228474020474
21.25,5.25,30.8189598599024
21.25,12.25,35.8135169191048
21.25,12.75,37.5819716423568
21.25,13.25,35.7027608961884
21.25,16.25,30.2370638013844
21.25,16.75,32.36037113707
21.25,17.25,32.4314097751732
21.25,17.75,29.6835732232217
21.25,29.75,32.7914201323312
21.25,30.25,36.9966394572948
21.25,30.75,37.0011144420943
21.25,31.25,37.2956369035911
21.25,31.75,41.3197596716764
21.25,32.25,42.8950934502982
21.25,32.75,41.7447449462932
21.25,39.25,62.0798503065174
21.25,39.75,64.8962718919433
21.25,40.25,64.4176220466095
21.25,45.25,70.954068057523
21.25,45.75,71.8153832094146
21.25,48.75,72.2140966832561
21.25,49.25,74.2081894110257
21.25,49.75,73.2087601425635
21.25,50.25,74.2564246813738
21.25,50.75,74.8922557898301
21.25,56.75,69.2989750389428
21.25,67.75,41.6507981688962
21.25,68.25,38.1855014005738
21.75,-34.25,25.3485544692551
21.75,-33.75,27.3642793665861
21.75,-33.25,28.1609740951331
21.75,-32.75,28.8997392237658
21.75,-32.25,29.2884753626434
21.75,-31.75,27.6641655473349
21.75,-30.75,28.4327256420232
21.75,-29.25,30.3816542697369
21.75,-28.75,31.0482322101685
21.75,-28.25,31.389455518418
21.75,-23.25,33.5131169369269
21.75,-20.25,34.9599280792759
21.75,-11.25,33.039222533449
21.75,-10.75,34.1138478054262
21.75,-10.25,31.9442898891318
21.75,-6.75,28.4363466458151
21.75,-6.25,31.1805849211535
21.75,-5.75,30.7798386747029
21.75,-5.25,30.2956873274044
21.75,-4.75,29.8458430303822
21.75,-4.25,29.5933254910565
21.75,-3.75,28.8737237621952
21.75,1.25,27.8446608238675
21.75,1.75,29.6617413358349
21.75,2.25,27.7147191774363
21.75,3.75,26.856137904316
21.75,4.25,30.2308210876874
21.75,4.75,31.5698985626481
21.75,5.25,31.1729478595134
21.75,11.25,33.4117183312021
21.75,11.75,35.0817186131218
21.75,12.25,35.1631388836057
21.75,12.75,35.7153320021115
21.75,13.25,34.2517133992372
21.75,15.75,30.9243251487692
21.75,16.25,30.8215828353638
21.75,16.75,31.4646930719516
21.75,17.25,32.2259112703222
21.75,17.75,28.6823941016121
21.75,30.25,33.6260159673768
21.75,37.75,57.1678187473553
21.75,39.25,61.4619886047377
21.75,39.75,65.140664447808
21.75,40.25,66.3798824085764
21.75,40.75,64.4900386672693
21.75,44.75,71.0861612882839
21.75,45.25,73.4596970793313
21.75,45.75,75.7309620464753
21.75,46.25,73.5304121949028
21.75,49.75,73.7879764005283
21.75,50.25,74.4200162139497
21.75,50.75,73.0514543256997
21.75,56.75,71.0016350058151
21.75,57.25,69.8598892483383
21.75,60.75,66.4797143160687
21.75,61.25,64.7110626151476
21.75,61.75,58.552576791359
21.75,62.75,55.0317726719869
21.75,67.75,39.4919384891906
21.75,68.25,37.639491799928
22.25,-33.75,27.6062140928201
22.25,-33.25,28.3641402929801
22.25,-32.75,27.5359033060074
22.25,-32.25,29.8432842821442
22.25,-31.75,30.5585657497201
22.25,-31.25,28.046047016576
22.25,-29.25,31.6027826942614
22.25,-28.75,33.8232283918954
22.25,-28.25,31.5509867021744
22.25,-23.25,37.3539576653418
22.25,-22.75,36.5876735870895
22.25,-20.75,33.7903392708416
22.25,-20.25,38.2926944376814
22.25,-19.75,36.9364037953167
22.25,-17.75,33.3197579610378
22.25,-11.25,32.3713312216982
22.25,-10.75,33.7346022640846
22.25,-10.25,30.3036915789671
22.25,-6.25,30.2123746620666
22.25,-5.75,32.0940323584522
22.25,-5.25,29.708083153583
22.25,1.75,29.2341068982089
22.25,2.25,29.3276444442316
22.25,2.75,26.7535220454498
22.25,4.25,28.8840088302781
22.25,4.75,31.8064908418549
22.25,5.25,29.8127206438181
22.25,11.25,35.6621618675738
22.25,11.75,35.888602572729
22.25,15.75,31.5482939317284
22.25,17.75,27.3984244918527
22.25,20.75,23.5090607451996
22.25,25.25,24.9037649891332
22.25,37.25,53.6536286213161
22.25,39.75,61.5593805036316
22.25,40.25,65.5722910626171
22.25,40.75,67.2840977662927
22.25,41.25,65.4921418920861
22.25,44.75,69.1067231353701
22.25,45.25,71.7692581163118
22.25,45.75,74.7923681525014
22.25,46.25,74.1302347557779
22.25,46.75,71.2846611287231
22.25,47.25,71.9525447164877
22.25,47.75,73.4118481993046
22.25,50.25,74.1316780634717
22.25,50.75,75.4892715796264
22.25,56.75,69.2796119828555
22.25,57.25,67.80298045198
22.25,60.25,64.0358390357863
22.25,60.75,63.8610056788403
22.25,61.25,62.6204197574726
22.25,67.75,39.4532737181407
22.75,-33.75,25.0585830620124
22.75,-33.25,25.1066306786963
22.75,-32.25,28.5709331061017
22.75,-31.75,29.2543001307033
22.75,-31.25,28.286958377254
22.75,-29.25,30.5164281225924
22.75,-28.75,32.1625617932408
22.75,-26.25,32.8526022317831
22.75,-23.25,38.145137707834
22.75,-22.75,38.5223355517739
22.75,-22.25,35.9964650285808
22.75,-20.75,35.2973663938584
22.75,-20.25,36.9178727003071
22.75,-19.75,34.5987692939862
22.75,-18.25,36.6165109490752
22.75,-17.75,36.6059348804043
22.75,-5.75,28.5540983128503
22.75,-5.25,29.6342923724148
22.75,2.25,27.7802539617243
22.75,2.75,27.879010554493
22.75,4.75,29.3397399058647
22.75,5.25,29.5128556096879
22.75,6.75,30.0434288045885
22.75,10.75,33.4392579230337
22.75,11.25,35.8156058174708
22.75,11.75,34.9335139716794
22.75,14.25,33.3847345662085
22.75,14.75,33.9726674799348
22.75,15.25,33.0762385988623
22.75,18.25,26.657138751126
22.75,20.75,24.1585585901794
22.75,21.25,22.681127547831
22.75,28.75,30.3506141360626
22.75,29.25,32.5623305849196
22.75,40.75,66.2772304883796
22.75,41.25,65.8447806860549
22.75,41.75,64.0464449115085
22.75,44.75,68.4370474359732
22.75,45.25,69.1049120183425
22.75,45.75,70.793546230254
22.75,46.25,72.2710933989061
22.75,46.75,71.1007594015445
22.75,47.25,71.9322092927551
22.75,47.75,74.6218335829883
22.75,48.25,72.7047742842431
22.75,50.25,75.1589643388275
22.75,50.75,76.5917839995404
22.75,51.25,72.4248059372945
22.75,55.25,71.0227483298976
22.75,56.75,67.8535991907429
22.75,60.25,62.8679280579224
22.75,60.75,62.016490138137
22.75,61.25,63.6772410346427
22.75,61.75,59.7526129140083
22.75,67.25,40.9603591813705
22.75,67.75,40.266406730853
23.25,-28.75,31.7501307124666
23.25,-23.25,37.9700182018379
23.25,-22.75,38.8138716855386
23.25,-22.25,38.9015932005748
23.25,-21.75,34.6110151705735
23.25,-20.75,35.1240176620755
23.25,-18.25,36.9800305976582
23.25,-17.75,36.2879545115141
23.25,-10.25,31.0898402059376
23.25,-8.75,30.0982253228223
23.25,-8.25,31.3955390156267
23.25,-7.75,30.7705232487078
23.25,-3.25,28.5446336888211
23.25,-2.75,30.3089296845906
23.25,-2.25,29.7784764747879
23.25,-1.75,28.1367719043777
23.25,2.25,28.7568537448469
23.25,2.75,30.6853662645479
23.25,3.25,27.7591163613054
23.25,8.25,32.4717232285842
23.25,10.75,34.4390692718177
23.25,11.25,36.2888803860259
23.25,14.25,34.2212943814159
23.25,14.75,36.0874097708784
23.25,15.25,33.7257153855331
23.25,17.75,27.965237118309
23.25,18.25,28.3371305267981
23.25,28.25,28.6650496326211
23.25,28.75,31.1761107015245
23.25,29.25,32.0417490507497
23.25,29.75,32.1684380276962
23.25,30.25,32.9488205504045
23.25,30.75,34.9312188644108
23.25,40.75,62.3309801858199
23.25,41.25,63.2531712572837
23.25,44.75,69.6186655458405
23.25,46.25,69.7543792980433
23.25,47.75,71.7290888150602
23.25,48.25,71.2483734727356
23.25,49.25,71.7805937795716
23.25,49.75,73.0826985148422
23.25,50.25,74.9705599978651
23.25,50.75,73.5233641578301
23.25,51.25,71.5981966750909
23.25,51.75,71.7323922778092
23.25,55.25,69.7434356224135
23.25,56.75,69.4620992972194
23.25,60.25,66.578117929935
23.25,60.75,65.6391576361328
23.25,61.25,65.0631923955515
23.25,61.75,62.1434078285598
23.25,62.25,57.1008438919253
23.25,67.25,43.0284886778066
23.25,67.75,42.0445276245079
23.25,68.25,37.3127653971373
23.25,69.25,35.2996031423356
23.25,69.75,33.9167337812063
23.75,-28.75,31.1320858101541
23.75,-28.25,31.6460797168074
23.75,-23.25,36.6045327751501
23.75,-22.75,39.0893717749004
23.75,-22.25,37.6441731045442
23.75,-21.25,35.6972541006363
23.75,-20.75,38.2826594700182
23.75,-20.25,35.9726838325369
23.75,-19.75,35.350964801878
23.75,-19.25,36.0490775399713
23.75,-18.75,36.0418008428683
23.75,-18.25,35.3350084586844
23.75,-8.75,30.6170511386066
23.75,-8.25,34.2908592379444
23.75,-7.75,34.0824511382774
23.75,-7.25,31.5639180548355
23.75,-3.75,28.9991813551379
23.75,-3.25,32.2040985524673
23.75,-2.75,29.613261079695
23.75,-2.25,31.3594331843947
23.75,-1.75,31.9249347718684
23.75,1.75,29.1181963131822
23.75,2.25,29.6287656957638
23.75,2.75,29.5988667634646
23.75,8.25,31.8671358970093
23.75,10.75,34.7355396475376
23.75,11.25,38.479475433803
23.75,13.25,33.4690978845984
23.75,14.25,32.8059421867423
23.75,14.75,36.6487148678093
23.75,15.25,33.6357246338787
23.75,17.25,29.2141053457374
23.75,17.75,30.549212214941
23.75,18.25,29.9713733638099
23.75,18.75,26.3404086478159
23.75,21.75,24.0023224417771
23.75,22.25,23.5224077072361
23.75,30.75,34.6173974624867
23.75,41.25,63.1812177769968
23.75,41.75,63.088964803195
23.75,44.75,70.8676854267725
23.75,45.25,69.4151055569583
23.75,46.25,69.6514983839539
23.75,46.75,70.5940059388038
23.75,47.25,71.1588109570777
23.75,47.75,71.052167794641
23.75,48.25,72.2275576055704
23.75,48.75,75.077995559324
23.75,49.25,76.5332995307381
23.75,49.75,76.174453694617
23.75,50.25,75.2175470505451
23.75,50.75,74.7804571955888
23.75,51.25,73.7095661980597
23.75,51.75,72.3082672843853
23.75,54.75,71.7667183162687
23.75,55.25,71.8236807609532
23.75,55.75,69.534956650368
23.75,56.25,69.0168025791849
23.75,56.75,71.9361381839216
23.75,58.75,64.7344054355261
23.75,59.25,64.5012134540483
23.75,60.25,67.3323267575648
23.75,60.75,66.1030706567496
23.75,61.25,64.7210969095923
23.75,61.75,61.7817498994973
23.75,62.25,58.897097124683
23.75,62.75,57.5406437985052
23.75,63.25,55.7702582221165
23.75,63.75,51.6267193373961
23.75,67.25,41.5395570614221
23.75,67.75,38.3006091712139
23.75,68.75,37.1945342137689
23.75,69.25,37.7149052410391
23.75,69.75,35.6129413332913
23.75,70.25,32.823715763509
24.25,-33.25,25.5434968402043
24.25,-32.75,26.1906831955783
24.25,-25.75,33.6961765541093
24.25,-23.25,35.1057305211237
24.25,-22.75,36.6400477650015
24.25,-21.25,37.8004540241643
24.25,-20.75,39.5265058842685
24.25,-20.25,38.2853563702558
24.25,-19.75,37.9964014727168
24.25,-19.25,39.0004339359849
24.25,-18.75,38.8345204949266
24.25,-18.25,34.7074208630038
24.25,-16.25,34.0195658558414
24.25,-8.25,32.8096577623596
24.25,-7.75,30.8237231540911
24.25,-3.75,29.07610027887
24.25,-3.25,32.5001204061806
24.25,-2.75,29.5481780844715
24.25,-2.25,30.3172476196654
24.25,-1.75,30.1443071935668
24.25,0.25,28.118020618921
24.25,1.75,27.9289544818279
24.25,10.75,35.2911384080063
24.25,11.25,37.595501083412
24.25,11.75,33.7526534753284
24.25,13.25,36.2401072055824
24.25,14.75,32.2519505991875
24.25,15.25,32.2703432451352
24.25,17.25,32.3909618736952
24.25,17.75,31.5665790892113
24.25,18.25,30.586812492336
24.25,18.75,26.6580875159717
24.25,27.25,27.3212846160405
24.25,41.25,63.4692126682765
24.25,41.75,63.972596320102
24.25,44.25,67.7298624210567
24.25,44.75,71.577391149518
24.25,45.25,68.9712344238234
24.25,46.25,69.9111717830863
24.25,46.75,70.8139579954623
24.25,47.25,71.507876627592
24.25,47.75,72.8110979996963
24.25,48.25,76.7855779736311
24.25,48.75,77.3691513220506
24.25,49.25,77.1927910557397
24.25,49.75,74.5558954133144
24.25,50.25,73.4440863276846
24.25,50.75,74.3070926701809
24.25,51.25,73.3971113791303
24.25,51.75,71.5164994794633
24.25,52.25,71.2446097268128
24.25,52.75,71.3843292067862
24.25,54.75,73.845917129834
24.25,55.25,72.799856054236
24.25,55.75,68.4263399303594
24.25,56.75,70.346406231975
24.25,58.75,64.6131988405645
24.25,59.25,64.8049742292976
24.25,60.25,65.3296205306475
24.25,60.75,63.544964417916
24.25,61.25,60.6426601794312
24.25,61.75,59.4037014539402
24.25,62.25,58.6026890192205
24.25,62.75,57.458859028199
24.25,63.25,55.2406420601643
24.25,63.75,51.1545482072593
24.25,64.25,49.9496436234806
24.25,66.25,45.0141544062265
24.25,66.75,42.1614888076194
24.25,68.75,36.5378843776393
24.25,69.25,36.7683370306639
24.25,69.75,32.9299886692532
24.25,77.75,15.1219815119917
24.75,-30.75,30.9216490724341
24.75,-30.25,32.4133091582816
24.75,-26.25,35.2783699448946
24.75,-25.75,37.9112277122434
24.75,-22.75,35.3743375766674
24.75,-21.25,37.2024330185111
24.75,-20.75,36.96191097804
24.75,-20.25,35.6333806517709
24.75,-19.75,35.2722350535406
24.75,-19.25,36.1295834430627
24.75,-18.75,38.203679220811
24.75,-18.25,35.6213925839564
24.75,-16.75,34.9525273386841
24.75,-16.25,37.1707503270423
24.75,-15.75,36.9205642514421
24.75,-15.25,33.8419756250502
24.75,-9.25,31.2759451215436
24.75,-8.75,31.9988262014638
24.75,-5.25,30.3838531160331
24.75,-3.25,29.5290267823813
24.75,-2.75,29.286610803184
24.75,-2.25,29.1371204018686
24.75,10.25,34.9022849363928
24.75,10.75,35.1992377200716
24.75,11.25,34.945466210629
24.75,11.75,34.9961038296854
24.75,13.25,33.7992812512631
24.75,15.25,31.6638043232614
24.75,15.75,32.6355312930397
24.75,16.25,32.4777860519366
24.75,16.75,33.5257414303274
24.75,17.25,32.5558577644197
24.75,17.75,31.4272697438468
24.75,18.25,27.3517756860776
24.75,27.25,27.6560326003292
24.75,35.25,46.2728757947808
24.75,42.75,65.6507383594005
24.75,43.25,65.2319040089476
24.75,44.25,67.659551735895
24.75,44.75,69.1603470071302
24.75,46.25,72.8670054581023
24.75,46.75,70.7104388589325
24.75,47.75,71.0227455029682
24.75,48.25,76.7585661183928
24.75,48.75,77.0994127984912
24.75,49.25,71.1939195503754
24.75,51.75,71.1668591427338
24.75,52.25,70.921214837756
24.75,54.75,70.6284577674265
24.75,55.25,69.1879495226128
24.75,56.75,66.8554306331604
24.75,57.25,67.3496151922672
24.75,57.75,68.2197915284793
24.75,58.25,65.8225309584562
24.75,59.25,64.6074971314486
24.75,60.25,62.6737350644959
24.75,60.75,61.7347012235823
24.75,61.25,58.8423634591855
24.75,61.75,58.1542076974787
24.75,62.25,57.7130028423419
24.75,62.75,54.9324086560139
24.75,66.25,43.8911013372855
24.75,68.75,36.8146128619718
24.75,69.25,36.8863998977358
24.75,69.75,32.1618585045956
24.75,77.75,14.3287447222266
25.25,-30.75,33.0258663260638
25.25,-30.25,33.712392061322
25.25,-26.25,37.1189169180928
25.25,-25.75,38.412404048223
25.25,-25.25,34.8329755710274
25.25,-24.25,35.5182883101047
25.25,-22.75,36.2014739844359
25.25,-22.25,36.2869471864734
25.25,-21.75,37.4700397018086
25.25,-21.25,37.1632455819378
25.25,-15.75,34.0977746094291
25.25,-5.25,30.8765094751431
25.25,-4.75,30.1939273916397
25.25,10.25,35.7428370978359
25.25,10.75,35.9572560628231
25.25,11.25,34.6412664972478
25.25,11.75,35.1091338512411
25.25,15.75,33.1858313609062
25.25,16.25,33.7823378684349
25.25,16.75,32.7163997064868
25.25,17.25,30.4560306101994
25.25,35.25,49.4786496841199
25.25,42.75,65.890000464402
25.25,43.25,68.1670989912881
25.25,43.75,68.886989445622
25.25,44.25,67.9802242768221
25.25,44.75,67.8410910734691
25.25,45.25,68.4184478914415
25.25,45.75,70.3135633275557
25.25,46.25,73.6239605180793
25.25,48.25,72.2712902443657
25.25,48.75,72.1992528483369
25.25,50.75,71.5545895400417
25.25,51.25,72.0116019391475
25.25,51.75,71.9764198916668
25.25,52.25,71.3668166208785
25.25,56.75,67.0390188573737
25.25,57.75,65.4755263506283
25.25,58.25,64.9773925371222
25.25,60.25,62.1750309351111
25.25,60.75,60.9599681595611
25.25,61.25,57.4084186445756
25.25,61.75,57.9683179271287
25.25,62.25,58.179333643771
25.25,62.75,54.5681549850862
25.25,63.75,50.3722821802187
25.25,68.75,36.7164324425242
25.25,69.25,37.5559019968766
25.25,69.75,34.5559317056875
25.75,-31.25,28.792495914939
25.75,-30.75,33.1564366593983
25.75,-30.25,33.1997591260737
25.75,-29.75,31.2816877253887
25.75,-26.25,34.4341627686298
25.75,-25.75,36.9111574698804
25.75,-24.25,35.395607878078
25.75,-23.75,35.2528294848536
25.75,-22.75,37.1647384194963
25.75,-22.25,40.1644505619143
25.75,-21.75,39.9453709900569
25.75,-21.25,36.0196521422317
25.75,-12.75,33.0050438448378
25.75,-10.75,32.1742246773869
25.75,-7.25,31.1767486077642
25.75,-6.75,32.6764703522694
25.75,-4.75,29.7356344122973
25.75,-4.25,31.1818886712633
25.75,-3.75,31.5246219948827
25.75,4.25,29.1692680648132
25.75,10.25,34.2963371094603
25.75,10.75,35.9137255124143
25.75,11.25,36.9849271504092
25.75,11.75,36.5840449731092
25.75,18.75,26.1262439934027
25.75,22.25,24.3265940231753
25.75,41.75,62.6016231563598
25.75,42.25,64.6145130021555
25.75,42.75,67.1172520565843
25.75,43.25,69.4490579947143
25.75,43.75,71.0890293896416
25.75,44.25,71.0950856891899
25.75,44.75,71.3045345465878
25.75,45.25,69.9760431989229
25.75,45.75,69.6880801013442
25.75,46.25,72.366024582572
25.75,49.75,70.523293199612
25.75,50.25,71.0625128812062
25.75,50.75,70.754734838484
25.75,51.25,71.3229242339467
25.75,51.75,72.5452741773683
25.75,52.25,72.0120869238498
25.75,55.75,71.5862618842214
25.75,56.25,72.271777129636
25.75,56.75,69.4561696940309
25.75,57.25,66.0368169216655
25.75,57.75,64.6384952778738
25.75,60.75,59.1784331127372
25.75,63.25,52.0043335923283
25.75,63.75,52.4387048140664
25.75,69.25,34.091477293173
25.75,69.75,34.4817225328339
25.75,70.25,32.3585006950882
26.25,-31.25,30.7358928990127
26.25,-30.75,31.7109332453212
26.25,-30.25,29.9426443592887
26.25,-28.25,32.8960579803833
26.25,-27.75,33.8405812515113
26.25,-24.25,36.3166227713146
26.25,-23.75,36.3238725501401
26.25,-22.75,36.5793411954577
26.25,-22.25,39.3819988744623
26.25,-21.75,37.5236152538668
26.25,-13.25,34.2847768168523
26.25,-12.75,36.7448882957071
26.25,-12.25,34.8610520914658
26.25,-10.75,32.2574991036367
26.25,-7.75,31.782374175118
26.25,-7.25,31.808774655035
26.25,-4.25,29.9662830615189
26.25,4.25,28.91408711958
26.25,10.75,34.6921919876501
26.25,11.25,36.982364777768
26.25,11.75,36.8182505293883
26.25,12.25,33.7475560427514
26.25,12.75,33.6555862418257
26.25,13.25,34.0100812017088
26.25,18.75,25.8067902693999
26.25,22.25,23.246261128271
26.25,35.25,46.569195340092
26.25,41.25,61.6606708010334
26.25,41.75,65.8409808029592
26.25,42.25,67.9413543985558
26.25,42.75,68.3862675722742
26.25,43.25,67.6040652402036
26.25,43.75,69.5559891902956
26.25,44.25,71.5591200346346
26.25,44.75,72.3156843969097
26.25,45.25,69.5278580822349
26.25,45.75,68.7052870024786
26.25,46.25,73.7057596307861
26.25,46.75,69.7645097025108
26.25,49.25,71.1985706668839
26.25,49.75,71.7703123451478
26.25,51.75,72.3825629755341
26.25,52.25,72.3931352213266
26.25,55.25,68.9029013017401
26.25,55.75,73.4915805943752
26.25,56.25,73.3760607436924
26.25,56.75,70.4528898835126
26.25,57.25,66.7098647032057
26.25,57.75,64.9299499047447
26.25,63.75,51.2047302481544
26.25,64.25,48.4188369923104
26.25,67.75,37.3179394951933
26.75,-32.25,27.5258046599975
26.75,-31.75,31.6107081409724
26.75,-31.25,32.6499374333757
26.75,-30.75,33.3811863454804
26.75,-28.75,32.9570028646217
26.75,-28.25,35.9171082684705
26.75,-27.75,35.3828165733033
26.75,-24.25,35.9717645583896
26.75,-23.75,38.3478356849384
26.75,-23.25,37.7820496567311
26.75,-22.75,37.3766362742696
26.75,-22.25,38.4689449371617
26.75,-21.75,37.3536477621327
26.75,-20.25,36.5450372678994
26.75,-19.75,36.2475120239328
26.75,-14.75,35.6773914427375
26.75,-13.25,34.6841515115092
26.75,-12.75,35.5420017990267
26.75,-12.25,35.5638056130803
26.75,-9.25,33.4088480834948
26.75,-8.75,33.7687282297912
26.75,-5.25,30.2990322147631
26.75,-4.75,30.3953848649718
26.75,0.75,28.6341555676869
26.75,1.25,29.6849157901564
26.75,3.25,29.3256726621846
26.75,10.75,36.3986220376035
26.75,11.25,35.3419041787911
26.75,11.75,33.9050754439208
26.75,12.75,33.7417615088992
26.75,13.25,35.1124522489991
26.75,13.75,34.5169813607036
26.75,14.25,33.9400592564035
26.75,15.25,32.1266782701466
26.75,15.75,33.029406767407
26.75,18.25,27.061772120491
26.75,18.75,25.9069439752577
26.75,29.75,30.6368282253945
26.75,39.25,56.1727285750494
26.75,40.75,60.8734591493903
26.75,41.25,63.7431720419555
26.75,41.75,66.519133291747
26.75,42.25,67.5714237121549
26.75,42.75,67.0388008092966
26.75,43.25,64.6820710970177
26.75,43.75,66.0027742042119
26.75,44.25,68.9925034641955
26.75,44.75,70.3806071772259
26.75,45.25,67.4965722788532
26.75,46.25,72.852456196609
26.75,46.75,73.4166480168853
26.75,51.75,71.0312946638128
26.75,52.25,72.0930096715291
26.75,52.75,69.9962106862341
26.75,55.25,67.8100901296877
26.75,55.75,69.3475381887736
26.75,56.25,71.2803121128631
26.75,56.75,69.8870033441428
26.75,57.25,65.8142916432744
26.75,63.75,52.6995408173689
26.75,64.25,52.3821626956627
26.75,66.25,44.0716122678871
26.75,66.75,40.0503639359538
26.75,67.75,38.0038055910582
26.75,68.25,38.5857503435027
26.75,68.75,35.1711691237939
27.25,-33.25,26.81248519248
27.25,-32.75,27.6924987838173
27.25,-32.25,29.863576793214
27.25,-31.75,31.9795912463814
27.25,-31.25,32.7401028900492
27.25,-30.75,33.4780505635508
27.25,-30.25,31.67637454384
27.25,-23.75,37.014907740179
27.25,-23.25,37.8127268082053
27.25,-22.75,37.0425525401583
27.25,-22.25,38.8931374153175
27.25,-21.75,39.7561581725704
27.25,-21.25,36.703833813163
27.25,-20.25,38.2165978967945
27.25,-19.75,37.1885095052143
27.25,-17.75,36.0760826151636
27.25,-10.25,32.8073631945926
27.25,-8.75,33.7824936398669
27.25,-7.25,33.1984762898766
27.25,-0.25,31.0726928878041
27.25,0.25,31.1582596930294
27.25,0.75,28.8609147254087
27.25,2.75,29.9792061259732
27.25,3.25,30.7080870810487
27.25,4.75,29.8576612139664
27.25,5.25,30.4423056622673
27.25,7.75,34.2116286040982
27.25,8.25,34.1943167320309
27.25,10.25,33.4191122901558
27.25,10.75,35.8819319362018
27.25,13.25,35.5742141467499
27.25,13.75,34.7841547878769
27.25,14.25,34.5429798662808
27.25,14.75,33.3763665833132
27.25,15.25,33.4759029274349
27.25,15.75,32.475097668015
27.25,18.75,26.729577237404
27.25,24.75,23.0464829954604
27.25,25.25,25.7650035958453
27.25,25.75,25.4746741880824
27.25,39.25,56.1431183783836
27.25,39.75,56.5305014284629
27.25,40.75,61.3218462352141
27.25,41.25,64.2313240287228
27.25,41.75,66.1353105388147
27.25,42.25,65.8863011077511
27.25,42.75,62.6835274224843
27.25,46.25,68.2571370249501
27.25,46.75,72.6994801071996
27.25,47.25,71.8225913587807
27.25,50.75,69.6685992305844
27.25,52.25,69.658602668467
27.25,52.75,71.7272284564531
27.25,53.25,70.562751740223
27.25,56.25,69.9002419861737
27.25,56.75,69.6348174588504
27.25,57.25,65.1661298320646
27.25,62.25,53.5838309101675
27.25,64.25,50.4287797726856
27.25,66.25,45.0900453464521
27.25,66.75,42.6606480669587
27.25,67.25,38.5367896382812
27.25,67.75,40.3276386770443
27.25,68.25,40.3176799209697
27.25,68.75,37.4925670571273
27.75,-32.75,27.1360673062289
27.75,-32.25,29.8655822083546
27.75,-31.75,30.8127999149182
27.75,-31.25,30.5495708964077
27.75,-30.75,31.6087729419234
27.75,-30.25,31.7828042871299
27.75,-26.75,35.8659501648345
27.75,-26.25,36.0855757257858
27.75,-22.25,37.8649316525005
27.75,-21.75,38.8920968512729
27.75,-20.25,36.6692337160073
27.75,-18.25,36.8042092270466
27.75,-10.25,33.7524483342278
27.75,-7.75,32.2881265933752
27.75,-7.25,34.6726983253603
27.75,-0.25,29.9282602836138
27.75,0.25,31.462080397332
27.75,2.75,28.7363997639471
27.75,4.75,29.3287895653941
27.75,5.25,31.115574682452
27.75,7.75,36.0477375245533
27.75,8.25,36.5296661263671
27.75,13.25,35.3329174528295
27.75,13.75,34.4740324450206
27.75,14.25,33.4282199656251
27.75,14.75,32.960298320238
27.75,15.25,34.0975283209346
27.75,15.75,32.4722247376622
27.75,18.75,26.4343990433243
27.75,25.25,24.4827228587878
27.75,25.75,26.1497494184248
27.75,26.25,25.8105413385536
27.75,41.25,61.4118728710393
27.75,41.75,64.2162732825826
27.75,42.25,63.2791564283159
27.75,46.75,70.7032421618955
27.75,47.25,73.7244238412526
27.75,47.75,71.0724130206357
27.75,48.25,69.3790888801281
27.75,49.75,69.5413894007369
27.75,50.25,73.5670815416051
27.75,50.75,73.5969075499286
27.75,51.25,70.2758899475935
27.75,52.75,73.8069766010209
27.75,53.25,71.2953366643012
27.75,55.75,67.2756318161372
27.75,56.25,70.4052132037437
27.75,56.75,69.8813606357686
27.75,57.25,68.8831827207706
27.75,57.75,66.5890468490216
27.75,58.25,62.9818980063627
27.75,58.75,61.8454474278745
27.75,59.25,61.1029966710271
27.75,60.75,58.8935557108981
27.75,62.25,54.4336355983066
27.75,66.25,44.0658740953976
27.75,66.75,43.3905479967292
27.75,67.25,40.0433244625828
27.75,67.75,40.4004131465872
27.75,68.25,38.8057600119085
28.25,-32.25,29.0468952974039
28.25,-26.75,35.5355000051357
28.25,-20.25,37.2105182582836
28.25,-19.75,38.8950012810882
28.25,-19.25,37.1939806693298
28.25,-18.75,36.4515659032597
28.25,-12.25,34.6545599797725
28.25,-10.25,34.5361848090674
28.25,-7.75,32.7824427141388
28.25,-7.25,33.2911771907184
28.25,-5.75,31.9640852228605
28.25,-5.25,32.152955310835
28.25,0.25,30.2061311622086
28.25,0.75,29.2972840300716
28.25,2.25,29.4589597655977
28.25,8.25,33.4243709903549
28.25,13.75,34.1830847171946
28.25,14.25,33.2747924945938
28.25,15.25,32.1766735681006
28.25,15.75,32.6799471972705
28.25,16.25,30.8558574085283
28.25,16.75,29.5009816205558
28.25,17.25,31.2609789075386
28.25,17.75,29.3944093021706
28.25,25.75,23.1889994619822
28.25,26.25,24.8347042296133
28.25,46.75,69.6808979470152
28.25,47.25,72.6800814510152
28.25,49.25,70.295974593179
28.25,49.75,72.4761962026375
28.25,50.25,75.238038114793
28.25,50.75,75.5251941331696
28.25,51.25,71.8264633624231
28.25,52.25,71.0622163763734
28.25,52.75,74.3536301270022
28.25,53.25,71.8097298089694
28.25,53.75,68.343128089732
28.25,55.75,67.3411421217851
28.25,56.25,67.4793638600135
28.25,56.75,66.4724918802591
28.25,57.25,68.4908701929279
28.25,57.75,66.5621937864217
28.25,58.25,62.6704739916589
28.25,58.75,62.3357234797774
28.25,59.25,62.1565721223781
28.25,60.75,60.0274612434246
28.25,66.75,40.6272004546902
28.25,67.25,40.2797694305078
28.25,67.75,37.5960820635902
28.25,69.75,31.4107791804918
28.25,70.25,29.5271728935012
28.75,-32.25,27.6830696418022
28.75,-27.25,35.0943952879014
28.75,-26.75,34.8558469360804
28.75,-23.75,39.0500201948624
28.75,-20.25,38.4980303669417
28.75,-19.75,41.6013409891066
28.75,-19.25,41.559879048162
28.75,-18.75,38.0668108047257
28.75,-12.25,35.5904035520797
28.75,-10.25,35.5199876095911
28.75,-9.75,33.0763599600106
28.75,-7.25,31.9487484629466
28.75,-5.25,33.1190862836786
28.75,-4.75,34.2198286336181
28.75,-4.25,33.3518626416318
28.75,-3.75,31.4397550839392
28.75,-2.25,30.6963459906358
28.75,-1.75,30.6742270559084
28.75,-1.25,29.5819278676737
28.75,-0.75,30.2978481213705
28.75,-0.25,29.552808737623
28.75,0.25,29.3390044575172
28.75,0.75,29.7704029320707
28.75,1.25,29.0836769949422
28.75,11.75,34.3985929551601
28.75,14.25,35.4777136545627
28.75,14.75,31.9971532056762
28.75,16.25,30.1301523807982
28.75,16.75,31.5001739320048
28.75,17.25,31.8710286565825
28.75,17.75,28.2451858125849
28.75,26.25,24.0726176578783
28.75,29.75,30.6419624148372
28.75,41.25,59.6281866443177
28.75,46.75,72.5260665061849
28.75,47.25,71.8560057211834
28.75,49.25,71.6604588061219
28.75,49.75,74.7747609004852
28.75,50.25,75.0330250369849
28.75,50.75,73.7928640266087
28.75,51.25,71.2356637204446
28.75,51.75,69.6517312746436
28.75,52.25,69.3106008888955
28.75,52.75,68.6137360384515
28.75,53.25,69.6533580101327
28.75,53.75,71.4468884673092
28.75,54.25,71.3656370090193
28.75,54.75,67.5258809313524
28.75,57.25,64.9866285152651
28.75,58.75,63.5948927420895
28.75,59.25,62.245550827332
28.75,59.75,60.3904089602213
28.75,60.75,59.8759571273277
28.75,61.25,56.3764171960857
28.75,66.75,39.1413942435347
28.75,67.25,39.6371488402692
28.75,69.25,34.1831993286135
28.75,69.75,32.0744591346756
29.25,-31.75,29.9495644681267
29.25,-31.25,30.0946909968797
29.25,-27.75,36.2468873315314
29.25,-27.25,35.4819268169204
29.25,-23.75,41.1066807800944
29.25,-23.25,39.2032352928826
29.25,-20.25,39.9825693806245
29.25,-19.75,40.5754713197367
29.25,-19.25,39.1648514928145
29.25,-18.75,38.2414276904618
29.25,-16.25,37.9356487158269
29.25,-15.75,37.5766458441376
29.25,-10.25,35.1132399741792
29.25,-9.75,35.9278555904107
29.25,-9.25,34.6972679449705
29.25,-7.25,32.5871426390801
29.25,-5.25,32.9521984938895
29.25,-4.75,35.2077293193015
29.25,-4.25,32.8613517689656
29.25,-2.25,33.4014749930486
29.25,-1.75,34.0143203769651
29.25,-1.25,31.2113172277093
29.25,0.75,29.7022254377086
29.25,1.25,32.6577782114579
29.25,1.75,29.5071333860196
29.25,8.75,32.6877826097535
29.25,9.25,33.9190027177797
29.25,9.75,33.1952031391928
29.25,11.75,35.1728892896596
29.25,12.25,33.8889561900951
29.25,14.25,34.9698177553039
29.25,14.75,34.930323077951
29.25,15.25,32.7191004688785
29.25,21.25,23.4680561702678
29.25,29.25,28.5683024447495
29.25,37.75,49.9888634455405
29.25,38.25,52.1683251537793
29.25,46.25,69.6047096609619
29.25,46.75,72.6270210224235
29.25,47.25,72.4959017294941
29.25,49.25,69.5722033788369
29.25,49.75,73.3622876101924
29.25,50.25,72.9844432912801
29.25,50.75,70.8704522487037
29.25,51.25,71.0727719371368
29.25,51.75,71.0900204932137
29.25,53.75,69.4759074467341
29.25,54.25,73.1954565663104
29.25,54.75,70.4833200963778
29.25,55.75,66.5695178658636
29.25,56.25,65.6673977210041
29.25,57.75,62.9443350870355
29.25,58.25,62.5266886934531
29.25,58.75,63.2436320220841
29.25,59.25,61.572741977629
29.25,59.75,61.1914448383768
29.25,60.25,61.9661038753272
29.25,60.75,60.3678145208453
29.25,61.25,58.8368413791003
29.25,61.75,55.3093871150263
29.25,66.75,40.610193490084
29.25,67.25,41.9102460945808
29.25,67.75,36.2049883348788
29.25,69.25,32.6575849330671
29.75,-31.25,30.2224978456463
29.75,-30.75,30.5027203057668
29.75,-30.25,32.3577167957166
29.75,-29.75,33.9666426062081
29.75,-29.25,33.3514062132869
29.75,-28.75,33.0192650055028
29.75,-28.25,35.5016103359252
29.75,-27.75,36.1739061756613
29.75,-27.25,34.0956307274861
29.75,-26.75,35.6884998714542
29.75,-26.25,38.5977933804065
29.75,-25.75,37.3694719319625
29.75,-23.75,38.2518821496658
29.75,-23.25,38.4259126622764
29.75,-20.25,38.8138782630131
29.75,-16.25,38.5383250044179
29.75,-15.75,38.5717025715147
29.75,-10.25,33.8582416030348
29.75,-9.75,35.4767125623405
29.75,-9.25,35.2619409304925
29.75,-7.75,34.1056054277602
29.75,-7.25,34.5629331495584
29.75,-5.25,31.9522790991554
29.75,-2.75,31.2934820214072
29.75,-2.25,34.1321875707884
29.75,-1.75,34.1178914520821
29.75,-1.25,31.1803343427108
29.75,-0.25,29.417898031364
29.75,0.75,31.075010228691
29.75,1.25,33.3023338988895
29.75,1.75,30.4387541117237
29.75,4.25,31.0929710442176
29.75,9.25,33.6562079014579
29.75,9.75,33.9387606827335
29.75,12.25,35.0943185473987
29.75,24.25,21.8477317804703
29.75,36.25,49.6214742892152
29.75,36.75,49.1432066639576
29.75,37.25,50.8337251938709
29.75,37.75,53.9089347433881
29.75,38.25,54.3247198080062
29.75,38.75,52.3013314034039
29.75,46.25,67.4209939215356
29.75,46.75,72.2391719662857
29.75,47.25,72.7305278314631
29.75,47.75,69.3084791594265
29.75,49.75,69.856094392492
29.75,50.25,70.1815496755268
29.75,50.75,68.6571758961624
29.75,51.25,69.0444705889603
29.75,51.75,70.1607571027627
29.75,52.25,68.1108261222055
29.75,54.25,68.6908480531265
29.75,54.75,68.6652940031331
29.75,55.25,66.2903075133857
29.75,55.75,66.822025769799
29.75,56.25,65.2781514616697
29.75,57.75,63.2823404235452
29.75,58.25,62.6400344141755
29.75,58.75,60.3438217218884
29.75,59.75,60.5679279502145
29.75,60.25,60.7543035018931
29.75,60.75,58.6575353953778
29.75,61.25,58.3222663381337
29.75,61.75,57.6331796191139
29.75,62.25,54.7323081677417
29.75,62.75,51.9165832709544
29.75,65.75,42.3632124087653
29.75,66.25,40.6148370811883
29.75,66.75,41.8023322853269
29.75,67.25,42.2086235964705
29.75,67.75,37.9005109180426
30.25,-30.75,31.4361382135524
30.25,-30.25,31.4143124494315
30.25,-28.25,34.6903681877683
30.25,-26.75,35.6333978001961
30.25,-26.25,39.1334538786584
30.25,-25.75,37.0460448578193
30.25,-17.75,38.451360566151
30.25,-17.25,38.9279619192437
30.25,-16.75,38.5227682112703
30.25,-16.25,38.9581838632006
30.25,-15.75,40.1534978708119
30.25,-15.25,39.3790961683703
30.25,-10.25,34.8801910592976
30.25,-9.75,37.1413244941287
30.25,-9.25,36.4648174204651
30.25,-8.25,33.1862002556783
30.25,-7.75,35.6425368185008
30.25,-7.25,33.7286161313759
30.25,-5.75,32.2402220745773
30.25,-5.25,32.1562755752078
30.25,-2.75,30.9186632138297
30.25,-2.25,33.6458902829675
30.25,-1.75,32.3246445095461
30.25,-0.25,32.5208988938138
30.25,0.25,31.9054710144598
30.25,0.75,31.3168607835441
30.25,1.25,32.3665610963101
30.25,3.75,30.8744890933244
30.25,4.25,31.3075961283836
30.25,11.25,35.26189282525
30.25,11.75,34.6003282787024
30.25,12.25,35.2609436996381
30.25,12.75,34.5683687969169
30.25,13.25,33.7087820907082
30.25,13.75,32.9635453378688
30.25,36.75,50.6485010181514
30.25,37.25,52.0720410073448
30.25,37.75,53.479916630165
30.25,38.25,53.4747977704542
30.25,38.75,52.5452953071174
30.25,46.25,65.3948388743532
30.25,46.75,69.3497554058662
30.25,47.25,69.6610346822781
30.25,47.75,69.6778078150512
30.25,48.25,67.9935645343979
30.25,49.25,67.4421370704684
30.25,51.75,68.4396062134272
30.25,52.25,69.5825280283887
30.25,52.75,67.8424283158795
30.25,54.25,66.4522075680104
30.25,54.75,68.9216392813855
30.25,55.25,66.691407260436
30.25,56.25,64.6119927803719
30.25,57.75,63.631704580716
30.25,58.25,62.36630395845
30.25,59.75,59.7127237724354
30.25,60.25,60.1407265703563
30.25,60.75,56.5201196633805
30.25,61.25,54.8925657227019
30.25,61.75,55.6544831082146
30.25,62.25,53.6930584500956
30.25,62.75,53.3718779968203
30.25,63.25,51.1118132364086
30.25,65.75,42.5038365939819
30.25,66.25,41.4429895637228
30.25,66.75,40.1469334693063
30.25,67.25,41.8931864718967
30.25,67.75,37.0328669159356
30.75,-28.25,33.5814945143116
30.75,-26.25,35.8248667478945
30.75,-25.75,36.6273465925291
30.75,-18.25,37.9583652705939
30.75,-17.75,38.8093830530916
30.75,-17.25,38.7425681029043
30.75,-16.75,37.4414210900884
30.75,-16.25,36.9900243517799
30.75,-15.75,40.419602807625
30.75,-15.25,41.3078940025662
30.75,-14.75,39.2508116302573
30.75,-14.25,37.5224704975852
30.75,-11.25,34.8659881236862
30.75,-10.75,35.6061328840976
30.75,-10.25,35.195384902149
30.75,-9.75,36.0371529910164
30.75,-5.25,32.4358312176025
30.75,-2.75,30.5609459109561
30.75,-2.25,33.6795264058884
30.75,-1.75,31.0267606505242
30.75,-0.25,32.4618726825269
30.75,0.25,32.3019212233858
30.75,0.75,30.5608614798979
30.75,1.25,30.3654058884519
30.75,3.25,30.7632940678872
30.75,3.75,31.1306175999209
30.75,4.25,29.4497676462897
30.75,4.75,29.8438150467967
30.75,5.25,31.0303996144772
30.75,5.75,31.6837264125505
30.75,10.75,35.2587021233101
30.75,11.25,37.6330334959285
30.75,11.75,35.6435614040599
30.75,14.75,32.0389905135882
30.75,15.25,31.2988361835326
30.75,37.25,51.6443948423966
30.75,37.75,53.0456412198029
30.75,38.25,51.4811383202369
30.75,40.75,56.7909853338732
30.75,46.75,67.0282916296327
30.75,47.75,67.6102270806306
30.75,48.25,69.6810462667699
30.75,48.75,69.7215453999648
30.75,49.25,68.6340474002787
30.75,50.75,69.3374277426464
30.75,51.25,69.4071970708517
30.75,51.75,68.3467128410435
30.75,52.25,70.7691791827999
30.75,52.75,72.0141834349176
30.75,53.25,68.1842951256059
30.75,54.25,68.2674863303863
30.75,54.75,69.4091845338029
30.75,55.25,65.7758392251361
30.75,56.25,65.787080139248
30.75,56.75,65.9096930392891
30.75,57.25,65.3829180385927
30.75,57.75,65.1065047542385
30.75,58.25,61.7015357395501
30.75,59.25,59.061271895854
30.75,59.75,60.8622103764315
30.75,60.25,58.8818225513704
30.75,62.75,53.5510177715041
30.75,63.25,51.4410659960269
30.75,69.75,29.0930776759237
30.75,70.25,28.2942448924804
31.25,-25.75,38.0871308102958
31.25,-25.25,37.1933548918173
31.25,-19.75,40.5177243127208
31.25,-19.25,39.4335816103881
31.25,-15.75,37.9327318714914
31.25,-15.25,41.0416290424176
31.25,-14.75,39.8753931486847
31.25,-14.25,39.5796577138409
31.25,-13.75,37.4867218595132
31.25,-13.25,35.9047610037172
31.25,-11.25,36.5750708669936
31.25,-5.25,33.1345825028954
31.25,-2.75,30.7289244455041
31.25,-2.25,31.3984626761958
31.25,-0.25,30.6031207199344
31.25,0.25,30.3514067936915
31.25,0.75,29.766211610832
31.25,1.25,30.3119394623645
31.25,3.25,30.2272487462738
31.25,3.75,29.4901480974194
31.25,5.75,30.6251289362218
31.25,10.25,34.1285104527028
31.25,10.75,33.4222752259924
31.25,14.75,32.6543068174701
31.25,15.25,30.9953302615745
31.25,37.25,49.2473452940776
31.25,37.75,48.8922374053999
31.25,40.75,57.1041930003197
31.25,46.75,65.4261613071973
31.25,47.75,66.526274737777
31.25,48.25,70.2037234426019
31.25,48.75,71.3754905150881
31.25,49.25,67.8159089919508
31.25,50.75,70.5406825430513
31.25,51.25,71.0690294505554
31.25,51.75,68.0934550593447
31.25,52.25,68.5965503839834
31.25,52.75,71.3902734519616
31.25,53.25,69.9786649915041
31.25,53.75,68.890113208799
31.25,54.25,69.9745574235234
31.25,54.75,67.9153403380811
31.25,55.75,64.1871160728851
31.25,56.25,68.1481242323598
31.25,56.75,66.8965060456514
31.25,57.25,64.3287011242205
31.25,57.75,64.025051936327
31.25,58.25,62.1491394990013
31.25,58.75,60.9794601661275
31.25,59.25,63.1255618163439
31.25,59.75,63.6358248586638
31.25,60.25,58.1577101920249
31.25,62.25,51.7911817280518
31.25,62.75,51.4416884802508
31.25,63.25,48.4366441035808
31.25,63.75,47.3099762510917
31.75,-25.75,36.1945677071515
31.75,-25.25,37.120713700118
31.75,-24.75,38.1493442916694
31.75,-24.25,37.3343744009661
31.75,-23.25,38.576520567585
31.75,-22.25,39.2751267093411
31.75,-21.75,41.3359727360617
31.75,-19.75,40.510468504066
31.75,-19.25,40.5013269992257
31.75,-18.75,39.0100368634132
31.75,-15.25,38.850548744931
31.75,-14.75,38.5674962364946
31.75,-5.25,35.1594859719982
31.75,-2.75,31.0807940972742
31.75,-0.75,29.8046733949385
31.75,-0.25,29.7365845002328
31.75,0.75,29.8469198947769
31.75,1.25,30.9592511684864
31.75,1.75,29.5143416118562
31.75,3.25,29.6813673688407
31.75,3.75,31.3091478790174
31.75,16.25,29.7428382468674
31.75,18.25,26.5419105249796
31.75,24.75,22.319815745237
31.75,26.75,24.2014735996941
31.75,27.25,24.6186958908349
31.75,31.25,32.7872235153332
31.75,40.75,55.7468499024209
31.75,41.25,58.5983124684404
31.75,47.75,67.1435351214221
31.75,48.25,71.9417753495622
31.75,48.75,72.2686197296044
31.75,49.25,67.5420429043011
31.75,51.25,67.7581707471723
31.75,53.25,66.1679018824695
31.75,53.75,68.2909917212789
31.75,54.25,67.6907092370463
31.75,54.75,67.065908769641
31.75,55.25,65.7598949680458
31.75,55.75,65.2716012909445
31.75,56.25,69.4587871536699
31.75,56.75,68.1810726174864
31.75,57.25,62.675753753159
31.75,57.75,61.298642686856
31.75,58.25,62.30985662933
31.75,58.75,62.1145646422647
31.75,59.25,62.7472394008664
31.75,59.75,62.0768570533512
31.75,60.25,56.2210144558543
31.75,61.75,52.0174846603763
31.75,62.25,52.9545420295364
31.75,62.75,49.5439196404102
31.75,63.75,47.915446828856
32.25,-25.25,37.6113966892532
32.25,-24.75,41.6585603535071
32.25,-24.25,41.1686191513473
32.25,-23.75,38.2981209550896
32.25,-23.25,38.8289645564708
32.25,-22.75,39.8192141837521
32.25,-22.25,41.8665737417724
32.25,-21.75,42.8241544566664
32.25,-19.75,40.0167749428558
32.25,-19.25,41.5555268230045
32.25,-18.75,40.5622617235095
32.25,-15.75,37.9366416671052
32.25,-5.25,33.4689854525048
32.25,1.25,29.3711146324241
32.25,3.25,29.6869840276153
32.25,3.75,31.8255427691468
32.25,4.25,29.4083045442974
32.25,11.75,33.3585551878935
32.25,14.75,33.1554723760117
32.25,15.25,32.6793449578745
32.25,15.75,31.3959424361634
32.25,16.25,33.3827510974309
32.25,16.75,31.3672992260486
32.25,28.75,27.1868117664454
32.25,31.25,32.3273221839458
32.25,47.75,66.7901896552051
32.25,48.25,71.5217403853974
32.25,48.75,71.8526958358651
32.25,49.25,69.1710221549266
32.25,54.75,67.2647933544319
32.25,55.25,68.5507160468895
32.25,55.75,66.0681233283688
32.25,56.25,67.4294124984953
32.25,56.75,66.319695014114
32.25,59.25,58.0917650932085
32.25,59.75,56.605883473867
32.25,61.25,53.3403117210206
32.25,61.75,52.9655381115784
32.25,62.25,52.0259924059326
32.25,62.75,49.0896668089574
32.25,63.75,46.8072550817291
32.75,-27.25,35.6974773414629
32.75,-24.75,39.514099110209
32.75,-24.25,40.8890773714623
32.75,-23.75,38.3721244654612
32.75,-22.75,38.9846666698453
32.75,-22.25,39.0875567340129
32.75,-20.75,39.5184844832936
32.75,-20.25,41.1098209157854
32.75,-19.75,41.8733004294441
32.75,-19.25,42.7828063662718
32.75,-18.75,41.529276674424
32.75,-18.25,38.9648574654595
32.75,-16.25,41.0831761407936
32.75,-15.75,41.5008409228513
32.75,-13.25,36.6688783037536
32.75,-6.75,32.6858350268744
32.75,-5.75,33.3700611487403
32.75,-5.25,32.7411350760559
32.75,1.75,31.9288940978446
32.75,2.25,31.0567215520014
32.75,12.25,33.531383852543
32.75,14.25,32.7694917169889
32.75,14.75,35.2982839954524
32.75,15.25,34.4428587849199
32.75,15.75,33.0039075781249
32.75,16.25,33.8315300220868
32.75,16.75,31.6199647462594
32.75,22.75,22.5745437587553
32.75,28.25,28.3619251167538
32.75,28.75,29.1801440995158
32.75,30.75,29.911900821828
32.75,46.25,67.1760401307632
32.75,46.75,66.9312474921938
32.75,47.25,66.7926561063888
32.75,47.75,65.2072102102692
32.75,48.25,65.4799709003583
32.75,48.75,69.3011800537546
32.75,49.25,68.8203336469034
32.75,53.75,65.6195526737211
32.75,54.25,66.0222845775963
32.75,54.75,65.2180244006293
32.75,55.25,64.7937959115759
32.75,55.75,63.5317903194827
32.75,56.25,64.0190084337846
32.75,56.75,61.7165984233754
33.25,-23.75,38.9428512848169
33.25,-23.25,39.5317123695836
33.25,-20.75,41.5563472717046
33.25,-20.25,42.3790233634933
33.25,-19.75,42.113695531321
33.25,-19.25,43.6442280685762
33.25,-18.75,42.7244257132302
33.25,-16.25,43.5329468075124
33.25,-15.75,42.6427879967848
33.25,-13.75,37.2657902380998
33.25,-13.25,38.6209139578438
33.25,-6.25,33.5429036370935
33.25,-5.75,34.9405950782088
33.25,-5.25,34.874319588996
33.25,-4.75,32.8830439940635
33.25,-4.25,32.281351010045
33.25,-3.25,31.3362205771584
33.25,1.25,29.4184563149884
33.25,1.75,33.3805037755982
33.25,2.25,31.2268179486788
33.25,5.75,31.8655361878185
33.25,12.25,33.8004856597672
33.25,14.75,32.1987146252961
33.25,15.25,32.3854323885296
33.25,15.75,31.2788129498522
33.25,16.25,31.434576834616
33.25,16.75,31.1839581389083
33.25,17.25,31.2407780128602
33.25,17.75,30.001450178447
33.25,18.25,27.0356029401211
33.25,18.75,25.5605421059091
33.25,19.25,24.6974545121686
33.25,26.25,25.6691647413307
33.25,26.75,23.3836270652366
33.25,28.75,29.0292280920561
33.25,29.25,29.8929507803641
33.25,29.75,30.8173944657922
33.25,30.25,31.7993076949505
33.25,30.75,31.8017035352641
33.25,34.75,39.9288429060369
33.25,46.25,67.0513200473488
33.25,46.75,67.4987053565835
33.25,47.25,66.4109239489139
33.25,53.75,64.9833160536354
33.25,54.25,65.6506756773714
33.25,54.75,64.5909539785955
33.25,55.25,63.1560461024379
33.25,58.25,59.422670199067
33.25,64.75,42.4327559936993
33.75,-23.25,40.7384756972497
33.75,-21.25,39.7906273174221
33.75,-20.75,43.2161406091829
33.75,-20.25,44.2634186696577
33.75,-19.75,43.1259777366285
33.75,-19.25,41.2355924831995
33.75,-16.75,42.3776715856121
33.75,-16.25,43.4443706350969
33.75,-15.75,40.0497193375805
33.75,-14.25,38.6515229043063
33.75,-13.75,39.2938981735707
33.75,-5.75,33.7384943019745
33.75,-5.25,33.6970567007973
33.75,-4.75,31.9293533240341
33.75,1.25,30.6832638543573
33.75,1.75,33.345996462703
33.75,2.25,32.4331001061521
33.75,5.75,34.2096089574099
33.75,6.25,31.3786335873003
33.75,9.25,32.9533648869679
33.75,9.75,35.3091025294334
33.75,10.25,35.7383803304087
33.75,10.75,34.5776370722786
33.75,11.25,33.0620563026946
33.75,11.75,33.4223663483208
33.75,12.25,33.2173488066013
33.75,14.75,31.3007735556656
33.75,15.25,35.0167516855371
33.75,15.75,31.7826591279543
33.75,16.75,30.1199566871667
33.75,17.25,31.969696552237
33.75,17.75,31.0702623317608
33.75,18.25,27.0615512485805
33.75,26.25,25.6812059879359
33.75,26.75,25.2409044832336
33.75,29.25,26.8943946836124
33.75,29.75,30.1508072089201
33.75,30.25,31.5970078677003
33.75,30.75,30.3926420241771
33.75,35.25,41.3844002899618
33.75,36.25,44.0193517539061
33.75,39.75,51.7755431259671
33.75,40.25,53.0859532761567
33.75,46.25,64.6906253087276
33.75,52.25,64.8855721060364
33.75,54.75,64.1405976693603
33.75,55.25,63.6752810695046
33.75,57.25,60.6704296741962
33.75,57.75,62.401046864836
33.75,58.25,62.4108023606326
33.75,58.75,61.2921162762178
33.75,59.25,57.6603361786729
33.75,64.75,43.6477104018184
33.75,65.25,40.568467835136
33.75,67.75,34.2871528675064
33.75,68.25,35.98919740224
33.75,68.75,32.8877437385695
34.25,-24.75,39.0198546575274
34.25,-23.75,39.1714239073182
34.25,-23.25,41.937545284529
34.25,-22.75,39.7361706894536
34.25,-21.25,42.125566612049
34.25,-20.75,45.2804595032813
34.25,-20.25,45.3386880083135
34.25,-19.75,45.3535576606312
34.25,-19.25,41.7281318737108
34.25,-16.75,41.4474620271699
34.25,-16.25,42.0292955798943
34.25,-15.75,39.9888777618532
34.25,-13.75,38.2640378811858
34.25,1.25,32.843989805757
34.25,1.75,33.2993830421122
34.25,2.25,33.245809532496
34.25,2.75,31.8423378496076
34.25,3.25,29.2448946364216
34.25,5.25,30.1572190700929
34.25,5.75,31.8656358782988
34.25,6.25,30.2211072614061
34.25,9.75,33.6004024863109
34.25,10.25,33.5154663621979
34.25,10.75,32.9844263142823
34.25,11.75,33.2478414606189
34.25,12.25,34.9290805100712
34.25,12.75,33.7099566409693
34.25,13.25,32.6881505937291
34.25,14.75,31.9167491332846
34.25,15.25,34.8161162366697
34.25,15.75,31.4681868377251
34.25,17.25,29.1656650314793
34.25,17.75,30.2786419481244
34.25,18.25,26.6952420095378
34.25,25.25,22.738042187094
34.25,30.25,28.5373233050797
34.25,36.75,43.6982172716911
34.25,39.75,52.6558569615879
34.25,40.25,56.2773337896378
34.25,40.75,55.4345135312362
34.25,41.25,55.3512903302909
34.25,41.75,57.2244575973999
34.25,45.75,61.5422671620064
34.25,46.25,63.9403517735844
34.25,50.75,64.7942560039033
34.25,51.25,64.8350990957391
34.25,51.75,65.2143720526388
34.25,57.25,59.7591510813839
34.25,57.75,60.023518004718
34.25,58.25,59.9852786856667
34.25,58.75,59.9566008884638
34.25,59.25,57.5801357159934
34.25,60.75,54.0053436470866
34.25,64.75,44.4504449640982
34.25,65.25,43.8062611650885
34.25,65.75,39.9043175016017
34.25,66.75,38.808626737049
34.25,67.25,39.2343788453001
34.25,67.75,37.6591613525869
34.25,68.25,36.1051512169576
34.25,68.75,30.0294447344501
34.75,-24.25,41.2908408379394
34.75,-23.75,42.3425173446181
34.75,-23.25,42.4345147168899
34.75,-22.75,42.1098351266479
34.75,-22.25,40.9598567263672
34.75,-21.75,41.7420960267113
34.75,-21.25,43.4185360468982
34.75,-20.75,44.2442902405706
34.75,-19.25,42.8250080631772
34.75,-15.75,40.2650423969086
34.75,-15.25,39.3584196646946
34.75,-1.75,30.3622489887671
34.75,-0.25,30.255813662788
34.75,0.25,30.8040975405758
34.75,1.25,31.0961452629971
34.75,1.75,33.2410663142738
34.75,2.25,33.1830470782537
34.75,2.75,33.166349032683
34.75,3.25,31.2571762411172
34.75,5.25,31.9172111927305
34.75,5.75,30.5653743985502
34.75,12.25,35.3246712820672
34.75,12.75,37.3723079042244
34.75,13.25,36.4672474087343
34.75,13.75,34.0851916614145
34.75,14.25,33.2526734247218
34.75,17.75,28.2406336730857
34.75,18.25,26.2559224138799
34.75,39.75,50.2861410514508
34.75,40.25,55.6392146794406
34.75,40.75,57.0669135945835
34.75,41.25,58.2335892558368
34.75,41.75,59.3607089386536
34.75,45.25,60.4085729723556
34.75,45.75,62.0333025189434
34.75,50.75,66.9255009043056
34.75,51.25,65.2017591659472
34.75,56.25,61.7836745241243
34.75,56.75,61.357854999504
34.75,60.75,55.4611003291177
34.75,61.25,52.9068270788056
34.75,61.75,50.0853369222183
34.75,62.25,49.062411779088
34.75,62.75,47.1904897138728
34.75,63.75,44.4643030476772
34.75,64.25,44.03654883708
34.75,64.75,45.1194113391221
34.75,65.75,42.0936069649482
34.75,66.75,38.023182487824
34.75,67.25,37.0411880329024
34.75,67.75,34.8296783295788
34.75,68.25,31.4226574987343
35.25,-24.25,41.518963888199
35.25,-23.75,42.4955575942178
35.25,-23.25,41.8453818652406
35.25,-22.75,42.480373568532
35.25,-22.25,43.9433049009199
35.25,-21.75,43.7896657768859
35.25,-18.75,41.3207413630817
35.25,-18.25,41.3896473309595
35.25,-16.25,40.6362791953229
35.25,-15.75,42.4877273278026
35.25,-15.25,42.8333934859839
35.25,-12.25,38.5691841289107
35.25,-11.75,37.4951785573326
35.25,-7.25,35.888989185447
35.25,-6.75,34.2141148474797
35.25,-4.75,31.9899921669301
35.25,-4.25,34.7743589861001
35.25,-3.75,32.5944584794275
35.25,-0.75,30.0816229617061
35.25,-0.25,31.727140427564
35.25,0.25,29.7301483211139
35.25,1.25,29.2226379891564
35.25,1.75,32.4326537175826
35.25,2.25,30.0446514701607
35.25,4.75,29.8001200521987
35.25,5.25,32.218282486421
35.25,7.75,31.189784920201
35.25,10.75,33.0879270680876
35.25,12.75,34.61095698089
35.25,14.25,32.6627797285009
35.25,40.25,51.1704904545566
35.25,40.75,55.8482375066676
35.25,41.25,57.7347204913258
35.25,41.75,56.3155745657939
35.25,45.25,61.9941893774536
35.25,50.75,65.3783695209341
35.25,51.25,63.8818156179835
35.25,56.25,61.3086288076205
35.25,56.75,64.3154650107712
35.25,57.25,61.7740904168318
35.25,57.75,58.244427035601
35.25,58.25,57.5308251459417
35.25,60.75,52.8858201094062
35.25,61.25,51.2880622268702
35.25,63.75,44.5059574767906
35.25,64.25,45.1503700763999
35.25,69.25,28.0675405046997
35.75,-16.75,41.3215586711208
35.75,-16.25,44.759522875799
35.75,-15.75,45.3647872523085
35.75,-15.25,43.2426781188521
35.75,-7.25,38.3326785824494
35.75,-6.75,37.9165142620837
35.75,-4.75,32.992174517785
35.75,-4.25,36.0108553381484
35.75,-3.75,35.6435723559767
35.75,-3.25,31.4527559674736
35.75,-0.75,31.0998620566557
35.75,-0.25,31.4203937427726
35.75,0.25,30.334606445904
35.75,0.75,29.624147741296
35.75,1.25,30.9310563044112
35.75,1.75,31.2502462710058
35.75,4.75,29.6927487179826
35.75,5.25,31.0175308800788
35.75,10.75,35.3178781802808
35.75,11.25,34.9794703287996
35.75,32.75,32.935068915705
35.75,33.25,35.1228915876331
35.75,33.75,35.1938858111309
35.75,37.25,44.1445872461143
35.75,37.75,44.8777958047587
35.75,40.75,52.749202804339
35.75,41.25,55.7620112286043
35.75,45.25,62.2718437224978
35.75,48.25,64.1365172216101
35.75,48.75,65.8751192564
35.75,50.75,66.3551660233657
35.75,51.25,64.9245827843005
35.75,54.75,62.6616779939505
35.75,55.25,61.7835287919076
35.75,56.25,60.1144330524929
35.75,56.75,63.3092012870328
35.75,57.25,63.4228618155342
35.75,57.75,60.2409274863519
35.75,58.25,59.302531670794
35.75,58.75,59.8141880656979
35.75,59.25,59.1849468799842
35.75,59.75,56.0380456620272
36.25,-16.25,46.236533783149
36.25,-15.75,46.0164277143901
36.25,-15.25,41.3411943315737
36.25,-14.25,39.9763323686903
36.25,-13.75,40.1916943701742
36.25,-7.25,37.2510122961904
36.25,-6.75,38.0471369333326
36.25,-6.25,33.1967901270979
36.25,-4.25,33.0595156540373
36.25,-3.75,34.3906419571948
36.25,-3.25,32.4565205435556
36.25,0.25,29.7129960095802
36.25,0.75,31.1936336756436
36.25,1.25,32.3150919911927
36.25,1.75,30.1341344906042
36.25,4.75,30.9151326659802
36.25,5.25,31.1529028525911
36.25,10.75,33.2779799725314
36.25,32.75,34.3834901403771
36.25,33.25,36.3629444147427
36.25,33.75,36.6691874917611
36.25,34.25,38.2903856631059
36.25,34.75,40.4498131875744
36.25,35.25,40.3406418575058
36.25,40.75,51.4055562407279
36.25,41.25,53.8506007967606
36.25,45.25,64.4144311937812
36.25,48.25,63.4407406442706
36.25,48.75,65.661567091947
36.25,49.25,62.905677464675
36.25,50.25,63.5841916815519
36.25,50.75,67.2287261392701
36.25,51.25,66.1113578766248
36.25,52.75,62.9371368579767
36.25,53.25,63.7433731768442
36.25,54.75,64.1179259470457
36.25,55.25,64.6345394651993
36.25,55.75,62.7364006961597
36.25,56.25,60.7142202566992
36.25,56.75,62.2062834855783
36.25,57.25,63.607286959259
36.25,57.75,60.8014628130819
36.25,58.25,58.4399006851419
36.25,58.75,58.8458858019764
36.25,59.25,58.1408048593929
36.25,59.75,56.2915730602154
36.25,68.25,30.3325712880366
36.75,-18.25,43.0019506102446
36.75,-16.25,45.072801757916
36.75,-15.75,45.4139406395092
36.75,-15.25,41.8761786413066
36.75,-14.75,42.565106535641
36.75,-14.25,45.4217852597938
36.75,-13.75,41.5515041278425
36.75,-6.75,34.9563130705949
36.75,-4.25,32.2970095464224
36.75,-3.75,33.3011333464457
36.75,-3.25,32.0565590074314
36.75,-2.75,31.0465855777125
36.75,-1.25,31.6464277805844
36.75,-0.75,31.0612199626578
36.75,0.25,29.864277979333
36.75,0.75,33.1654689404249
36.75,1.25,33.0140374480652
36.75,1.75,30.0822029909505
36.75,3.25,29.2499185842551
36.75,4.75,31.2656982908943
36.75,5.25,30.3726923897325
36.75,9.25,31.5310068106695
36.75,9.75,33.0548237945945
36.75,26.25,23.4564954171518
36.75,29.25,26.0604427854456
36.75,34.75,40.108169517419
36.75,35.25,37.9313469087486
36.75,38.25,45.4159653125561
36.75,38.75,47.8620055653238
36.75,39.25,49.1990049187755
36.75,39.75,50.627020536576
36.75,41.25,51.590698712898
36.75,47.75,63.6268042648205
36.75,48.25,65.6250700536353
36.75,48.75,65.39415100831
36.75,49.25,63.3300637119782
36.75,50.75,64.5771329791085
36.75,51.25,65.7146475247512
36.75,51.75,67.2582238863632
36.75,52.25,66.6511012294984
36.75,52.75,63.8174363761386
36.75,53.25,63.0277740802282
36.75,53.75,62.4778211006366
36.75,54.25,61.5989722461725
36.75,54.75,64.0819843467701
36.75,55.25,65.3023760718647
36.75,55.75,63.4421965527703
36.75,56.25,61.2028028046581
36.75,56.75,60.4074339018224
36.75,57.25,59.7975931206405
36.75,57.75,57.399167836308
36.75,61.75,48.9123849286699
36.75,62.25,48.3146302575365
36.75,67.75,32.5708078901967
36.75,68.25,31.619702727795
37.25,-15.75,43.5832269976191
37.25,-15.25,42.7319280950366
37.25,-14.75,44.610304989774
37.25,-14.25,45.9013045582137
37.25,-13.75,43.8347182778259
37.25,-4.25,34.204542164498
37.25,-3.75,31.7267723227908
37.25,-1.25,29.9699829457055
37.25,0.75,32.4424127046399
37.25,1.25,32.9080533541258
37.25,1.75,32.7882036655951
37.25,2.25,30.9298255456416
37.25,2.75,32.2012177067501
37.25,3.25,30.5542733309669
37.25,4.75,30.8301734349523
37.25,5.25,30.2329180756308
37.25,5.75,30.8425929407764
37.25,6.25,31.8536801837727
37.25,8.25,31.6719305858187
37.25,8.75,31.7357794750757
37.25,16.75,28.6582197523693
37.25,17.25,28.3015853030101
37.25,17.75,28.9374799581566
37.25,18.25,28.5709258737542
37.25,18.75,25.7424243157279
37.25,25.75,22.6719287439867
37.25,26.25,24.37632643884
37.25,26.75,24.3467865240792
37.25,34.75,37.7812836888708
37.25,38.75,45.8844726394693
37.25,39.25,50.9723346373253
37.25,39.75,51.0551236817383
37.25,45.25,63.2853988516051
37.25,47.75,64.6931164481997
37.25,48.25,66.9016737428434
37.25,48.75,65.6468049131731
37.25,49.25,63.3159359530069
37.25,51.25,66.0712440451344
37.25,51.75,68.1391582975819
37.25,52.25,68.0534781900502
37.25,52.75,66.3056476211972
37.25,53.25,62.1320621239907
37.25,53.75,62.5384430593159
37.25,54.25,62.3527905598711
37.25,54.75,63.1041373519026
37.25,55.25,64.1728726786904
37.25,55.75,62.1606357896648
37.25,56.25,58.9088658626824
37.25,60.25,52.4990991286397
37.25,60.75,50.9798538176093
37.25,61.25,49.5555714233739
37.25,61.75,49.1131953352547
37.25,62.25,48.021104947624
37.25,62.75,45.5000174449762
37.25,63.25,46.574992989385
37.25,63.75,46.7254077462275
37.25,64.75,39.5709820582407
37.25,67.75,32.4579870088726
37.25,68.25,29.8443862297754
37.75,-14.25,46.3843394743553
37.75,-13.75,45.2144148884444
37.75,-4.75,32.8979353230924
37.75,-4.25,36.0994636413153
37.75,-3.75,33.9930788297141
37.75,-3.25,31.1236575090642
37.75,0.75,31.0283454029944
37.75,1.25,32.7926203509007
37.75,1.75,32.6681856654575
37.75,2.25,31.4822718871761
37.75,2.75,32.5467317363636
37.75,3.25,30.8513251269526
37.75,4.75,30.1372229573532
37.75,5.25,30.7605225976016
37.75,5.75,30.6227919187331
37.75,6.25,30.9412380233607
37.75,8.25,30.8982558853431
37.75,17.25,29.7207905560276
37.75,17.75,30.9795254155681
37.75,18.25,30.1766861880589
37.75,26.25,23.8849407741112
37.75,26.75,25.380273205272
37.75,27.25,24.1032735314096
37.75,39.25,48.9455722656143
37.75,39.75,47.6797275828043
37.75,44.75,58.2038238303653
37.75,45.25,61.848609130605
37.75,47.75,60.6144852861329
37.75,48.25,61.6895116223214
37.75,48.75,63.5672805955055
37.75,49.25,62.5587290735328
37.75,51.25,65.3522413395993
37.75,51.75,67.6639066287735
37.75,52.25,67.5804723529133
37.75,52.75,67.4296299831797
37.75,53.25,62.6762293651656
37.75,53.75,62.3844968825727
37.75,54.25,63.5330181828938
37.75,54.75,62.7363852267448
37.75,55.25,60.7017671410344
37.75,58.75,55.3608977015621
37.75,59.25,54.7819164716706
37.75,59.75,52.7796681759179
37.75,60.25,51.4494445780089
37.75,60.75,50.0266826972455
37.75,61.25,50.1202501070095
37.75,61.75,49.9835413015367
37.75,62.25,48.8818551772945
37.75,62.75,46.6798081235133
37.75,63.25,46.7713372222766
37.75,63.75,46.7971967464418
37.75,64.75,42.4518688159547
37.75,67.25,35.1081350002167
37.75,67.75,32.799802914067
38.25,-14.25,42.9662401959577
38.25,-13.75,43.344175871879
38.25,-6.25,34.7502630663916
38.25,-4.75,33.0223662201089
38.25,-4.25,36.1031813619619
38.25,-3.75,35.6721028877542
38.25,-3.25,33.8633034421092
38.25,-1.25,30.8378704446935
38.25,0.75,28.9673814091209
38.25,1.25,31.5882042184787
38.25,1.75,32.4832806455054
38.25,2.25,31.1002637790495
38.25,2.75,31.7254406540273
38.25,3.25,29.6971391043933
38.25,6.75,30.1331005991856
38.25,8.25,30.745560205145
38.25,8.75,31.0699750950638
38.25,11.25,32.6879221623667
38.25,15.25,30.5105577182513
38.25,17.25,29.3384548440225
38.25,17.75,31.0081826474152
38.25,18.25,30.2201259257831
38.25,27.25,23.6016443149211
38.25,37.75,45.5304608745853
38.25,38.25,44.634054251228
38.25,44.75,57.1747165033508
38.25,45.25,58.4058222743174
38.25,48.75,61.819495983043
38.25,49.25,63.0394572191507
38.25,49.75,61.4697635839677
38.25,51.25,63.0424319117123
38.25,51.75,66.5467776122562
38.25,52.25,66.0658700827631
38.25,52.75,64.2462921928169
38.25,53.25,62.2924732696793
38.25,53.75,63.2210629172902
38.25,54.25,65.8031806961852
38.25,54.75,65.6728118056818
38.25,55.25,60.9208610716712
38.25,61.75,49.1854176557732
38.25,62.25,48.0467935226437
38.25,62.75,47.3644786882096
38.25,63.25,45.7218536050696
38.25,63.75,42.9508374592561
38.25,64.25,43.7242625340473
38.25,64.75,43.7735400494615
38.25,67.25,33.6910607375086
38.25,67.75,30.3941898001465
38.75,-15.75,43.7326290277365
38.75,-13.75,42.4358049524184
38.75,-10.25,39.0167343469348
38.75,-9.75,37.8696698868258
38.75,-6.25,37.8890721850269
38.75,-5.75,35.5212289384092
38.75,-5.25,34.4207487005685
38.75,-4.75,34.3348854834607
38.75,-4.25,35.2832666614494
38.75,-3.75,34.7045297626798
38.75,-3.25,32.3581082007738
38.75,-1.25,32.4932155345275
38.75,-0.75,31.1222818826148
38.75,1.75,29.200168995843
38.75,3.25,30.1460568538171
38.75,3.75,29.2548442615741
38.75,6.25,29.4644291550788
38.75,6.75,31.5513097625217
38.75,7.25,32.3799711764041
38.75,7.75,32.3212210324958
38.75,8.25,33.8312552367522
38.75,8.75,32.2236452522349
38.75,11.25,34.4398726313548
38.75,11.75,32.5993894487029
38.75,15.25,33.2752572562435
38.75,15.75,31.6401230691605
38.75,37.75,44.0416793494266
38.75,38.25,43.8830187825431
38.75,44.75,56.5039064611998
38.75,47.75,59.8774063126825
38.75,48.75,61.1138412583192
38.75,49.25,61.6132280604734
38.75,49.75,60.540268021515
38.75,50.75,61.2697623843796
38.75,53.25,62.1760344458631
38.75,53.75,65.9737570182332
38.75,54.25,65.6207610362079
38.75,54.75,65.1982985619305
38.75,55.25,63.7681923648298
38.75,55.75,59.4666136408041
38.75,56.25,57.8203488613355
38.75,62.25,45.6319970569083
38.75,62.75,47.0600746899107
38.75,63.25,46.0031428593598
38.75,63.75,41.3990610912907
38.75,64.75,39.7259999054977
39.25,-16.25,47.2952609510243
39.25,-15.75,49.1697766586338
39.25,-15.25,44.9150941917357
39.25,-13.75,42.2821984153159
39.25,-10.75,39.5687096504869
39.25,-10.25,41.5656404765416
39.25,-9.75,40.0101285501646
39.25,-6.25,37.5947322412252
39.25,-4.25,34.291660395786
39.25,-3.75,31.5609969253644
39.25,-1.75,29.8726096808781
39.25,-1.25,31.0519849223837
39.25,-0.75,31.8711240760843
39.25,-0.25,29.9052158499179
39.25,3.25,28.849102580692
39.25,3.75,30.2545808485916
39.25,6.25,30.0286204307822
39.25,6.75,31.6096044262964
39.25,7.25,33.7876399672064
39.25,7.75,34.301721791533
39.25,8.25,34.6912350331227
39.25,8.75,31.8229670232832
39.25,10.75,31.7279412092309
39.25,11.25,32.3961191206549
39.25,15.25,33.363449916274
39.25,15.75,33.979729697351
39.25,25.75,23.4043535377624
39.25,28.25,24.8152606673571
39.25,28.75,26.8139636976843
39.25,29.25,28.5176608626298
39.25,29.75,28.5465119669905
39.25,47.25,60.9562881017536
39.25,47.75,60.6166098646013
39.25,50.75,61.1090051554354
39.25,53.25,61.2253260691596
39.25,53.75,65.4921496580083
39.25,54.25,65.1407064068413
39.25,54.75,64.7196618836529
39.25,55.25,61.4412848956246
39.25,62.75,45.7692343823351
39.25,63.25,46.0044336718867
39.25,63.75,41.830489089448
39.25,66.75,33.1176228818312
39.25,67.25,31.5409554202377
39.75,-16.25,47.7037271441021
39.75,-15.75,48.8771884101441
39.75,-15.25,45.0664035169422
39.75,-13.75,43.8114653937373
39.75,-10.75,40.4046981093993
39.75,-10.25,40.208192258458
39.75,-5.25,37.1009959178944
39.75,-2.25,31.2836348059669
39.75,-1.75,32.1380787423489
39.75,-1.25,31.2792405449294
39.75,6.25,29.7667162980954
39.75,6.75,30.8340446490826
39.75,7.25,31.6870693881594
39.75,7.75,30.2777210797448
39.75,10.75,33.2276769359668
39.75,11.25,34.0230255765897
39.75,14.25,32.058334203547
39.75,24.25,22.3279653738558
39.75,24.75,23.4573071313397
39.75,28.75,25.6716413839049
39.75,29.25,27.2841380355456
39.75,29.75,27.467412383678
39.75,30.25,27.1521160423425
39.75,31.75,31.2157653918076
39.75,47.25,59.6877847189846
39.75,47.75,61.2860972627369
39.75,48.25,61.0181164482596
39.75,48.75,59.5218313951284
39.75,50.25,59.9053216010756
39.75,50.75,60.7831108192282
39.75,52.75,59.5475214563493
39.75,53.75,61.0239866909272
39.75,54.25,63.7960790941752
39.75,54.75,63.292188472219
39.75,55.25,59.0157225635413
39.75,61.75,46.5031788024897
39.75,62.25,46.346488630288
39.75,62.75,45.7578153217802
39.75,63.25,44.5328299612496
39.75,63.75,40.5978421801829
39.75,66.25,36.8999192166935
39.75,66.75,35.4548773985096
39.75,67.25,32.9658511212443
40.25,-15.75,45.8584938824785
40.25,-14.25,45.2065624029941
40.25,-13.75,46.1866276570737
40.25,-13.25,43.4464658386007
40.25,-10.75,40.5164755038632
40.25,-1.75,29.8429123460745
40.25,-1.25,29.5787437358583
40.25,0.75,28.247502032719
40.25,4.25,29.5309865285116
40.25,4.75,29.7272669413442
40.25,5.75,29.6126820985653
40.25,6.25,29.0425776691035
40.25,10.25,31.7386479518414
40.25,10.75,33.9066921337664
40.25,11.25,34.8001580267429
40.25,11.75,32.6395290132531
40.25,20.25,25.9848494318155
40.25,20.75,26.3672907276102
40.25,23.75,24.5088700008498
40.25,24.25,23.8060813861666
40.25,24.75,23.1896668667495
40.25,28.75,25.7419612693299
40.25,29.25,26.177019129154
40.25,31.75,32.3606279069284
40.25,47.25,60.904829905885
40.25,47.75,63.4131536789617
40.25,48.25,63.3374501391091
40.25,48.75,59.7683410582411
40.25,50.25,63.4686309584745
40.25,50.75,61.3293497898205
40.25,52.75,59.7541079661348
40.25,54.25,58.8801685099636
40.25,54.75,60.5412106873606
40.25,55.25,59.2247591935844
40.25,58.25,53.1894350123946
40.25,61.25,47.1281434513968
40.25,61.75,48.7009279595072
40.25,62.25,47.9808461579486
40.25,62.75,44.5493104684092
40.25,63.25,41.572039141402
40.25,64.75,37.7006999936009
40.25,65.25,37.5133528346464
40.25,66.75,36.4905350938329
40.25,67.25,34.6369491671359
40.25,67.75,30.1517488549536
40.75,3.25,28.9478027645022
40.75,3.75,30.4972614157037
40.75,4.25,31.8010899337708
40.75,4.75,31.9661148294417
40.75,5.25,31.9863087249089
40.75,5.75,29.6774959963459
40.75,10.25,32.6991739341704
40.75,10.75,34.5420014978007
40.75,11.25,33.3734199938233
40.75,20.75,24.8249648821331
40.75,21.25,24.7341070950173
40.75,23.75,22.8928716428299
40.75,28.75,26.2918262225131
40.75,29.25,26.3987857774477
40.75,33.75,32.4850864963895
40.75,40.25,46.8991403007312
40.75,40.75,51.1480811265375
40.75,46.75,57.7112317778604
40.75,47.25,62.3815332793155
40.75,47.75,62.8941378890935
40.75,48.25,58.8034362776627
40.75,50.25,64.523232509353
40.75,50.75,62.8903821485012
40.75,55.75,56.8498927023046
40.75,56.25,55.7065607849096
40.75,56.75,55.7388582528056
40.75,59.75,49.9869281424354
40.75,60.25,51.717287463068
40.75,60.75,48.9805391413619
40.75,61.25,46.1289235878562
40.75,61.75,47.4937621504678
40.75,62.25,44.9250212371587
40.75,63.75,39.7094019610632
40.75,64.25,38.3789681065205
40.75,64.75,39.2966747564376
40.75,65.25,38.7391383390301
40.75,65.75,36.8063544458047
40.75,66.75,35.9271839004125
40.75,67.25,34.6878787318777
41.25,3.75,29.2558109242424
41.25,4.25,31.6329624788276
41.25,4.75,31.8011842830859
41.25,5.25,32.0217356003193
41.25,10.75,33.0339799187335
41.25,11.25,33.0095934183147
41.25,11.75,32.0676753873588
41.25,20.75,24.5280577127688
41.25,21.25,27.3514233187227
41.25,26.75,24.015365043998
41.25,28.75,27.1200318015326
41.25,29.25,26.4575027263595
41.25,40.25,48.2600902648322
41.25,40.75,50.6796679204555
41.25,41.25,51.758020095703
41.25,43.25,51.0406556986516
41.25,43.75,52.2883567027804
41.25,47.25,58.7486710408581
41.25,47.75,57.3240070641497
41.25,50.25,61.8447377724322
41.25,50.75,62.7062507745593
41.25,51.25,60.9623913387945
41.25,55.25,56.5962731980034
41.25,55.75,56.8770521932771
41.25,56.25,55.2974060676028
41.25,56.75,56.0363091908872
41.25,58.75,51.7878974426127
41.25,59.25,53.677273524008
41.25,59.75,53.5743431548193
41.25,60.25,53.7253664520851
41.25,60.75,49.2347724561767
41.25,63.25,41.9503729110858
41.25,63.75,40.1654241494541
41.25,64.75,37.8215494235909
41.25,65.25,38.8878016687614
41.25,65.75,38.6682263372387
41.75,3.75,28.1529430451543
41.75,4.25,29.7199911690659
41.75,4.75,28.8749187683833
41.75,11.25,31.7037534785523
41.75,11.75,33.3107308531367
41.75,20.75,24.9567635799634
41.75,21.25,26.0532242235811
41.75,27.75,25.0695977411497
41.75,28.25,28.1068347925676
41.75,28.75,28.5568989483578
41.75,29.25,28.4315887849926
41.75,34.75,37.3046680575818
41.75,35.25,37.0037985242103
41.75,40.25,46.3221882840064
41.75,40.75,48.0906086877122
41.75,41.25,51.0595782345196
41.75,41.75,52.3302781926515
41.75,42.25,53.3495766073283
41.75,42.75,51.2810679166007
41.75,43.75,52.1842111843156
41.75,44.25,53.3620967905807
41.75,44.75,53.0097994174311
41.75,45.25,55.0138955309304
41.75,45.75,56.6647534669962
41.75,50.75,58.3465575837995
41.75,51.25,59.1418932194242
41.75,51.75,59.0051546958325
41.75,53.75,59.262733125068
41.75,54.25,59.5715344343314
41.75,54.75,59.0366823425099
41.75,55.25,61.0279140464607
41.75,55.75,60.6708550390501
41.75,56.25,57.4855021822261
41.75,56.75,55.9360241537615
41.75,59.25,51.3333092097
41.75,59.75,52.4400666653028
41.75,60.25,51.7401157868953
41.75,60.75,46.8408621490214
41.75,62.25,42.8928214674432
41.75,62.75,44.6540374570132
41.75,63.25,43.7338283126517
41.75,63.75,40.0212890459969
41.75,65.25,35.3313198610954
41.75,65.75,36.4032715943755
42.25,0.25,31.1714859829534
42.25,0.75,31.0882651254089
42.25,1.25,28.3096147281041
42.25,3.75,28.4754060771353
42.25,10.25,31.2043992492432
42.25,13.25,32.105194057651
42.25,17.75,28.3619888537023
42.25,28.25,28.2920499866989
42.25,28.75,28.7192795062844
42.25,29.25,29.1919155625566
42.25,34.75,35.2317564780132
42.25,35.25,35.2417972596065
42.25,41.75,50.8916100941526
42.25,42.25,52.8556085507579
42.25,42.75,49.9900453771774
42.25,43.75,53.1887238628071
42.25,44.25,56.4751113369694
42.25,44.75,53.745837774531
42.25,47.75,57.2186605382589
42.25,48.25,56.4912965715149
42.25,53.75,58.4126235223939
42.25,54.25,62.1937245727514
42.25,54.75,61.7826725327111
42.25,55.25,61.3015605556723
42.25,55.75,60.7505403544604
42.25,56.25,57.75389490884
42.25,56.75,55.3217591461067
42.25,59.75,50.1467251012323
42.25,60.25,48.96383336782
42.25,62.25,45.9002997381442
42.25,62.75,45.9186210000672
42.25,63.25,41.9739392247014
42.25,66.25,32.13354140737
42.75,0.25,31.6163444593012
42.75,0.75,29.9009796085714
42.75,10.25,31.1081090656967
42.75,10.75,33.1397429450115
42.75,13.75,31.7478311410014
42.75,17.25,31.8645976163224
42.75,17.75,29.9764630593101
42.75,23.25,24.3659675263847
42.75,27.75,25.6948255742752
42.75,28.25,28.5060939215478
42.75,28.75,28.9102343897147
42.75,29.25,29.3582514076316
42.75,29.75,27.0603463276774
42.75,42.75,49.3320031320178
42.75,43.75,52.2562722231193
42.75,44.25,54.0194778887573
42.75,46.75,54.5641483450727
42.75,47.25,56.9263243970461
42.75,47.75,57.446133253815
42.75,52.75,57.9583570546044
42.75,53.25,57.4329578005729
42.75,53.75,57.7290891221053
42.75,54.25,61.695229599636
42.75,54.75,61.2860354432605
42.75,55.25,60.806799710027
42.75,55.75,58.7338098895614
42.75,56.25,56.0096468642517
42.75,56.75,53.6953116115476
42.75,59.25,51.2516338207059
42.75,59.75,51.5460211891108
42.75,60.25,48.9236233112761
42.75,60.75,47.2644409214308
42.75,61.25,44.9779060111424
42.75,61.75,46.2138417378665
42.75,62.25,45.5196408989021
42.75,62.75,41.9760689149815
42.75,63.25,40.8643930254355
42.75,66.25,33.2684600597342
43.25,17.25,32.3697281308009
43.25,17.75,29.4926071191702
43.25,22.75,27.6738865144022
43.25,23.25,27.5044577021308
43.25,23.75,27.3940021720251
43.25,24.25,25.7435025247213
43.25,24.75,24.6216840494639
43.25,25.25,25.2989209531435
43.25,27.25,25.1077724299681
43.25,27.75,28.4120113100154
43.25,28.25,28.7500014197805
43.25,28.75,29.1308042320092
43.25,29.25,29.0786023550616
43.25,29.75,27.512788806889
43.25,31.75,29.6316008434491
43.25,32.25,29.7245683231843
43.25,46.75,56.256052460935
43.25,47.25,55.0773304980786
43.25,52.75,56.9224760124347
43.25,53.25,57.5166586914254
43.25,53.75,58.9247286983048
43.25,54.25,61.1957563819374
43.25,54.75,59.9288206231797
43.25,55.25,57.0889166216612
43.25,55.75,55.6397934007725
43.25,57.75,51.1434821565486
43.25,58.25,50.5907104806557
43.25,58.75,52.1370296684585
43.25,59.25,51.8081440105187
43.25,59.75,50.6153510589347
43.25,60.25,48.932320440366
43.25,60.75,47.5355740198969
43.25,61.25,46.3949946879964
43.25,61.75,48.2034370747705
43.25,62.25,46.9009231797934
43.25,62.75,41.7426894066191
43.25,63.25,40.5832992464603
43.25,66.25,32.3857447141372
43.75,-24.25,50.581872380312
43.75,-23.75,51.8442115381143
43.75,-23.25,51.3513401055648
43.75,-22.75,50.8494676337098
43.75,-22.25,48.9800130235358
43.75,-21.75,48.263708201068
43.75,1.75,27.7593415405163
43.75,2.25,27.3984389077777
43.75,17.25,29.639874830425
43.75,17.75,30.136659354402
43.75,20.75,26.5976915679923
43.75,22.25,28.1034500064817
43.75,22.75,28.0642481002395
43.75,23.25,27.8970200665945
43.75,23.75,27.7860261782889
43.75,24.25,27.7297994829816
43.75,24.75,25.5180417147772
43.75,25.25,25.956436724812
43.75,25.75,25.6729598142223
43.75,27.75,25.9143517079871
43.75,28.25,29.0247449510667
43.75,28.75,29.3819693025622
43.75,29.25,29.128745773948
43.75,29.75,27.4196439702452
43.75,31.75,30.1544534769601
43.75,32.25,30.9837764063961
43.75,36.75,37.2048780959681
43.75,39.25,42.0639669051494
43.75,39.75,43.0407316534346
43.75,46.75,54.3232429381385
43.75,47.75,55.004834765967
43.75,50.25,58.0232339342851
43.75,50.75,58.6406618244617
43.75,51.25,57.2798174893354
43.75,53.75,55.7613243737369
43.75,54.25,58.3369208568334
43.75,54.75,57.7925071348895
43.75,55.25,56.14343928795
43.75,57.25,53.0039085026603
43.75,57.75,53.1027074046643
43.75,58.25,50.8601051405363
43.75,58.75,49.5553898047241
43.75,59.75,47.3420069071342
43.75,60.25,47.2259612359233
43.75,60.75,45.8234496855248
43.75,61.25,43.7742022518488
43.75,61.75,44.1421919689653
43.75,62.25,42.8182227864277
44.25,-24.25,50.6665633192407
44.25,-23.75,49.993347448971
44.25,-22.25,49.7029566709921
44.25,-21.75,49.957166606623
44.25,-21.25,48.8107637360566
44.25,-17.75,50.7195470339869
44.25,-17.25,51.0804557170386
44.25,1.75,30.4323307722382
44.25,2.25,29.4975170117886
44.25,6.25,29.0960193671738
44.25,6.75,31.5686185179375
44.25,13.25,32.0169387005595
44.25,13.75,32.7552193640595
44.25,17.25,31.7894137658246
44.25,17.75,32.4752296665334
44.25,20.75,26.732951044737
44.25,22.25,27.9624271996653
44.25,22.75,28.4858573941534
44.25,23.25,25.4649894537528
44.25,23.75,28.2097805817657
44.25,24.25,28.1504800502168
44.25,24.75,25.9902881870874
44.25,28.75,27.059244470885
44.25,29.25,27.4499020222944
44.25,29.75,28.2663979302851
44.25,30.25,28.0562134045965
44.25,31.75,31.4055802242364
44.25,32.25,32.444632451082
44.25,39.25,45.0288184664537
44.25,39.75,45.6953237578097
44.25,47.75,57.2952170818732
44.25,48.25,54.8219165269893
44.25,49.75,55.9551463978737
44.25,50.25,58.2215694523851
44.25,50.75,57.4754112163989
44.25,51.25,55.4777232383976
44.25,51.75,55.4831420598905
44.25,52.25,56.3717123589357
44.25,54.25,55.9210192358199
44.25,54.75,58.4470245165612
44.25,55.25,57.3268020315787
44.25,60.75,44.9564323412711
44.25,63.25,38.2850315135356
44.25,63.75,38.7265347449549
44.25,64.25,35.6619702140923
44.25,66.25,31.3427294265458
44.75,-24.25,47.6404429903155
44.75,-21.75,48.8047083546626
44.75,-21.25,49.1618589838293
44.75,-20.75,50.8174733554915
44.75,1.75,30.222759121469
44.75,2.25,29.1157386124494
44.75,4.25,26.6027730955993
44.75,4.75,27.5616913561916
44.75,5.25,27.7615607228038
44.75,5.75,28.1820563459661
44.75,6.25,30.9983009663323
44.75,6.75,32.035458018918
44.75,13.25,34.8539062112451
44.75,13.75,34.8331172568232
44.75,16.75,29.8699941356704
44.75,17.25,33.5219970408797
44.75,17.75,32.8381683282434
44.75,23.75,28.4516740343935
44.75,24.25,28.3583571314082
44.75,29.75,30.7102633701793
44.75,30.25,30.9210109558606
44.75,31.75,31.3440416140956
44.75,32.25,31.9182173404204
44.75,34.25,33.2558853873513
44.75,39.25,43.7014463745447
44.75,39.75,42.1144889001698
44.75,47.25,55.5450936914656
44.75,47.75,57.7884694674163
44.75,48.25,54.6903013788655
44.75,54.25,54.9932469326137
44.75,54.75,55.868665069505
44.75,55.25,56.5462784172548
44.75,55.75,54.9413657089795
44.75,60.75,46.6017739753922
44.75,61.25,44.1149850132791
44.75,63.25,41.8196805269386
44.75,63.75,40.4640900175572
44.75,64.25,35.5364658051258
44.75,66.25,30.8239952349565
44.75,66.75,28.9875733394505
45.25,-24.25,46.5399058221794
45.25,-20.75,49.8793364105477
45.25,4.75,27.7874127342485
45.25,5.25,30.6120143275061
45.25,5.75,30.0079596937133
45.25,6.25,28.4653152041273
45.25,6.75,28.4996063657837
45.25,9.75,31.7073365943108
45.25,10.25,31.0290057295703
45.25,13.25,32.7183312660969
45.25,13.75,32.900221972925
45.25,17.25,31.0665856072982
45.25,17.75,32.1441876968513
45.25,18.25,29.7093983644638
45.25,18.75,28.6876822230772
45.25,23.75,26.0585571365586
45.25,29.75,28.4471827232681
45.25,34.25,33.1859213507655
45.25,34.75,34.4646713233756
45.25,35.25,33.886401089264
45.25,39.25,40.9304897953401
45.25,43.25,48.1005338599068
45.25,43.75,49.7943962155772
45.25,46.75,53.186864944371
45.25,47.25,54.9383567561708
45.25,47.75,56.1672596843281
45.25,48.25,56.1640031780515
45.25,48.75,54.7504145715206
45.25,55.25,53.7935839697327
45.25,55.75,55.5015257415036
45.25,56.25,52.6054495693216
45.25,60.75,44.0778369449951
45.25,61.25,42.3861898972838
45.25,62.25,40.4929871074688
45.25,62.75,42.5153949780201
45.25,63.25,42.3899799992534
45.25,63.75,38.0678749663551
45.25,65.25,32.7723751902363
45.25,68.25,25.1575388721384
45.75,-25.25,45.1770234231641
45.75,-24.25,45.9093738188785
45.75,-20.75,49.693664454058
45.75,-20.25,50.4104222358609
45.75,5.25,29.3369406758424
45.75,5.75,28.2029201669604
45.75,9.75,33.5087703116821
45.75,10.25,33.0459697021727
45.75,10.75,33.0894661824349
45.75,17.75,31.4610712592821
45.75,18.25,31.7295111054089
45.75,18.75,29.6659232683659
45.75,26.25,26.7735727881968
45.75,26.75,27.6650533789715
45.75,27.25,27.4237107406186
45.75,35.25,34.4363548795568
45.75,37.75,40.2064517799268
45.75,38.25,38.7001957638697
45.75,43.25,51.4817879354997
45.75,43.75,52.330456191451
45.75,44.25,48.6036884972143
45.75,46.75,52.0627040088936
45.75,48.25,55.1169825866664
45.75,48.75,54.303330045419
45.75,50.25,54.9808422762468
45.75,50.75,54.855302188527
45.75,52.25,54.8966426112311
45.75,52.75,54.8148107052583
45.75,53.75,53.3445654081617
45.75,55.75,52.5639383018919
45.75,62.25,39.9491225088365
45.75,62.75,40.997680901602
45.75,63.25,38.6183444118065
46.25,-24.75,45.0950799363438
46.25,-24.25,47.5555351792851
46.25,-20.75,51.1532055678804
46.25,-20.25,51.168572506617
46.25,-17.25,48.1666096178301
46.25,5.75,27.1606341931024
46.25,9.25,30.261203081244
46.25,9.75,34.1565445712886
46.25,10.25,32.1454530635566
46.25,10.75,33.1677738776473
46.25,17.75,30.2154619435146
46.25,18.25,29.7349709186146
46.25,19.75,29.7713479198107
46.25,26.25,29.4279204075083
46.25,26.75,30.3698958477323
46.25,27.25,29.4935182014984
46.25,33.25,31.5216279588201
46.25,37.25,37.074043826714
46.25,37.75,40.1088933018535
46.25,38.25,38.3499776693118
46.25,42.75,49.565094439884
46.25,43.25,51.0477172073436
46.25,43.75,51.8837694627724
46.25,48.25,54.1763654859391
46.25,48.75,54.5937961286718
46.25,49.25,53.0932427062277
46.25,49.75,53.6691536905364
46.25,50.25,53.9577497757049
46.25,50.75,55.1069716190707
46.25,51.25,54.593340234563
46.25,51.75,53.8807399190078
46.25,52.25,53.5050878744035
46.25,52.75,53.618212545093
46.25,53.25,54.6596562526326
46.25,53.75,54.4416464146402
46.25,54.25,54.0415134497226
46.25,54.75,55.4120709248618
46.25,55.25,54.1785822898962
46.25,55.75,51.6311040634552
46.25,61.25,42.3532667411739
46.25,61.75,41.1469359513013
46.75,-24.75,46.4845523021771
46.75,-24.25,48.1276972152058
46.75,-23.75,46.0939006491596
46.75,-21.75,48.2981467049449
46.75,-21.25,49.1029437846136
46.75,-20.75,49.2427855241934
46.75,-20.25,48.6921253465237
46.75,-17.75,48.2760518681298
46.75,-17.25,50.1319226887802
46.75,5.75,28.183028996647
46.75,8.25,29.0670215268223
46.75,9.75,30.6594919448256
46.75,10.75,33.0416223768891
46.75,19.25,30.3282442019106
46.75,26.25,29.0557973799747
46.75,26.75,30.9068661196753
46.75,27.25,29.5569323918146
46.75,37.25,37.2396939389258
46.75,42.75,47.7543413539679
46.75,43.25,50.6258582020269
46.75,43.75,51.4483683479401
46.75,48.25,54.0931342425938
46.75,48.75,55.0016915166016
46.75,49.25,53.1716635147188
46.75,49.75,53.0774976437314
46.75,50.25,52.9321744445418
46.75,50.75,54.596960158017
46.75,51.25,56.1678320087446
46.75,53.25,54.1334080140703
46.75,53.75,52.832280597277
46.75,54.75,55.3009238926763
46.75,55.25,54.5120855695631
46.75,55.75,51.4112348950761
46.75,59.25,47.9122216512337
46.75,59.75,45.2767434055258
46.75,66.25,31.2237730992721
46.75,66.75,27.7319220071065
47.25,-21.75,48.7286880067699
47.25,-21.25,48.690656262379
47.25,-17.75,50.8934108927608
47.25,-17.25,51.282023176715
47.25,-15.25,46.5808860241388
47.25,3.75,26.1109765103678
47.25,4.25,27.6488397966671
47.25,10.75,35.7231359685749
47.25,15.75,33.2679622293769
47.25,16.25,32.2056029076855
47.25,18.75,30.5450944509009
47.25,19.25,33.0875038613132
47.25,26.25,29.0066860675674
47.25,26.75,30.1030115243808
47.25,42.25,44.2259778975868
47.25,42.75,46.1323038150342
47.25,43.25,49.5592580581038
47.25,43.75,50.1561320228062
47.25,48.25,52.6505944649696
47.25,48.75,53.6474986584732
47.25,50.75,53.4293317796259
47.25,51.25,54.9098814544683
47.25,54.75,54.3488646005647
47.25,55.25,53.1494347583492
47.25,65.75,32.9020934971074
47.25,66.25,32.9492306279953
47.25,66.75,28.2750237697295
47.75,-22.75,47.6836906719996
47.75,-22.25,47.4596634372323
47.75,-21.75,49.0371639073751
47.75,-21.25,48.1590243412578
47.75,-17.75,50.5257922737124
47.75,-17.25,48.1322416441321
47.75,-15.25,45.9103439237231
47.75,-14.75,47.1741539641695
47.75,10.75,34.0268389553141
47.75,15.75,32.4809601146028
47.75,16.25,33.519746613192
47.75,18.75,31.9729463130367
47.75,19.25,32.9873436839087
47.75,19.75,30.2557712043546
47.75,23.25,29.3359932434835
47.75,23.75,30.1188601543505
47.75,25.25,28.5160216092658
47.75,25.75,29.6206837976888
47.75,26.25,29.4597900587892
47.75,42.25,44.678305328253
47.75,48.25,51.5465049800461
47.75,48.75,52.834324474637
47.75,50.75,52.4256704896689
47.75,51.25,52.2565308788343
47.75,52.25,53.2438812992811
47.75,52.75,52.7564598190323
47.75,54.25,51.9922240068685
47.75,54.75,54.2058046858691
47.75,55.25,53.768247581945
47.75,57.75,48.0626271571014
47.75,58.25,46.8937322952913
47.75,62.25,39.7775053045862
47.75,62.75,40.4827680214094
47.75,63.25,38.1836835568487
47.75,64.25,35.3336460859495
47.75,64.75,35.3656520715771
47.75,65.25,33.2823926895556
47.75,65.75,33.762284219848
47.75,66.25,30.4219529782366
48.25,-21.25,48.1206476435952
48.25,-20.75,49.7416795434025
48.25,-20.25,50.146521708809
48.25,-19.75,48.8168959731104
48.25,-15.25,46.8036649902888
48.25,-14.75,45.9609274931666
48.25,21.75,30.3338544136829
48.25,22.75,30.4775801090993
48.25,23.25,32.9217053669617
48.25,23.75,30.5293727825647
48.25,25.25,29.2498117302989
48.25,25.75,30.5813486033939
48.25,30.75,30.9366920668036
48.25,39.25,41.3550731778488
48.25,39.75,42.0629385163502
48.25,46.25,49.4451273264973
48.25,46.75,49.3905776156839
48.25,50.75,53.4344994648699
48.25,51.25,53.7536437481095
48.25,51.75,52.4429691263275
48.25,52.25,52.7765534056911
48.25,52.75,52.593531331703
48.25,53.75,51.2901041018063
48.25,54.25,51.9114115366937
48.25,54.75,50.7845021716811
48.25,55.25,50.8936863160278
48.25,57.75,46.901226156762
48.25,58.25,48.8908025723332
48.25,61.75,39.6626842562969
48.25,62.25,41.3541989111547
48.25,62.75,40.3349742105566
48.25,63.25,35.6926249620862
48.25,64.25,35.8057461332091
48.25,64.75,35.247215284287
48.25,65.25,32.8376562627561
48.25,65.75,32.451790898158
48.75,-19.75,50.4697584485972
48.75,-19.25,49.4635726268816
48.75,-15.75,47.1543129300065
48.75,-15.25,49.6481041335834
48.75,-14.75,44.6669768548913
48.75,6.75,28.384798596967
48.75,14.25,35.1666275229065
48.75,14.75,34.2105982834528
48.75,15.25,33.4237890664073
48.75,16.25,33.5403484605
48.75,16.75,36.1196010251608
48.75,17.25,33.9001734283904
48.75,20.25,31.3825265149433
48.75,20.75,31.1605692075931
48.75,22.75,32.6209855117485
48.75,23.25,32.4894520816016
48.75,25.25,29.8676869981545
48.75,25.75,30.0970811252951
48.75,30.75,31.0092913376956
48.75,32.25,32.043805420113
48.75,39.25,41.4927639145305
48.75,39.75,41.7239431579975
48.75,46.25,51.4076975261896
48.75,46.75,50.3797347008623
48.75,50.75,53.164364663971
48.75,51.25,56.3587580626303
48.75,51.75,53.8487390619673
48.75,52.75,51.177963048488
48.75,53.25,53.4478378340721
48.75,53.75,54.3609617280566
48.75,54.25,51.7391417518284
48.75,61.25,40.5294110526403
48.75,61.75,43.4228765542964
48.75,62.25,41.3510289842517
48.75,62.75,36.1140754192296
48.75,64.75,32.5093762850824
48.75,68.75,24.1770787519847
49.25,-15.75,49.1627700837021
49.25,-15.25,48.9930332057028
49.25,-14.75,44.0975264297821
49.25,14.75,36.6473034577822
49.25,15.25,36.0232159607815
49.25,15.75,33.5951075182329
49.25,16.25,34.5336619064348
49.25,16.75,37.5086303783461
49.25,17.25,37.2563009697384
49.25,17.75,36.981715862896
49.25,19.75,33.8058854719427
49.25,20.25,35.032754105006
49.25,20.75,32.4184979339548
49.25,22.75,31.1456002509423
49.25,26.25,31.9033666696233
49.25,26.75,32.4304727382669
49.25,31.75,31.8458350724344
49.25,32.25,34.9587932327875
49.25,32.75,33.2246799165055
49.25,50.75,50.8391857645381
49.25,51.25,53.9623463361811
49.25,51.75,51.7657930905558
49.25,52.75,50.7779711046565
49.25,53.25,54.6334468631398
49.25,53.75,53.0608095298706
49.25,59.75,46.6278925724062
49.25,60.25,46.4267324720385
49.25,60.75,41.1787698603453
49.25,61.25,39.7543841158409
49.25,61.75,41.2398629933835
49.25,69.25,21.6618940375279
49.75,-15.25,46.7403066012938
49.75,11.25,33.8399518641059
49.75,15.25,36.4487649077665
49.75,15.75,37.9037951704878
49.75,16.25,36.7731069454025
49.75,16.75,37.4460935839161
49.75,17.25,37.8280806120902
49.75,17.75,36.738653080917
49.75,24.75,32.3186401202542
49.75,25.25,31.7005741477437
49.75,25.75,32.226649973384
49.75,26.25,34.265837161956
49.75,26.75,34.8672742472597
49.75,31.75,32.5707113465012
49.75,32.25,35.7334779951381
49.75,32.75,33.7026575277019
49.75,52.75,50.8106736757505
49.75,53.25,54.5362486304222
49.75,53.75,52.1268443385155
49.75,59.25,43.8543928358551
49.75,59.75,45.3645084233738
49.75,60.25,42.2841700336638
50.25,-15.75,43.7555171569181
50.25,8.75,30.718284182655
50.25,15.25,36.7155108759442
50.25,15.75,38.9029041587422
50.25,16.25,38.7831380117666
50.25,16.75,38.4558709232037
50.25,17.25,37.8654868694251
50.25,17.75,36.1840952758129
50.25,18.25,33.7643549764882
50.25,24.25,32.9442212757777
50.25,24.75,35.0420292048425
50.25,25.25,35.0324163455601
50.25,30.25,32.8080870691252
50.25,31.75,32.8261895741985
50.25,32.25,32.9875700934718
50.25,49.75,51.5793347872489
50.25,53.25,51.6662368707311
50.25,53.75,50.4419970399135
50.25,59.25,42.6471159684567
50.25,59.75,42.7104841099915
50.25,64.25,32.1683743428074
50.75,15.75,39.3329962236343
50.75,16.25,39.3565930960267
50.75,16.75,39.227729522469
50.75,17.25,37.7811166882994
50.75,17.75,38.1297113250409
50.75,18.25,38.174962686641
50.75,18.75,34.8297573012397
50.75,21.75,34.3483082622187
50.75,22.25,34.4751198434154
50.75,24.75,33.6227942047867
50.75,49.75,50.1229113518318
50.75,50.25,52.650530333864
50.75,50.75,50.4896577363671
50.75,51.75,49.7786558030877
50.75,53.25,48.9670725084195
50.75,63.25,34.1100180515563
50.75,63.75,36.7179016930221
50.75,64.25,32.6167248227351
50.75,68.25,24.7338801722152
51.25,16.25,37.6409262407525
51.25,16.75,38.1023791887407
51.25,17.25,35.6645374420152
51.25,17.75,35.6083701093426
51.25,18.25,38.8057515417101
51.25,18.75,36.2082703846655
51.25,21.25,34.9453108149718
51.25,21.75,38.1707430252623
51.25,22.25,38.033624149052
51.25,22.75,34.9003578299862
51.25,29.75,34.9871508060879
51.25,30.25,34.9558512487285
51.25,43.75,44.4886727971392
51.25,44.25,45.109111659682
51.25,47.75,48.0516463252948
51.25,48.25,49.9893484330816
51.25,50.25,50.6117089692283
51.25,50.75,50.4763479444553
51.25,52.25,49.7633046340378
51.25,57.25,45.7285279408781
51.25,61.25,37.8604033177028
51.25,62.75,34.3815305045595
51.25,63.25,35.6708085773504
51.25,63.75,34.2089731300673
51.25,68.25,24.8527191062589
51.75,21.25,37.1538230620769
51.75,21.75,39.0707467163295
51.75,22.25,38.9440631696308
51.75,22.75,35.6383992190584
51.75,29.25,34.4238072580713
51.75,29.75,37.0722553058775
51.75,30.25,35.6099920251251
51.75,33.75,35.7759312415757
51.75,34.25,35.0880091988433
51.75,43.25,43.0983130075434
51.75,43.75,44.120327515221
51.75,48.25,49.1657830893748
51.75,48.75,49.5621469434539
51.75,56.75,47.5464706629078
51.75,57.25,46.5169986822585
51.75,61.25,37.3098562068355
51.75,61.75,36.5491662806992
51.75,68.25,22.1418006692052
51.75,71.75,16.9450359510678
52.25,21.25,36.6488716327457
52.25,21.75,38.7556719099714
52.25,22.25,36.2642927937477
52.25,29.25,34.8593757168289
52.25,43.25,43.3818570524461
52.25,44.75,45.3687477787228
52.25,45.25,47.159771051094
52.25,48.75,50.2504476598305
52.25,49.25,50.0546470396325
52.25,49.75,49.8920735944796
52.25,50.25,49.7374518057136
52.25,55.75,49.0292903695142
52.25,56.25,50.4788741785855
52.25,56.75,48.1976368801936
52.75,21.25,37.0276902919427
52.75,21.75,40.7058077074457
52.75,22.25,38.4063061492572
52.75,44.75,45.3916486198101
52.75,45.25,46.703940060546
52.75,48.75,48.7999983462614
52.75,49.25,50.5902334128911
52.75,49.75,49.8233916025677
52.75,52.25,49.5495147250676
52.75,52.75,50.2524738302265
52.75,53.25,49.8495988834169
52.75,53.75,50.0615861346916
52.75,54.25,47.9983804620857
52.75,55.25,49.1883553128553
52.75,55.75,50.7573331729596
52.75,56.25,48.2311282758944
52.75,61.75,35.4874756850329
53.25,19.25,39.5657970001744
53.25,21.75,39.5383382335196
53.25,22.25,39.9505814355361
53.25,22.75,38.8527098036326
53.25,23.25,38.5446068657176
53.25,40.25,42.8272279739199
53.25,44.25,44.1951729809605
53.25,44.75,43.6724002260693
53.25,49.25,49.2663642498828
53.25,49.75,48.4267340833742
53.25,51.75,47.5252205365406
53.25,52.25,50.8655343793023
53.25,52.75,52.1709640856555
53.25,53.25,52.2152271184306
53.25,53.75,51.966297689761
53.25,54.25,50.2907874825865
53.25,54.75,48.9026753840591
53.25,55.25,50.8341936288092
53.25,55.75,50.3286305168379
53.25,56.25,46.2736351889664
53.25,61.75,35.5767553156938
53.25,62.25,34.3384809683564
53.75,19.25,38.8846315067342
53.75,22.75,39.8625788702687
53.75,23.25,42.0870014051115
53.75,23.75,41.4685376554373
53.75,39.25,40.0951037913051
53.75,39.75,42.3321852424156
53.75,40.25,39.7663106119594
53.75,43.75,45.1758441704078
53.75,44.25,44.3180286348404
53.75,47.25,45.9399971132482
53.75,50.75,48.4960600944914
53.75,51.25,48.0935777640665
53.75,51.75,47.7789678436114
53.75,52.25,49.1194092050444
53.75,52.75,50.4913378290614
53.75,53.25,51.3918168207581
53.75,53.75,47.8052629705624
53.75,54.75,48.3375773903686
53.75,55.25,50.4109222976069
53.75,55.75,49.9067002571773
53.75,56.25,46.8915167799982
53.75,56.75,43.628881016401
53.75,57.25,42.7249621241146
53.75,57.75,42.9162754156444
53.75,58.25,42.2299226301674
53.75,61.25,36.5333163800542
53.75,61.75,35.1645066672332
53.75,63.25,32.84098647172
53.75,63.75,32.4393438747056
53.75,72.75,15.224535698277
54.25,22.75,39.7242878328723
54.25,23.25,43.7244347149898
54.25,23.75,43.6360300982918
54.25,34.25,37.9669523912468
54.25,34.75,39.494516659106
54.25,39.25,38.9676329703734
54.25,49.25,46.1342217654101
54.25,50.75,47.1139465346313
54.25,51.25,47.2483906295331
54.25,52.75,49.8622024442642
54.25,53.25,49.900477134489
54.25,54.75,46.7310230024284
54.25,55.25,49.9948294968538
54.25,55.75,48.177922716874
54.25,56.25,45.0258337428497
54.25,57.75,43.3694296038707
54.25,58.25,43.2235940058109
54.25,58.75,41.001446469046
54.25,60.75,40.3076561376301
54.25,61.25,40.2698856516074
54.25,61.75,37.7977077234244
54.25,62.25,35.5073266669244
54.25,62.75,33.9329988703488
54.25,63.25,33.1168841999491
54.25,63.75,31.7396780598506
54.25,72.25,14.5752730331597
54.25,72.75,14.8222339487585
54.75,23.25,43.2142604809998
54.75,23.75,44.7037882257143
54.75,24.25,44.6088734085704
54.75,24.75,43.9849830067569
54.75,27.75,40.1317834122765
54.75,34.25,41.7390989792301
54.75,34.75,41.7012216846405
54.75,35.25,39.5770298271129
54.75,44.75,43.4758227401631
54.75,45.25,47.7786611144938
54.75,45.75,46.5476199633488
54.75,46.25,45.0410831096904
54.75,46.75,44.6526503770558
54.75,49.25,47.3016806707007
54.75,52.75,50.3999599293937
54.75,53.25,49.1784562849715
54.75,56.25,43.4657825950321
54.75,57.75,43.5108018394542
54.75,58.25,43.1059412296872
54.75,58.75,41.1045379847387
54.75,60.75,39.1365562133678
54.75,61.25,39.9111233893176
54.75,61.75,38.8195429187188
54.75,62.25,37.1633219785313
54.75,62.75,32.6409569817554
54.75,63.25,31.7148853567584
54.75,63.75,30.5111560805655
54.75,64.25,28.6665196423094
54.75,64.75,28.1821183176683
54.75,65.25,27.2283199883147
54.75,66.75,24.6946233131097
54.75,71.75,16.1318118955835
54.75,72.25,16.3083306897128
54.75,72.75,15.4994891848763
55.25,23.25,41.4740869617905
55.25,23.75,41.3813381507699
55.25,27.75,40.8735122160745
55.25,30.75,39.3132359507532
55.25,33.75,38.364596059563
55.25,34.25,38.968921497337
55.25,34.75,40.5475361165516
55.25,35.25,40.3516599964428
55.25,39.25,40.7844812051406
55.25,44.75,43.2416516758719
55.25,45.25,47.7681825124881
55.25,45.75,48.2002428100378
55.25,46.25,47.8505096215148
55.25,48.25,45.990416559532
55.25,48.75,46.8650730385795
55.25,49.25,46.6341752115611
55.25,52.75,47.8926273945172
55.25,53.25,48.0907582540461
55.25,53.75,45.3397939632526
55.25,55.75,43.9427607009129
55.25,56.25,45.6340630336249
55.25,56.75,44.9940430033604
55.25,57.25,44.1968171540495
55.25,57.75,43.6410981058967
55.25,58.25,41.8979446417998
55.25,58.75,40.1684015735512
55.25,59.25,39.8547546490397
55.25,59.75,39.6813368744757
55.25,60.25,38.1509458678075
55.25,60.75,38.0934610767183
55.25,61.25,38.752061352553
55.25,61.75,37.6655090107133
55.25,63.25,31.4709127641286
55.25,63.75,32.2057058101548
55.25,64.25,29.9831328735034
55.25,64.75,28.8380652196297
55.25,65.25,27.5646186271835
55.25,68.25,21.8990034352401
55.25,70.75,16.7968571473325
55.25,71.25,16.6408390937123
55.25,71.75,17.0221731879904
55.25,72.25,17.1537652960863
55.25,72.75,15.7699149411121
55.75,-21.25,32.0960825189791
55.75,19.25,44.7716954111958
55.75,19.75,45.6443012710108
55.75,22.25,43.3329732127467
55.75,22.75,43.1034523203734
55.75,23.25,43.3601684642753
55.75,23.75,43.4391718711562
55.75,24.25,42.3659396993558
55.75,33.75,39.1350284225347
55.75,35.25,39.4227165201512
55.75,39.25,39.7881478962404
55.75,39.75,39.5094227183208
55.75,43.75,43.2265348645285
55.75,44.25,42.6137226062824
55.75,45.25,44.9255344895688
55.75,45.75,46.4723804327291
55.75,48.25,45.305922867124
55.75,48.75,46.4459464551425
55.75,49.25,46.5664179898473
55.75,49.75,46.96886229135
55.75,50.25,46.238413697917
55.75,50.75,47.093405490579
55.75,52.75,47.0806059004981
55.75,53.25,46.0916651538555
55.75,55.25,45.7334709401252
55.75,55.75,48.1253761967169
55.75,56.25,47.7309175754026
55.75,56.75,46.677218827963
55.75,57.25,46.4330396372313
55.75,57.75,41.5245537088175
55.75,59.25,38.3005517726985
55.75,59.75,39.0009667843545
55.75,60.25,39.6453284698403
55.75,60.75,37.311529977916
55.75,63.75,33.1492811208255
55.75,64.25,30.1236657716926
55.75,70.75,17.0599592884733
55.75,71.25,16.0878036778543
56.25,18.25,43.9756940171178
56.25,22.75,43.9971365836923
56.25,23.25,45.5146000897822
56.25,23.75,48.0004368457079
56.25,24.25,46.7785528108626
56.25,29.25,42.58537029286
56.25,29.75,43.6660391626942
56.25,33.75,41.3250118003667
56.25,34.25,39.4761326865494
56.25,34.75,41.385802027878
56.25,35.25,40.9473843269009
56.25,37.75,39.5263218827012
56.25,39.75,39.8617589246935
56.25,43.75,43.9830868734386
56.25,44.25,42.2980495588377
56.25,48.75,46.4003099562883
56.25,49.25,45.180745431041
56.25,49.75,46.3677960781945
56.25,50.25,48.9545520254787
56.25,50.75,50.2352741287683
56.25,51.25,49.2786324978594
56.25,51.75,47.5357540565402
56.25,52.25,47.8162761071835
56.25,52.75,47.917353335334
56.25,53.25,44.5228924882201
56.25,54.75,45.6994342919836
56.25,55.25,47.1635487482428
56.25,55.75,45.8341141783987
56.25,56.25,43.2751575542203
56.25,56.75,43.3473555680558
56.25,57.25,45.0979879581272
56.25,59.25,38.6502923671964
56.25,60.25,37.6401161341268
56.25,60.75,36.9225997256052
56.25,63.75,31.4415452490112
56.25,64.25,28.1935685777503
56.75,23.25,44.7368518223908
56.75,23.75,48.2557246701752
56.75,24.25,45.2452641770772
56.75,29.75,44.0279753194675
56.75,33.75,41.4662605216679
56.75,34.25,41.912204710665
56.75,34.75,42.0328615499551
56.75,35.25,41.7243484124628
56.75,36.75,39.9155553233329
56.75,38.25,41.6509170609546
56.75,38.75,39.7970646580311
56.75,39.75,39.9473335576018
56.75,43.75,42.0570382650356
56.75,48.25,44.6906019994618
56.75,48.75,46.7546064425176
56.75,50.25,44.8905548415301
56.75,50.75,46.5827825695561
56.75,51.25,48.5735465127755
56.75,51.75,48.9415132552666
56.75,52.25,46.7501987168272
56.75,52.75,45.3220921682796
56.75,54.25,43.7347500353244
56.75,54.75,44.5650239665744
56.75,55.25,43.8882793181025
56.75,56.75,42.0900400153685
56.75,57.25,44.5920787851228
56.75,57.75,42.2621542018705
56.75,58.75,40.248630127524
56.75,59.25,40.2097698534028
56.75,59.75,36.552782191206
56.75,63.25,32.5222485253247
56.75,63.75,31.4923552596366
57.25,21.25,45.8297719964199
57.25,23.75,46.6673185490878
57.25,29.75,43.8609258519002
57.25,33.75,41.976049538433
57.25,34.25,41.7734406374731
57.25,38.25,41.5901249532589
57.25,38.75,42.3736643896838
57.25,39.25,40.1898942176393
57.25,42.25,41.3521915014021
57.25,47.25,44.2796922971707
57.25,47.75,44.9415006374351
57.25,48.25,44.7025270708755
57.25,49.75,44.3787059294087
57.25,51.25,45.7202013150924
57.25,51.75,44.9476527325604
57.25,52.75,44.5272718342594
57.25,53.25,46.2349492491566
57.25,54.75,42.9006451863207
57.25,55.25,42.5514964730752
57.25,56.25,42.5427875124382
57.25,56.75,45.0848269072616
57.25,57.25,45.3186569243996
57.25,57.75,43.4356348959139
57.25,58.25,40.0032101389872
57.25,58.75,38.8305430602656
57.25,59.25,37.3384441043612
57.25,63.25,32.3449960921754
57.25,63.75,30.2015094817943
57.75,21.25,47.3430517691519
57.75,21.75,46.9343156799864
57.75,29.25,46.9642034278151
57.75,29.75,44.7079450010212
57.75,33.75,42.808612892821
57.75,40.25,40.6147995380431
57.75,40.75,40.3096892961731
57.75,41.75,40.9894379158307
57.75,42.25,41.9083154968855
57.75,49.75,45.9129226851173
57.75,50.25,46.2490013979769
57.75,50.75,44.7333236176779
57.75,51.25,44.2925209963805
57.75,52.75,44.6017186553028
57.75,53.25,47.0493148094637
57.75,55.25,42.6298810098405
57.75,55.75,43.8975124504317
57.75,56.25,44.296034917858
57.75,56.75,44.9526305608578
57.75,57.25,43.0535994094521
57.75,63.25,30.2462106688486
57.75,63.75,29.0108743229748
58.25,21.75,49.6514273134962
58.25,22.25,48.7327184498089
58.25,28.25,47.5286676482542
58.25,28.75,50.074671541819
58.25,29.25,49.3658732809381
58.25,29.75,45.3161595419923
58.25,35.75,41.7716784143553
58.25,36.25,43.7120911979009
58.25,36.75,41.5530378128471
58.25,40.25,40.6529344411318
58.25,41.75,40.6277013578874
58.25,42.25,40.9002224043615
58.25,44.75,42.5787656878566
58.25,45.25,42.9616580467038
58.25,45.75,43.5243210498715
58.25,46.25,43.8256705476232
58.25,46.75,42.882189206037
58.25,48.25,45.0314191134304
58.25,48.75,43.6505462444843
58.25,49.75,44.1278851153277
58.25,50.25,46.1255116117664
58.25,50.75,44.9430727177685
58.25,51.25,43.8896459049902
58.25,55.75,45.0012367873605
58.25,56.25,45.8951901446572
58.25,56.75,45.2824867819766
58.25,57.25,41.1184579822572
58.25,63.25,29.2960374988189
58.25,63.75,28.7463281412086
58.75,21.75,49.927053526581
58.75,23.25,49.4095021198531
58.75,27.25,48.5772579269803
58.75,27.75,49.8371577800053
58.75,28.25,51.8276893209724
58.75,28.75,51.5011351595378
58.75,29.25,48.1658402578296
58.75,32.75,46.3721383075788
58.75,33.25,44.9635613409832
58.75,35.75,42.1599742224044
58.75,36.25,42.8554439671001
58.75,36.75,41.7400940900119
58.75,37.25,41.0973484471495
58.75,37.75,41.0255323843428
58.75,40.25,41.6234718909558
58.75,44.75,42.4963885375549
58.75,45.25,42.3613303627224
58.75,45.75,42.7245774404423
58.75,46.25,44.7344599807604
58.75,46.75,43.55972319002
58.75,48.25,44.1801540549506
58.75,48.75,43.5828843982514
58.75,49.75,44.1321399747385
58.75,50.25,44.3260487128431
58.75,51.25,44.5854200968871
58.75,51.75,46.9074290259703
58.75,52.25,45.0284429402843
58.75,55.75,45.7275557987979
58.75,56.25,45.5530655470104
58.75,56.75,44.9412972053476
58.75,57.25,43.9663692286319
58.75,61.75,31.6929073965048
58.75,66.75,22.3346649500611
58.75,67.25,22.986407278449
59.25,26.75,50.4910659756893
59.25,27.25,50.7398829815146
59.25,27.75,52.4602458326736
59.25,28.25,52.90217663252
59.25,28.75,51.4655700834184
59.25,30.25,46.7445332378458
59.25,32.75,48.7318133077601
59.25,33.25,45.2109519953173
59.25,36.25,42.56218855353
59.25,40.25,41.0627940114548
59.25,42.75,42.3652373340586
59.25,43.25,42.3982653500668
59.25,51.25,44.5154036200232
59.25,51.75,48.2471097868961
59.25,52.25,46.6918938058496
59.25,53.75,45.5855977919999
59.25,54.25,44.5574934080245
59.25,55.75,42.182993736898
59.25,56.25,45.2195771224822
59.25,56.75,44.608553647681
59.25,57.25,42.7137267172568
59.25,61.25,32.5700998870523
59.25,61.75,34.0711028772384
59.25,66.75,23.2176964598396
59.25,67.25,24.3429889142369
59.25,67.75,21.6841694260449
59.75,27.25,51.7443984567705
59.75,27.75,52.2851906612754
59.75,28.25,53.3798592547302
59.75,28.75,50.5769328324019
59.75,30.75,48.3494279630589
59.75,31.25,47.8441205370158
59.75,31.75,47.1479924713515
59.75,32.25,47.100368863684
59.75,32.75,47.3353873126374
59.75,36.25,44.4010190876525
59.75,36.75,43.5406879553281
59.75,37.25,42.1573166091003
59.75,37.75,41.9831316296584
59.75,38.25,42.9956751016252
59.75,38.75,43.0070833906852
59.75,42.75,41.9802916627083
59.75,43.25,42.4299457824768
59.75,47.25,44.4129467559443
59.75,47.75,43.1079302418262
59.75,51.25,42.9188189937515
59.75,51.75,45.9672920523785
59.75,52.25,46.9363364091375
59.75,52.75,44.7209496629177
59.75,53.25,45.1556543456135
59.75,53.75,47.131312663446
59.75,54.25,44.6072046289119
59.75,56.25,40.1106397983316
59.75,61.25,34.1159697551126
59.75,61.75,34.2891885996061
59.75,66.75,21.9234142159437
59.75,67.25,23.8761218137145
59.75,67.75,21.3122186566458
60.25,27.25,51.6056253561638
60.25,27.75,50.7993961617309
60.25,28.75,49.9598473681457
60.25,31.25,49.5279416785737
60.25,31.75,50.112391375241
60.25,32.25,48.3488991874788
60.25,32.75,47.0272525221456
60.25,36.25,44.3329966612299
60.25,36.75,45.2572423782256
60.25,37.25,45.5109545639108
60.25,37.75,44.9834491776033
60.25,38.25,46.1057113271831
60.25,38.75,45.0593874669515
60.25,39.25,41.7629654862735
60.25,40.75,42.0733031280391
60.25,41.25,43.2380714432529
60.25,41.75,43.3293403261129
60.25,42.25,41.2863104188915
60.25,46.75,42.9660026869244
60.25,47.25,45.140233675035
60.25,51.75,42.6756196188861
60.25,52.25,46.0305128064605
60.25,52.75,45.8502144389619
60.25,53.25,44.6706870159785
60.25,53.75,42.8275701813618
60.25,55.75,40.9016601276376
60.25,56.25,40.08961677849
60.25,58.25,37.2411735918453
60.25,58.75,39.8264018433072
60.25,59.25,37.8055526969117
60.25,59.75,35.6986841175977
60.25,61.25,32.8645221083774
60.25,61.75,32.7484673797205
60.75,27.75,53.0731998809284
60.75,28.25,51.0045437438397
60.75,28.75,50.9702960142793
60.75,31.75,50.5011587564846
60.75,32.25,48.6534758718172
60.75,36.25,45.2959913681637
60.75,36.75,46.9158649413906
60.75,37.25,45.8954394564675
60.75,37.75,43.6609398188102
60.75,38.25,44.418437878011
60.75,38.75,44.9484301107151
60.75,40.75,42.7747862697868
60.75,41.25,45.4809157516628
60.75,41.75,44.9087518254992
60.75,51.75,42.3269299189065
60.75,52.25,44.0306313512976
60.75,52.75,43.9463610853619
60.75,53.25,43.1560503512675
60.75,55.25,43.1500868912765
60.75,55.75,43.5829221840176
60.75,56.25,40.3372386771294
60.75,58.25,40.4798075647731
60.75,58.75,40.7297588873873
60.75,59.25,38.8194663014381
60.75,59.75,37.6299351813482
60.75,60.25,34.8149268936117
60.75,62.25,30.0888158913327
61.25,27.75,56.0023526278975
61.25,28.25,53.4945254295923
61.25,31.25,49.4783814673315
61.25,31.75,50.6851139405671
61.25,32.25,49.4922887025096
61.25,35.75,45.5383155406414
61.25,36.25,47.0468848171153
61.25,36.75,48.6917858187732
61.25,37.25,45.2707446303751
61.25,40.75,44.9139075862151
61.25,41.25,46.3169718182228
61.25,41.75,45.5259776078014
61.25,42.25,42.2021612561295
61.25,51.25,43.2126162680517
61.25,51.75,45.2952959731206
61.25,52.25,44.295425480679
61.25,52.75,42.6355216759889
61.25,53.25,41.7853904964409
61.25,55.25,41.8522160654749
61.25,55.75,40.1524895803499
61.25,58.25,38.2579287384269
61.25,58.75,38.7901072357715
61.25,59.25,36.1797618232993
61.25,59.75,34.1595486448204
61.25,62.25,30.3337862666275
61.25,62.75,28.8991100992486
61.75,27.75,54.4739468253254
61.75,30.75,51.2563835308173
61.75,31.25,51.1925791592881
61.75,31.75,49.9465756621827
61.75,33.25,48.4642724769732
61.75,33.75,49.8670696334062
61.75,35.25,46.4591648415541
61.75,35.75,45.825184603919
61.75,36.75,46.9352545126367
61.75,37.25,44.9694831931507
61.75,41.25,43.0926313455769
61.75,41.75,43.7297765765703
61.75,42.25,42.8899593392467
61.75,42.75,41.7814003237805
61.75,48.75,42.7210520949764
61.75,49.25,42.890263360279
61.75,51.25,44.2709229416021
61.75,51.75,45.7128813399161
61.75,52.25,43.4809307361736
61.75,58.75,35.9617287924407
61.75,64.75,25.0094239151089
62.25,30.75,52.7614791307514
62.25,31.25,53.1718301823306
62.25,31.75,52.2197495917153
62.25,33.75,49.7957742223587
62.25,34.25,50.331454586252
62.25,34.75,47.9879453421904
62.25,35.25,47.2146277438937
62.25,37.25,45.9295479437514
62.25,48.25,42.3332649426923
62.25,48.75,45.3735700907343
62.25,49.25,43.4002962587998
62.25,50.75,42.5199162776384
62.25,51.25,45.0650527433066
62.25,51.75,43.2085397318076
62.75,28.25,56.2993625567766
62.75,29.75,55.0912938889661
62.75,30.25,53.9854873656699
62.75,30.75,53.946401016448
62.75,31.25,55.1758507933534
62.75,31.75,56.0584365823331
62.75,32.25,52.2478347965305
62.75,34.25,51.3478866990205
62.75,34.75,49.328601017882
62.75,37.25,45.7911784918377
62.75,37.75,48.4670560731317
62.75,38.25,47.5866317176149
62.75,44.75,43.1996385209346
62.75,48.25,43.7308453338423
62.75,48.75,44.5024339218795
62.75,49.25,41.7807304687276
62.75,49.75,42.8834978266537
62.75,50.25,45.073608907324
62.75,50.75,45.4563712831413
62.75,51.25,46.5992637544813
62.75,51.75,43.832943387652
62.75,53.25,42.715032140488
62.75,62.25,29.7000338469232
62.75,62.75,28.0627884038487
62.75,64.25,24.8806191390693
62.75,65.75,23.2667839411878
62.75,69.25,16.4862496157855
63.25,25.25,59.79755012626
63.25,25.75,57.5927877227304
63.25,27.75,57.9621208278023
63.25,28.25,61.3229488450203
63.25,28.75,60.2769795092495
63.25,29.25,58.0384244255899
63.25,29.75,59.4368538013902
63.25,30.25,56.1167055426794
63.25,31.25,55.2409558348718
63.25,31.75,56.3783264234232
63.25,32.25,52.6137370422147
63.25,37.75,49.8793569130235
63.25,38.25,49.3689091594443
63.25,38.75,45.5730072186322
63.25,41.75,42.8676023025986
63.25,44.25,42.346417364744
63.25,48.25,43.051715844338
63.25,48.75,43.0097866875762
63.25,49.25,42.5893681254951
63.25,49.75,44.7551537948944
63.25,50.25,45.9839391050683
63.25,50.75,44.3128214479444
63.25,51.25,44.2309561288251
63.25,51.75,43.3422798209528
63.25,52.25,41.7727690108
63.25,52.75,44.8338254059009
63.25,53.25,45.5350523206183
63.25,53.75,41.1030000381223
63.25,55.75,39.1522234827495
63.25,56.25,39.280049705694
63.25,57.75,37.536982181141
63.25,58.25,37.0232195716613
63.25,58.75,34.4442310732789
63.25,61.75,31.2734597280281
63.25,62.25,32.9133182478092
63.25,62.75,28.8144473696616
63.25,63.75,26.237060303031
63.25,64.25,28.3939785637527
63.25,64.75,26.245051249804
63.25,65.25,23.9481199348813
63.25,65.75,22.3268650448072
63.75,25.75,59.5813817657976
63.75,26.75,58.3716315850375
63.75,27.75,59.0993009451854
63.75,28.25,62.3246837444787
63.75,28.75,61.6105423923772
63.75,29.25,58.4035364779257
63.75,29.75,57.635463502174
63.75,31.75,54.5420552592581
63.75,33.25,52.8766164026207
63.75,33.75,51.710307060868
63.75,36.25,48.2039693496055
63.75,37.75,50.0823183451834
63.75,38.25,49.1940970542744
63.75,38.75,47.7807842462179
63.75,39.25,48.382006408279
63.75,39.75,46.3562445439154
63.75,41.25,43.9215096845468
63.75,41.75,47.6855191508229
63.75,42.25,45.8807377648577
63.75,42.75,43.7546860277218
63.75,43.75,42.1603676405567
63.75,44.25,42.2921189664575
63.75,45.75,43.8378517802891
63.75,46.25,44.2909646649971
63.75,49.25,43.1351918006681
63.75,49.75,42.7944041797796
63.75,50.25,41.7498979586681
63.75,51.25,41.2765544341586
63.75,52.75,44.2650991612347
63.75,53.25,44.8898499820523
63.75,55.75,39.5094663393137
63.75,56.25,38.6436411471048
63.75,57.75,37.8152354198214
63.75,58.25,37.5574285149882
63.75,61.75,30.6112719523929
63.75,62.25,28.5228962370548
63.75,63.75,25.5165809082101
63.75,64.25,28.1133285462633
63.75,64.75,26.7820938937098
63.75,65.25,23.3386130144744
63.75,68.75,17.2288801123259
64.25,25.75,62.0157432820027
64.25,26.25,61.2828082346452
64.25,26.75,62.1567774383568
64.25,27.25,61.5822936767453
64.25,27.75,63.4181040712138
64.25,28.25,63.3095923086307
64.25,28.75,60.0258802750247
64.25,29.25,57.4214189148597
64.25,33.25,52.7038384480401
64.25,33.75,52.5290824686394
64.25,37.25,48.2985068030965
64.25,37.75,50.1350160037869
64.25,38.25,47.8764594514191
64.25,38.75,46.1076335720777
64.25,39.25,46.827566933032
64.25,39.75,47.9737315318686
64.25,40.25,46.3641593468859
64.25,41.25,44.4366440873123
64.25,41.75,46.1792458389167
64.25,42.25,45.9314444059828
64.25,42.75,45.8000239714293
64.25,43.25,43.2778165575126
64.25,45.25,43.6791431392133
64.25,45.75,44.9434904422226
64.25,46.25,42.5215728338717
64.25,50.75,41.7548465586994
64.25,51.25,41.8168967451253
64.25,52.75,41.1198686138257
64.25,53.25,40.6664891034489
64.25,56.25,37.5704473496421
64.25,57.75,37.3753228702144
64.25,58.25,36.8813017874593
64.25,63.75,25.7649576987281
64.25,68.75,17.3308901825823
64.75,25.75,63.7271046937909
64.75,26.25,61.9780365426659
64.75,26.75,61.5572281594061
64.75,27.25,62.4687651219558
64.75,27.75,64.3641387106913
64.75,28.25,63.3790497276132
64.75,28.75,59.7635333865914
64.75,29.25,60.367644686046
64.75,29.75,60.518583311128
64.75,30.25,57.4300633653216
64.75,32.25,54.3882772657406
64.75,33.75,52.5558400729728
64.75,36.75,49.1540166990937
64.75,37.25,51.9500196042196
64.75,37.75,50.9088020725836
64.75,38.25,48.2583373305059
64.75,39.75,45.836403585656
64.75,40.25,48.866881815308
64.75,40.75,47.8258157994398
64.75,45.75,43.0487350355585
64.75,50.25,41.3875653815998
64.75,50.75,41.9496134488822
64.75,51.25,41.0587501421315
64.75,51.75,40.8865215683732
64.75,57.25,35.9398494676019
64.75,57.75,37.3920256377433
64.75,58.25,36.3728123372383
64.75,63.25,26.8962455457147
64.75,63.75,25.6545728937924
64.75,68.75,17.0034014442538
65.25,25.75,62.751290384384
65.25,26.25,61.0735913533178
65.25,26.75,60.8797651365309
65.25,27.25,62.2643328483648
65.25,27.75,62.5424900663603
65.25,28.25,60.8443369707883
65.25,28.75,61.1997035632311
65.25,29.25,64.2735230006251
65.25,29.75,63.7456393402254
65.25,30.25,63.1849011165286
65.25,30.75,60.9683894512612
65.25,31.25,59.2406740892757
65.25,31.75,57.079401530283
65.25,32.25,55.490293509258
65.25,32.75,54.9062248210456
65.25,33.25,54.8324780871915
65.25,33.75,53.2629994869605
65.25,36.75,52.3236276454528
65.25,37.25,52.6528828928885
65.25,37.75,47.8470262472918
65.25,38.25,47.2878238372576
65.25,38.75,49.1269442918749
65.25,39.25,46.2841721024217
65.25,40.25,47.9856460939838
65.25,40.75,47.4090937201335
65.25,50.25,41.3255931085267
65.25,52.25,41.4144211420954
65.25,52.75,41.9223469131815
65.25,57.75,36.1337101707396
65.25,58.25,35.5491719890539
65.25,58.75,34.4581610029849
65.25,59.25,35.815316890482
65.25,59.75,32.5567991345457
65.25,63.75,25.7813012592552
65.25,65.25,22.97659764022
65.25,65.75,21.328789391074
65.75,25.75,63.9444123269095
65.75,26.75,62.1845966606176
65.75,27.25,63.7119549477949
65.75,27.75,61.9877327540623
65.75,28.75,61.5789143895316
65.75,29.25,64.6377287970096
65.75,29.75,64.6579431456488
65.75,30.25,64.0905559871076
65.75,30.75,63.4913696852151
65.75,31.25,60.9231462823754
65.75,31.75,57.2451834252163
65.75,33.25,55.7020281559019
65.75,33.75,54.9111666118521
65.75,36.25,51.3720247158016
65.75,36.75,54.444281753915
65.75,37.25,50.9344673639584
65.75,38.75,47.8438705877807
65.75,39.25,48.8466938613782
65.75,39.75,47.5125569666736
65.75,40.25,45.8207499894149
65.75,41.25,44.7315139438793
65.75,46.25,42.2555942320257
65.75,46.75,44.8387182015968
65.75,47.25,43.9347498779869
65.75,47.75,42.1948696756881
65.75,48.25,41.4705806228264
65.75,48.75,42.3938137770858
65.75,49.25,43.2004611803178
65.75,49.75,43.00830794893
65.75,50.25,42.5507710013181
65.75,52.25,42.0580100255703
65.75,52.75,43.1833826605928
65.75,53.25,39.8119579410195
65.75,59.25,33.1615330978917
65.75,63.75,24.9963155037281
65.75,65.25,23.8519920687168
65.75,65.75,22.7206882351266
66.25,25.75,65.3293286198627
66.25,26.25,63.5299236030672
66.25,26.75,64.5586424014291
66.25,27.25,63.587101922294
66.25,28.75,62.0792551428207
66.25,29.25,62.5433706741415
66.25,29.75,63.1341004927119
66.25,30.25,64.9782201333541
66.25,30.75,64.0728262055076
66.25,31.25,60.2901389233337
66.25,33.75,56.4853110612776
66.25,35.75,52.282431492481
66.25,36.25,52.975730753758
66.25,36.75,52.0833851118641
66.25,41.25,45.665438729278
66.25,41.75,46.0405699130822
66.25,46.25,45.0225640705123
66.25,46.75,46.7230032672045
66.25,47.25,45.4592364144961
66.25,47.75,43.9173508242028
66.25,48.25,44.7782885570804
66.25,48.75,43.0696154230169
66.25,52.75,41.0760886473269
66.25,53.25,41.2824112893648
66.25,64.75,23.6166183504519
66.25,65.25,25.7713707519776
66.25,65.75,24.5247969114492
66.25,67.75,17.8556670548342
66.75,25.25,66.0295843311243
66.75,26.75,64.9547309281538
66.75,27.25,65.5612957503924
66.75,27.75,62.5685549029591
66.75,28.25,62.4015580074237
66.75,28.75,63.0401030637161
66.75,29.25,61.9640136759132
66.75,30.75,60.1690500665804
66.75,33.75,59.2647402733725
66.75,34.25,55.4701970841826
66.75,35.75,53.4068705295639
66.75,36.25,52.6064653892666
66.75,46.25,45.3441199641583
66.75,46.75,45.9108223399201
66.75,47.25,44.8709077834026
66.75,47.75,45.3607633309105
66.75,48.25,45.750738380967
66.75,52.75,41.1815152163697
66.75,53.25,42.9037095425061
66.75,53.75,39.0171915380249
66.75,56.25,36.1745963027058
66.75,56.75,38.0352408644432
66.75,57.25,36.6162423391495
66.75,64.75,24.1733042985612
66.75,65.25,25.7259887486174
66.75,65.75,22.6513913525118
66.75,67.75,19.6788200753456
66.75,68.25,17.9834048264528
67.25,26.75,64.1321068343664
67.25,27.25,67.0177468468675
67.25,27.75,64.0025977690458
67.25,28.25,62.9352629740289
67.25,28.75,64.8564677719767
67.25,29.25,65.0035198117934
67.25,33.75,59.7030266809368
67.25,34.25,58.732132496561
67.25,43.75,45.1684946672846
67.25,46.75,41.9314973843532
67.25,47.25,43.3305782799173
67.25,47.75,46.6146099929804
67.25,48.25,45.7110720071642
67.25,51.25,40.1523441031608
67.25,52.75,40.3280963595176
67.25,53.25,40.0087076041489
67.25,55.25,37.7009643049073
67.25,55.75,37.7610762671435
67.25,56.25,36.0560410232402
67.25,56.75,37.131528235314
67.25,57.25,37.0065231012839
67.25,65.25,23.2546093716688
67.25,70.25,14.5252098383763
67.75,28.75,65.4863121199665
67.75,29.25,65.8647402288977
67.75,33.75,59.809423140936
67.75,34.25,61.7698322167237
67.75,34.75,57.2210836885034
67.75,38.75,49.43828598777
67.75,39.25,51.1977034314649
67.75,39.75,50.8855768311563
67.75,40.25,48.7709356065353
67.75,40.75,46.9445622277181
67.75,43.75,43.9788240636711
67.75,47.25,42.6091141802592
67.75,47.75,44.7488424242042
67.75,48.25,42.7972225804371
67.75,54.75,40.0757273306179
67.75,55.25,42.0698083857127
67.75,55.75,38.8664267154052
67.75,56.75,35.6861758842543
67.75,57.25,37.0154643901714
67.75,57.75,36.537075120144
67.75,58.25,33.7582209313151
67.75,70.25,16.1851628432453
67.75,70.75,15.4206587120542
68.25,25.75,66.7947602896384
68.25,27.75,65.3933514016731
68.25,28.25,64.9976162218003
68.25,28.75,65.2781178902828
68.25,29.25,64.9053421800293
68.25,29.75,65.4945060818246
68.25,30.25,67.2892647601
68.25,30.75,67.655758325043
68.25,31.25,62.3911688055607
68.25,32.25,61.0887124737514
68.25,33.75,58.907736697914
68.25,34.25,59.6662010108685
68.25,34.75,56.2081046170891
68.25,38.25,51.4924128609786
68.25,38.75,53.5180506988777
68.25,39.25,54.0448102362931
68.25,39.75,53.6583450646791
68.25,40.25,50.8238831836269
68.25,55.25,41.572866057682
68.25,55.75,40.4155748482139
68.25,56.25,37.1811010772744
68.25,56.75,37.1030491117851
68.25,57.25,37.6797694634641
68.25,57.75,35.8608142276431
68.25,58.25,34.5337171406751
68.25,58.75,32.3958692770468
68.25,61.25,28.3594390629241
68.25,61.75,29.472657005875
68.25,62.25,26.5235793330404
68.25,67.25,18.1611188083936
68.25,67.75,18.7944945666501
68.75,25.25,67.9302125000746
68.75,25.75,68.3249862056309
68.75,27.25,70.0786602506359
68.75,27.75,71.134248216481
68.75,28.25,68.6627609664804
68.75,28.75,66.8390716332063
68.75,29.25,64.8114841410098
68.75,29.75,65.1867969249309
68.75,30.25,68.4547315160582
68.75,30.75,68.4920190720934
68.75,31.25,64.2334456385278
68.75,31.75,61.8685679670744
68.75,32.25,64.9850841814612
68.75,32.75,64.3981216774351
68.75,37.75,54.666269128366
68.75,38.25,56.5249200801692
68.75,38.75,55.723196272228
68.75,39.25,53.8642084766264
68.75,39.75,52.7637403256318
68.75,40.25,48.3479853204306
68.75,48.75,42.0121052426609
68.75,49.25,42.3869436586011
68.75,49.75,41.3570463990526
68.75,55.75,38.6416507312604
68.75,56.25,39.2063896019312
68.75,56.75,38.9552848894795
68.75,57.25,38.5427553909096
68.75,57.75,35.2323009046663
68.75,58.25,33.886716806923
68.75,58.75,33.8118142879455
68.75,61.75,28.9684266450316
68.75,62.25,26.3761619540622
68.75,67.25,18.6204005293344
69.25,22.25,72.6693807454969
69.25,25.25,69.3744317368253
69.25,26.75,67.2732033957669
69.25,27.25,72.2208010382987
69.25,27.75,71.8460992557513
69.25,28.25,69.6998495808998
69.25,28.75,68.5190223855329
69.25,29.25,64.8527676850669
69.25,30.75,65.6513394987299
69.25,31.25,64.7234936609214
69.25,31.75,64.8518920652087
69.25,32.25,67.1687763020349
69.25,32.75,66.4119073060928
69.25,37.25,54.0479675093592
69.25,37.75,56.6300064727983
69.25,38.25,56.2566262509649
69.25,38.75,54.9487834892429
69.25,39.25,51.4991524630009
69.25,39.75,50.8255923462385
69.25,49.25,41.4749343309176
69.25,49.75,42.1728387482163
69.25,50.25,41.5475788017416
69.25,50.75,41.0205359926116
69.25,51.25,40.1059999496496
69.25,56.25,36.1717414684507
69.25,56.75,37.4650128061423
69.25,57.25,36.7024572887145
69.25,57.75,34.248068952682
69.25,58.25,33.2261635545977
69.25,58.75,32.1526703455552
69.25,62.25,26.9325423290471
69.25,62.75,26.6058593109839
69.75,21.75,71.5594166093752
69.75,22.25,71.9386530221704
69.75,24.75,72.4571798195659
69.75,25.25,73.2493549305237
69.75,25.75,69.7642017842242
69.75,27.25,68.0735399679218
69.75,27.75,69.5585529450513
69.75,28.25,69.7957058197081
69.75,28.75,68.6490509659054
69.75,31.25,63.9473487958403
69.75,31.75,66.0668193863822
69.75,32.25,67.1443014203985
69.75,32.75,66.3551577268806
69.75,33.25,62.8546186627031
69.75,33.75,60.6164047035541
69.75,36.75,54.757021498603
69.75,37.25,57.379173855011
69.75,37.75,57.3354752995204
69.75,38.25,53.4949233491875
69.75,39.75,51.8406751456027
69.75,40.25,50.7765189592102
69.75,40.75,48.8881783972032
69.75,41.25,49.4382449597416
69.75,44.25,44.4718734357262
69.75,56.75,34.7523127798853
69.75,58.75,32.3570119981396
69.75,59.75,30.4194203350416
69.75,62.25,26.815437592712
70.25,22.25,69.9265663126907
70.25,23.25,73.2321689223135
70.25,23.75,70.4683364623049
70.25,24.25,71.1009798354268
70.25,24.75,74.3087767417175
70.25,25.25,74.4714722452064
70.25,25.75,72.7402142396667
70.25,26.25,69.6885169797584
70.25,28.25,68.1088447196666
70.25,28.75,67.1243766954668
70.25,30.75,64.8193047105486
70.25,31.25,66.4900436551267
70.25,31.75,66.8090479162625
70.25,32.25,65.4792355701207
70.25,32.75,67.694649835976
70.25,33.25,67.0636695590448
70.25,33.75,64.1170517151328
70.25,34.25,61.0829127328265
70.25,36.25,56.2900836536937
70.25,36.75,57.2441890936297
70.25,37.25,56.9761919656466
70.25,37.75,54.5495406108841
70.25,40.25,50.4854089569666
70.25,40.75,50.5442764455342
70.25,41.25,49.4111149855111
70.25,41.75,48.3268135542221
70.25,43.75,46.1169059744563
70.25,44.25,48.866398687816
70.25,44.75,49.3681585352814
70.25,45.25,46.3899343483386
70.25,47.75,44.734825956279
70.25,48.25,44.3436152411464
70.25,58.75,34.2066716542521
70.25,59.25,32.9251319339706
70.25,59.75,33.7051555073022
70.25,60.25,31.8487134397167
70.25,64.75,21.76420815542
70.25,69.75,14.9396970711464
70.25,70.25,14.2976622717781
70.75,20.75,70.7312695383878
70.75,22.75,71.7734043107202
70.75,23.25,73.4666618676929
70.75,23.75,74.189289304242
70.75,24.25,72.7240467533055
70.75,24.75,70.8214452166098
70.75,25.25,70.9169719253377
70.75,25.75,71.6801693011095
70.75,26.25,70.1164254449586
70.75,27.75,68.6613673407562
70.75,28.25,68.0102397798897
70.75,31.25,66.5551968674223
70.75,31.75,65.4808744150826
70.75,32.25,64.4981959389722
70.75,32.75,67.2484511315203
70.75,33.25,67.1480551280018
70.75,33.75,64.1626028218424
70.75,34.25,62.7604189052919
70.75,34.75,61.7202010504534
70.75,35.25,58.5746336492509
70.75,36.25,57.180907654326
70.75,36.75,56.9889656878404
70.75,40.75,50.9797796727192
70.75,41.25,48.7675032892899
70.75,41.75,48.9116812606948
70.75,43.75,46.3430737623804
70.75,44.25,50.1488162422705
70.75,44.75,49.6399083502678
70.75,45.25,48.5309301940647
70.75,47.75,44.8954298120514
70.75,48.25,46.8459322905823
70.75,48.75,44.9545571184548
70.75,51.75,40.1300842221893
70.75,52.25,39.2487559132855
70.75,52.75,38.7882102838504
70.75,53.25,38.7538127949712
70.75,57.25,34.932329089034
70.75,57.75,36.0774633820652
70.75,58.25,36.168151893845
70.75,58.75,33.8134709591589
70.75,60.25,29.2496495560471
70.75,64.75,21.8794281898494
70.75,70.25,15.021919265552
71.25,21.25,72.7295794227315
71.25,23.75,71.1447169106799
71.25,24.25,70.6774024714024
71.25,25.75,70.2290708611207
71.25,26.25,70.2082784397778
71.25,27.75,70.8491551453522
71.25,28.25,69.6892480040729
71.25,28.75,68.1401226090373
71.25,29.25,67.9606270117335
71.25,29.75,67.3638481899675
71.25,32.75,64.405035019645
71.25,33.25,65.0478879296791
71.25,33.75,65.0734604388909
71.25,34.25,64.5308995765588
71.25,34.75,63.3005799713461
71.25,35.25,61.9236245592005
71.25,35.75,61.0262957423776
71.25,36.25,58.0939196516251
71.25,40.25,51.1797682070093
71.25,40.75,54.0750936570804
71.25,41.25,50.5403742434516
71.25,43.75,45.803527728198
71.25,44.25,49.2457367722671
71.25,44.75,49.9192929839544
71.25,45.25,48.2535849578742
71.25,48.25,46.1487386691759
71.25,48.75,45.3785779349594
71.25,52.75,40.5724010341522
71.25,53.25,41.268304547741
71.25,57.25,36.6594069205612
71.25,57.75,37.8403389755692
71.25,58.25,36.6720001360701
71.75,21.25,77.6740322304197
71.75,25.75,71.8451774330302
71.75,26.25,72.2105429969879
71.75,28.25,69.9272461271637
71.75,28.75,70.6384747110941
71.75,29.25,70.0280804608519
71.75,33.25,65.0293586676548
71.75,33.75,65.9327388217597
71.75,34.25,64.7140734411992
71.75,34.75,62.2234175598997
71.75,35.25,60.8845263108565
71.75,35.75,60.0183632791799
71.75,40.25,52.4632168113891
71.75,40.75,54.7630377545039
71.75,41.25,49.659566672668
71.75,43.25,47.7857367760851
71.75,43.75,46.520310005812
71.75,44.25,48.2408507627231
71.75,44.75,48.1978718607841
71.75,45.25,46.1890603583168
71.75,48.25,43.6584884915809
71.75,48.75,41.61392711181
71.75,51.25,39.6594587623687
71.75,52.25,39.9959810964642
71.75,52.75,42.2360410318452
71.75,53.25,41.9216019797751
71.75,55.25,36.0875587650181
71.75,57.25,35.8705284411464
71.75,57.75,37.7186500249979
71.75,58.25,33.1594252841841
71.75,64.75,22.160432381165
71.75,65.25,21.2237292745234
72.25,25.25,73.3917208353188
72.25,25.75,74.7766361823691
72.25,26.25,74.1408792799454
72.25,30.75,68.3045920661287
72.25,31.25,70.3139147595701
72.25,31.75,67.6096561420569
72.25,34.25,62.8519322629021
72.25,36.75,58.0514636314055
72.25,40.25,51.5936472215321
72.25,40.75,51.3939770786995
72.25,42.75,47.8234244216199
72.25,43.25,49.5406713810518
72.25,43.75,48.3442498469635
72.25,44.25,49.1492455727054
72.25,44.75,47.5532277886095
72.25,45.25,44.8417104435891
72.25,45.75,44.3995274999294
72.25,51.25,40.7003261408052
72.25,51.75,42.8347471036109
72.25,52.25,43.9069830323187
72.25,52.75,41.1418409160375
72.25,53.25,39.2241356346397
72.25,55.25,38.9588573157737
72.25,55.75,36.4840338099841
72.25,57.25,36.7132846498738
72.25,57.75,37.6048013801919
72.25,58.25,33.2262377946014
72.25,63.25,23.853358144059
72.25,63.75,23.4994820695024
72.25,65.25,21.1403716702155
72.75,19.75,74.6209073749131
72.75,21.25,73.0265893329746
72.75,21.75,74.7571387856765
72.75,22.75,73.077426679558
72.75,23.25,72.8343258325253
72.75,25.25,72.4683254065658
72.75,25.75,75.8360437336584
72.75,26.25,76.8695300798531
72.75,26.75,72.192550463602
72.75,30.75,72.493335040383
72.75,31.25,73.3216218952124
72.75,31.75,68.9581580140159
72.75,35.25,61.5459247357394
72.75,35.75,61.2341042336255
72.75,36.25,59.4664308536566
72.75,36.75,59.8196791450369
72.75,43.25,50.3083041374498
72.75,43.75,49.7468402731212
72.75,44.25,48.9520379750323
72.75,44.75,47.5247574116395
72.75,45.25,45.2026738778901
72.75,45.75,44.7293415184109
72.75,51.75,42.5880796881798
72.75,52.25,41.6895266228566
72.75,57.25,35.4616215737989
72.75,57.75,35.3598321847472
72.75,58.25,34.3169555438661
72.75,58.75,31.7518737465695
72.75,62.75,24.7894956976599
72.75,63.25,26.5331077598571
72.75,63.75,24.2261247650765
73.25,17.25,74.2256536718891
73.25,18.25,71.4911813693741
73.25,18.75,72.9763460377751
73.25,19.25,73.5977634870322
73.25,19.75,72.1793298617736
73.25,21.25,73.1686896285563
73.25,21.75,75.8350071390302
73.25,22.25,76.2316069681962
73.25,22.75,75.1304646168824
73.25,23.25,73.9695256735044
73.25,25.75,74.8044145952368
73.25,26.25,77.7939230644329
73.25,26.75,73.3552643248252
73.25,30.75,71.0915401945079
73.25,31.25,70.3651665793613
73.25,31.75,67.556204251594
73.25,32.25,67.3072474120624
73.25,35.25,64.3880308388765
73.25,35.75,64.3017418201626
73.25,36.25,60.1486013464191
73.25,41.25,51.1699249154899
73.25,43.25,48.3422634324814
73.25,43.75,47.8873969634685
73.25,44.75,46.6536713851814
73.25,45.25,47.2228680853825
73.25,45.75,45.8024427779571
73.25,54.25,38.0634549729871
73.25,54.75,38.1526383052734
73.25,58.25,31.7955985417541
73.25,58.75,31.3289346314301
73.75,15.75,72.4073747819166
73.75,16.25,73.2183833609669
73.75,16.75,75.396957030936
73.75,17.25,72.8556004604919
73.75,18.75,73.565503933357
73.75,19.25,74.2813838153437
73.75,21.75,75.2008304847044
73.75,22.25,76.9899521140848
73.75,22.75,77.0356975372196
73.75,23.25,75.234222988433
73.75,25.75,73.0964263545003
73.75,26.25,75.7420444852243
73.75,26.75,74.0019183966306
73.75,30.75,69.5497745489399
73.75,31.25,68.168103440885
73.75,32.25,69.5482593692537
73.75,32.75,69.1044074940148
73.75,34.75,64.5488292846255
73.75,35.25,66.2818796048232
73.75,35.75,64.7578026632875
73.75,36.25,60.3931725702917
73.75,45.25,45.7458535339453
73.75,53.75,38.379067431293
73.75,54.25,40.2502391179793
73.75,54.75,39.292416705119
73.75,55.25,36.0542983160307
74.25,14.75,70.9779633144567
74.25,15.25,74.0098724863971
74.25,15.75,72.0365084526804
74.25,16.25,71.6260375501647
74.25,16.75,73.4603940557248
74.25,22.25,76.8713906047053
74.25,22.75,78.4414947739741
74.25,23.25,76.5447587916438
74.25,25.75,74.423428058366
74.25,26.25,78.3460481618748
74.25,26.75,79.4054879080333
74.25,27.25,76.6788498277972
74.25,27.75,72.8149970004636
74.25,32.25,68.6724752310111
74.25,32.75,69.344710417443
74.25,34.75,63.7483576918975
74.25,39.75,55.9481309946302
74.25,43.25,48.6646753904359
74.25,43.75,48.0899998890072
74.25,55.25,37.3697619353126
74.25,59.25,33.1202605095335
74.25,59.75,31.6844283500053
74.75,13.75,70.1140447269179
74.75,14.25,71.4215189041866
74.75,14.75,72.7235045593533
74.75,15.25,74.4447825790244
74.75,15.75,71.7540291686933
74.75,16.75,74.3187127619891
74.75,17.25,74.5455454097747
74.75,17.75,73.2361884163671
74.75,21.25,74.9858676881219
74.75,21.75,76.4018739155373
74.75,22.25,77.1434862210339
74.75,22.75,77.638133893501
74.75,23.25,75.6704782604301
74.75,25.75,76.8288315891609
74.75,26.25,80.1840509867416
74.75,26.75,79.8994429665819
74.75,27.25,79.5760127063446
74.75,27.75,74.2231897743776
74.75,32.25,67.7856186162098
74.75,32.75,67.0896066688303
74.75,39.25,58.2319293346413
74.75,39.75,57.4858273213233
74.75,40.25,54.7307042174507
74.75,42.25,50.9745092339117
74.75,42.75,53.2433693450336
74.75,43.25,50.6601757170654
74.75,43.75,49.5394757731542
74.75,44.25,48.427436489455
74.75,44.75,47.6080654654936
74.75,46.25,45.8991187759611
74.75,46.75,45.4528783172949
74.75,48.25,45.9143497511232
74.75,48.75,45.2520013113579
74.75,52.75,38.9686320334809
74.75,55.25,37.5646746143537
74.75,55.75,36.1740541809952
74.75,56.75,33.8216541008649
74.75,57.25,34.2859542477188
74.75,59.25,33.7351747476689
74.75,59.75,33.9158393594346
74.75,60.25,28.3539026531977
74.75,63.25,24.8275142993829
74.75,65.75,21.6282947606057
74.75,66.25,19.7475786622696
75.25,12.75,68.6138599857516
75.25,13.25,69.1922502690514
75.25,13.75,70.7334907332552
75.25,14.25,74.0625404953937
75.25,14.75,75.378049604207
75.25,15.25,76.0230451101208
75.25,15.75,75.4376715792973
75.25,16.25,74.2894059299989
75.25,16.75,76.932574620164
75.25,17.25,79.4398796266878
75.25,17.75,77.8932589498675
75.25,21.25,78.2005164672382
75.25,21.75,77.9993094029687
75.25,22.25,76.2744899274879
75.25,22.75,75.6102572864149
75.25,23.25,75.1146504069848
75.25,25.25,75.4123927349452
75.25,25.75,78.1350088412015
75.25,26.25,80.6541043721311
75.25,26.75,80.3719698768046
75.25,27.25,77.9691184544895
75.25,27.75,75.575387742471
75.25,28.25,73.6973009515081
75.25,28.75,72.282318947249
75.25,29.25,73.9391757508168
75.25,29.75,72.6424197566036
75.25,33.75,66.1286604642583
75.25,37.75,63.4583329899031
75.25,38.25,63.0504259957696
75.25,38.75,61.031635969727
75.25,39.25,60.5440683968935
75.25,39.75,58.0674440760844
75.25,40.25,56.7369684873424
75.25,42.25,54.7055094418584
75.25,42.75,55.2713016358564
75.25,43.25,49.4959517925374
75.25,45.75,46.6641935349764
75.25,46.25,46.7939034089919
75.25,46.75,44.6187869181016
75.25,47.75,43.3552939114805
75.25,48.25,44.9388966390719
75.25,48.75,45.0673287377164
75.25,49.25,42.2740646501061
75.25,51.75,40.5190875580126
75.25,52.25,41.7070744103447
75.25,52.75,40.8827415201236
75.25,53.25,38.0470127992584
75.25,54.75,36.1664240114778
75.25,55.25,36.0775058534483
75.25,56.25,35.0263383885922
75.25,56.75,35.1265541952419
75.25,59.75,32.346816662978
75.25,60.25,29.8315996057229
75.25,62.25,25.2026727835934
75.25,62.75,28.1604520639687
75.25,63.25,26.9472790739226
75.25,65.75,22.9204639278714
75.25,66.25,19.9003031137152
75.75,12.25,67.7743496681891
75.75,12.75,70.320443276575
75.75,13.25,70.1005181620917
75.75,13.75,73.1969338600838
75.75,14.25,76.6436425972404
75.75,14.75,77.3187575183547
75.75,15.25,77.9404554443652
75.75,15.75,76.8158298368567
75.75,16.25,74.3770468973793
75.75,16.75,76.7917437231236
75.75,17.25,79.933529563079
75.75,17.75,76.7011221106717
75.75,21.25,77.1091172532507
75.75,21.75,76.9249534745961
75.75,23.25,75.7561450679207
75.75,23.75,75.068716156235
75.75,24.75,75.2109083308518
75.75,25.25,76.5217373797662
75.75,25.75,77.2144673636247
75.75,26.25,75.7519685700424
75.75,27.75,74.2781463951516
75.75,28.25,75.4453093324457
75.75,28.75,75.6875312815648
75.75,29.25,78.256393604465
75.75,29.75,76.1196680332147
75.75,33.25,67.9641249439499
75.75,33.75,70.2568959299324
75.75,34.25,68.6069423445565
75.75,34.75,65.637740433678
75.75,37.25,60.8890469902101
75.75,37.75,65.34976939208
75.75,38.25,64.4108106006748
75.75,38.75,63.0459863421914
75.75,39.25,58.3363975417876
75.75,42.25,52.7673690053115
75.75,42.75,51.3907076060363
75.75,43.25,49.7254889387804
75.75,43.75,50.4019674808016
75.75,45.75,48.146827785805
75.75,46.25,46.731550690001
75.75,49.25,43.0426687991048
75.75,49.75,41.5063943663298
75.75,50.25,40.8483911020697
75.75,51.75,41.8451627830898
75.75,52.25,41.5997052744031
75.75,52.75,38.9527947117993
75.75,53.75,37.5566202023683
75.75,62.75,26.0750770556307
75.75,63.25,26.3281671600495
75.75,63.75,24.3847273307803
75.75,65.75,21.4033311600296
76.25,12.25,68.8208760370401
76.25,12.75,71.5684989187801
76.25,13.25,71.4984677303332
76.25,13.75,76.453562833256
76.25,14.25,77.1731430386124
76.25,14.75,77.8378559540991
76.25,15.25,76.9848673680347
76.25,15.75,75.2226391141222
76.25,16.25,73.0574123377382
76.25,16.75,76.2143470034671
76.25,17.25,78.5911932713842
76.25,17.75,74.0727266764151
76.25,21.25,76.1427346199257
76.25,21.75,77.9937240297752
76.25,22.25,75.473789193822
76.25,23.75,76.4620891427586
76.25,24.25,77.7117529429866
76.25,24.75,76.0519523213282
76.25,25.25,75.8566608311942
76.25,28.25,73.9215481369418
76.25,28.75,72.9426132449186
76.25,29.25,72.7801498322445
76.25,31.75,70.0019297680503
76.25,32.25,71.0413200915014
76.25,32.75,69.6392098476917
76.25,33.25,69.9746525741352
76.25,33.75,71.8887571710549
76.25,34.25,69.6606375208444
76.25,34.75,65.8643503612868
76.25,38.25,63.4348029649043
76.25,38.75,61.3145354427941
76.25,41.75,54.2175626636217
76.25,43.25,52.5121494967992
76.25,43.75,54.5990175620187
76.25,44.25,52.7983938512108
76.25,45.75,50.0444712950374
76.25,46.25,48.8036551627154
76.25,49.25,42.7802005840811
76.25,49.75,44.4096725128796
76.25,50.25,42.7723054682582
76.25,51.25,40.0272914561018
76.25,51.75,39.7768553634324
76.25,52.25,39.5860763880541
76.25,52.75,38.4651152983184
76.25,53.25,38.8768915223256
76.25,53.75,39.066860739211
76.25,56.75,34.1434259932149
76.25,60.75,29.8514533133663
76.25,63.25,24.3758185804437
76.25,63.75,25.9183365441818
76.25,65.75,20.9056402528308
76.25,70.75,12.9558461809157
76.75,8.75,63.8492798997173
76.75,9.25,63.4145380146417
76.75,10.75,65.727337516699
76.75,11.25,66.2858366718535
76.75,12.25,68.4335415549867
76.75,12.75,71.5113290717571
76.75,13.25,71.2344599555052
76.75,13.75,74.2608658917958
76.75,14.25,75.8981878464204
76.75,14.75,73.4654421835291
76.75,15.25,75.2482496119122
76.75,15.75,75.2819583011718
76.75,16.25,73.7286400583501
76.75,16.75,76.5272858968908
76.75,17.25,78.8883250808657
76.75,17.75,75.4044055085808
76.75,18.75,77.6555488308116
76.75,19.25,77.3785269513022
76.75,19.75,76.9095045226303
76.75,21.75,78.7990097225378
76.75,22.25,78.0737229856341
76.75,23.75,77.8584711150711
76.75,24.25,81.0797543533371
76.75,24.75,79.43131580501
76.75,25.25,78.4238081806085
76.75,25.75,75.8737369566753
76.75,26.75,75.2453183912322
76.75,31.25,71.2509826426725
76.75,31.75,71.1469975718648
76.75,32.25,71.0492536232328
76.75,32.75,70.0014430742413
76.75,33.25,71.3502275516778
76.75,33.75,73.1326526495368
76.75,34.25,69.6413591835907
76.75,38.25,61.6723639414385
76.75,38.75,61.4792835058578
76.75,41.25,56.3640345027477
76.75,41.75,57.1746203143031
76.75,42.25,52.9494030526886
76.75,43.25,52.3048259540638
76.75,43.75,54.9719778962153
76.75,44.25,54.1592686494708
76.75,44.75,51.05994100179
76.75,46.75,45.3009693922288
76.75,49.25,42.8521403993275
76.75,49.75,45.3798036738895
76.75,50.25,43.601954910423
76.75,52.25,39.0129685379021
76.75,52.75,40.4462176552895
76.75,53.25,42.3792790793012
76.75,53.75,41.33492094305
76.75,54.25,36.8105277116023
76.75,56.25,34.8294034677707
76.75,56.75,36.8181389982645
76.75,57.25,32.7293132901355
76.75,60.25,29.4858168267194
76.75,60.75,30.7085965354608
76.75,61.25,28.8199870503991
76.75,63.75,23.6317020757939
76.75,64.25,21.6870396844241
76.75,65.75,20.0483505405906
76.75,68.75,15.2377705894571
76.75,69.25,16.318522401812
77.25,8.25,60.6219994080178
77.25,8.75,62.234063866057
77.25,10.75,66.6204318218733
77.25,11.25,67.508570053344
77.25,11.75,69.2547726247656
77.25,12.25,72.081664971576
77.25,12.75,72.3718888814521
77.25,15.25,73.8585322148921
77.25,15.75,74.7369946189287
77.25,16.25,74.6051015098285
77.25,16.75,76.8966698808771
77.25,17.25,80.825399191807
77.25,17.75,78.859062375463
77.25,18.25,75.7069448528469
77.25,18.75,78.0422749794006
77.25,19.25,77.7496533603795
77.25,19.75,76.6714665294913
77.25,21.75,76.9325528792762
77.25,22.25,78.9969138297733
77.25,22.75,78.0504790466251
77.25,23.25,76.5974173557819
77.25,23.75,78.5145179129211
77.25,24.25,79.839354439569
77.25,24.75,78.7139233926681
77.25,25.25,78.8644994184287
77.25,25.75,78.3643048495969
77.25,26.25,79.6856650361923
77.25,26.75,79.4206607074485
77.25,27.25,76.6549555717214
77.25,27.75,76.6954244082325
77.25,28.25,75.7503105651186
77.25,33.25,71.049501306107
77.25,33.75,74.2795193530684
77.25,34.25,70.5445614408631
77.25,35.75,64.9512695004805
77.25,38.25,62.9018202431567
77.25,38.75,61.6735781594467
77.25,41.25,54.6873470971276
77.25,41.75,53.6029115131066
77.25,43.75,54.4991541327612
77.25,44.25,53.808015379356
77.25,44.75,51.3758781068466
77.25,46.75,46.6100019734952
77.25,47.25,46.2276996439012
77.25,49.75,43.8461561000855
77.25,50.25,44.4824317738022
77.25,50.75,41.1244555841859
77.25,52.75,40.5925294199786
77.25,53.25,42.915872988837
77.25,53.75,42.4750155549763
77.25,54.25,40.0719156085158
77.25,56.25,34.1298423482772
77.25,56.75,34.6180521574348
77.25,58.75,30.7827255233769
77.25,59.25,30.1934232357262
77.25,59.75,29.4480934517836
77.25,60.25,28.1817671516796
77.25,61.25,28.2311704278496
77.25,61.75,26.4471031774571
77.25,63.75,22.2782562737844
77.25,65.25,20.1414374731702
77.25,65.75,19.8498912773235
77.25,66.25,18.7856219102776
77.25,66.75,18.593639217078
77.25,67.25,17.1330824224102
77.25,68.25,15.8542806599429
77.25,69.25,15.7388730134429
77.75,11.75,69.2381624805124
77.75,12.25,73.6653068480095
77.75,12.75,72.1008310145652
77.75,14.25,74.3829034789079
77.75,14.75,75.615924946091
77.75,15.25,74.6351706098795
77.75,15.75,74.3087424585837
77.75,16.25,75.1947721250128
77.75,16.75,77.4987733135638
77.75,17.25,80.4814210746322
77.75,17.75,78.4656056371922
77.75,18.75,75.7658881333947
77.75,19.25,77.088311992904
77.75,19.75,78.7694428155304
77.75,20.25,77.8167577315795
77.75,22.25,79.1676406697276
77.75,22.75,81.5315524960789
77.75,23.25,78.7982235337826
77.75,23.75,76.9781310560682
77.75,26.25,79.6269160666354
77.75,26.75,81.1105439130025
77.75,27.25,79.9209416571409
77.75,27.75,79.6053542770038
77.75,28.25,78.2204451881511
77.75,33.25,71.8717947288495
77.75,33.75,74.7268067526667
77.75,34.25,70.1779802375394
77.75,36.25,66.5577657705718
77.75,36.75,66.8353402272155
77.75,37.25,63.4430845133733
77.75,40.25,57.3558879926419
77.75,44.75,49.1937164412165
77.75,46.25,47.0579225698824
77.75,46.75,47.0009284875491
77.75,49.75,41.942926198025
77.75,50.25,42.9572689256628
77.75,50.75,41.7292847009123
77.75,53.25,40.1811917577799
77.75,53.75,42.399968298984
77.75,54.25,37.0492203089278
77.75,58.75,31.3805643802361
77.75,59.25,30.9441117350398
77.75,61.25,27.1183427079458
77.75,61.75,25.9028257104679
77.75,63.75,23.3062998639018
77.75,64.25,22.0435121922576
77.75,64.75,22.5648560522909
77.75,65.25,23.3597124360047
77.75,65.75,20.3391330002092
77.75,66.25,18.5049029748966
77.75,66.75,20.5265678633168
77.75,67.25,18.9952136299799
78.25,9.25,64.1356867414405
78.25,12.25,70.4708819255201
78.25,12.75,70.4036081706498
78.25,13.25,71.6918877350717
78.25,13.75,74.645392802516
78.25,14.25,76.0011281633506
78.25,14.75,74.3501916239863
78.25,15.25,73.5067780133663
78.25,15.75,76.5980956115703
78.25,16.25,77.8655532199442
78.25,16.75,77.9322521370027
78.25,17.25,76.7169730272482
78.25,18.75,76.0895671819557
78.25,19.25,78.0895126482484
78.25,19.75,78.9642638017345
78.25,22.25,77.6737853362114
78.25,22.75,81.3632543212787
78.25,23.25,78.7463050257713
78.25,26.25,78.2261098145325
78.25,26.75,79.9538890624378
78.25,27.25,77.2489892614927
78.25,27.75,75.9787174665502
78.25,28.25,77.6872138958916
78.25,28.75,76.4777859069741
78.25,33.25,71.4943313593217
78.25,33.75,72.2563802659027
78.25,36.25,64.8994861959016
78.25,36.75,67.1797579799447
78.25,37.25,64.8167385129614
78.25,39.75,58.6628145035851
78.25,40.25,59.9368372983738
78.25,40.75,55.9283325280558
78.25,41.75,54.7979803020649
78.25,42.25,53.9423356953946
78.25,45.25,48.3520718310844
78.25,45.75,47.3390897431137
78.25,46.25,48.0172852409108
78.25,51.25,40.7436989412375
78.25,51.75,40.6400110665935
78.25,56.25,33.970242518998
78.25,56.75,34.5711082449472
78.25,58.75,30.3562819432886
78.25,59.25,29.9570159015447
78.25,60.75,27.3707726270361
78.25,61.25,28.2195982165727
78.25,61.75,25.7399656048261
78.25,63.75,23.7051172816142
78.25,64.25,22.814831117524
78.25,64.75,21.2592050763346
78.25,65.25,19.9067523008218
78.75,9.25,64.6186427423771
78.75,12.25,71.1880753484751
78.75,12.75,73.7121390842044
78.75,13.25,75.5732319135723
78.75,13.75,75.0750165408459
78.75,14.25,73.6067425558203
78.75,15.75,76.967913575498
78.75,16.25,78.2842696216986
78.75,16.75,76.4431772132809
78.75,22.75,78.7274966131164
78.75,23.25,77.8893426344621
78.75,26.25,77.6330621441962
78.75,26.75,77.3260028990782
78.75,28.25,75.4877779832304
78.75,28.75,75.1176603372074
78.75,33.25,72.2957044153734
78.75,33.75,71.1553974615793
78.75,36.75,66.326039298115
78.75,37.25,66.5906031791387
78.75,37.75,62.1990554878592
78.75,40.25,59.673189739332
78.75,40.75,56.5821836524009
78.75,42.25,55.2072300316314
78.75,51.75,41.1033088119334
78.75,56.25,36.1131830376897
78.75,56.75,35.2688100410407
78.75,61.75,25.5921866520153
78.75,63.75,23.9096238806878
78.75,64.25,21.7251863271114
79.25,11.25,68.9208718268369
79.25,11.75,69.8415441521992
79.25,12.25,71.920025042154
79.25,12.75,73.9192528369015
79.25,13.25,76.0095547897332
79.25,13.75,74.6384369399795
79.25,15.25,74.8440123519606
79.25,15.75,76.4110709116834
79.25,16.25,76.8745327723012
79.25,16.75,76.3120233972432
79.25,17.25,76.2428295404884
79.25,18.25,77.1287750143754
79.25,18.75,77.6120912868431
79.25,23.25,77.7263823858909
79.25,26.25,77.9255282594715
79.25,29.75,74.6091063623844
79.25,30.25,77.5808314921389
79.25,30.75,75.7379505802158
79.25,32.25,72.0760492001805
79.25,32.75,72.4485736721579
79.25,33.25,70.9115998643734
79.25,33.75,70.7409374706219
79.25,36.25,66.5207770258518
79.25,36.75,68.4811160775696
79.25,37.25,68.480560793762
79.25,37.75,64.8937672885665
79.25,39.75,59.1216526624831
79.25,40.25,59.3024470478893
79.25,42.25,55.6416365068235
79.25,42.75,54.4214724491495
79.25,44.25,50.3921180038928
79.25,44.75,49.9817208548722
79.25,47.75,45.3468282286416
79.25,48.25,46.7922475398345
79.25,48.75,46.288228208687
79.25,49.25,44.0186978369894
79.25,53.75,37.8231666922782
79.25,54.25,37.6839779446618
79.25,55.75,35.3652063807788
79.25,56.25,35.4392521871227
79.25,56.75,33.7668745019427
79.75,10.75,69.5236661909398
79.75,11.25,72.188802189515
79.75,11.75,71.1634028436148
79.75,13.25,73.3071577390978
79.75,13.75,73.4909830901514
79.75,15.25,76.4368545364031
79.75,15.75,77.1359920231184
79.75,16.25,78.5828016491486
79.75,16.75,79.2438703413038
79.75,17.25,79.2403760400569
79.75,17.75,78.7265331490665
79.75,18.25,78.6839198701277
79.75,18.75,81.7864449422082
79.75,19.25,82.064857396441
79.75,19.75,77.6853661062706
79.75,23.25,79.5109144363921
79.75,23.75,80.3600318277652
79.75,24.25,78.2753595139485
79.75,25.25,77.3650234978188
79.75,25.75,78.5953846866702
79.75,26.25,78.8424664550052
79.75,28.75,75.4639393144891
79.75,29.25,77.2982675627253
79.75,29.75,76.9152770008459
79.75,30.25,78.1730634985227
79.75,30.75,77.2954269469454
79.75,32.25,72.8087256976022
79.75,32.75,71.3247789468996
79.75,33.75,69.845909484017
79.75,34.25,73.71096132912
79.75,34.75,73.5899784042108
79.75,35.25,69.9475577929117
79.75,36.75,67.3548274406328
79.75,37.25,67.235493014071
79.75,37.75,65.1384015722857
79.75,38.25,62.487907794631
79.75,38.75,61.0594036011558
79.75,39.25,60.9266295868929
79.75,39.75,60.657543561893
79.75,40.25,59.93831382964
79.75,40.75,57.5790374703289
79.75,41.25,56.8046055498668
79.75,41.75,56.0011227273635
79.75,42.75,54.9211745424037
79.75,43.25,55.8817105647767
79.75,43.75,55.1115521687904
79.75,44.25,52.55211799667
79.75,44.75,50.2915441685265
79.75,45.25,50.0883763597342
79.75,45.75,50.2426207807563
79.75,46.25,48.6162584613507
79.75,47.75,47.4243786245529
79.75,48.25,46.0555809037628
79.75,48.75,44.5375269246619
79.75,49.25,43.3160830051345
79.75,58.75,30.2944858656235
79.75,67.25,17.4060250522508
80.25,7.25,61.2896001371484
80.25,13.25,73.1524683381221
80.25,15.75,75.741298714127
80.25,16.25,78.4863477917007
80.25,16.75,80.0672114506556
80.25,17.25,81.8114197135664
80.25,17.75,81.5720679394752
80.25,18.25,77.490360868497
80.25,18.75,78.9790711956488
80.25,19.25,82.1994710768813
80.25,19.75,81.4304639264152
80.25,20.25,81.0638721812341
80.25,20.75,78.7384546447576
80.25,22.75,81.1408539661619
80.25,23.25,85.001149686299
80.25,23.75,84.0182717274796
80.25,24.25,80.7469389298891
80.25,24.75,79.6012573760701
80.25,25.25,78.6524715983659
80.25,28.75,76.6259535994542
80.25,29.25,79.2155473812435
80.25,29.75,79.4686264863264
80.25,30.25,80.3839888604634
80.25,30.75,79.2254840955899
80.25,31.25,73.2706485731793
80.25,33.75,73.4866164549207
80.25,34.25,75.948523913452
80.25,34.75,75.1200612941667
80.25,35.25,71.9438309375317
80.25,35.75,68.6894689596728
80.25,36.25,66.2232000232229
80.25,36.75,65.1210502499834
80.25,37.25,64.2136830404031
80.25,37.75,63.9900963163763
80.25,38.25,63.7185878361512
80.25,38.75,61.8474768555309
80.25,39.75,60.2584476715681
80.25,40.25,62.5072347600142
80.25,40.75,60.149249161056
80.25,41.25,58.4591099840653
80.25,41.75,58.2314008016243
80.25,43.25,52.9258041439906
80.25,43.75,54.0399292664681
80.25,44.25,51.8017565321474
80.25,44.75,50.5589692358289
80.25,45.25,52.1627562890706
80.25,45.75,52.4565903190626
80.25,46.25,48.0817957746125
80.25,47.25,46.5877054031609
80.25,47.75,47.0675286571304
80.25,48.25,45.1903941447573
80.25,49.75,44.531258017991
80.25,50.25,43.647327670229
80.25,58.25,31.2157190600817
80.25,58.75,34.253219094531
80.25,59.25,32.3104656135685
80.25,59.75,31.7144670015466
80.25,60.25,32.5233255095592
80.25,60.75,30.6644164387643
80.25,65.25,19.8896540441878
80.25,65.75,20.184644688506
80.25,66.25,18.3852961720972
80.25,66.75,18.0545488817291
80.25,67.25,20.2797518467291
80.25,67.75,18.6926631799868
80.75,7.25,63.1647828433041
80.75,7.75,63.093778068666
80.75,8.75,65.558771408599
80.75,16.75,79.3004267958674
80.75,17.25,83.6636812873498
80.75,17.75,83.4235917421763
80.75,19.25,78.0957564845794
80.75,19.75,80.6066513117872
80.75,20.25,79.8804073939034
80.75,22.75,83.5274747560065
80.75,23.25,85.4757229532628
80.75,23.75,83.9016720438546
80.75,24.25,79.5902632228502
80.75,24.75,80.0587482442107
80.75,25.25,79.5095778357153
80.75,29.75,78.2363025741581
80.75,30.25,81.6152454615638
80.75,30.75,80.2178340863097
80.75,33.25,75.2619646077041
80.75,33.75,76.8778534383918
80.75,34.25,74.2521942535923
80.75,34.75,70.9911752173742
80.75,35.75,69.2450845317059
80.75,36.25,69.2135801450973
80.75,36.75,66.7345908956417
80.75,38.25,63.3271497484359
80.75,38.75,62.8712509713199
80.75,40.25,62.1646830157513
80.75,40.75,60.0117620467702
80.75,41.25,57.9904874807251
80.75,41.75,59.8198220914643
80.75,42.25,55.4660722923702
80.75,43.75,53.6979656798293
80.75,44.25,53.324657580253
80.75,44.75,52.412936207976
80.75,45.25,52.2320385479531
80.75,45.75,52.3557332915771
80.75,46.25,48.8959525778572
80.75,47.25,46.9346251169991
80.75,48.25,45.3019932733204
80.75,48.75,44.6582522915582
80.75,49.25,43.9559075513784
80.75,49.75,45.0948615038048
80.75,50.25,45.3119501539288
80.75,50.75,42.6994548365671
80.75,51.25,40.8914843009322
80.75,59.25,30.0384005008135
80.75,59.75,30.8385914517009
80.75,60.25,32.1801739906471
80.75,60.75,29.4028562834357
80.75,62.75,27.9940125077813
80.75,63.25,23.0516010955671
80.75,65.75,19.5550610058076
80.75,66.25,19.9467978172106
80.75,67.25,16.8846824728683
80.75,67.75,18.0363853723509
80.75,68.25,15.7384788710825
80.75,69.25,14.4571342930542
81.25,16.75,77.4199718707015
81.25,17.25,83.6134373213228
81.25,17.75,84.5642244795374
81.25,18.25,82.106385266142
81.25,18.75,78.913455288321
81.25,19.25,79.9045704995755
81.25,19.75,80.4668220998829
81.25,22.25,78.9876396348107
81.25,22.75,82.5857227656549
81.25,23.25,83.1178830960169
81.25,23.75,80.985901904471
81.25,24.25,78.4382083893549
81.25,24.75,80.1744413576774
81.25,25.25,81.2235557143443
81.25,25.75,80.906243838319
81.25,26.25,78.7762598450702
81.25,26.75,79.7022104441182
81.25,27.25,80.2604781429105
81.25,30.25,77.3065547887962
81.25,30.75,74.948082056537
81.25,33.25,76.1745593255831
81.25,33.75,75.170233165489
81.25,36.25,69.3585959966243
81.25,36.75,68.8564724207273
81.25,38.75,62.1636633379395
81.25,40.75,59.4231333556867
81.25,41.25,61.2593148889526
81.25,41.75,60.8094151891642
81.25,42.25,56.0043054874961
81.25,43.75,55.5912548478854
81.25,44.25,55.3451009725041
81.25,44.75,52.4635527289908
81.25,45.25,50.0214936161809
81.25,45.75,51.2133230004467
81.25,46.25,52.297039886141
81.25,46.75,51.6357704648485
81.25,47.25,48.2453921978474
81.25,50.25,43.5330281442488
81.25,50.75,42.1054642078608
81.25,51.75,40.6681889491211
81.25,60.25,29.0474797258495
81.25,60.75,29.4932105221011
81.25,62.75,26.9008299251314
81.25,63.25,24.3943667603042
81.25,69.25,14.8215366961712
81.25,69.75,16.4538054729128
81.25,70.25,14.2359498432562
81.75,17.25,80.9800324589871
81.75,17.75,84.8640099077513
81.75,18.25,85.1202227061597
81.75,18.75,85.3430823947675
81.75,19.25,83.1175067223218
81.75,19.75,81.827544004508
81.75,20.25,80.4368447834881
81.75,22.25,78.8464844520159
81.75,24.25,79.0236265048157
81.75,24.75,81.0005867817024
81.75,25.25,81.5006471960911
81.75,25.75,83.3389851672743
81.75,26.25,80.366265285072
81.75,26.75,79.9400066183466
81.75,27.25,82.5453596224345
81.75,27.75,78.5188392660984
81.75,30.25,75.5022986732676
81.75,33.25,73.8282267897496
81.75,33.75,71.7562329974375
81.75,36.75,68.302693978612
81.75,37.25,67.1254594042683
81.75,40.75,59.2169025369442
81.75,41.25,62.0010404004251
81.75,41.75,58.3961964185431
81.75,43.75,54.9380625963537
81.75,44.25,54.2813790004707
81.75,44.75,51.5026828939437
81.75,46.25,49.2584167225783
81.75,46.75,48.7076536773424
81.75,47.25,47.3264284413093
81.75,47.75,46.2683840794939
81.75,49.25,44.4047252614455
81.75,51.75,40.7709716092094
81.75,52.25,40.8820633726782
81.75,60.25,28.3639268353843
81.75,60.75,31.6024173389349
81.75,61.25,29.2049183922888
81.75,69.25,14.4229593356566
81.75,69.75,15.9803220198652
81.75,70.25,13.412257366937
82.25,17.25,77.9919130199914
82.25,17.75,80.6603515584588
82.25,18.25,83.1894822150009
82.25,18.75,84.463674301308
82.25,19.25,82.4805857557591
82.25,19.75,81.6368948453024
82.25,20.25,82.6368155336956
82.25,20.75,80.3101954342499
82.25,21.75,79.8965457838283
82.25,24.25,80.6313714523032
82.25,24.75,81.1159191012929
82.25,25.25,80.5869152344213
82.25,25.75,83.4243452767415
82.25,26.25,82.6855518266558
82.25,26.75,80.3323345123765
82.25,27.25,80.9810909626151
82.25,27.75,79.8877122590816
82.25,30.25,77.3839226342128
82.25,30.75,76.8443970404993
82.25,32.75,73.1305543250845
82.25,33.25,73.4276362285836
82.25,35.25,69.2128130404731
82.25,36.75,68.0434197285778
82.25,37.25,68.4873668007806
82.25,43.75,54.607603194555
82.25,44.25,53.5850998063143
82.25,44.75,51.9732268979908
82.25,48.75,46.635200386445
82.25,49.25,48.8892533592323
82.25,49.75,45.1617934005067
82.25,52.25,40.0638026832071
82.25,52.75,41.5788584527374
82.25,60.75,29.4622050814686
82.25,61.25,29.3886224372301
82.25,69.25,14.5038403480916
82.25,69.75,16.4741734585701
82.25,71.25,12.6451373650893
82.25,72.25,11.9581137765664
82.75,17.75,78.4879180172068
82.75,18.25,80.0309835400973
82.75,18.75,81.3399597898335
82.75,19.25,81.1205772428554
82.75,19.75,81.9464753225227
82.75,20.25,83.3656712230222
82.75,20.75,81.4700556056302
82.75,24.25,83.5421391118803
82.75,24.75,81.8157490390932
82.75,25.25,78.9944013239936
82.75,25.75,81.6965861716894
82.75,26.25,85.3877106204981
82.75,26.75,83.0052986138495
82.75,27.25,79.3784998100343
82.75,27.75,78.1625499954826
82.75,30.25,77.2262626281275
82.75,30.75,81.1668597009672
82.75,31.25,80.3237088075784
82.75,31.75,74.3547498232157
82.75,33.25,73.2773640982878
82.75,34.75,70.9292163703082
82.75,36.75,67.885297028978
82.75,37.25,68.9798484146232
82.75,43.75,55.1315406012444
82.75,44.25,54.5066495115622
82.75,49.25,48.6073676086324
82.75,49.75,47.9135319094014
82.75,50.25,43.9202874005532
82.75,52.75,42.8853127258515
82.75,53.25,40.3075192990021
82.75,61.25,27.6002471935437
82.75,61.75,26.712492392359
82.75,71.75,14.7206368793492
82.75,72.25,12.5162498669977
83.25,17.75,78.5644611815432
83.25,19.75,80.6078487604738
83.25,20.25,81.0733800040373
83.25,22.25,79.5963384771466
83.25,23.75,80.6377393588076
83.25,24.25,82.2731346997644
83.25,25.75,80.0925638522214
83.25,26.25,85.2234126146341
83.25,26.75,83.1324963545818
83.25,27.25,78.5533076021703
83.25,28.75,79.1207909988829
83.25,29.25,79.7960541690227
83.25,29.75,77.5953058447388
83.25,30.25,77.7145245151287
83.25,30.75,80.2107446851884
83.25,31.25,79.2617168798735
83.25,34.25,71.5839851563438
83.25,34.75,70.7973091922094
83.25,36.75,67.7362460617571
83.25,37.25,67.1235304735272
83.25,39.75,63.6929058314396
83.25,40.25,63.2238454649322
83.25,40.75,60.3835483516532
83.25,43.25,55.4910227005002
83.25,43.75,56.9777264263704
83.25,44.25,56.5601142531736
83.25,44.75,52.5756079024659
83.25,46.25,52.0906647415664
83.25,46.75,50.054811008967
83.25,49.75,45.6919569003231
83.25,50.25,45.5139023905619
83.25,52.75,41.5668895451935
83.25,53.25,39.660719252968
83.25,53.75,39.1161581957653
83.25,54.25,38.4882238788309
83.25,54.75,39.5032560054804
83.25,55.25,40.8073431942165
83.25,55.75,39.4363951077382
83.25,56.25,34.4345718412552
83.25,61.75,27.0490358685976
83.25,62.25,25.0800465398425
83.25,71.25,13.1416605362364
83.75,18.75,79.1564611345214
83.75,19.75,80.0608276103664
83.75,21.75,80.7510507763591
83.75,22.25,81.4632964124851
83.75,22.75,80.348956204801
83.75,23.25,80.4418919042946
83.75,23.75,81.6060118431921
83.75,24.25,80.1536818031899
83.75,26.25,79.4286976051738
83.75,27.75,78.7026223409056
83.75,28.25,79.6972830964152
83.75,28.75,81.3824733100343
83.75,29.25,81.3047503935672
83.75,29.75,80.8159159331703
83.75,30.25,80.372987826886
83.75,30.75,77.7219671217115
83.75,33.25,74.3491490920395
83.75,33.75,72.4818145873093
83.75,37.25,68.2414805415222
83.75,37.75,68.3264146466906
83.75,38.25,66.5242320626466
83.75,38.75,65.3361104310061
83.75,39.25,64.8298141592428
83.75,39.75,65.6650563177489
83.75,40.25,66.0150867600211
83.75,40.75,65.9091502218857
83.75,41.25,61.3902037536055
83.75,42.25,58.2301604056103
83.75,42.75,59.6968239380812
83.75,43.25,59.6237070450913
83.75,43.75,60.2937571436427
83.75,44.25,59.1846656618084
83.75,44.75,55.4417312809053
83.75,46.25,50.844401471258
83.75,46.75,49.8763028289424
83.75,48.75,45.833182827474
83.75,49.25,45.46702920052
83.75,49.75,45.4759470632284
83.75,50.25,44.9910868073193
83.75,53.75,39.2157723209179
83.75,54.25,39.8845005587662
83.75,54.75,40.2862666313821
83.75,55.25,40.528930856207
83.75,55.75,39.4361089175167
83.75,56.25,35.5152583510795
83.75,62.25,24.4471082323979
84.25,18.75,81.3581316199138
84.25,19.25,81.7371140312704
84.25,19.75,80.9776548095598
84.25,22.25,80.6597096581376
84.25,22.75,79.923712079879
84.25,23.25,81.0981334175894
84.25,23.75,82.359369598927
84.25,24.25,80.288344507715
84.25,27.25,80.6061115786972
84.25,27.75,81.311969278414
84.25,28.25,82.4296466074436
84.25,28.75,80.7338884802113
84.25,29.25,78.2706075396452
84.25,29.75,80.0201401141718
84.25,30.25,80.4896795453282
84.25,30.75,77.3453756653902
84.25,32.75,74.7885241960226
84.25,33.25,76.8221357788547
84.25,33.75,75.9146066186981
84.25,34.25,73.0041733457055
84.25,37.25,70.3782367850633
84.25,37.75,72.3499975737389
84.25,38.25,69.8852861106339
84.25,38.75,67.2457733676631
84.25,39.25,65.2173955701757
84.25,39.75,63.5114631528914
84.25,40.25,63.5295315153731
84.25,40.75,64.881286688991
84.25,41.25,62.7178948844694
84.25,41.75,59.2580705177618
84.25,42.25,60.8291490024448
84.25,42.75,61.2513473353377
84.25,43.25,58.303595919794
84.25,43.75,59.0183015813057
84.25,44.25,59.7871608952911
84.25,44.75,57.4295561615091
84.25,45.25,54.0447807717804
84.25,48.75,49.4930582611028
84.25,49.25,50.1257085571307
84.25,49.75,47.8677545995133
84.25,50.25,43.9617220481134
84.25,53.75,38.5036473220232
84.25,54.25,39.4061239698189
84.25,54.75,37.1449386245908
84.25,64.75,21.1999108931875
84.25,65.25,20.2423613928794
84.75,19.25,82.859834271702
84.75,19.75,81.5573280478252
84.75,22.25,80.5370627714354
84.75,22.75,83.3738112729832
84.75,23.25,85.1962983982342
84.75,23.75,84.2556766592917
84.75,24.25,81.2362663863239
84.75,26.75,81.1200888795679
84.75,27.25,82.4466119830979
84.75,27.75,82.4971818524314
84.75,28.25,84.1916961724741
84.75,28.75,81.7730031997147
84.75,29.25,79.7655019945777
84.75,29.75,80.078881431152
84.75,30.25,77.3127281774737
84.75,31.75,75.1527071523078
84.75,33.25,73.8942455930317
84.75,33.75,74.0657689221051
84.75,37.25,69.8771084141657
84.75,37.75,70.8868463083926
84.75,38.25,68.9234867397095
84.75,38.75,66.5083070732393
84.75,39.25,64.0967332316628
84.75,40.75,61.3833201681751
84.75,41.25,62.3795934604173
84.75,41.75,61.7480294459452
84.75,42.25,61.6984317325522
84.75,42.75,60.7154305822667
84.75,44.75,54.2851801583103
84.75,45.25,53.6802841222194
84.75,48.75,48.1024918549049
84.75,49.25,49.4806987543196
84.75,49.75,47.5510914624936
84.75,50.25,44.4166966415029
84.75,54.25,38.2157577519422
84.75,56.25,34.7920146597219
84.75,56.75,34.4551072938793
84.75,59.75,30.9220024070038
84.75,65.25,19.6348786655521
85.25,20.25,80.1195568070585
85.25,22.25,81.120548866662
85.25,22.75,84.2246721288154
85.25,23.25,86.6800964658309
85.25,23.75,85.7337775290269
85.25,24.25,83.3927689403071
85.25,26.25,79.7949997003382
85.25,26.75,83.5781104918268
85.25,27.25,84.1310875078139
85.25,27.75,83.1381133542861
85.25,28.25,82.6647855918168
85.25,28.75,82.2809962503395
85.25,29.25,82.4352629780351
85.25,29.75,80.4986107501334
85.25,31.75,78.2176931968481
85.25,32.25,75.2814252693986
85.25,33.75,72.9553899529365
85.25,37.25,69.8284779128142
85.25,37.75,70.8802098008495
85.25,38.25,67.9809638593488
85.25,41.25,61.0980304069681
85.25,47.75,48.5086819268816
85.25,48.25,47.9086467779845
85.25,48.75,46.7778285144063
85.25,49.25,46.5857855382007
85.25,49.75,45.7576995877143
85.25,50.25,45.0033687202374
85.25,56.25,36.8531936337083
85.25,56.75,36.610654069776
85.25,59.75,30.0385894577805
85.25,61.75,25.6176445497463
85.25,62.75,24.1135484514489
85.25,63.25,23.3846845006144
85.75,23.25,81.5689583318422
85.75,23.75,84.1651395992027
85.75,24.25,84.7135340049538
85.75,26.25,81.7899985962704
85.75,26.75,83.5443039992083
85.75,27.25,84.4967918800743
85.75,27.75,83.4729410733873
85.75,28.25,83.0072578331374
85.75,28.75,84.1042509485947
85.75,29.25,81.9089521586912
85.75,29.75,78.1751001031886
85.75,31.75,76.0556394411831
85.75,33.75,74.9141804412522
85.75,37.25,68.332978615179
85.75,37.75,71.2118721670888
85.75,38.25,68.2357392801325
85.75,39.75,66.013944885364
85.75,40.25,66.0433198689068
85.75,47.75,53.1318020583592
85.75,48.25,52.6298534713767
85.75,48.75,48.9504624662467
85.75,50.25,44.6680055685448
85.75,52.25,41.5817186060783
85.75,56.25,35.849018632445
85.75,56.75,35.8333323879527
85.75,61.25,27.6201770457693
85.75,61.75,29.8916788769433
85.75,62.25,28.9532571774996
85.75,62.75,24.553802036429
85.75,68.75,15.4349754380176
86.25,22.25,81.2642725506436
86.25,23.75,80.8991106696576
86.25,24.25,83.3196484608084
86.25,25.75,82.3568890228462
86.25,26.25,80.9834345922296
86.25,26.75,80.0094574950769
86.25,27.25,81.3561705842339
86.25,27.75,81.8346660197181
86.25,28.25,83.6548409034581
86.25,28.75,85.3578350088508
86.25,29.25,80.8439829315623
86.25,29.75,77.5998861273301
86.25,30.25,78.9331840914163
86.25,30.75,78.7239936265131
86.25,33.25,76.9142234006693
86.25,33.75,77.4808837599813
86.25,34.25,75.0634256287703
86.25,34.75,72.8384357435995
86.25,35.25,71.6363900427497
86.25,39.75,66.8820902624818
86.25,40.25,65.9705197728356
86.25,43.25,57.3753747809713
86.25,43.75,57.2681159233057
86.25,44.25,55.3465663556013
86.25,44.75,54.528486051311
86.25,47.25,50.8804150555361
86.25,47.75,51.2466068556926
86.25,48.25,50.1780485703238
86.25,48.75,49.7998494061173
86.25,49.25,47.2172026490597
86.25,50.25,45.507097309506
86.25,54.75,38.0115883414598
86.25,58.25,31.900410673634
86.25,58.75,32.3994231442878
86.25,60.75,28.8067546655184
86.25,61.25,30.5111505446797
86.25,61.75,29.92814635406
86.25,62.25,28.984952829955
86.25,62.75,23.8172351047033
86.25,67.75,17.0736859493189
86.25,68.25,18.8509301343061
86.25,68.75,17.5538067943184
86.75,21.75,81.0547151769007
86.75,22.25,83.3844361918001
86.75,22.75,81.0799157644391
86.75,24.25,83.1330199158961
86.75,24.75,81.2415874646204
86.75,25.75,80.473704846737
86.75,27.25,79.5610953164476
86.75,28.25,78.9111227955904
86.75,28.75,80.6804862589967
86.75,29.25,79.8235183005137
86.75,29.75,80.3171191570187
86.75,30.25,83.8772305372292
86.75,30.75,81.9618652710265
86.75,32.25,75.487717613579
86.75,32.75,78.0395148547227
86.75,33.25,79.5635068623322
86.75,33.75,77.8480635768331
86.75,34.25,76.0233179448549
86.75,34.75,75.4187560182616
86.75,35.25,72.8503318498476
86.75,39.75,64.6577129461007
86.75,40.25,63.3182347095962
86.75,43.25,59.9145884748636
86.75,43.75,58.6586432776826
86.75,44.25,57.8131432676733
86.75,44.75,57.9927937390081
86.75,45.25,54.6606624932747
86.75,47.25,50.768470585387
86.75,47.75,50.4366136376765
86.75,48.25,50.2886807115997
86.75,48.75,49.6524779668546
86.75,49.25,46.7694238119521
86.75,55.75,37.4584612516726
86.75,56.25,36.6676222202205
86.75,57.75,32.9193207071533
86.75,58.25,34.0698384096789
86.75,58.75,32.183895027901
86.75,60.25,29.7446108929449
86.75,60.75,31.8789510058568
86.75,61.25,30.9229739199042
86.75,61.75,29.9697321192166
86.75,62.25,29.0214408256052
86.75,62.75,23.8878500278802
86.75,67.75,17.2973693797375
86.75,68.25,17.8689120114799
86.75,68.75,18.0914988620615
86.75,69.25,15.1483568106158
86.75,72.25,11.5090281429417
87.25,21.75,82.2447623919649
87.25,22.25,84.5008291280271
87.25,22.75,82.6837790361804
87.25,24.25,83.0932333344271
87.25,24.75,83.8782507343011
87.25,27.25,80.148785606319
87.25,29.75,81.3680033052531
87.25,30.25,81.8651054094883
87.25,30.75,78.4621976712065
87.25,32.25,77.3707467142917
87.25,32.75,78.7233052949046
87.25,33.25,78.3267066824625
87.25,33.75,77.2509697014338
87.25,34.25,75.7280162360836
87.25,34.75,73.2351042720538
87.25,38.75,67.0662161358223
87.25,39.25,66.6791887566075
87.25,42.75,60.6809757344882
87.25,43.25,62.2266554793436
87.25,43.75,57.3362566757418
87.25,46.25,53.2840675782568
87.25,47.25,50.9967247911268
87.25,47.75,52.8122750910861
87.25,48.25,53.7851109169304
87.25,48.75,49.7991889166806
87.25,52.75,41.6629235550792
87.25,53.25,41.3126942394163
87.25,54.75,38.072612437516
87.25,55.25,38.2755339919011
87.25,55.75,38.4476498481865
87.25,56.25,36.2856296120496
87.25,57.25,35.7382820457756
87.25,57.75,36.9852902713697
87.25,58.25,35.7618027391634
87.25,58.75,32.0087086799968
87.25,60.75,30.0576145999355
87.25,61.25,30.9756865527695
87.25,61.75,30.0164533468208
87.25,62.25,26.977979810067
87.25,62.75,23.9676960955745
87.25,63.25,23.3008006369872
87.25,66.25,18.3753310959136
87.25,68.75,16.6377192050227
87.25,69.25,16.7630003196102
87.25,69.75,13.7447072222864
87.25,72.25,12.7008750762685
87.75,21.75,84.1068108970931
87.75,22.25,84.3099614519184
87.75,22.75,83.3152224648204
87.75,23.25,81.0648367123643
87.75,24.25,83.9198051917035
87.75,24.75,87.0368662370377
87.75,25.25,81.1982758182115
87.75,29.75,79.6437788766878
87.75,30.25,78.157410428539
87.75,32.75,75.5116235592926
87.75,33.25,74.8113659210624
87.75,33.75,76.0765824612421
87.75,34.25,75.7770903256037
87.75,34.75,74.0091286705351
87.75,36.75,70.2747198722246
87.75,38.75,68.0135827112239
87.75,39.25,66.2632583932284
87.75,40.25,65.1255710624213
87.75,40.75,65.122957888485
87.75,42.75,61.485253389609
87.75,43.25,60.3361421677878
87.75,45.75,54.0936207384493
87.75,46.25,54.3708941001826
87.75,47.75,51.0699615250484
87.75,48.25,52.8673929709888
87.75,48.75,49.2594654034969
87.75,49.75,48.2124404725664
87.75,50.25,47.1057078691606
87.75,52.75,43.6593151244495
87.75,53.25,43.1617229114705
87.75,54.75,38.8663687419237
87.75,55.25,38.457541210105
87.75,57.75,35.6677319573979
87.75,58.25,35.4272334530461
87.75,58.75,34.1534511826467
87.75,59.25,30.3543202535919
87.75,60.75,27.5130824936807
87.75,61.25,29.5921630321903
87.75,61.75,29.4408992344012
87.75,62.25,26.4745329647669
87.75,62.75,24.3154995361951
87.75,63.25,24.1582310273276
87.75,63.75,25.1754748509689
87.75,64.25,24.7007626780023
87.75,64.75,22.398956734979
87.75,69.25,15.9825123531609
87.75,69.75,16.0234065403997
87.75,70.25,14.0368495890588
88.25,21.75,81.4552170864033
88.25,22.75,81.6187933260369
88.25,23.25,82.1576848377252
88.25,23.75,82.5090815653215
88.25,24.25,85.2537088039029
88.25,24.75,85.8681585025624
88.25,25.25,82.5542036330925
88.25,25.75,80.5235833215963
88.25,28.75,79.7194103672876
88.25,29.25,79.4139565510033
88.25,29.75,79.3057490348712
88.25,30.25,78.4218196150317
88.25,30.75,77.7890616134072
88.25,31.25,77.5917827645931
88.25,33.75,75.241424769195
88.25,34.25,76.1033893652371
88.25,34.75,77.7929897525636
88.25,35.25,75.5986029261182
88.25,38.75,67.067941430412
88.25,39.25,66.2376066905826
88.25,39.75,66.0978144444299
88.25,40.25,68.4166107484448
88.25,40.75,69.910137539836
88.25,41.25,67.0736047111075
88.25,41.75,63.1704518092949
88.25,42.25,62.5633063400119
88.25,42.75,61.2425307578093
88.25,45.25,60.4328712663248
88.25,45.75,60.1362676005102
88.25,46.25,55.0504314500553
88.25,48.25,53.1047941456182
88.25,48.75,51.2935236057252
88.25,49.25,47.9091243190578
88.25,49.75,47.7779447035872
88.25,50.25,47.6040386934289
88.25,50.75,45.2446137629281
88.25,52.25,43.999014096324
88.25,52.75,45.6910693032622
88.25,53.25,43.3462023193941
88.25,58.75,31.9783431793923
88.25,59.25,31.9489989594638
88.25,63.75,25.2848900501852
88.25,64.25,24.6034515592766
88.25,64.75,22.4789960412915
88.25,65.25,20.3310866922073
88.25,69.75,13.8876383214244
88.75,22.75,82.3461054686539
88.75,23.25,84.5060288662959
88.75,23.75,85.4066784114766
88.75,24.25,85.5256252008445
88.75,24.75,82.7639195310766
88.75,25.25,81.6515926264126
88.75,25.75,82.5794054866038
88.75,26.25,82.0262865656385
88.75,28.25,79.6556053418006
88.75,29.75,80.1474373085691
88.75,30.25,80.430837080971
88.75,31.75,77.4033145109862
88.75,32.25,76.6176583787964
88.75,32.75,76.6142552981364
88.75,33.25,76.0638413520445
88.75,33.75,74.726261352389
88.75,34.25,77.7062327892141
88.75,34.75,80.3006551383938
88.75,35.25,77.6447236685928
88.75,39.25,68.3183934621443
88.75,39.75,67.6287608633535
88.75,40.25,68.1196664818958
88.75,40.75,68.7882059353613
88.75,41.25,68.483012018509
88.75,41.75,65.1626030008495
88.75,42.25,63.1459634557552
88.75,42.75,61.8349253234824
88.75,43.25,60.218378268859
88.75,43.75,58.2853092315973
88.75,45.25,58.4879546118935
88.75,45.75,60.5595470700493
88.75,46.25,55.879428564763
88.75,48.25,52.6979222393608
88.75,48.75,52.2094128010881
88.75,49.25,48.2577329511612
88.75,51.25,44.731603079434
88.75,51.75,45.6638591623558
88.75,52.25,46.3045952115828
88.75,52.75,46.2353514502799
88.75,53.25,43.8535562204681
88.75,53.75,40.2749852714953
88.75,55.75,37.1070942805319
88.75,56.25,35.8810353619832
88.75,59.75,29.3578867574778
88.75,60.25,30.3568359979456
88.75,64.75,21.0356727995847
88.75,65.25,23.1628695729093
88.75,65.75,20.3914002036902
89.25,22.75,82.5694187564247
89.25,23.25,85.5320139393014
89.25,23.75,85.0293843533703
89.25,24.25,84.7241349718261
89.25,24.75,83.8434543047725
89.25,25.25,84.2535903889065
89.25,25.75,84.8189652372213
89.25,26.25,83.6512807228983
89.25,26.75,80.7289195243976
89.25,30.25,78.8874630479573
89.25,31.75,80.490955663997
89.25,32.25,80.2838859808546
89.25,32.75,78.1962395232423
89.25,34.25,77.1141335382114
89.25,34.75,77.9497503225228
89.25,35.25,74.4256053828883
89.25,38.75,68.8292309064799
89.25,39.25,68.5086473602321
89.25,39.75,67.0230862998098
89.25,40.25,65.8089505429504
89.25,42.25,62.1643804403583
89.25,42.75,62.5427248588437
89.25,43.25,61.8430024537325
89.25,43.75,61.4504584128756
89.25,44.25,58.6799058089285
89.25,45.75,57.5358786805199
89.25,46.25,56.0323796529805
89.25,47.75,51.6404045554755
89.25,48.25,51.6538257711291
89.25,48.75,50.253692360354
89.25,51.75,47.6244422548722
89.25,52.25,46.7986774239577
89.25,52.75,43.7335393986788
89.25,53.25,42.5933189718705
89.25,53.75,43.5075465697081
89.25,54.25,41.2107902196443
89.25,55.75,38.710530200364
89.25,56.25,36.6141730427889
89.25,59.75,30.8882044077185
89.25,60.25,32.0196657779589
89.25,60.75,28.1983162592247
89.25,64.75,22.1302022253443
89.25,65.25,22.760401040032
89.75,22.75,84.4165803551547
89.75,23.25,85.6747775061111
89.75,23.75,84.6999354170218
89.75,24.25,85.4721408240072
89.75,24.75,85.5202883351234
89.75,25.25,86.3773342890303
89.75,25.75,86.6395327112012
89.75,26.25,84.6963701312222
89.75,26.75,81.7482079708494
89.75,30.25,78.5717958546435
89.75,31.75,81.0882834593957
89.75,32.25,79.980079356543
89.75,32.75,78.1399862631297
89.75,33.25,76.9918246025982
89.75,33.75,75.8329135671182
89.75,34.25,76.2045776400413
89.75,34.75,75.0126237411772
89.75,35.75,73.6949098877443
89.75,36.25,72.7585992509669
89.75,38.75,68.8157374710853
89.75,39.25,67.4876954322824
89.75,42.75,62.8813752256919
89.75,43.25,63.6343645437141
89.75,43.75,61.827212602989
89.75,47.75,54.5963366208355
89.75,48.25,54.9447196023061
89.75,48.75,50.5240437054047
89.75,52.25,43.3254335259132
89.75,53.75,41.4543370865414
89.75,54.25,42.4015959318978
89.75,54.75,40.8142761304988
89.75,55.25,39.2340844739316
89.75,55.75,38.6848337781548
89.75,59.25,31.9611674199078
89.75,59.75,34.3362865262757
89.75,60.25,33.3285855170652
89.75,60.75,29.5423253261697
89.75,61.25,27.6529336543659
89.75,64.25,21.6681467049014
89.75,64.75,22.9605423334097
89.75,65.25,21.0873433443433
90.25,22.25,82.5967757098981
90.25,22.75,85.54721704056
90.25,23.25,84.4998448324827
90.25,23.75,83.9654344180781
90.25,24.25,85.9564917706379
90.25,24.75,86.1505637166653
90.25,25.25,85.6816895238974
90.25,25.75,85.471521095475
90.25,26.25,86.1068869287934
90.25,26.75,84.6729825640519
90.25,30.25,79.4775313925995
90.25,30.75,79.094571632931
90.25,31.25,79.3372993434875
90.25,31.75,79.3987932425139
90.25,33.25,77.761228582395
90.25,33.75,76.9274467054148
90.25,34.25,76.3817201706911
90.25,34.75,77.2839526109517
90.25,35.25,76.9935074642556
90.25,35.75,77.7286249481189
90.25,36.25,72.6120492174134
90.25,39.25,67.7994108647181
90.25,42.75,63.7466081209406
90.25,43.25,65.6370627626981
90.25,43.75,61.9543865077446
90.25,45.75,57.3043178679961
90.25,46.25,55.3609767292149
90.25,47.75,55.672703641471
90.25,48.25,56.5329628673002
90.25,48.75,52.2660167092503
90.25,54.25,42.4008073149166
90.25,54.75,42.3597034767076
90.25,55.25,41.4890663843666
90.25,55.75,40.0760690919865
90.25,56.25,36.2265197435479
90.25,59.25,31.8088657965444
90.25,59.75,33.9604943423645
90.25,60.25,32.2336674669667
90.25,60.75,28.4459367948156
90.25,61.25,27.5641861505297
90.25,61.75,26.2014283247807
90.25,63.75,23.8072776124492
90.25,64.25,22.6271964904401
90.25,71.25,12.8268399632659
90.25,71.75,14.7717897593442
90.75,23.25,83.2947476218948
90.75,23.75,82.2442085457626
90.75,24.25,84.0084084243381
90.75,24.75,86.0090105150307
90.75,25.25,84.5118689836164
90.75,25.75,85.1554678106355
90.75,26.25,88.0885480761216
90.75,26.75,87.9220933314543
90.75,27.25,82.3282658599502
90.75,29.25,79.4668695873607
90.75,29.75,81.9764102281869
90.75,30.25,81.1180254017222
90.75,30.75,79.0838120252279
90.75,31.25,79.7873399498787
90.75,31.75,80.7694490810777
90.75,32.25,79.3408775668425
90.75,32.75,76.6592831320298
90.75,34.25,75.9266081412817
90.75,34.75,78.7799975217041
90.75,35.25,80.0830854859584
90.75,35.75,79.6560628062026
90.75,36.25,73.8218672935342
90.75,37.25,71.0709885911235
90.75,39.25,68.9826580276311
90.75,39.75,68.2280263785428
90.75,42.75,64.2576112058182
90.75,43.25,66.2449826066718
90.75,43.75,62.1992919687792
90.75,44.75,58.0973898760977
90.75,45.25,58.272770179879
90.75,45.75,59.3513439263001
90.75,46.25,56.2937164679809
90.75,47.25,53.6221417061236
90.75,47.75,55.7311790108439
90.75,48.25,55.6865160577762
90.75,48.75,52.6282870189581
90.75,49.25,49.8903122194009
90.75,49.75,50.4073486651156
90.75,50.25,50.772185825697
90.75,50.75,48.4183380117828
90.75,53.25,42.7193670089912
90.75,53.75,43.9179686836771
90.75,54.25,41.9577721921261
90.75,54.75,40.1820774992749
90.75,55.25,41.1054239493612
90.75,55.75,40.2441968950314
90.75,59.75,29.7854061106351
90.75,60.25,29.6813774994786
90.75,62.75,26.9883722460974
90.75,63.25,25.7911079543984
90.75,63.75,24.1436901601097
90.75,64.25,21.9936424070234
90.75,65.75,19.9253057590851
90.75,66.25,18.4369242366987
90.75,68.25,15.5978757347349
90.75,68.75,15.5929285087163
90.75,71.25,13.127681800932
90.75,71.75,14.7815364295231
90.75,72.25,13.2344528257809
91.25,23.25,82.9132725674458
91.25,23.75,82.4747345970705
91.25,24.25,84.6427259654603
91.25,24.75,86.8317861657941
91.25,25.25,85.6664825243387
91.25,25.75,86.7465394139711
91.25,26.25,87.6964082983563
91.25,26.75,88.0320374917638
91.25,27.25,85.7753214693006
91.25,27.75,82.2461462371252
91.25,28.25,80.8971473908054
91.25,29.25,81.7603536467405
91.25,29.75,85.4325320866588
91.25,30.25,83.9827665255103
91.25,30.75,78.9139624292887
91.25,31.25,79.6372507707739
91.25,31.75,83.6629052109529
91.25,32.25,84.2505977908742
91.25,32.75,80.7879339937865
91.25,34.75,77.3929826200443
91.25,35.25,80.8637165468801
91.25,35.75,79.78318414736
91.25,36.25,75.0337277094429
91.25,36.75,74.2989006614874
91.25,37.25,74.4894190456945
91.25,37.75,72.4267684041736
91.25,39.25,69.9665862338849
91.25,39.75,70.9623578373521
91.25,40.25,68.9329478695675
91.25,43.25,65.1793335995875
91.25,43.75,62.9629615007914
91.25,44.25,61.648727435352
91.25,44.75,61.1326328756567
91.25,45.25,57.8517774861884
91.25,48.25,53.2642042701072
91.25,48.75,51.5473865479434
91.25,49.25,50.2282106135974
91.25,49.75,51.0834566673404
91.25,50.25,50.7152334850415
91.25,50.75,49.2373725155766
91.25,51.25,47.1885507349253
91.25,52.25,44.6478001591784
91.25,52.75,44.4071253682147
91.25,53.25,45.4293032092062
91.25,53.75,44.1683042456364
91.25,55.75,39.8733962243341
91.25,57.75,35.3313611292412
91.25,58.25,34.7710098628015
91.25,62.25,27.1805955033491
91.25,62.75,28.5705392784315
91.25,63.25,25.3812455910501
91.25,63.75,22.6621557304753
91.25,65.25,20.8904546677583
91.25,65.75,22.9658846797517
91.25,66.25,19.724153979842
91.25,66.75,17.9443516798768
91.25,68.25,17.1677629901387
91.25,68.75,16.2244161171699
91.25,69.25,14.4410086360555
91.75,24.25,84.7047155580934
91.75,24.75,87.9456109605344
91.75,25.25,87.1559461432238
91.75,25.75,85.522230522717
91.75,26.25,85.0604279752279
91.75,26.75,86.0126052820346
91.75,27.25,85.7184089238425
91.75,27.75,82.241259924081
91.75,29.25,82.317525178779
91.75,29.75,84.3766327312584
91.75,30.25,84.1527975180436
91.75,30.75,80.8201027975031
91.75,31.25,81.6917469301922
91.75,31.75,83.2439913231
91.75,32.25,81.0762239399313
91.75,32.75,79.7875950474748
91.75,33.25,80.2880930266689
91.75,33.75,79.741176936762
91.75,34.25,75.9220029230738
91.75,34.75,77.0248539594165
91.75,35.25,81.1065322789103
91.75,35.75,79.6225116942126
91.75,36.25,74.5353744246657
91.75,36.75,74.1153223832708
91.75,37.25,73.9001471163332
91.75,37.75,72.8611203419449
91.75,38.25,71.1309072945543
91.75,38.75,71.7033008201165
91.75,39.25,71.1748105125651
91.75,39.75,70.9482567388222
91.75,40.25,70.9348887150205
91.75,40.75,68.8505806947712
91.75,41.25,65.818962012846
91.75,43.25,62.1703424573948
91.75,43.75,62.4924253668842
91.75,44.25,62.1440577194775
91.75,44.75,59.2929537917512
91.75,46.25,56.4101212533425
91.75,48.25,52.9827396584449
91.75,48.75,53.1635641351263
91.75,49.25,52.1255203140147
91.75,49.75,50.8001757173312
91.75,50.25,49.1432432170655
91.75,50.75,49.1944497375371
91.75,51.25,48.5156890656181
91.75,51.75,45.7735265996905
91.75,52.25,44.7470984055503
91.75,52.75,45.1513063334956
91.75,53.25,43.705619431245
91.75,55.75,40.9990497504465
91.75,56.25,36.9631088886347
91.75,57.75,36.7592025087873
91.75,58.25,36.4959359818223
91.75,61.75,26.8799999725201
91.75,62.25,26.2944338211023
91.75,62.75,24.9691738361141
91.75,65.25,23.8902224070349
91.75,65.75,23.0068251276462
91.75,66.25,19.3810532412186
91.75,68.75,15.5273106624665
91.75,69.25,15.600125547746
92.25,21.25,83.5085539623774
92.25,21.75,82.228722220791
92.25,24.25,82.741841110218
92.25,24.75,84.9533392534088
92.25,25.25,86.2297179752884
92.25,25.75,84.1196573173187
92.25,26.25,83.4352617577607
92.25,26.75,84.4326029630342
92.25,27.25,84.7004795199861
92.25,27.75,81.9379958758061
92.25,28.75,80.2385301421818
92.25,29.25,83.4859602577174
92.25,29.75,84.0150197709099
92.25,30.25,83.741100038047
92.25,30.75,80.6690235659755
92.25,31.25,79.985397586722
92.25,31.75,80.4719775129954
92.25,32.25,77.5684902731968
92.25,32.75,78.8224727257618
92.25,33.25,83.6177818751405
92.25,33.75,83.089767847249
92.25,34.25,81.3198071624135
92.25,34.75,80.4987967227238
92.25,35.25,81.3163364429753
92.25,35.75,78.0698607868107
92.25,36.25,74.9714267091327
92.25,36.75,75.2050666903573
92.25,37.25,74.5601302866555
92.25,37.75,73.927169618103
92.25,38.25,72.7653068940731
92.25,38.75,70.9642167427968
92.25,39.25,70.2394649487453
92.25,39.75,71.5691108991355
92.25,40.25,71.1682890692577
92.25,40.75,68.939198437886
92.25,41.25,67.0202932258771
92.25,41.75,65.199644590931
92.25,42.25,65.143289797754
92.25,42.75,63.8172424519643
92.25,44.25,60.8682093622362
92.25,47.75,55.9732154703095
92.25,48.25,55.1162935054418
92.25,48.75,54.006143918811
92.25,49.25,51.5403744314232
92.25,50.25,49.7942613269494
92.25,50.75,50.8297390272933
92.25,51.25,49.3599106207848
92.25,51.75,46.2461175700177
92.25,55.75,38.9331653223905
92.25,57.75,35.9640815006929
92.25,58.25,36.9958121294714
92.25,61.25,27.2719571480478
92.25,65.25,23.9388224698186
92.25,65.75,23.0504131938469
92.25,66.25,21.6582834071359
92.25,66.75,17.9275528611911
92.25,68.75,16.5944322549077
92.25,69.25,17.1700340229731
92.25,69.75,14.0580765899153
92.75,11.75,84.5996388086342
92.75,12.75,83.6529589824138
92.75,22.25,82.0857087430306
92.75,22.75,81.9019025841592
92.75,23.75,82.5335077159984
92.75,24.25,83.3288894245091
92.75,24.75,83.2640376926259
92.75,25.25,84.9038679445666
92.75,25.75,83.318832551255
92.75,26.25,83.4911919575422
92.75,26.75,84.2997202518144
92.75,27.25,84.4968106266188
92.75,27.75,83.1163440847041
92.75,28.25,80.5207013251547
92.75,29.25,83.8287796386786
92.75,29.75,86.4992922876362
92.75,30.25,86.3795889173993
92.75,30.75,81.5928815969756
92.75,31.75,79.3603876900111
92.75,32.25,79.464008638174
92.75,32.75,79.1363954848752
92.75,33.25,81.0312261194598
92.75,33.75,83.2901670925465
92.75,34.25,82.7478072009372
92.75,34.75,82.1795075204223
92.75,35.25,79.9233960709177
92.75,35.75,75.6177924313691
92.75,36.25,75.8934672326105
92.75,36.75,77.5905252457662
92.75,37.25,76.0834885048542
92.75,37.75,73.7566713796732
92.75,39.25,69.7056810814131
92.75,39.75,75.1020803549905
92.75,40.25,71.882663210185
92.75,40.75,67.0985663969451
92.75,41.25,67.4466992474749
92.75,41.75,70.9786332353188
92.75,42.25,70.790149853019
92.75,42.75,68.9632833235367
92.75,43.25,64.257211898238
92.75,44.75,61.4048300324381
92.75,45.25,61.6457014912689
92.75,45.75,58.121086163912
92.75,47.25,56.6775067902216
92.75,47.75,57.6653008562556
92.75,48.25,53.1994735977162
92.75,50.25,52.1493205212528
92.75,50.75,51.3158858022993
92.75,51.25,48.8557182747579
92.75,51.75,48.3748992973853
92.75,52.25,46.3785792903496
92.75,57.75,37.1627536966942
92.75,58.25,37.3088510005431
92.75,59.75,31.1431642188212
92.75,60.25,31.5048592541313
92.75,60.75,29.8786653267028
92.75,61.25,27.9517573790881
92.75,62.25,25.4420291816864
92.75,64.75,23.5059448507854
92.75,65.25,23.9903456053474
92.75,65.75,23.0966373162571
92.75,66.25,22.2308232431173
92.75,66.75,20.8449176154161
92.75,69.25,15.9542389224038
92.75,69.75,15.3286177564215
93.25,22.25,84.060614199674
93.25,22.75,84.1777781298558
93.25,23.25,84.4067015084987
93.25,23.75,83.6643652645529
93.25,24.25,82.3094879058688
93.25,24.75,82.88202847539
93.25,25.25,83.6065183461112
93.25,25.75,81.3650390707428
93.25,26.25,81.2791124871402
93.25,28.75,80.4061780161253
93.25,29.25,82.5593367575633
93.25,29.75,85.283046291477
93.25,30.25,86.5100576732465
93.25,30.75,84.3341834402186
93.25,31.25,80.7798142993091
93.25,31.75,80.243560396926
93.25,32.25,81.0212761430961
93.25,32.75,79.8281272008463
93.25,33.25,78.3141434428232
93.25,33.75,78.5738235567551
93.25,34.25,79.5738643601158
93.25,34.75,81.1092362265338
93.25,35.25,77.6542557818963
93.25,35.75,74.2669561634349
93.25,36.25,75.1474164167283
93.25,36.75,78.1589639871372
93.25,37.25,78.2031844986054
93.25,37.75,74.7479515832198
93.25,39.25,69.5675213444433
93.25,39.75,75.0350975176588
93.25,40.25,71.9968531175248
93.25,41.25,67.2634404274369
93.25,41.75,72.1108851792078
93.25,42.25,71.2235984591473
93.25,42.75,70.3214265703711
93.25,43.25,66.952288518275
93.25,45.25,62.879932912717
93.25,45.75,60.9406609528909
93.25,46.25,58.8458461772603
93.25,46.75,59.5572619671795
93.25,47.25,60.178463087208
93.25,47.75,58.6698617937379
93.25,50.25,51.1507162579142
93.25,50.75,50.1404563426478
93.25,51.25,48.1760687187263
93.25,51.75,47.5659766150723
93.25,52.25,46.9611830930375
93.25,52.75,45.2127588462708
93.25,53.25,44.2822328773601
93.25,53.75,44.3575201396417
93.25,54.25,42.046426046863
93.25,57.25,37.5489309528858
93.25,57.75,39.4963405920202
93.25,58.25,36.5396271915211
93.25,59.75,33.8225804786206
93.25,60.25,34.1987269361287
93.25,60.75,29.1807868154375
93.25,62.25,25.9162481444262
93.25,64.75,22.6129783826991
93.25,65.25,23.571734116827
93.25,65.75,23.1454854069324
93.25,66.25,22.2745996071985
93.25,66.75,21.4335473478566
93.75,19.25,84.3193866136905
93.75,22.25,83.6485303071874
93.75,22.75,83.7067051162802
93.75,23.25,83.0045431508943
93.75,24.75,83.1622569536534
93.75,25.25,84.5121511275234
93.75,25.75,81.9089566139746
93.75,28.75,80.8923207485764
93.75,29.25,80.8645761462272
93.75,29.75,81.7709339640202
93.75,30.25,85.2619162285599
93.75,30.75,86.2848609948172
93.75,31.25,83.9302078098156
93.75,31.75,81.1730091034802
93.75,32.25,81.2516806315057
93.75,32.75,80.7856252911742
93.75,33.25,78.7966980423884
93.75,33.75,76.5703080619917
93.75,34.75,78.2449657452176
93.75,35.25,78.1762486514983
93.75,35.75,75.2183132758144
93.75,36.25,74.6075646476192
93.75,36.75,77.5870966076589
93.75,37.25,77.4551897900886
93.75,37.75,73.8708558062114
93.75,39.75,69.4452450976277
93.75,40.25,70.3463953367692
93.75,40.75,68.6048027177123
93.75,41.25,68.3236746801534
93.75,41.75,71.0280922511721
93.75,42.25,71.2573832602526
93.75,42.75,67.9665913253079
93.75,43.25,64.8146452687648
93.75,45.75,60.6778189310736
93.75,46.25,59.9231414693135
93.75,46.75,62.3561854473256
93.75,47.25,62.1965392230411
93.75,47.75,59.0081833543468
93.75,50.75,50.4316151938485
93.75,51.25,50.1022368586874
93.75,52.75,46.3557612381933
93.75,53.25,46.0393997733355
93.75,53.75,46.0535392586593
93.75,54.25,45.0966528116982
93.75,54.75,41.0274665598595
93.75,55.75,40.9447422242385
93.75,56.25,37.8228766545267
93.75,56.75,37.0734086631683
93.75,57.25,39.2352534006613
93.75,57.75,38.6507897501349
93.75,58.25,35.2689812975315
93.75,58.75,32.6267306836081
93.75,59.75,31.0814880713555
93.75,60.25,30.6067295753897
93.75,65.75,20.7917064752212
93.75,66.25,22.1765410351598
93.75,66.75,19.2410240640994
93.75,69.75,14.3981646448797
94.25,18.75,87.254323656073
94.25,19.25,85.6645122922655
94.25,19.75,82.6451832775856
94.25,20.25,82.9071307022707
94.25,20.75,83.4956874151258
94.25,22.75,82.1301359228026
94.25,23.75,82.2575650605499
94.25,24.25,84.6442843732735
94.25,24.75,85.6981303905712
94.25,25.25,86.388356290867
94.25,25.75,83.5253328956508
94.25,29.75,81.125536202825
94.25,30.25,83.425527870154
94.25,30.75,84.7217011232627
94.25,31.25,84.2894514527302
94.25,31.75,82.201006278308
94.25,32.25,80.0181090400565
94.25,32.75,77.9668409163601
94.25,34.75,77.9413004441896
94.25,35.25,79.8718161965357
94.25,35.75,77.0494627758806
94.25,36.25,74.7575994418291
94.25,36.75,76.6128108572358
94.25,37.25,76.1825062719281
94.25,37.75,73.1291749712866
94.25,38.25,72.282581500557
94.25,38.75,73.2917690520308
94.25,39.25,70.1927408554049
94.25,40.75,69.1868502270725
94.25,41.25,70.0126307845972
94.25,41.75,70.2869173403377
94.25,42.25,67.8990950939784
94.25,42.75,65.8577217261274
94.25,46.25,58.3986345084978
94.25,46.75,62.0079080068961
94.25,47.25,62.6918038574017
94.25,47.75,57.5662377396732
94.25,51.25,49.7004648735321
94.25,52.75,47.2515907764699
94.25,53.25,46.0311630278782
94.25,53.75,45.0251182145965
94.25,54.25,44.9546881837522
94.25,55.75,40.135407304976
94.25,56.25,40.1536826061479
94.25,56.75,39.0153315498522
94.25,57.25,37.8519831780948
94.25,57.75,35.208340779705
94.25,72.25,14.1945658698796
94.75,17.25,83.3729969996456
94.75,17.75,84.9673533523548
94.75,18.25,84.6212014489588
94.75,18.75,85.2337891957608
94.75,19.25,85.7667391923598
94.75,19.75,84.3547363223432
94.75,20.25,82.7843368728054
94.75,20.75,82.8512566024919
94.75,22.25,82.7295324852591
94.75,22.75,83.5681565604729
94.75,23.75,82.3354435014021
94.75,24.25,86.2820255845459
94.75,24.75,87.1445396744985
94.75,25.25,87.0443323485505
94.75,25.75,85.3674993527906
94.75,29.25,82.3311581190458
94.75,29.75,83.7132418662119
94.75,30.25,82.7567290297207
94.75,30.75,82.0265195112707
94.75,31.25,84.2428284008665
94.75,31.75,84.6525042266087
94.75,32.25,81.2548787427788
94.75,35.25,77.3101588040497
94.75,35.75,76.3143315184839
94.75,36.75,76.7698973307098
94.75,37.25,78.5329562198161
94.75,37.75,75.5115926036265
94.75,38.25,72.7984078115526
94.75,38.75,73.5343948187987
94.75,39.25,71.4289187455148
94.75,40.25,69.4951348202812
94.75,40.75,69.2527060362068
94.75,41.25,70.4420094004013
94.75,41.75,69.6233129625433
94.75,42.25,67.0243388997572
94.75,42.75,66.372459712584
94.75,46.75,59.4271930375382
94.75,47.25,58.8533827452964
94.75,48.75,55.2301754087509
94.75,49.25,56.0420437403377
94.75,52.75,47.2329937661829
94.75,53.25,45.699048682961
94.75,54.25,43.7559010894604
94.75,56.25,39.3382930121209
94.75,66.75,21.5635493496312
94.75,67.25,20.7397613225393
94.75,67.75,18.524060870061
94.75,72.25,12.6681240077157
95.25,5.25,70.1919831237005
95.25,16.25,82.6401855975597
95.25,17.25,83.677826934108
95.25,17.75,87.1898055353101
95.25,18.25,85.2161516103274
95.25,18.75,83.0788198276705
95.25,19.25,84.3233864463871
95.25,19.75,83.8071179226712
95.25,21.25,83.121771702711
95.25,21.75,83.8806097460408
95.25,22.25,85.0571777787104
95.25,22.75,85.6793019832216
95.25,23.25,85.0018770847133
95.25,23.75,84.1925097492567
95.25,24.25,86.517814799807
95.25,24.75,86.6218228980297
95.25,25.25,85.5865574979116
95.25,25.75,84.878081845544
95.25,26.25,81.5157414475027
95.25,28.75,83.3230114428311
95.25,29.25,85.5091437283297
95.25,29.75,84.950407838885
95.25,30.25,83.3353190104434
95.25,30.75,80.6600597453215
95.25,31.25,82.4219362791881
95.25,31.75,85.6519467030504
95.25,32.25,85.2034341120451
95.25,32.75,81.5634226667138
95.25,33.25,78.382711125712
95.25,34.75,76.1984782239292
95.25,35.25,78.1646723719823
95.25,35.75,77.2469593573052
95.25,36.25,75.8735892486019
95.25,36.75,78.5295880225303
95.25,37.25,80.4084097258138
95.25,37.75,79.0841597833183
95.25,38.25,74.5903852133339
95.25,38.75,73.1251959266397
95.25,39.25,71.4864995890222
95.25,39.75,70.2589652254393
95.25,40.25,70.0018534888106
95.25,40.75,70.2329517877487
95.25,41.25,71.3022936577058
95.25,41.75,69.4475699391774
95.25,42.25,67.2905909583847
95.25,42.75,67.6430559913856
95.25,43.25,67.0822119871556
95.25,43.75,64.1090792941545
95.25,45.25,62.599080830316
95.25,48.75,56.1202847569808
95.25,49.25,58.3452231397236
95.25,49.75,54.4917883179965
95.25,52.75,46.6024720844949
95.25,53.25,45.5391021831036
95.25,54.25,44.0081524418893
95.25,59.25,32.2494022101215
95.25,59.75,32.3437386292113
95.25,66.25,18.8731420719851
95.25,66.75,21.6109610122051
95.25,67.25,20.7820959705665
95.25,67.75,16.7575693918389
95.75,2.75,65.7019146321703
95.75,4.75,69.6825495221911
95.75,5.25,73.2653400320315
95.75,16.25,86.4769915518914
95.75,16.75,83.1044903631168
95.75,17.25,82.8936836402283
95.75,17.75,84.9158061782761
95.75,18.25,84.189491020903
95.75,18.75,82.8821611844107
95.75,19.25,83.3299856364804
95.75,22.25,84.0934571610514
95.75,22.75,87.4611008415045
95.75,23.25,89.7724510551634
95.75,23.75,88.2810580984772
95.75,24.25,86.1970738472193
95.75,24.75,83.4795931637186
95.75,28.75,84.3874559310726
95.75,29.25,83.8118401830672
95.75,29.75,81.1057695426933
95.75,30.25,80.8501925221741
95.75,30.75,80.2921034392625
95.75,31.25,80.7848426267543
95.75,31.75,83.8306286131219
95.75,32.25,85.717027264261
95.75,32.75,84.8586246575117
95.75,33.25,80.2975461224765
95.75,34.25,77.5636121743238
95.75,34.75,79.1347507913134
95.75,35.25,80.4129020995065
95.75,35.75,79.5362157030165
95.75,36.25,76.948570900733
95.75,36.75,76.5364730652805
95.75,37.25,77.8106563315842
95.75,37.75,77.5484882041506
95.75,38.25,74.9357045114338
95.75,38.75,74.3584939585413
95.75,39.25,72.3203021065118
95.75,40.75,69.791084463986
95.75,41.25,69.2807483110301
95.75,42.25,67.0040775371282
95.75,42.75,69.3549009045076
95.75,43.25,69.2252335401359
95.75,43.75,68.4047901831552
95.75,44.25,65.4778408746374
95.75,44.75,62.5837389164135
95.75,45.25,61.6563497553096
95.75,49.25,56.7750413138869
95.75,49.75,54.4812879953881
95.75,52.75,46.6098051599946
95.75,54.75,42.4929898112435
95.75,59.75,32.1536270419053
95.75,60.25,31.711751263116
95.75,65.75,20.4141795629779
95.75,66.25,20.8172905041308
95.75,66.75,18.6901638172938
95.75,67.25,18.1030091125549
96.25,4.25,71.360801694451
96.25,4.75,72.928330346119
96.25,5.25,73.157447507334
96.25,22.75,87.0806847156015
96.25,23.25,89.832073124067
96.25,23.75,88.2802848375048
96.25,24.25,85.1973841953387
96.25,24.75,82.5587739371636
96.25,28.75,82.3998298573677
96.25,29.25,82.7867346265525
96.25,30.75,80.1370612899486
96.25,31.25,80.9906826335227
96.25,31.75,81.5269127865343
96.25,32.25,83.5376454056303
96.25,32.75,82.7744191539681
96.25,33.25,80.6355509207353
96.25,33.75,79.9647326196666
96.25,34.25,79.84993481224
96.25,34.75,79.9417980381193
96.25,35.25,81.8926861071828
96.25,35.75,82.3619734071154
96.25,36.25,77.7521807668217
96.25,36.75,75.3666198771589
96.25,37.25,76.3836090098329
96.25,37.75,75.806152760019
96.25,38.25,75.4214316418481
96.25,38.75,75.4138274724098
96.25,39.25,71.6354387068718
96.25,42.25,67.808326502128
96.25,42.75,69.4998156991853
96.25,43.25,69.4490184165896
96.25,43.75,69.6449620635637
96.25,44.25,67.1902527914273
96.25,46.75,61.3353805280978
96.25,47.25,59.6521682270235
96.25,49.25,55.2733786448115
96.25,52.25,49.381547107682
96.25,55.25,42.0220019626885
96.25,60.25,32.2779401505909
96.25,60.75,30.5108676674492
96.25,65.75,19.6753467978405
96.25,69.25,17.8435403477641
96.25,69.75,17.2088623966415
96.25,70.25,14.5888158756441
96.75,3.75,67.4867963094259
96.75,4.25,71.025524443804
96.75,4.75,73.2210272673469
96.75,5.25,74.048378024796
96.75,16.75,83.4822831669249
96.75,18.75,84.3988519523934
96.75,19.25,84.3943119071561
96.75,19.75,84.2740323131775
96.75,22.75,83.7159480218502
96.75,23.25,85.3336267166854
96.75,23.75,84.6183968932015
96.75,24.25,83.6817629741675
96.75,24.75,83.5712576118853
96.75,25.25,84.0026620300223
96.75,25.75,82.4567482409941
96.75,29.25,81.5482064049557
96.75,29.75,82.3358625945034
96.75,30.25,80.2681860821987
96.75,30.75,80.5408025456891
96.75,31.25,80.9910133654859
96.75,31.75,80.1988535294152
96.75,32.25,79.7866060443175
96.75,32.75,78.7596483225149
96.75,33.25,80.0166554585494
96.75,33.75,79.8751768134505
96.75,34.75,77.005608343619
96.75,35.25,79.1172857832357
96.75,35.75,79.61416702551
96.75,36.25,78.0758855494449
96.75,36.75,77.4984820914515
96.75,37.25,78.8011778602599
96.75,37.75,78.330721414535
96.75,38.25,77.767093568664
96.75,38.75,75.9413370186623
96.75,39.25,73.1665306010305
96.75,39.75,73.0818411491395
96.75,40.25,70.6315625773935
96.75,41.75,69.7865832701127
96.75,42.25,69.1260524975316
96.75,42.75,67.374488880411
96.75,43.25,67.7245369857431
96.75,43.75,69.3692341045059
96.75,44.25,68.2602467850026
96.75,46.25,63.4170551394233
96.75,46.75,64.5444633041983
96.75,47.25,62.885711181706
96.75,47.75,58.8824553466856
96.75,51.75,50.2434457710418
96.75,55.25,42.8752170167458
96.75,55.75,41.7725120822098
96.75,56.25,40.2038527886233
96.75,60.75,33.0466991745519
96.75,61.25,29.4296815647004
96.75,68.75,15.3705498030782
96.75,69.25,17.8985553859176
96.75,69.75,17.2350606394803
96.75,70.25,15.4321281860972
96.75,70.75,14.4308022078692
96.75,71.25,12.616980343371
96.75,71.75,13.6828698210709
96.75,72.25,13.0354969325516
97.25,1.25,60.6484781995371
97.25,18.25,85.4132565883824
97.25,18.75,89.0508688386839
97.25,19.25,88.3560165357602
97.25,19.75,87.4818515117071
97.25,20.25,84.0274951901437
97.25,21.75,82.9607669525979
97.25,25.25,84.8075130198223
97.25,25.75,84.6338562298616
97.25,26.25,82.0198579744373
97.25,29.75,84.736319339477
97.25,30.25,86.3688401090578
97.25,30.75,83.2785083892544
97.25,31.25,82.2390270331688
97.25,31.75,80.4953899938598
97.25,33.25,79.4718709853512
97.25,33.75,78.5301180595364
97.25,36.25,77.4360175103018
97.25,36.75,78.0768731187468
97.25,37.25,78.1896138276395
97.25,37.75,77.171354918454
97.25,38.25,74.7639219609553
97.25,39.25,73.8880405214536
97.25,39.75,76.712908891044
97.25,40.25,72.6041481255684
97.25,41.75,69.3941526738218
97.25,42.25,69.1272803529178
97.25,43.75,67.070706032096
97.25,44.25,68.3128881969836
97.25,44.75,64.8507761103247
97.25,46.75,60.5593300125246
97.25,47.25,60.8416894451119
97.25,49.25,55.6428584225197
97.25,49.75,55.2310399361547
97.25,51.25,51.1904443094174
97.25,51.75,53.2442033325302
97.25,52.25,49.7404586881041
97.25,55.25,44.7183403622095
97.25,55.75,44.091919951267
97.25,56.25,41.8273277927614
97.25,60.75,30.6912552723201
97.25,61.25,28.7642567385248
97.25,69.25,17.285780736979
97.25,69.75,14.2097787697393
97.75,0.75,61.3830864012527
97.75,2.75,64.690568396795
97.75,15.75,82.6889748054325
97.75,17.75,83.5089098483574
97.75,18.25,86.894223406722
97.75,18.75,90.0716317606441
97.75,19.25,90.1235792618334
97.75,19.75,89.7873915345162
97.75,20.25,87.7349669067801
97.75,20.75,84.6186811791816
97.75,21.25,84.878313601874
97.75,21.75,84.1321256223048
97.75,25.25,84.907818353844
97.75,25.75,84.7818214056402
97.75,26.25,84.362120563848
97.75,26.75,83.0532815112395
97.75,29.75,85.2088254679762
97.75,30.25,87.5631596826866
97.75,30.75,85.4469009614624
97.75,31.25,84.6433489589385
97.75,31.75,82.8440082213346
97.75,32.25,79.2552505977586
97.75,32.75,79.0648641961106
97.75,33.25,81.4623821883523
97.75,33.75,79.7620022293396
97.75,35.25,77.5525479370747
97.75,35.75,76.2420561820707
97.75,36.25,75.8279493031693
97.75,39.75,73.6263490979347
97.75,40.25,72.7861121536091
97.75,43.75,67.8400572802285
97.75,44.25,68.0939736094603
97.75,44.75,64.6287754549886
97.75,49.25,57.8070892848072
97.75,49.75,58.3871070811633
97.75,51.75,53.9367898148294
97.75,52.25,52.9138524678421
97.75,52.75,48.8615951881735
97.75,54.75,44.4219967239528
97.75,55.25,46.1757701428969
97.75,55.75,45.333604441947
97.75,56.25,40.6608099123226
97.75,58.25,36.0348299770929
97.75,58.75,34.3765953241738
97.75,69.25,17.0922350323556
97.75,71.75,12.9109303765429
97.75,72.25,12.796297156511
98.25,2.25,64.0621179354563
98.25,8.75,80.3763915961052
98.25,10.75,79.7946788988519
98.25,14.75,85.5104562243945
98.25,15.25,88.5734488240751
98.25,15.75,84.5167340025279
98.25,17.25,84.9872211274566
98.25,17.75,87.9696010074826
98.25,18.25,87.3845810023411
98.25,18.75,87.7060635235385
98.25,19.25,88.602531469628
98.25,19.75,88.3784816395527
98.25,20.25,88.1889188486721
98.25,20.75,87.8195141656331
98.25,21.25,85.6901120410694
98.25,21.75,82.9721975299308
98.25,22.25,83.0485237396223
98.25,22.75,83.7136435112338
98.25,24.75,83.9001441631879
98.25,25.25,84.0863886832798
98.25,25.75,84.2148177157807
98.25,26.25,86.4432880681252
98.25,26.75,86.2632546360463
98.25,27.25,83.5010037693413
98.25,27.75,82.013834230481
98.25,28.25,82.0866785267839
98.25,28.75,82.3953023840254
98.25,29.25,83.5559614874776
98.25,29.75,83.45888694071
98.25,30.25,81.9168890941633
98.25,30.75,81.4278654006685
98.25,31.25,82.4343940995781
98.25,31.75,81.335392615464
98.25,32.25,79.6374521273237
98.25,32.75,80.8195581495223
98.25,33.25,83.088452800426
98.25,33.75,81.7542584607613
98.25,34.25,78.4533680811654
98.25,34.75,78.6902486126127
98.25,35.25,79.0577563297088
98.25,35.75,76.5277039188858
98.25,37.75,76.1914319843986
98.25,38.25,76.8110212630665
98.25,42.75,68.1878795432135
98.25,43.25,70.3082535051113
98.25,43.75,72.0112671370769
98.25,44.25,68.4957914840283
98.25,46.25,64.5635267656622
98.25,46.75,63.6886228036242
98.25,49.25,57.43843875065
98.25,49.75,56.3290637750714
98.25,51.75,52.669539361077
98.25,52.25,52.3168407349707
98.25,52.75,50.8322046569136
98.25,53.25,49.2503488457896
98.25,53.75,47.3834134649976
98.25,55.25,45.363676724069
98.25,55.75,45.8273489068012
98.25,56.25,42.3239660067917
98.25,57.75,37.4426316081416
98.25,58.25,37.8829621456432
98.25,58.75,36.1258134275494
98.25,61.25,31.0242519858454
98.25,61.75,31.1191293063083
98.25,69.25,17.2106412232926
98.25,71.25,14.2663758229815
98.25,71.75,14.9927997752369
98.25,72.25,14.5009294174667
98.75,2.25,65.0016525228434
98.75,2.75,66.4998799075558
98.75,3.25,68.6609506326873
98.75,10.25,79.6516551201191
98.75,10.75,79.9994888210325
98.75,11.25,79.6360932895253
98.75,12.75,81.8593340327758
98.75,13.25,83.5154823399806
98.75,13.75,82.3081863918994
98.75,14.25,81.5322980982124
98.75,14.75,84.7217863600078
98.75,15.25,88.9300238503994
98.75,15.75,86.2241220276564
98.75,16.75,83.4361852100655
98.75,17.25,88.1511548566466
98.75,17.75,90.0063524635169
98.75,18.25,86.1226755630931
98.75,19.75,83.592534361539
98.75,20.25,85.6571614994332
98.75,20.75,85.2521610864975
98.75,21.25,83.2542632794181
98.75,21.75,83.0757479345427
98.75,22.25,84.0119895430168
98.75,22.75,84.0292026501693
98.75,23.25,83.4910056849449
98.75,23.75,83.2710927969051
98.75,24.25,84.7120291398341
98.75,24.75,84.7215584910808
98.75,25.25,82.3697504681585
98.75,25.75,84.8061395368692
98.75,26.25,88.6391555406174
98.75,26.75,86.6844074658298
98.75,27.25,84.0050227244562
98.75,27.75,83.2571542374899
98.75,28.25,82.7396640209767
98.75,28.75,83.327904074425
98.75,29.25,85.6182172460444
98.75,29.75,83.1783010076484
98.75,31.25,80.7216961893514
98.75,31.75,80.5152643252004
98.75,32.75,79.0137884294362
98.75,33.25,79.9403414242714
98.75,33.75,80.7207100038402
98.75,34.25,80.0777407181844
98.75,34.75,79.4099583979714
98.75,35.25,77.3237698809348
98.75,36.25,76.4534515141157
98.75,36.75,78.1751610362414
98.75,37.25,79.093873835025
98.75,37.75,79.7121608190106
98.75,38.25,80.2640085588385
98.75,38.75,74.0495015165939
98.75,42.25,70.1222227612095
98.75,42.75,71.4838598806818
98.75,43.25,72.9016880695074
98.75,43.75,72.9060357213156
98.75,44.25,69.0052351446273
98.75,51.75,51.8049253501199
98.75,52.25,52.2149308661919
98.75,52.75,52.4054215075231
98.75,53.25,52.1483413325067
98.75,53.75,50.907232555357
98.75,55.25,44.0094359355458
98.75,55.75,47.301624507728
98.75,56.25,46.4726787905195
98.75,56.75,43.4029708472987
98.75,57.25,40.4490123324776
98.75,57.75,39.3155708183131
98.75,58.25,38.8912308345727
98.75,58.75,35.8645202263755
98.75,59.75,33.0199668545272
98.75,60.25,31.566985795358
98.75,60.75,30.1395032827455
98.75,61.25,30.0073409268487
98.75,61.75,30.8498017220019
98.75,62.25,28.7073797042795
98.75,64.25,22.9918936688324
98.75,69.25,16.653343634985
98.75,71.25,13.2511138248417
98.75,71.75,15.0101866486423
98.75,72.25,14.5161803558719
99.25,1.75,63.3012249117633
99.25,2.25,66.8120525685073
99.25,2.75,68.6368168701433
99.25,3.25,70.0162864050636
99.25,7.75,77.1382130985385
99.25,8.25,76.7740562427055
99.25,10.75,82.7439558760308
99.25,11.25,81.3028960779723
99.25,12.25,80.7832247986591
99.25,12.75,83.4141005887553
99.25,13.25,84.7680843885988
99.25,13.75,82.8006134503847
99.25,14.25,82.6623931793725
99.25,14.75,85.9006968287896
99.25,15.25,88.8339476665472
99.25,15.75,84.9138254488957
99.25,16.75,84.6617954259176
99.25,17.25,88.6822519460079
99.25,17.75,88.1029836771771
99.25,20.25,85.7491049585241
99.25,20.75,83.7874085903326
99.25,21.75,83.1459192303881
99.25,22.25,84.1096192571958
99.25,22.75,84.9515020884535
99.25,23.25,85.2221698869851
99.25,23.75,83.7330640486563
99.25,24.25,84.6751158250225
99.25,24.75,86.3842843045635
99.25,25.25,85.6278046317907
99.25,25.75,88.6354216424124
99.25,26.25,89.4585641912254
99.25,26.75,87.1475174140474
99.25,27.25,83.7802282775845
99.25,27.75,84.0594044508613
99.25,28.25,84.3884488289639
99.25,28.75,83.4595427594192
99.25,29.25,84.9530456030964
99.25,29.75,84.797601317791
99.25,30.25,81.5817451823178
99.25,30.75,80.4003477103835
99.25,31.25,81.5402525537961
99.25,31.75,81.8914686519433
99.25,32.25,81.7116010637457
99.25,32.75,80.2115402636483
99.25,34.25,79.0849793743593
99.25,34.75,79.4205682835489
99.25,36.25,77.7752286685934
99.25,36.75,79.7646439747659
99.25,37.25,80.6514973413478
99.25,37.75,79.3593361675983
99.25,38.25,76.5272134100183
99.25,40.25,74.1479598470289
99.25,42.25,72.1590400362131
99.25,42.75,72.6366868391569
99.25,43.25,71.142195907403
99.25,43.75,70.6501985956519
99.25,44.25,69.3550689710711
99.25,50.75,54.8192073329206
99.25,53.25,50.6153732737325
99.25,53.75,52.1433266998216
99.25,54.25,46.6828678272494
99.25,55.75,46.2401962058441
99.25,56.25,46.849777537917
99.25,56.75,45.478067266371
99.25,57.25,42.820922809288
99.25,57.75,40.8390020749962
99.25,58.25,39.3738703034041
99.25,58.75,35.4804836117576
99.25,59.75,32.9031940407945
99.25,61.25,29.3179849277562
99.25,61.75,30.284659525018
99.25,62.25,27.8320711873686
99.25,64.25,24.1250324261895
99.25,64.75,23.8418146276996
99.25,72.25,14.2886241412522
99.75,-2.25,51.1345652350485
99.75,1.75,64.5027558848709
99.75,2.25,66.8986345237454
99.75,2.75,68.3949161932867
99.75,7.75,78.1702889179995
99.75,8.25,79.4074397003989
99.75,8.75,78.1714224711982
99.75,12.25,81.3762408895796
99.75,12.75,83.3466754514194
99.75,13.25,82.701295778222
99.75,13.75,83.1551726697867
99.75,14.25,86.0778722892266
99.75,14.75,87.9920963236943
99.75,15.25,88.9260000470194
99.75,15.75,84.7954355428931
99.75,16.75,86.0427955288719
99.75,17.25,88.7569179092272
99.75,17.75,87.5233513149618
99.75,18.25,83.9597356903932
99.75,20.25,87.2785539326572
99.75,20.75,87.2256437843678
99.75,21.25,83.923706493655
99.75,22.25,84.0238635718387
99.75,22.75,85.2258554989217
99.75,23.25,84.8709780214551
99.75,23.75,84.0225038492613
99.75,24.25,85.620996417337
99.75,24.75,88.1884299080774
99.75,25.25,89.1152324949139
99.75,25.75,88.5871224699328
99.75,26.25,86.3593844250032
99.75,26.75,84.0629895294631
99.75,27.25,81.9616075766889
99.75,27.75,83.5974999709689
99.75,28.25,86.411428696896
99.75,28.75,84.9731178360412
99.75,29.25,85.8958187975511
99.75,29.75,88.2051314805609
99.75,30.25,87.3504424975333
99.75,30.75,82.6390623901081
99.75,31.75,79.9828523455198
99.75,32.25,81.0382041299786
99.75,32.75,80.7500730916729
99.75,35.25,78.1609095825302
99.75,36.75,77.3166355247569
99.75,37.25,76.9880812243271
99.75,37.75,75.7214312536005
99.75,40.25,76.2664619051059
99.75,40.75,72.3526605160599
99.75,42.25,73.2488844542493
99.75,42.75,72.9081957215977
99.75,43.25,70.5188811482728
99.75,43.75,69.9069420462195
99.75,44.25,68.1852242464786
99.75,49.75,57.4818593613868
99.75,50.25,58.5993227391997
99.75,50.75,56.0546059144978
99.75,53.25,50.9052786453787
99.75,53.75,51.3137552857638
99.75,55.75,45.202697393269
99.75,56.25,44.1899611921272
99.75,56.75,41.8521545918798
99.75,57.25,40.3955110394601
99.75,57.75,42.3150695085305
99.75,58.25,41.0986143034572
99.75,58.75,35.6353447638059
99.75,61.25,29.9271878403744
99.75,70.75,14.9857750908146
99.75,71.25,12.8256374922318
100.25,-0.75,55.3178384358294
100.25,0.25,58.3475621875381
100.25,1.75,66.7792295108787
100.25,2.25,67.8754172733435
100.25,7.25,75.3569304827839
100.25,8.25,79.0861495397469
100.25,14.25,84.7129364470012
100.25,14.75,84.1928756030587
100.25,15.25,85.057559437733
100.25,15.75,86.592728885185
100.25,16.25,87.2009399436012
100.25,16.75,88.5830489163759
100.25,17.25,89.3317154828925
100.25,17.75,90.0947616990241
100.25,18.25,90.1750830893948
100.25,18.75,86.2510418563042
100.25,20.25,86.4051461521726
100.25,20.75,88.1925982126187
100.25,21.25,85.3165799726833
100.25,21.75,83.6282808699972
100.25,22.25,86.0548279058413
100.25,22.75,85.5071622926531
100.25,23.75,82.8315357960535
100.25,24.25,85.5712754665557
100.25,24.75,86.8513405050728
100.25,25.25,88.1485286773674
100.25,25.75,85.6196058658172
100.25,28.25,83.5435376982491
100.25,28.75,83.7113463936487
100.25,29.25,86.7138710942129
100.25,29.75,88.291110701912
100.25,30.25,87.4834461767724
100.25,30.75,81.0038536617443
100.25,32.25,79.6584437916878
100.25,32.75,81.2997618584735
100.25,33.25,80.5571793779591
100.25,33.75,79.1265062312982
100.25,35.25,78.8168324454718
100.25,38.25,75.4462348895117
100.25,40.25,77.0211065097761
100.25,40.75,74.6408288045203
100.25,41.25,72.0822126756432
100.25,41.75,73.0673689581105
100.25,42.25,74.1046426956629
100.25,42.75,73.7505462522657
100.25,43.25,72.4862050106975
100.25,43.75,72.3970921601912
100.25,44.25,69.9626039778676
100.25,45.75,65.3903624928255
100.25,49.75,61.7365752567478
100.25,50.25,61.1107450482627
100.25,50.75,56.7335143436516
100.25,53.25,52.9179033331968
100.25,53.75,51.8567021603585
100.25,54.25,47.034613646617
100.25,57.75,40.730569318167
100.25,58.25,39.9235623237038
100.25,70.75,16.1749877103928
100.25,71.25,13.4869960162832
100.75,-1.75,56.0416302241912
100.75,-1.25,55.6214678379446
100.75,-0.75,56.3492401071416
100.75,1.25,63.0391972414624
100.75,1.75,67.9291877155697
100.75,4.75,74.2391144505785
100.75,5.25,76.6829274014398
100.75,5.75,73.0827072640744
100.75,15.25,82.094830541255
100.75,15.75,88.0989479120163
100.75,16.25,88.3698141859707
100.75,16.75,87.3439153752268
100.75,17.25,89.5592559998567
100.75,17.75,90.1109205504393
100.75,18.25,90.1906179904982
100.75,18.75,88.0505994924727
100.75,19.25,86.1245532838704
100.75,19.75,88.4706688758438
100.75,20.25,90.2269464059297
100.75,20.75,89.7836149253383
100.75,21.25,88.6451838206397
100.75,21.75,87.7474986721249
100.75,22.25,87.9609473438002
100.75,22.75,84.7473644347999
100.75,24.25,85.7031130529247
100.75,24.75,85.0412297586159
100.75,25.25,84.8700315053072
100.75,25.75,83.109287795774
100.75,29.25,82.514925169812
100.75,29.75,85.3341539584115
100.75,30.25,83.7771396782347
100.75,32.25,80.1970163332471
100.75,32.75,82.5972076281522
100.75,33.25,84.0622969865471
100.75,33.75,83.5225174609267
100.75,34.25,80.3745301511156
100.75,35.25,79.1599766301663
100.75,35.75,78.4430063027941
100.75,38.25,78.5068239248205
100.75,38.75,76.2815094979234
100.75,39.25,76.1651738894285
100.75,39.75,77.2767948216843
100.75,40.25,77.5398203191014
100.75,40.75,75.3884558306258
100.75,41.25,75.2439267105009
100.75,41.75,76.4797877386316
100.75,42.25,76.6335544790989
100.75,42.75,76.551023152616
100.75,43.25,74.7956691186503
100.75,43.75,73.5377195469227
100.75,44.25,72.2442069434387
100.75,44.75,68.7551558726619
100.75,45.25,66.5552306298555
100.75,45.75,66.4880321826077
100.75,48.75,60.2885985741318
100.75,49.25,61.6870112096888
100.75,49.75,63.1803983157287
100.75,50.25,59.804091938404
100.75,53.25,53.2994165557103
100.75,53.75,53.8435341670207
100.75,54.25,50.1879057555665
100.75,54.75,47.0427442711716
100.75,60.25,32.5316342216138
100.75,60.75,32.4903185401707
100.75,65.75,21.0831617971382
100.75,66.25,20.2282249962129
100.75,70.75,15.2751770252748
101.25,-2.25,53.9608541143716
101.25,-1.75,56.1698807476188
101.25,-1.25,53.8383164772813
101.25,1.25,61.8796028328094
101.25,1.75,64.7448444072195
101.25,4.75,71.1383766353131
101.25,5.25,74.5893887258176
101.25,5.75,74.7330183554365
101.25,12.75,82.1768680329104
101.25,15.75,87.4697524981244
101.25,16.25,86.8580676381574
101.25,16.75,85.3963334831219
101.25,17.25,86.7066416614364
101.25,17.75,89.3066947117537
101.25,18.25,88.6181718015408
101.25,18.75,86.2957434703288
101.25,19.25,87.5878239597604
101.25,19.75,90.3422069438493
101.25,20.25,90.3605234382941
101.25,20.75,90.3652822050945
101.25,21.25,89.6810813697413
101.25,21.75,86.6828216795906
101.25,22.25,84.3325871490324
101.25,24.25,85.1594115144964
101.25,24.75,84.5480042787022
101.25,25.25,83.6362817500243
101.25,25.75,82.939404013355
101.25,26.25,82.9525569832879
101.25,26.75,85.035002363301
101.25,27.25,85.3038330726494
101.25,27.75,84.1456735488302
101.25,28.25,82.1673356123237
101.25,30.25,81.1118349479616
101.25,32.25,81.2123568354857
101.25,32.75,82.9752369399428
101.25,33.25,84.6136872807804
101.25,33.75,84.0746921365635
101.25,34.25,81.0754875477732
101.25,34.75,79.859814609906
101.25,35.25,80.6170483504984
101.25,35.75,78.9938874299902
101.25,38.25,78.0211093970015
101.25,38.75,78.3606195598439
101.25,39.25,78.0570336163353
101.25,39.75,76.1811971414985
101.25,40.25,75.2326926798524
101.25,40.75,75.8643506475279
101.25,41.25,75.8877195037721
101.25,41.75,75.1664556079865
101.25,42.25,74.8114228211405
101.25,42.75,73.7622959477719
101.25,43.25,71.3260222205037
101.25,43.75,70.3504717878486
101.25,44.25,71.0656710839551
101.25,44.75,70.5205477664723
101.25,45.25,68.5253714183252
101.25,47.25,64.3315006265751
101.25,47.75,66.2743979150365
101.25,48.25,65.3804170190913
101.25,48.75,63.6030043580501
101.25,49.25,62.2478313512004
101.25,49.75,59.473942152127
101.25,53.25,54.1483705386895
101.25,53.75,53.61157114752
101.25,54.25,48.7587851182945
101.25,60.25,34.0390635188114
101.25,60.75,33.8860320360227
101.25,61.25,32.9802486824822
101.25,61.75,29.1241675815842
101.25,65.75,22.311604992453
101.25,66.25,23.2755299761599
101.25,66.75,19.6576823494689
101.75,-2.25,52.3139934675617
101.75,-1.75,55.7382394600683
101.75,-1.25,53.1316681495127
101.75,2.75,68.4242889751427
101.75,3.75,68.8005138689437
101.75,4.25,71.2447922628933
101.75,4.75,71.043568519161
101.75,5.25,72.4209848108212
101.75,5.75,72.9025131416821
101.75,12.75,81.217690469902
101.75,13.25,81.7451746864342
101.75,15.75,85.4751131984242
101.75,16.25,88.0532401865597
101.75,16.75,85.3739153081174
101.75,17.75,83.2034849466364
101.75,18.25,85.2339615192483
101.75,18.75,87.1055485999804
101.75,19.25,87.6429321575219
101.75,19.75,85.3477413886864
101.75,20.25,85.3642296296893
101.75,20.75,87.8070923371592
101.75,21.25,86.9439573115893
101.75,24.25,83.6937858495661
101.75,24.75,84.3946115915546
101.75,25.25,84.9659560215209
101.75,25.75,85.4287867381568
101.75,26.25,85.740123725634
101.75,26.75,87.0743621071651
101.75,27.25,86.041636630261
101.75,27.75,84.1303146399078
101.75,28.25,82.1266471644531
101.75,30.25,81.084590136093
101.75,30.75,81.7291663360706
101.75,31.75,80.3082992384069
101.75,32.25,83.0391887829086
101.75,32.75,85.0384735438135
101.75,33.25,85.6712469125252
101.75,33.75,82.0169137938149
101.75,35.75,78.1278630934798
101.75,36.25,78.7343038244724
101.75,36.75,77.8655459977627
101.75,37.25,77.5389629922485
101.75,37.75,77.7199510694148
101.75,38.25,77.8696899267367
101.75,38.75,76.534320739434
101.75,40.25,74.3550188173304
101.75,40.75,76.453231407481
101.75,41.25,73.4717747345184
101.75,44.25,70.843635331654
101.75,44.75,70.9165973392156
101.75,45.25,68.3557662453577
101.75,46.75,65.0144787093434
101.75,47.25,67.0662775207864
101.75,47.75,68.9799085557949
101.75,48.25,65.8634030963773
101.75,48.75,61.2672613862758
101.75,50.75,57.4401964347297
101.75,51.25,57.832025246877
101.75,53.25,52.1822809652603
101.75,55.25,45.8253824699984
101.75,60.25,35.3695535877027
101.75,60.75,35.3264699242393
101.75,61.25,34.9980159551835
101.75,61.75,32.8457290429602
101.75,62.25,28.6459974641765
101.75,62.75,28.6586346403508
101.75,63.25,27.4717881527422
101.75,65.75,20.7205641771772
101.75,66.25,22.1303201778002
101.75,66.75,20.5919029819367
102.25,-2.75,48.817685257342
102.25,-2.25,53.3897163932569
102.25,-1.75,55.6938096524982
102.25,-1.25,55.0568868820161
102.25,2.25,66.6845886350426
102.25,2.75,69.4063765452576
102.25,3.25,69.1588001423294
102.25,3.75,68.7558206678312
102.25,4.25,70.7584423510069
102.25,4.75,72.2621817152813
102.25,5.25,73.0445381511024
102.25,15.75,87.7088988869056
102.25,16.25,89.7729026838522
102.25,16.75,85.0434479984949
102.25,17.75,86.4211166591706
102.25,18.25,89.2422012975045
102.25,18.75,88.5498711996222
102.25,19.25,86.2399165525083
102.25,19.75,82.9433921610831
102.25,20.25,83.5805038609149
102.25,20.75,86.3529708493354
102.25,21.25,87.1804323338306
102.25,21.75,84.3797312288792
102.25,24.25,86.4337110036082
102.25,24.75,87.4102662137642
102.25,25.25,86.2302697085896
102.25,25.75,85.061240528521
102.25,26.25,85.130708110625
102.25,26.75,86.2871714242985
102.25,27.25,84.7896819280448
102.25,27.75,82.8864439559935
102.25,30.75,82.6740012439061
102.25,31.25,83.3679812143262
102.25,31.75,81.9027727070356
102.25,32.25,81.129032988838
102.25,32.75,84.1753187946059
102.25,33.25,85.0998540850405
102.25,33.75,80.8750713560956
102.25,35.75,78.8533199593152
102.25,36.25,81.1772409974433
102.25,36.75,77.9679570886434
102.25,37.25,78.0889926683284
102.25,37.75,78.9262067710983
102.25,38.25,76.8924486075511
102.25,40.25,74.3755514404132
102.25,40.75,75.4038602654809
102.25,42.75,71.6982159569133
102.25,43.25,72.6453942167547
102.25,43.75,73.1100611149132
102.25,44.25,72.837011198821
102.25,44.75,70.7001549162911
102.25,46.75,68.5356691042405
102.25,47.25,69.6889081497236
102.25,47.75,69.0996452758669
102.25,48.25,65.4183005755704
102.25,48.75,61.7502242953695
102.25,50.75,58.9209342467011
102.25,51.25,60.6042275285257
102.25,51.75,57.2243782340179
102.25,59.75,38.6004059026958
102.25,60.25,37.9388472428203
102.25,60.75,36.5688875908289
102.25,61.25,34.8164316276428
102.25,61.75,32.3365604498145
102.25,62.25,31.9535559656523
102.25,62.75,31.3274287061745
102.25,63.25,27.8919117545151
102.25,67.25,18.9956410966249
102.75,-2.75,48.9024548226182
102.75,-2.25,54.46787938693
102.75,-1.75,56.4137699073377
102.75,-1.25,55.7655566642076
102.75,13.25,82.2529545789111
102.75,15.25,82.0952197177056
102.75,15.75,86.0304067381743
102.75,16.25,87.6639785610359
102.75,16.75,85.4012878381118
102.75,17.25,84.9683692217112
102.75,17.75,90.1053727339253
102.75,18.25,90.1851775261718
102.75,18.75,88.3767696620641
102.75,19.25,84.5811223746643
102.75,19.75,83.3474803569837
102.75,20.25,84.6123152940438
102.75,20.75,86.9583165831354
102.75,21.25,89.3433260878887
102.75,21.75,88.0130641912292
102.75,22.25,83.3041853152864
102.75,23.25,85.5905428349396
102.75,23.75,86.8700023198035
102.75,24.25,88.1515480762874
102.75,24.75,87.2962879564494
102.75,25.25,85.7175739892501
102.75,25.75,83.5245180027349
102.75,26.25,84.5543147288627
102.75,26.75,87.8950221798465
102.75,27.25,85.528493075196
102.75,27.75,81.9000478263705
102.75,30.75,81.8686154749448
102.75,31.25,83.5567600830951
102.75,31.75,81.9958191910138
102.75,32.25,80.2882630200709
102.75,32.75,82.2012600419637
102.75,33.25,83.6275963531092
102.75,33.75,82.7640145426174
102.75,34.25,82.3589191844597
102.75,34.75,79.4837057806296
102.75,35.25,79.2428996833378
102.75,35.75,81.6459475962905
102.75,36.25,78.7207778847928
102.75,37.75,81.4603048312895
102.75,38.25,78.5453905030937
102.75,40.25,76.0745322232724
102.75,40.75,76.5101167208259
102.75,41.25,75.4207535261989
102.75,41.75,76.9295360284208
102.75,42.25,76.2424776196698
102.75,42.75,74.7836935692121
102.75,43.25,76.4737583420985
102.75,43.75,77.6276811037365
102.75,44.25,75.0874719886106
102.75,44.75,71.6455283120107
102.75,46.25,67.6713348184418
102.75,46.75,71.1135769802856
102.75,47.25,69.2604127147317
102.75,47.75,65.5054065267152
102.75,48.25,63.8940824116412
102.75,48.75,65.0045251996923
102.75,49.25,65.9597347392399
102.75,50.75,59.0082707521352
102.75,51.25,60.4909542317999
102.75,51.75,58.9654423568871
102.75,52.25,55.2498830317366
102.75,57.75,41.2430275348106
102.75,58.25,39.4967269175911
102.75,59.25,39.2520931870123
102.75,59.75,39.6121299248505
102.75,60.25,38.2039368639145
102.75,60.75,33.7707914583314
102.75,61.75,29.9869940290432
102.75,62.25,32.7868684291257
102.75,62.75,31.5009433206798
102.75,63.25,26.4131886670023
102.75,67.25,19.7729739842359
102.75,70.25,14.2527549515435
103.25,-2.25,51.6386825854542
103.25,-1.75,52.6769821735576
103.25,10.75,79.8425318274685
103.25,12.75,83.3464056992295
103.25,13.25,86.514043599691
103.25,13.75,84.3275767361552
103.25,16.25,84.3200431356408
103.25,16.75,86.595006661104
103.25,17.25,86.6875943411775
103.25,17.75,89.2097175359885
103.25,18.25,90.1661305536845
103.25,18.75,87.7115376537739
103.25,19.25,84.9833429563117
103.25,19.75,84.7580943322078
103.25,20.25,84.567541122507
103.25,20.75,85.2418018890621
103.25,21.25,88.1559426998883
103.25,21.75,87.8697650575773
103.25,22.25,84.6030745748444
103.25,22.75,84.6655774644113
103.25,23.25,88.753582564403
103.25,23.75,88.9673531876461
103.25,24.25,86.0018290475454
103.25,24.75,84.7995732836986
103.25,25.25,84.6946900349766
103.25,25.75,82.8515065720906
103.25,26.25,85.1552394042361
103.25,26.75,89.0428803153537
103.25,27.25,87.4403123052615
103.25,27.75,84.7721122241593
103.25,28.25,83.0145210106945
103.25,28.75,81.6501009338489
103.25,30.75,81.6906765730269
103.25,31.25,83.9909073965312
103.25,31.75,87.2306295561646
103.25,32.25,86.3895197060035
103.25,32.75,81.9279035308886
103.25,33.25,82.1208604659374
103.25,33.75,84.1132155031033
103.25,34.25,84.756978059354
103.25,34.75,83.8330496392003
103.25,35.25,85.0499799993455
103.25,35.75,85.1350358687207
103.25,36.25,79.6316188530976
103.25,37.25,81.8985941965672
103.25,37.75,84.4040630136462
103.25,38.25,83.6194966702997
103.25,39.75,76.9078714555435
103.25,40.25,79.9108183320229
103.25,40.75,79.3069728038624
103.25,41.25,76.5022847516229
103.25,41.75,79.3692659064752
103.25,42.25,78.6752242193915
103.25,42.75,73.3816392076395
103.25,43.25,73.0553607753056
103.25,43.75,76.1483101810236
103.25,44.25,76.4650696950039
103.25,44.75,74.5073460980348
103.25,45.25,69.9736558708797
103.25,46.25,71.1420507222597
103.25,46.75,72.1713493996951
103.25,47.25,67.7503657372522
103.25,48.75,65.2155649937309
103.25,49.25,65.9913800344727
103.25,49.75,60.812511653967
103.25,50.75,58.5006934902077
103.25,51.25,58.2231957091046
103.25,51.75,57.7862302612386
103.25,52.25,57.1177938156339
103.25,52.75,55.2458430162335
103.25,58.25,38.9682252224273
103.25,59.25,36.1938989160291
103.25,59.75,38.1294783885497
103.25,60.25,34.30204251166
103.25,62.25,32.1335876116432
103.25,62.75,29.7849362042617
103.25,63.25,26.1738691149424
103.25,67.25,19.967600076008
103.25,67.75,17.3036775044962
103.75,-4.75,40.5530776433384
103.75,12.75,84.6094349259897
103.75,13.25,84.5219458724041
103.75,13.75,83.9779752255582
103.75,14.25,83.0580917811921
103.75,14.75,84.1356360947514
103.75,15.25,83.7510232863781
103.75,15.75,82.6773753293275
103.75,16.25,83.6109772705383
103.75,16.75,84.6129553508359
103.75,17.25,84.591444709058
103.75,17.75,86.8200755356042
103.75,18.25,88.3775632811016
103.75,18.75,86.2621890346119
103.75,19.25,84.9340612801809
103.75,19.75,86.6733558909001
103.75,20.25,86.5849562779277
103.75,20.75,85.272991776037
103.75,21.25,86.4251348003764
103.75,21.75,87.3159163441396
103.75,22.25,86.176026298505
103.75,22.75,84.9604351052185
103.75,23.25,86.5343027557426
103.75,23.75,86.8292991474101
103.75,24.25,85.2327654849024
103.75,24.75,84.8202903199784
103.75,25.25,85.1057128436021
103.75,25.75,84.5137775987417
103.75,26.25,84.3352297512777
103.75,26.75,84.8483599716044
103.75,27.25,85.716778949064
103.75,27.75,86.2311307295845
103.75,28.25,84.6672026708782
103.75,28.75,83.085628091956
103.75,29.25,81.6031437759352
103.75,30.25,81.8779916466446
103.75,31.25,82.846929528465
103.75,31.75,88.0592104493528
103.75,32.25,86.7984329610933
103.75,33.25,80.3423647371931
103.75,33.75,81.6733515518706
103.75,34.25,82.9600771310868
103.75,34.75,83.9096518460592
103.75,35.25,84.1383391405626
103.75,35.75,83.716065290303
103.75,36.25,82.1342329710039
103.75,36.75,81.8971939122229
103.75,37.25,85.0317032096129
103.75,37.75,84.6673981878287
103.75,38.25,80.416016824958
103.75,39.75,77.3984998038839
103.75,40.25,78.8072591613707
103.75,40.75,77.6151997441195
103.75,41.25,74.4256302153489
103.75,41.75,74.5138502233888
103.75,43.75,73.2856475859617
103.75,44.25,75.5090217838478
103.75,44.75,74.3722679426901
103.75,45.25,70.7358782490466
103.75,45.75,68.9043347004259
103.75,46.25,71.8023336253289
103.75,46.75,73.0802305764944
103.75,47.25,69.646059899831
103.75,48.75,64.5514911795612
103.75,49.25,63.9320715883225
103.75,51.75,57.3559554241943
103.75,52.25,59.4778551225887
103.75,52.75,58.3163983709883
103.75,58.25,39.7370879577129
103.75,67.75,17.8260925639888
103.75,68.25,16.8962349907692
104.25,-4.75,41.198138922743
104.25,12.25,80.9238670298868
104.25,12.75,81.4758209412671
104.25,14.25,82.8046528222289
104.25,14.75,85.6831320435146
104.25,15.25,83.5802453247207
104.25,15.75,82.349505693316
104.25,16.25,82.5803325461767
104.25,16.75,82.4310806086277
104.25,17.75,85.6406165219627
104.25,18.25,86.0830895937475
104.25,18.75,83.3147614428603
104.25,19.25,82.8372192051611
104.25,19.75,85.0529454194771
104.25,20.25,86.912948170618
104.25,20.75,86.6667578771113
104.25,21.25,87.4210528678134
104.25,21.75,88.5966460362009
104.25,22.25,88.0161686429196
104.25,22.75,86.3878944148227
104.25,23.25,86.8400190875411
104.25,23.75,87.9228015814505
104.25,24.25,87.2035868463041
104.25,24.75,85.1553508898433
104.25,25.25,85.2927104812962
104.25,25.75,86.6735701647014
104.25,26.25,84.8021526218284
104.25,26.75,83.7061778333006
104.25,27.25,85.3149296823596
104.25,27.75,85.5776767267448
104.25,28.25,83.2974970385118
104.25,31.75,81.70281239173
104.25,32.25,80.7492496576889
104.25,33.25,80.7572928073419
104.25,33.75,80.6865255810759
104.25,34.25,82.2759622662438
104.25,34.75,84.4806986396412
104.25,35.25,82.6252750861135
104.25,35.75,80.7263276410476
104.25,36.25,79.844922571293
104.25,36.75,79.3866591825261
104.25,37.25,80.6793790032744
104.25,37.75,81.0688051358491
104.25,39.75,76.4299586131728
104.25,40.75,75.3521576038661
104.25,43.75,72.7963257877435
104.25,44.25,75.2154177880228
104.25,44.75,74.4060691877923
104.25,45.25,71.4781320061266
104.25,46.25,68.8479259798026
104.25,46.75,71.6048453824205
104.25,47.25,69.9558235750254
104.25,48.75,65.4891431593695
104.25,49.25,63.5752742105573
104.25,50.75,60.4567810535786
104.25,51.75,58.8085361860955
104.25,52.25,59.8967792386771
104.25,52.75,56.9848322367932
104.25,56.75,45.2795922431103
104.25,58.25,42.9169586341271
104.25,64.25,24.8149327651233
104.25,64.75,24.3532529878395
104.25,68.25,16.9122380183587
104.25,72.25,12.3734378697828
104.75,10.25,79.8473146722134
104.75,12.25,81.2010719585375
104.75,14.75,83.6048972822938
104.75,16.25,82.4138688332337
104.75,16.75,83.0685218570452
104.75,18.75,82.9856906323052
104.75,19.25,83.054634515668
104.75,20.75,84.0143324759738
104.75,21.25,86.7290223755418
104.75,21.75,87.9646555146109
104.75,22.25,87.0430181155247
104.75,22.75,85.2608057429053
104.75,23.25,85.5244358017135
104.75,23.75,88.0961981417532
104.75,24.25,88.6275838301485
104.75,24.75,85.9389164443101
104.75,25.25,84.4619720697226
104.75,25.75,86.3257052940364
104.75,26.25,85.6563607760428
104.75,26.75,84.9743490574114
104.75,27.25,86.3369584835842
104.75,27.75,85.2346226474348
104.75,31.75,81.1449527791085
104.75,32.25,82.2860850783278
104.75,32.75,80.8362656670314
104.75,33.25,80.7842122716386
104.75,34.25,80.7523279677774
104.75,34.75,84.1232104892123
104.75,35.25,82.4053641599046
104.75,35.75,79.5318225423619
104.75,37.25,79.270105786394
104.75,37.75,80.021204738275
104.75,39.75,76.8071443345419
104.75,40.25,78.6061217350418
104.75,40.75,78.5561378268036
104.75,41.25,75.1865188140731
104.75,43.75,74.3346189008085
104.75,44.25,76.2609521962354
104.75,44.75,75.9108086559279
104.75,45.25,74.3146649096097
104.75,45.75,70.8180086706311
104.75,46.25,70.236292658272
104.75,46.75,70.7092307084856
104.75,47.25,68.5421055709391
104.75,47.75,66.3466473611506
104.75,48.25,65.7452394846605
104.75,48.75,65.9363165402211
104.75,52.25,57.2848816929154
104.75,56.75,45.5071560442629
104.75,57.25,44.4140860048064
104.75,57.75,44.1140193579404
104.75,58.25,44.6249091831739
104.75,58.75,40.8923327873609
104.75,61.25,32.1715208891101
104.75,61.75,30.8841398557005
104.75,71.75,13.331758959597
104.75,72.25,12.5369857791481
105.25,9.25,84.6839663002267
105.25,9.75,82.9361080836233
105.25,10.25,81.4693242797995
105.25,11.75,80.114339318393
105.25,12.25,83.2083565866419
105.25,12.75,82.5538336633867
105.25,13.25,81.662065979569
105.25,14.25,82.7376977587948
105.25,14.75,84.9797935197286
105.25,15.25,83.2788490286364
105.25,15.75,82.4596891411817
105.25,16.25,83.3457690523182
105.25,16.75,83.9833792315103
105.25,17.25,83.7132646143684
105.25,18.75,86.2167219218339
105.25,19.25,86.9838458387233
105.25,21.75,83.7254124641916
105.25,22.25,85.6425876346884
105.25,22.75,84.2711959971359
105.25,23.25,82.8451181440716
105.25,23.75,86.3916337312785
105.25,24.25,88.3517589352518
105.25,24.75,85.8857760731424
105.25,25.25,83.1638972882174
105.25,25.75,83.3041943271003
105.25,26.25,83.1363439868675
105.25,26.75,83.9870510224334
105.25,27.25,86.4130552038855
105.25,27.75,85.6925780647665
105.25,28.25,82.6226837964571
105.25,31.25,81.4212219070148
105.25,31.75,86.1747858193007
105.25,32.25,88.1595776267335
105.25,32.75,86.9326871693775
105.25,33.25,81.5117027028545
105.25,34.75,82.7582324447227
105.25,35.25,83.1352902028926
105.25,35.75,80.6314464367857
105.25,36.25,79.14418534331
105.25,36.75,79.8133983006388
105.25,37.25,82.8188168649276
105.25,37.75,81.7826591801688
105.25,39.75,79.4056390455076
105.25,40.25,83.1883279821286
105.25,40.75,81.4591029085362
105.25,41.25,75.6992067648178
105.25,42.25,76.3840280518841
105.25,42.75,74.8838611772523
105.25,44.25,73.1864220362608
105.25,44.75,72.7574936001702
105.25,45.25,74.3258103342354
105.25,45.75,74.8548271148675
105.25,46.25,73.0485350293027
105.25,46.75,71.4441791980648
105.25,47.25,68.9499569083679
105.25,47.75,67.6841554148944
105.25,48.25,67.2882525434393
105.25,48.75,65.6984246621116
105.25,57.25,43.4682202834217
105.25,57.75,43.3505772002542
105.25,58.25,43.7077045105953
105.25,58.75,43.3570753686429
105.25,59.25,38.9434413121125
105.25,61.75,31.5755223065614
105.25,71.75,13.1871428927066
105.75,9.25,81.9745010472711
105.75,12.25,82.6713930212416
105.75,12.75,83.1759783393931
105.75,13.25,83.7949623354
105.75,13.75,83.6772382269182
105.75,14.25,83.9379129148543
105.75,14.75,86.3802342101172
105.75,15.25,86.162099827167
105.75,15.75,82.333109284629
105.75,17.25,83.5116315416751
105.75,17.75,83.2765780031616
105.75,18.25,82.5997964468893
105.75,19.25,90.0869872582193
105.75,19.75,86.9650134420215
105.75,23.75,84.0863104672641
105.75,24.25,86.0929036888185
105.75,24.75,84.0467967251389
105.75,25.25,83.1924678823164
105.75,25.75,82.8808554783277
105.75,26.75,82.8401950205915
105.75,27.25,85.7489378230679
105.75,27.75,85.4291947566304
105.75,28.25,83.8866969128223
105.75,28.75,82.43792603171
105.75,31.25,83.3474881798738
105.75,31.75,86.5277643605004
105.75,32.25,88.2559105280973
105.75,32.75,88.0767452017857
105.75,33.25,81.6663878386693
105.75,35.25,82.1982303732046
105.75,35.75,81.6185691032428
105.75,36.25,80.2801360777204
105.75,36.75,81.1629205155831
105.75,37.25,83.342444076286
105.75,37.75,81.0706088019619
105.75,39.75,79.0005466350838
105.75,40.25,79.8672743183184
105.75,40.75,76.8585001846733
105.75,42.25,76.9922358967905
105.75,42.75,76.1209254050147
105.75,45.25,72.0254469871334
105.75,45.75,72.1163638974711
105.75,46.25,70.1949880610809
105.75,46.75,69.3949353078178
105.75,48.25,67.8979768484371
105.75,50.25,63.1303653389828
105.75,50.75,62.1006287262422
105.75,51.25,60.9984869689429
105.75,51.75,59.7844536750524
105.75,55.25,50.6100351518334
105.75,58.25,41.6612145963383
105.75,58.75,41.2290012192551
105.75,59.25,37.7904563091982
105.75,71.75,12.8651539130264
106.25,-6.75,33.7147982891294
106.25,13.25,81.645685220361
106.25,13.75,83.7578398979369
106.25,14.25,83.8673268029376
106.25,14.75,86.8357734302512
106.25,15.25,88.6348320425964
106.25,15.75,83.5605591684974
106.25,24.25,82.7658938209615
106.25,25.25,82.6015195830788
106.25,25.75,84.4271043118632
106.25,30.25,83.0514276586673
106.25,30.75,84.1072942703236
106.25,31.25,83.7547826844137
106.25,31.75,83.4512449242529
106.25,32.25,84.6714245652546
106.25,32.75,84.1602577398296
106.25,35.25,80.8720125001209
106.25,35.75,79.7866115041678
106.25,36.25,79.5519571791475
106.25,36.75,80.45407680451
106.25,37.25,80.0479091650076
106.25,37.75,78.8052347705079
106.25,42.25,75.3551198880083
106.25,42.75,75.5499406988737
106.25,45.25,72.4673547502983
106.25,45.75,73.4119037163724
106.25,46.25,71.4613405962966
106.25,49.75,65.6743228357338
106.25,50.25,64.1506136873876
106.25,55.75,49.1438454416938
106.25,58.25,41.0362694267009
106.25,63.25,28.4424122205968
106.25,63.75,26.8517742488929
106.25,64.25,24.5994759649053
106.25,71.75,13.1865750175994
106.25,72.25,12.284735097174
106.75,10.75,80.6340753160407
106.75,11.25,81.356369936808
106.75,11.75,80.5305054815558
106.75,13.75,84.3972293194446
106.75,14.25,85.5945093349236
106.75,14.75,88.3707039892941
106.75,15.25,88.9872510905824
106.75,15.75,85.6680627630195
106.75,25.75,85.0979975323427
106.75,26.25,84.2982114737825
106.75,31.25,81.3967603627324
106.75,31.75,81.4176215246155
106.75,32.25,82.0119637105515
106.75,32.75,82.2820520924431
106.75,33.25,81.4398215714328
106.75,34.75,82.3429083257224
106.75,35.25,82.8954977483897
106.75,35.75,81.1341374251541
106.75,36.25,79.8157602363075
106.75,36.75,79.341580210845
106.75,42.25,78.3623901135577
106.75,42.75,78.6721306946312
106.75,43.25,77.4962543570804
106.75,43.75,74.1359405703157
106.75,45.75,76.5264926891063
106.75,46.25,75.699984601138
106.75,49.25,67.8220392132813
106.75,49.75,68.1563688838587
106.75,50.25,65.1092070877582
106.75,55.75,51.2808013674745
106.75,56.25,48.7663753967888
106.75,63.25,27.9843061488478
106.75,70.75,13.8358749443169
107.25,11.25,80.3062855445464
107.25,11.75,80.0809162261265
107.25,13.75,83.3341534659223
107.25,14.25,85.3243659768603
107.25,14.75,87.4272695925772
107.25,15.25,86.1424458853611
107.25,15.75,82.867089021597
107.25,16.75,82.4635959133611
107.25,22.25,85.248493149064
107.25,24.25,82.5273781142977
107.25,24.75,83.2025922423108
107.25,25.25,86.005595858695
107.25,25.75,86.5964615759033
107.25,26.25,83.4580627852136
107.25,31.75,81.307355491216
107.25,32.25,81.7133977326269
107.25,32.75,81.8173456579596
107.25,33.25,82.0695656776888
107.25,33.75,81.6657267074212
107.25,34.25,82.6853437309932
107.25,34.75,84.0189501930704
107.25,35.25,83.6445018615142
107.25,35.75,82.2184123272344
107.25,36.25,80.021452612321
107.25,36.75,79.6891550046293
107.25,37.25,81.0825624702949
107.25,37.75,82.6020681214154
107.25,38.25,81.1871186026356
107.25,38.75,80.420713097369
107.25,39.25,79.1884575512487
107.25,40.75,77.2772781342848
107.25,41.25,77.5582114384078
107.25,41.75,81.404498862216
107.25,42.25,83.152411611098
107.25,42.75,82.6696918118889
107.25,43.25,80.0451059609137
107.25,43.75,75.754346082559
107.25,46.25,71.2772644360173
107.25,48.75,68.9632084232366
107.25,49.25,71.1312079292067
107.25,49.75,68.7913623724546
107.25,50.25,65.2930213612777
107.25,55.75,53.186909318909
107.25,56.25,50.8265936291939
107.25,62.75,30.1411854023933
107.25,63.25,28.625086814375
107.75,-7.25,34.7085814255068
107.75,-6.75,35.6060933852136
107.75,13.25,81.5916414969593
107.75,13.75,81.3029162942007
107.75,14.25,83.9053607591356
107.75,14.75,85.9532412213875
107.75,15.25,82.5151483511746
107.75,21.75,83.2731339124855
107.75,22.25,89.0975979501863
107.75,22.75,88.5279680876749
107.75,23.25,85.1101196743768
107.75,23.75,85.7684094695449
107.75,24.25,87.2225605039248
107.75,24.75,88.1160210122679
107.75,25.25,89.5846407826671
107.75,25.75,85.9337054759466
107.75,29.25,84.6654822004666
107.75,29.75,82.5040607479483
107.75,31.25,82.201741813261
107.75,31.75,84.2671743765412
107.75,32.25,85.0253140979299
107.75,32.75,84.737591854024
107.75,33.25,82.2026314449021
107.75,33.75,81.2787420783331
107.75,34.25,83.0586955063451
107.75,34.75,82.9869513410757
107.75,35.25,80.5018322972153
107.75,36.75,81.4102600944933
107.75,37.25,82.3524055704019
107.75,37.75,82.2321841740488
107.75,38.25,81.0073294649964
107.75,38.75,79.7928628797917
107.75,39.25,79.2885464156991
107.75,39.75,79.8734247088573
107.75,40.25,79.4949101171187
107.75,40.75,78.3651839863168
107.75,41.25,78.9491369536938
107.75,41.75,82.5223394785576
107.75,42.25,83.5057161533825
107.75,42.75,82.2746247107163
107.75,43.25,78.5440224134747
107.75,43.75,75.0883229097804
107.75,48.25,68.8806178615664
107.75,48.75,71.7323538545585
107.75,49.25,71.8727369585816
107.75,49.75,68.5286397650209
107.75,50.25,66.3252217348126
107.75,50.75,63.7992304309252
107.75,54.75,53.0439188479689
107.75,55.25,52.3282809096719
107.75,55.75,52.1207623127212
107.75,56.25,49.7464856645087
107.75,60.25,39.4018534318014
107.75,60.75,34.7273561244002
107.75,61.75,32.8500434956755
107.75,62.25,32.0272324681371
107.75,62.75,30.9402511555436
108.25,-7.75,31.3266495291409
108.25,-7.25,34.5651619062214
108.25,-6.75,34.2258771889271
108.25,14.25,81.6174479970391
108.25,14.75,85.3490728566283
108.25,15.25,81.5770370653404
108.25,21.75,83.2847857168454
108.25,22.25,88.770980176826
108.25,22.75,89.8985857874714
108.25,23.25,87.280163758207
108.25,23.75,86.2666564985144
108.25,24.25,84.1281401112771
108.25,24.75,83.8095768936281
108.25,25.25,85.8880760026873
108.25,25.75,82.7956122573356
108.25,28.75,85.9112874049801
108.25,29.25,86.5748611791889
108.25,29.75,84.3354159942742
108.25,30.25,83.7866020112876
108.25,30.75,83.632484906117
108.25,31.25,85.6153608259201
108.25,31.75,85.4449225038881
108.25,32.25,86.0772198600748
108.25,32.75,88.5447041962049
108.25,33.25,85.6319118564044
108.25,33.75,82.245912246661
108.25,34.25,82.5527630719484
108.25,36.75,80.0415224536606
108.25,37.25,79.9305207178243
108.25,39.25,79.501830747337
108.25,39.75,81.1900342816096
108.25,40.25,79.5610685779178
108.25,41.25,78.5817036437388
108.25,41.75,83.393449644044
108.25,42.25,82.7514770944063
108.25,42.75,80.1772097230275
108.25,43.25,77.7947061056491
108.25,43.75,75.3854202830457
108.25,44.25,75.0256692606273
108.25,44.75,75.5427536112913
108.25,47.25,72.8865886749425
108.25,47.75,71.4557525500992
108.25,48.25,68.9172584931507
108.25,48.75,69.0873489289849
108.25,49.25,70.3608436438402
108.25,49.75,70.0714976630106
108.25,50.25,67.3980583917557
108.25,51.75,62.0127582747168
108.25,54.75,54.1759050694748
108.25,55.25,52.5231358708205
108.25,55.75,50.2772896302405
108.25,56.25,48.8351257478185
108.25,56.75,47.784997981834
108.25,57.25,46.3551609961693
108.25,57.75,45.8691492763622
108.25,59.75,41.2283891000333
108.25,60.25,41.3316561357873
108.75,-7.25,32.7912376304278
108.75,11.25,79.3795279691586
108.75,14.75,82.0800519507405
108.75,15.25,83.4046976832024
108.75,21.75,84.93997938335
108.75,22.25,86.5359875369131
108.75,22.75,87.8957079109137
108.75,23.25,87.5748440517163
108.75,23.75,85.6957068802778
108.75,25.75,83.9456794090465
108.75,28.75,85.2945383843069
108.75,29.25,84.2138528885722
108.75,29.75,82.7898248113816
108.75,30.25,85.5877409476646
108.75,30.75,85.7388128180236
108.75,31.25,85.6729004931753
108.75,31.75,84.4503952359791
108.75,32.25,83.9664844050496
108.75,32.75,87.7630260193827
108.75,33.25,86.7324067039442
108.75,33.75,82.8801148479597
108.75,34.25,80.9781795545182
108.75,35.25,80.9640902949771
108.75,35.75,82.7393131867201
108.75,39.25,78.8635711864795
108.75,39.75,78.8300644823428
108.75,41.25,78.2642006998383
108.75,41.75,82.7455251009388
108.75,42.25,80.8087833094707
108.75,42.75,78.5111707978193
108.75,43.25,77.6527095168046
108.75,43.75,76.1082097682351
108.75,44.25,76.9352151180439
108.75,44.75,79.325854363433
108.75,45.25,77.9481449939412
108.75,45.75,73.9264804979023
108.75,46.75,72.8833214514929
108.75,47.25,74.2604522322963
108.75,47.75,70.4495172532853
108.75,49.25,69.9951129704545
108.75,49.75,70.6622751203548
108.75,50.25,66.9355537629774
108.75,51.25,64.0987865218889
108.75,51.75,64.4440521083146
108.75,56.75,47.5670685294949
108.75,57.25,48.1227580569984
108.75,57.75,47.8274508964682
108.75,58.25,45.1004608768124
108.75,58.75,41.3271904482639
108.75,59.75,41.0828237199958
108.75,60.25,40.4944720159086
108.75,63.75,26.5681693992674
108.75,64.25,26.7663872786439
109.25,-7.25,32.4948687850964
109.25,18.75,84.3616404001159
109.25,19.25,82.3809966752126
109.25,21.75,85.2662601343842
109.25,22.75,84.5390983690528
109.25,23.25,87.9121004282917
109.25,23.75,85.4500715477852
109.25,25.75,86.6101180695828
109.25,26.25,85.1256090270358
109.25,28.75,82.1041280970246
109.25,29.25,82.477478051037
109.25,29.75,82.7799324037409
109.25,30.25,84.3816661672538
109.25,30.75,83.6686373176788
109.25,31.25,84.1417697796647
109.25,31.75,85.2569427847063
109.25,32.25,84.393953391485
109.25,32.75,85.1368354243468
109.25,33.25,85.3433875913731
109.25,33.75,83.7939005838208
109.25,34.25,83.0649904844525
109.25,34.75,83.0818415198777
109.25,35.25,84.8100479646653
109.25,35.75,82.2889192225273
109.25,37.75,80.1103635761424
109.25,38.25,82.8695705297729
109.25,38.75,85.7015432550028
109.25,39.25,82.7037566393902
109.25,39.75,79.7384860540075
109.25,40.25,79.1278239894235
109.25,40.75,79.2176144935796
109.25,41.25,81.8380097447805
109.25,41.75,82.8973350743011
109.25,42.25,80.2429877253535
109.25,42.75,76.9967592538475
109.25,44.25,78.5568836114038
109.25,44.75,82.0528901272395
109.25,45.25,81.4498690946071
109.25,45.75,78.0593486686529
109.25,46.25,76.4644655726201
109.25,46.75,74.8824633952081
109.25,47.25,72.016763701656
109.25,49.25,68.3294799455835
109.25,49.75,67.3918485354172
109.25,50.25,66.0383710267177
109.25,50.75,65.2304163888595
109.25,51.25,67.6388639439928
109.25,51.75,67.323167491281
109.25,52.25,64.5580719335749
109.25,52.75,61.6710913593279
109.25,57.25,48.2088778072271
109.25,57.75,49.7421664539803
109.25,58.25,47.5819908644207
109.25,58.75,42.5650577167302
109.25,59.75,40.0368331943221
109.25,60.25,39.8793625932999
109.25,60.75,37.6075454443294
109.25,69.75,16.8352878834827
109.25,70.25,15.2345796874223
109.75,-7.25,32.1563430588451
109.75,18.75,88.5594391882101
109.75,19.25,83.0891314639021
109.75,21.75,84.6022869843164
109.75,22.75,82.8995480718614
109.75,23.25,87.8764804194493
109.75,23.75,85.3561220345846
109.75,25.75,85.7119812387171
109.75,26.25,88.0823228330254
109.75,26.75,85.3200468454731
109.75,27.25,82.4984739548702
109.75,28.25,82.1171641155605
109.75,28.75,84.6486092512048
109.75,29.25,86.9358281849571
109.75,29.75,86.7069186470325
109.75,30.25,85.8887873164963
109.75,30.75,83.5555107891847
109.75,31.25,83.8984148182301
109.75,31.75,85.525854283346
109.75,32.25,85.2083368424121
109.75,32.75,85.4551167416516
109.75,33.25,85.6316892017737
109.75,33.75,86.3976652029718
109.75,34.25,86.7590842365634
109.75,34.75,85.3153659629023
109.75,35.25,84.3861279359554
109.75,37.25,82.1007335550141
109.75,37.75,81.342894871145
109.75,38.25,83.7815775653394
109.75,38.75,86.9433508422715
109.75,39.25,85.0680615856281
109.75,39.75,81.7685521322618
109.75,40.25,80.0438883363753
109.75,40.75,81.8926366823084
109.75,41.25,84.6356399542615
109.75,41.75,84.7699088146003
109.75,42.25,81.6780392778849
109.75,42.75,77.2823853298506
109.75,44.25,76.4739359122848
109.75,44.75,82.3351918772416
109.75,45.25,81.8459175427394
109.75,45.75,81.2136598758999
109.75,46.25,78.7184103471387
109.75,46.75,72.6793003518614
109.75,50.75,65.9817990076449
109.75,51.25,68.8361670997512
109.75,51.75,68.0366431494792
109.75,52.25,65.176443208348
109.75,52.75,62.7570934965681
109.75,56.25,50.118082350044
109.75,56.75,48.6262788005972
109.75,57.25,48.4782933124798
109.75,57.75,50.285478729478
109.75,58.25,48.2379821701483
109.75,59.75,40.6901868726617
109.75,60.25,38.2528467425818
109.75,60.75,36.0842894425495
109.75,63.25,28.9464971238545
109.75,63.75,27.3027627873645
109.75,65.25,23.4565209524556
109.75,65.75,23.4435253754556
109.75,69.25,17.5709355063975
109.75,69.75,18.0641044608281
109.75,70.25,15.2671571269332
110.25,-0.75,54.231937438937
110.25,-0.25,54.8683298322343
110.25,18.75,85.6502012790176
110.25,21.25,83.5379764227083
110.25,21.75,83.1106321246378
110.25,22.75,82.7205306377703
110.25,23.25,84.2604611345138
110.25,25.75,84.4005144058911
110.25,26.25,88.2157575912014
110.25,26.75,86.6972337634418
110.25,27.25,82.9208325007734
110.25,28.25,82.467431833143
110.25,28.75,87.0191135273321
110.25,29.25,88.6607558290508
110.25,29.75,86.7977964534618
110.25,30.25,85.1272798621303
110.25,30.75,82.0062151390441
110.25,31.75,82.4716212132225
110.25,32.25,84.5434009106562
110.25,32.75,87.2901809052889
110.25,33.25,87.12066463196
110.25,33.75,86.3610480373508
110.25,34.25,85.4890030582205
110.25,34.75,83.7264393643693
110.25,35.25,83.0356806162019
110.25,36.75,83.9010981240617
110.25,37.25,85.0797765432137
110.25,37.75,82.8123777246772
110.25,38.25,82.6724590801632
110.25,38.75,83.3215370378372
110.25,39.25,82.2259334159262
110.25,39.75,80.4325114322224
110.25,40.25,79.2709156783324
110.25,40.75,79.4971787118516
110.25,41.25,81.3953595783298
110.25,41.75,84.4386120121318
110.25,42.25,84.2898544475753
110.25,42.75,81.0426589385383
110.25,43.25,80.152012241648
110.25,43.75,79.0115492232598
110.25,44.25,76.3316213816037
110.25,44.75,77.1130967417335
110.25,45.25,79.6964437072403
110.25,45.75,80.3295913895366
110.25,46.25,77.1188661179544
110.25,48.75,72.0391717525123
110.25,49.25,70.6316806044471
110.25,50.75,66.3623414277092
110.25,51.25,68.5191828087196
110.25,51.75,67.366700328989
110.25,52.25,62.9481787236163
110.25,54.25,57.5927087126666
110.25,54.75,57.679173892968
110.25,55.25,56.3519874740908
110.25,55.75,53.9988303360352
110.25,56.25,50.5306526672785
110.25,57.25,47.9074663923372
110.25,57.75,50.3933938151339
110.25,58.25,48.8007063601015
110.25,58.75,42.7092868073388
110.25,59.25,41.864763511202
110.25,59.75,40.7586726459221
110.25,63.25,29.6968575265156
110.25,65.25,23.285126348842
110.25,65.75,24.4756768064336
110.25,66.25,22.4053224538674
110.25,69.75,16.3311499448523
110.25,70.25,15.040264698658
110.75,-7.75,28.6336710628775
110.75,-7.25,32.1519152360768
110.75,-6.75,35.2965643882333
110.75,19.75,85.2171398051789
110.75,21.75,83.3671830838504
110.75,22.25,83.1876049806539
110.75,22.75,82.3855614206142
110.75,24.25,83.5109440494134
110.75,24.75,83.6444866113452
110.75,25.25,82.1818805919736
110.75,25.75,84.5765694625293
110.75,26.25,87.0577284152321
110.75,26.75,85.5682546485848
110.75,27.25,84.4972714189787
110.75,27.75,82.9096357638441
110.75,28.25,82.9008443711838
110.75,28.75,84.1212069915763
110.75,29.25,84.0377029224769
110.75,29.75,82.2276669617139
110.75,31.25,81.9080481312851
110.75,31.75,84.7735749638529
110.75,32.25,86.6260041968948
110.75,32.75,87.3435744727204
110.75,33.25,84.4486515252211
110.75,34.25,82.0095096528622
110.75,34.75,84.8661829718228
110.75,35.25,85.2641374067373
110.75,36.75,83.2634048727165
110.75,37.25,83.887139540351
110.75,37.75,82.6056020708633
110.75,38.25,82.5259588811934
110.75,38.75,82.643868129013
110.75,39.25,81.4100847084149
110.75,39.75,80.1309938901709
110.75,40.25,79.901441642939
110.75,40.75,79.1971198715033
110.75,41.25,79.4575807382985
110.75,41.75,84.3400466256926
110.75,42.25,85.4057925008946
110.75,42.75,83.8116214392959
110.75,43.25,81.7547616464287
110.75,43.75,80.6775246621941
110.75,44.25,76.4674765113148
110.75,47.25,75.7069957509562
110.75,47.75,76.6223795643579
110.75,48.25,76.3902348260472
110.75,48.75,75.8234580380786
110.75,49.25,72.9444730991664
110.75,49.75,69.7199080725711
110.75,50.25,68.9773650178009
110.75,50.75,69.5555836658192
110.75,51.25,68.4340490580409
110.75,51.75,64.6219559803488
110.75,54.25,59.9019907079334
110.75,54.75,61.3135140798117
110.75,55.25,60.1825624476933
110.75,55.75,55.6630848276003
110.75,57.25,49.6856041207667
110.75,57.75,51.3425304035834
110.75,58.25,48.2438663676956
110.75,58.75,44.5684261046257
110.75,59.25,43.3892172440293
110.75,59.75,40.7427811184901
110.75,60.25,37.6362433039492
111.25,-7.25,33.2662799816739
111.25,-6.75,35.0385699413669
111.25,-2.75,48.4531262412447
111.25,-2.25,48.7720522744786
111.25,-0.25,56.3306583362846
111.25,0.25,58.3168779581172
111.25,0.75,60.0668421858232
111.25,1.25,60.0337152907195
111.25,1.75,60.6028445881032
111.25,2.25,64.8723591352291
111.25,21.75,82.0775604860051
111.25,22.25,84.152740176642
111.25,22.75,83.8639869897751
111.25,23.25,83.425107212519
111.25,23.75,83.9265914559675
111.25,24.25,84.6447429513963
111.25,24.75,84.5405899803438
111.25,25.25,84.2972324749363
111.25,25.75,85.7102228748072
111.25,26.25,86.5165107108199
111.25,26.75,84.8091611683218
111.25,27.25,85.1816713402067
111.25,27.75,84.8776037687173
111.25,28.25,83.2138559724321
111.25,31.25,86.2418648098017
111.25,31.75,89.0500659008632
111.25,32.25,88.9929328682939
111.25,32.75,88.9305112767345
111.25,33.25,83.7433521593017
111.25,34.25,81.8218081908397
111.25,34.75,85.10622689624
111.25,35.25,84.3393730894952
111.25,37.25,82.1540606927364
111.25,37.75,82.3327709901477
111.25,38.25,80.8560898160619
111.25,39.25,80.2543180573897
111.25,39.75,81.6709611559069
111.25,40.25,82.3441778391926
111.25,40.75,81.8381124953532
111.25,41.25,80.7074207517171
111.25,41.75,83.245618546641
111.25,42.25,85.2875840784833
111.25,42.75,80.5865522193203
111.25,43.25,78.6681912319034
111.25,43.75,77.5800309367018
111.25,45.25,76.7915612275883
111.25,45.75,76.7482891983317
111.25,46.25,74.7343354040169
111.25,46.75,74.0853952264207
111.25,47.25,78.1659270673327
111.25,47.75,79.0811946834235
111.25,48.25,77.6815858706839
111.25,48.75,75.3209628560536
111.25,49.25,73.7773319978823
111.25,49.75,73.9676931680343
111.25,50.25,74.6796503319426
111.25,50.75,72.1321631546524
111.25,51.25,66.84155812567
111.25,54.75,57.2364300242524
111.25,55.25,57.9584616938806
111.25,55.75,55.2890891644048
111.25,57.25,51.5425022422614
111.25,57.75,50.8261450045449
111.25,58.25,46.4737627965731
111.25,58.75,43.4252737653202
111.25,59.25,42.3890877428518
111.25,59.75,42.1684099797168
111.25,60.25,40.3902915524722
111.75,-2.75,46.9104428127139
111.75,-2.25,48.8493769833224
111.75,-0.75,53.1709311563889
111.75,-0.25,56.856903817465
111.75,0.25,57.1791589662577
111.75,0.75,58.9900626798916
111.75,1.25,58.8959485547193
111.75,2.25,62.6273581308836
111.75,22.25,83.1614631260436
111.75,22.75,85.5029620672249
111.75,23.25,84.6925143115088
111.75,23.75,82.3617945615664
111.75,24.75,82.2300739135759
111.75,25.25,85.7609210616985
111.75,25.75,87.5487476905655
111.75,26.25,86.9955186680181
111.75,26.75,86.6649458690662
111.75,27.25,86.4782016533112
111.75,27.75,83.6519231377272
111.75,28.25,82.4474518732239
111.75,28.75,83.0995860890341
111.75,29.25,85.0132562338957
111.75,29.75,87.7222923352569
111.75,30.25,86.4016438826774
111.75,30.75,83.6463316752198
111.75,31.25,85.0308079889684
111.75,31.75,88.3495887882145
111.75,32.25,89.0258307568715
111.75,32.75,88.9735574826042
111.75,33.25,84.9532087113499
111.75,33.75,82.2762234554669
111.75,34.25,82.0974983264795
111.75,34.75,81.9340984341919
111.75,35.25,81.3200769442045
111.75,36.75,80.9972185798246
111.75,37.25,83.4324900311161
111.75,37.75,84.5127428796995
111.75,38.25,81.7045966396799
111.75,39.75,82.2327021045681
111.75,40.25,85.374063572832
111.75,40.75,84.060305013464
111.75,41.25,79.2153457573543
111.75,43.25,78.6015952675324
111.75,45.25,76.5988880142119
111.75,45.75,79.8469919975917
111.75,46.25,78.5155879391164
111.75,46.75,77.3384868186552
111.75,47.25,78.7900080706773
111.75,47.75,77.9651293337479
111.75,48.25,76.1869749362294
111.75,48.75,74.4488108429439
111.75,49.25,75.6633179450668
111.75,49.75,75.7277172104864
111.75,50.25,73.6474186344833
111.75,50.75,69.5220640560475
111.75,55.25,57.1243244300804
111.75,55.75,55.7124672467234
111.75,56.25,51.6124232328532
111.75,56.75,50.2344826358419
111.75,57.25,51.4726581650912
111.75,57.75,47.5274900770759
111.75,59.25,41.8411822054696
111.75,59.75,43.0586414635504
111.75,60.25,40.0323263468897
112.25,-0.75,51.7581834943429
112.25,-0.25,55.0525707686462
112.25,0.25,57.4841488628477
112.25,0.75,59.2049249186049
112.25,22.25,86.5495820549989
112.25,22.75,86.098496824573
112.25,24.75,82.8536493653655
112.25,25.25,85.0645515890242
112.25,25.75,85.1666623477759
112.25,26.25,85.7689816686128
112.25,26.75,88.0352877645913
112.25,27.25,86.6572792560921
112.25,27.75,82.6633125895378
112.25,28.25,82.982835153383
112.25,28.75,85.8350399580538
112.25,29.25,88.7884769492996
112.25,29.75,89.1960878017959
112.25,30.25,86.9275505263337
112.25,30.75,83.7709705749453
112.25,31.25,82.2427968927204
112.25,31.75,84.1143244988649
112.25,32.25,86.8077812147653
112.25,32.75,85.5067771319355
112.25,34.75,82.6424454384658
112.25,35.25,82.6129455624393
112.25,37.25,82.9356298910005
112.25,37.75,84.7504082764957
112.25,38.25,83.7844587575069
112.25,38.75,80.4534873344685
112.25,39.75,83.0833231922738
112.25,40.25,85.4209561152344
112.25,40.75,83.4761035385881
112.25,42.75,78.984097936784
112.25,43.25,80.4418147589348
112.25,46.25,77.0681085436096
112.25,46.75,79.2479298235199
112.25,47.25,80.1115134938108
112.25,47.75,78.4201976525946
112.25,48.25,76.6509747938431
112.25,48.75,74.5154939001772
112.25,49.25,74.6185131298513
112.25,49.75,72.0807041434885
112.25,54.75,58.3031133388545
112.25,55.25,59.0836836635617
112.25,55.75,56.1498440269953
112.25,56.25,52.1530235928864
112.25,56.75,50.3205748957715
112.25,57.25,49.2949912066243
112.25,59.75,40.554428437006
112.25,60.25,39.458171350546
112.25,61.75,33.7428296990341
112.25,62.25,33.3396265796422
112.25,62.75,31.2075497286048
112.25,70.25,16.9696000181626
112.25,70.75,14.3973110408229
112.75,-1.25,52.0357154377794
112.75,-0.75,54.8278346734933
112.75,-0.25,55.9346544882604
112.75,0.25,59.2172220352485
112.75,0.75,61.1524159029018
112.75,22.25,86.7285007668207
112.75,22.75,84.3677516785641
112.75,24.75,85.5805411819977
112.75,25.25,86.3269810542709
112.75,25.75,84.6132972222362
112.75,26.25,84.0789244406519
112.75,26.75,84.3701568465279
112.75,27.25,81.9723658235111
112.75,28.25,83.350140910988
112.75,28.75,84.0176865688959
112.75,29.25,86.1369466109964
112.75,29.75,85.4458359843825
112.75,30.25,83.4677591387279
112.75,30.75,83.809839032761
112.75,31.25,83.4608555863892
112.75,31.75,84.0056393361497
112.75,32.25,83.6336825091613
112.75,32.75,81.7664300591794
112.75,34.75,85.8236817748382
112.75,35.25,85.5385474486155
112.75,35.75,81.7505947855614
112.75,36.75,81.5350546689224
112.75,37.25,83.1615956821023
112.75,37.75,84.1077718310078
112.75,38.25,83.646243233876
112.75,38.75,81.6643473362752
112.75,39.25,82.0949891317757
112.75,39.75,84.2797370312282
112.75,40.25,81.6925984978408
112.75,42.75,80.3386090943169
112.75,43.25,79.3605897779511
112.75,46.75,80.0734118398256
112.75,47.25,80.3381860868701
112.75,47.75,78.0027904576152
112.75,48.25,75.7767865812883
112.75,48.75,72.8026691293797
112.75,49.25,71.7530026232189
112.75,53.75,61.3184536766353
112.75,54.25,61.8892394376968
112.75,54.75,61.6697607767977
112.75,55.25,59.3249739567724
112.75,55.75,55.6351937231446
112.75,60.75,37.8697855708921
112.75,62.25,32.1646440481022
112.75,62.75,34.5645333721376
112.75,63.25,31.6436554592472
112.75,65.75,23.4943851009527
112.75,66.25,24.2272731578063
112.75,66.75,21.8252623662071
112.75,70.25,17.4579885675335
112.75,70.75,14.451556731213
113.25,-1.25,52.8849314347303
113.25,-0.75,54.7323841935376
113.25,-0.25,53.4212772086659
113.25,0.25,55.9957853471516
113.25,0.75,58.7152427133143
113.25,3.25,63.4069718278083
113.25,22.25,82.9245381568442
113.25,23.25,82.1823347689039
113.25,23.75,83.6106193823443
113.25,24.25,84.3684190507841
113.25,24.75,88.5115351172224
113.25,25.25,89.0029837339124
113.25,25.75,88.2074012361988
113.25,26.25,83.4990663654425
113.25,29.75,81.8032835299673
113.25,30.75,82.7537034550803
113.25,31.25,82.9832030741821
113.25,31.75,83.4872917672343
113.25,32.25,82.0815022140152
113.25,34.75,84.0513557723509
113.25,35.25,84.861869305208
113.25,35.75,82.2593153867226
113.25,36.75,83.4910992948583
113.25,37.25,85.80569063549
113.25,37.75,85.610042822445
113.25,38.25,82.5802990347589
113.25,39.75,81.0880669257553
113.25,42.25,79.330325470871
113.25,42.75,80.5048025121971
113.25,43.25,81.0940872161199
113.25,43.75,81.0154946643647
113.25,44.25,78.442896420126
113.25,46.25,78.4832807779094
113.25,46.75,81.776570794056
113.25,47.25,79.639487403313
113.25,47.75,76.8734775823828
113.25,48.25,74.743043395374
113.25,48.75,72.6178363115949
113.25,53.75,64.203278838539
113.25,54.25,64.7309414413632
113.25,54.75,61.7394190321422
113.25,55.25,58.3172331669642
113.25,55.75,55.9530671634033
113.25,60.75,37.1879580911205
113.25,63.25,30.7016331742115
113.25,64.75,26.1931685055035
113.25,65.25,25.7289865209705
113.25,65.75,25.1294760886852
113.25,66.25,25.2907315553813
113.25,66.75,24.01449035551
113.75,-8.25,25.7665082463263
113.75,-1.25,49.3911437339927
113.75,-0.75,50.9031403527203
113.75,0.25,53.500806818037
113.75,0.75,56.3449357917536
113.75,1.25,57.8668822592453
113.75,1.75,58.5122170502988
113.75,23.25,82.8290295058206
113.75,23.75,87.2599904040632
113.75,24.25,85.2074774433626
113.75,24.75,87.4577627748985
113.75,25.25,88.8809123344948
113.75,25.75,88.3671334811705
113.75,26.25,82.5712036876086
113.75,30.75,83.0026316249703
113.75,31.25,82.8239744527769
113.75,31.75,83.7483875731665
113.75,35.25,84.6242530707006
113.75,35.75,84.9121850812159
113.75,36.25,84.091950415194
113.75,36.75,83.5245690882797
113.75,37.25,83.5053916115791
113.75,37.75,85.2582080447078
113.75,38.25,81.5507277710338
113.75,41.75,82.485473380807
113.75,42.25,82.298693144577
113.75,42.75,82.4361226536699
113.75,43.25,84.6528191445287
113.75,43.75,83.5969664518641
113.75,45.75,77.718549956128
113.75,46.25,81.3461777224611
113.75,46.75,80.9793092467362
113.75,47.25,77.9740967405168
113.75,47.75,77.6984995129268
113.75,48.25,77.1202976912515
113.75,48.75,75.6134983919933
113.75,49.25,72.7020880290159
113.75,49.75,70.9694146935206
113.75,51.75,67.066891188845
113.75,52.25,68.375155965617
113.75,53.75,63.3965404883232
113.75,54.25,63.1966099066865
113.75,54.75,60.2036731257293
113.75,55.25,60.0939908800499
113.75,55.75,60.0154893127848
113.75,56.25,54.5182319217972
113.75,60.75,38.4225683279043
113.75,64.75,27.4495416263404
113.75,65.25,26.2716658255152
113.75,65.75,24.3875563253122
113.75,66.25,23.7953387074105
113.75,66.75,23.6436739008189
114.25,-27.75,28.3097289766643
114.25,-0.25,53.6815117862462
114.25,0.25,53.1125469819392
114.25,1.25,57.6268997007912
114.25,1.75,60.9368442418639
114.25,23.25,83.4784083635359
114.25,23.75,88.5818019481586
114.25,24.25,87.3074474374032
114.25,24.75,86.0878441018508
114.25,25.25,86.0256751461295
114.25,25.75,85.0435223502097
114.25,26.25,82.3585985947292
114.25,30.75,86.5799921812883
114.25,31.25,87.0404503324102
114.25,31.75,85.8610705465784
114.25,32.25,81.9015037126046
114.25,34.75,82.5716692720833
114.25,35.25,86.2246465573291
114.25,35.75,87.709637159633
114.25,36.25,88.3354528953654
114.25,36.75,83.9984903008703
114.25,41.75,83.4728316433353
114.25,42.25,84.5306876343888
114.25,42.75,84.5108573911936
114.25,43.25,85.5785791323008
114.25,43.75,82.2660422147279
114.25,45.75,78.6302057811274
114.25,46.25,79.3969735543196
114.25,46.75,75.9054816911865
114.25,47.75,79.0387605010607
114.25,48.25,79.8944843073143
114.25,48.75,78.0528546047935
114.25,49.25,74.4462461304071
114.25,51.75,70.9741039812599
114.25,52.25,71.2559765634238
114.25,52.75,66.7173469556144
114.25,53.25,65.7472122924613
114.25,53.75,65.7101575441387
114.25,54.25,60.1310452793298
114.25,55.25,60.7591708510426
114.25,55.75,61.2808628862153
114.25,56.25,54.9148343812857
114.25,56.75,52.3197182193009
114.25,57.25,51.9956357974169
114.25,57.75,48.8212284692677
114.25,60.25,40.7362343104322
114.25,60.75,39.9503814562323
114.25,63.75,28.5599146023794
114.25,64.25,30.9203923956269
114.25,64.75,28.7393002947977
114.25,65.25,24.4730633638256
114.25,66.75,22.5247433515349
114.75,-0.25,51.535857554717
114.75,1.25,57.4814080031967
114.75,1.75,59.1199858220538
114.75,22.75,83.378481798289
114.75,23.25,82.6670719206332
114.75,23.75,85.4760515026796
114.75,24.25,86.7134873000819
114.75,24.75,85.5819981239943
114.75,25.25,83.0425605279286
114.75,25.75,82.9372323336237
114.75,26.25,82.9742578606169
114.75,27.75,82.8396410100045
114.75,28.25,83.0619049748662
114.75,28.75,82.1685689287556
114.75,30.75,85.1270777485408
114.75,31.25,87.698843588873
114.75,31.75,86.3432555394045
114.75,32.25,82.0585092551143
114.75,33.75,83.8343542060701
114.75,34.25,84.4448714899589
114.75,34.75,83.4909921157297
114.75,35.25,83.8008785731677
114.75,35.75,84.1975932359941
114.75,36.25,86.8115756853474
114.75,36.75,83.5210215194056
114.75,39.25,82.7837471510327
114.75,41.25,80.8978444393176
114.75,41.75,82.5319223983168
114.75,42.25,81.8391288492364
114.75,42.75,81.0253043664276
114.75,43.25,80.6638938418844
114.75,45.25,77.5987406081344
114.75,45.75,79.6010928797756
114.75,47.75,77.8489535285928
114.75,48.25,79.1741467885997
114.75,48.75,77.9841595384918
114.75,49.25,74.6887985537792
114.75,51.75,70.7024965845814
114.75,52.25,69.7749520646602
114.75,52.75,67.0186388985862
114.75,53.25,68.840641132322
114.75,53.75,67.4432280624101
114.75,55.25,59.2413808658631
114.75,55.75,58.634686747726
114.75,56.75,53.034409975119
114.75,57.25,55.4189567030127
114.75,57.75,52.5753457172054
114.75,60.75,38.0955259523134
114.75,64.25,31.024995249356
114.75,64.75,29.5427304504368
114.75,65.25,24.866320605538
115.25,-34.25,34.4065994342924
115.25,-33.75,35.4138102995562
115.25,-29.25,32.5562581065236
115.25,-28.75,30.338631833711
115.25,0.75,55.0368828735524
115.25,1.25,58.1150016856513
115.25,1.75,56.8950581428951
115.25,2.75,59.9496824242555
115.25,23.25,83.4199741368192
115.25,23.75,83.1466615879999
115.25,24.25,83.917770386353
115.25,24.75,84.403303061411
115.25,25.25,84.6131816334291
115.25,25.75,83.7952642191841
115.25,26.25,81.7055713653225
115.25,27.25,83.4744478851933
115.25,27.75,84.8882820920318
115.25,28.25,84.2001757815602
115.25,28.75,83.4207861110918
115.25,31.25,84.2334918178748
115.25,31.75,85.937603568953
115.25,32.25,82.0461780331812
115.25,33.75,84.7512786114955
115.25,34.25,85.197398163553
115.25,34.75,82.7234467526864
115.25,35.25,82.6793946956796
115.25,35.75,82.3470473508288
115.25,36.25,81.993171296475
115.25,38.75,82.2738423789343
115.25,39.25,83.4737715192041
115.25,39.75,81.1608687196994
115.25,41.25,82.1696780737895
115.25,41.75,81.7402669797402
115.25,44.75,78.7393224963908
115.25,45.25,80.2676509419652
115.25,45.75,81.0918169468656
115.25,47.75,75.7855484049219
115.25,48.25,77.192335138263
115.25,48.75,76.9345457505804
115.25,49.25,74.5166474939639
115.25,49.75,72.3106820180005
115.25,50.25,71.3771374913755
115.25,50.75,70.024061419752
115.25,51.25,69.077840949013
115.25,51.75,68.9655541228063
115.25,52.25,66.6095178653664
115.25,52.75,64.9157324032103
115.25,53.25,65.8111100065286
115.25,53.75,64.0615838195992
115.25,54.25,61.6204690992869
115.25,54.75,60.8793680841142
115.25,55.25,60.1021452921801
115.25,55.75,56.2630955619953
115.25,56.75,55.5043981034311
115.25,57.25,56.4544635839946
115.25,57.75,52.4569973329296
115.25,64.25,28.7278243837965
115.25,64.75,29.3610097699429
115.25,65.25,24.8992857890424
115.75,-34.25,32.7455097135574
115.75,-33.75,34.0027396107345
115.75,-31.25,33.7663372076768
115.75,-29.75,33.7791218974262
115.75,-29.25,33.6257804505331
115.75,-28.75,31.4089106255838
115.75,0.25,52.9090561037257
115.75,0.75,57.3994046412932
115.75,1.25,56.3553823686855
115.75,23.25,80.8280771959308
115.75,23.75,81.2478046111845
115.75,24.25,81.5213127258136
115.75,24.75,82.230867057291
115.75,25.25,84.4528488943981
115.75,25.75,83.3854251315113
115.75,27.25,84.9617725197059
115.75,27.75,86.3170054944616
115.75,28.25,85.8102633226383
115.75,28.75,84.5051909017274
115.75,29.25,82.8724605730215
115.75,29.75,83.8803563713643
115.75,30.25,82.862749149654
115.75,31.75,83.4021272773238
115.75,33.25,82.3432335294438
115.75,33.75,84.4206571940718
115.75,34.25,83.8501928805996
115.75,34.75,83.0445128205309
115.75,35.25,85.4133361951422
115.75,35.75,84.5662702527763
115.75,38.25,84.4487437985912
115.75,38.75,86.1719448091422
115.75,39.25,83.2436323796221
115.75,39.75,81.7549469362141
115.75,41.25,80.5508220917968
115.75,41.75,80.8303544706729
115.75,43.75,81.65329741057
115.75,44.25,83.3840272555555
115.75,44.75,82.5566810877701
115.75,45.25,82.296712517976
115.75,45.75,81.8970997108604
115.75,47.75,77.2143522136686
115.75,48.25,77.1207278574073
115.75,48.75,75.2587820713774
115.75,49.25,72.9414892061945
115.75,50.25,71.233464679345
115.75,50.75,70.5208328334815
115.75,54.25,62.8166391169712
115.75,54.75,62.074528850609
115.75,55.25,58.3844820670322
115.75,56.25,55.1113415644108
115.75,56.75,57.2422239642471
115.75,57.25,55.7435357154126
115.75,57.75,50.3216111299726
115.75,60.75,38.6513967559497
115.75,64.75,26.4183226889252
116.25,-29.75,33.0959840670619
116.25,-29.25,33.1468305780151
116.25,-28.75,30.3315947509671
116.25,-1.75,44.2901681899427
116.25,-1.25,47.7884710318633
116.25,-0.75,49.6192699632871
116.25,-0.25,51.6238202359536
116.25,0.25,54.5408293682316
116.25,0.75,56.5978426575145
116.25,1.25,54.7905056185391
116.25,5.75,65.9052653365207
116.25,6.25,67.850713323075
116.25,23.75,80.8414891795668
116.25,25.25,81.8292517578042
116.25,25.75,82.226604168046
116.25,27.25,81.8399550224699
116.25,27.75,83.8216347933584
116.25,28.25,86.1537443087
116.25,28.75,84.6869656491206
116.25,29.25,82.7104872539746
116.25,29.75,84.788255724235
116.25,30.25,85.863389219087
116.25,30.75,82.6553258423965
116.25,31.75,81.6520230845032
116.25,32.25,82.0124321728167
116.25,32.75,82.5259580227582
116.25,33.25,84.1999692512648
116.25,33.75,83.5181890531075
116.25,34.25,82.5020965634547
116.25,34.75,84.1482470904759
116.25,35.25,87.5165097168952
116.25,35.75,85.8972211876454
116.25,36.25,82.2986873940033
116.25,36.75,81.6860355674408
116.25,37.25,81.8043555582742
116.25,37.75,81.8646218134946
116.25,38.25,85.0652735132674
116.25,38.75,87.1778569597501
116.25,39.25,84.4044880210959
116.25,39.75,82.7058867494451
116.25,40.25,82.6584903891998
116.25,40.75,80.8131510721749
116.25,43.25,81.4117340388986
116.25,43.75,85.8037208029211
116.25,44.25,86.5395137155328
116.25,44.75,85.5738187887866
116.25,45.25,83.8211183929685
116.25,45.75,83.6484946687085
116.25,46.25,80.3880158130862
116.25,47.25,77.5496576528476
116.25,47.75,79.0003931717292
116.25,48.25,76.8567286094014
116.25,48.75,75.46684861635
116.25,60.75,40.4633512090884
116.25,61.25,37.6904172827548
116.75,-29.75,32.2170072668184
116.75,-29.25,33.1410640888071
116.75,-22.25,15.9083721265968
116.75,-1.25,46.6701303003007
116.75,-0.75,49.9424153606452
116.75,-0.25,52.0798757530909
116.75,0.25,51.8686116950312
116.75,0.75,51.9568092325376
116.75,6.25,66.8105326378243
116.75,6.75,67.4717145769315
116.75,23.75,84.6068166477856
116.75,24.25,85.1510103495724
116.75,24.75,82.6363317298571
116.75,25.25,81.4332369463255
116.75,25.75,81.8979281223409
116.75,27.75,81.9624116846183
116.75,28.25,85.4686528696995
116.75,28.75,84.7139150082764
116.75,29.25,82.8433626670563
116.75,29.75,85.3119101247732
116.75,30.25,87.3439546769805
116.75,30.75,83.8386026970366
116.75,31.75,83.0297127329063
116.75,32.25,84.8867750708101
116.75,32.75,85.7889685575662
116.75,33.25,84.4734569962158
116.75,34.75,83.4684738890159
116.75,35.25,86.324982511724
116.75,35.75,85.2817294270006
116.75,36.25,84.566091775708
116.75,36.75,82.837621626409
116.75,38.25,82.6878111976611
116.75,38.75,87.0350788516504
116.75,39.25,86.9841964454091
116.75,39.75,84.1521318632942
116.75,40.25,81.950944669411
116.75,43.75,82.4249269691223
116.75,44.25,82.7234954979598
116.75,44.75,83.1640133334869
116.75,45.25,83.8276075445508
116.75,45.75,84.3782828092402
116.75,46.25,81.6866583786033
116.75,46.75,78.1314430061971
116.75,47.25,78.8007951230865
116.75,47.75,78.0820598020264
116.75,48.25,77.0049628457772
116.75,48.75,78.521035214914
116.75,49.25,75.3909365758461
116.75,51.75,69.6575258715018
116.75,52.25,69.4257001677561
116.75,55.25,60.1503832827652
116.75,55.75,57.7556739249176
116.75,60.75,39.5877261423936
116.75,61.25,37.5285280488342
117.25,-33.25,32.5357523289552
117.25,-32.75,33.3394593357214
117.25,-30.25,32.017002839042
117.25,-0.75,46.3392094198264
117.25,-0.25,49.5868548250453
117.25,0.25,50.3195255432356
117.25,6.25,66.427960328947
117.25,6.75,68.0321854262112
117.25,23.75,86.7028704718196
117.25,24.25,87.5316005282123
117.25,24.75,87.6445801214213
117.25,25.25,86.1979936349452
117.25,25.75,83.5270085881822
117.25,27.25,81.1159267602284
117.25,28.75,82.6023658659689
117.25,29.25,85.426809836177
117.25,29.75,87.9322946951092
117.25,30.25,86.8218128903444
117.25,31.75,83.5873824701933
117.25,32.25,87.5877756633105
117.25,32.75,87.9598702639329
117.25,33.25,84.3952667572711
117.25,34.75,83.9719637972552
117.25,35.25,85.9852190644995
117.25,35.75,84.2866077393441
117.25,36.25,83.7788506599585
117.25,38.25,83.9410892543871
117.25,38.75,87.2722179913378
117.25,39.25,86.3926445055742
117.25,39.75,82.9813116458375
117.25,43.25,81.2856375273036
117.25,43.75,81.6411437087469
117.25,44.25,79.5556826143631
117.25,44.75,82.7195973645773
117.25,45.25,84.3419332942926
117.25,45.75,81.3328070101343
117.25,46.25,79.1758702022403
117.25,46.75,78.2788139197251
117.25,47.25,78.7018640903953
117.25,47.75,76.9574849882314
117.25,48.25,76.9114026139914
117.25,48.75,79.2706875113628
117.25,49.25,75.5450049634808
117.25,51.75,71.9971286960719
117.25,52.25,72.7129402893313
117.25,52.75,66.9269191114943
117.25,55.25,63.5603079141147
117.25,55.75,59.7773391955484
117.25,61.25,37.0836221747622
117.25,62.75,32.1611556668501
117.25,63.25,31.6979931468876
117.25,63.75,28.7802565146335
117.25,66.75,21.7908016306995
117.75,-30.75,35.2603912450616
117.75,-30.25,34.2083735874356
117.75,0.75,51.0568371605026
117.75,5.75,63.8819113683716
117.75,24.25,86.979220716119
117.75,24.75,87.4293160889226
117.75,25.25,87.5483740674536
117.75,25.75,86.805573034912
117.75,26.25,82.0822000513681
117.75,26.75,81.4595709275821
117.75,27.25,81.3334416425962
117.75,29.25,83.925668658812
117.75,29.75,85.4057980042473
117.75,30.25,83.7065349026828
117.75,31.75,84.014832975484
117.75,32.25,88.0680162009681
117.75,32.75,85.0811825341448
117.75,33.25,82.253501210309
117.75,34.25,82.6198922432168
117.75,34.75,85.0303701189573
117.75,35.25,86.3351218233396
117.75,35.75,83.8059835953872
117.75,38.25,82.4651528156321
117.75,43.25,82.4943943231245
117.75,43.75,82.9706092133699
117.75,44.25,80.7258956396048
117.75,44.75,84.288253431117
117.75,45.25,86.2231467848521
117.75,45.75,81.9948652916361
117.75,46.25,81.1374585446111
117.75,46.75,82.8167517855571
117.75,47.25,81.491629996416
117.75,47.75,77.4835436583731
117.75,48.25,76.767419865413
117.75,48.75,77.7707010363919
117.75,50.75,73.4694771815184
117.75,51.25,71.7869945725485
117.75,51.75,71.993907291126
117.75,52.25,71.936291950647
117.75,54.75,61.2084242816466
117.75,55.25,62.8180654009484
117.75,55.75,59.6110415454431
117.75,66.25,22.4069958444051
117.75,66.75,22.0015693002691
117.75,69.75,15.8374421610311
117.75,70.25,16.1263392455292
118.25,-34.25,31.2085382604968
118.25,-30.75,35.7335507345445
118.25,-30.25,34.2505702405617
118.25,-27.75,28.0209799781511
118.25,-24.75,22.1068554948411
118.25,5.75,63.992133158622
118.25,24.75,81.8178069140851
118.25,25.25,82.8848780883865
118.25,25.75,83.1049645452503
118.25,26.25,81.3652778146106
118.25,29.75,81.5280237090231
118.25,30.25,83.8950122992388
118.25,31.75,81.721748314868
118.25,32.25,83.9959046140863
118.25,33.75,81.6193815648447
118.25,34.25,82.1469336991105
118.25,34.75,82.028293314691
118.25,35.25,84.7324828420035
118.25,35.75,83.6299478148135
118.25,43.25,82.2049663099916
118.25,43.75,83.4581972933535
118.25,44.25,82.2535118723112
118.25,44.75,84.4586890608963
118.25,45.25,85.701643960873
118.25,45.75,83.3288627678998
118.25,46.25,82.4239898024339
118.25,46.75,82.9219584627801
118.25,47.25,80.7392984512576
118.25,47.75,76.9267761432245
118.25,48.25,76.3441032406342
118.25,50.25,72.2869721555108
118.25,50.75,76.4371324403871
118.25,51.25,73.0521650396246
118.25,55.25,59.7222807644959
118.25,55.75,58.6332121290817
118.25,56.25,56.4502284188867
118.25,56.75,56.4049115573687
118.25,57.25,53.1222400755168
118.25,59.25,45.1341275624852
118.25,59.75,45.6425092197233
118.25,60.25,41.3176456958903
118.25,61.25,38.1889385877327
118.25,61.75,36.4090996935274
118.25,69.75,17.4330705337529
118.25,70.25,17.1295240107669
118.25,70.75,15.9146850494349
118.75,-34.25,30.7553261736596
118.75,-30.75,34.6335312818819
118.75,-30.25,33.8908943496688
118.75,-29.75,30.4997955134875
118.75,-28.25,28.0918662264234
118.75,-27.75,28.3300716383954
118.75,-24.75,20.4552679998438
118.75,9.75,70.0160805776331
118.75,26.75,80.8912918661607
118.75,30.25,83.3578799014647
118.75,30.75,82.1611175987085
118.75,33.75,82.0395771376111
118.75,37.25,82.1843659543353
118.75,40.25,83.1120975843661
118.75,40.75,84.5069386653769
118.75,41.25,81.2602412224653
118.75,41.75,80.9276009804943
118.75,42.25,82.4757878500289
118.75,43.25,81.0254009393808
118.75,43.75,83.2492752491601
118.75,44.25,82.8453990520831
118.75,44.75,83.1527306415088
118.75,45.25,82.3236794670139
118.75,45.75,80.9213486389596
118.75,46.25,79.8794999436723
118.75,46.75,78.9667473244301
118.75,47.25,77.6747746179114
118.75,50.25,72.4576736818846
118.75,50.75,76.3016298335523
118.75,51.25,73.3321245545119
118.75,55.75,58.0010831832354
118.75,56.25,58.7775714078233
118.75,56.75,59.026509507447
118.75,57.25,56.0040273413159
118.75,57.75,50.931783191875
118.75,59.75,43.7078246883654
118.75,60.25,41.8194394697134
118.75,65.25,24.9671288244042
118.75,65.75,25.0603295589732
118.75,70.75,14.4362205064108
118.75,71.25,13.7626663856611
118.75,71.75,12.9393392885971
119.25,-34.25,30.3355337722496
119.25,-30.75,31.5886818764296
119.25,-30.25,33.0706070546873
119.25,-29.75,30.8580188459827
119.25,-28.25,27.9546139311359
119.25,-27.75,26.6338914234035
119.25,-24.25,19.4580408664244
119.25,-23.75,18.1718457654226
119.25,-23.25,17.9649418577219
119.25,-2.25,39.0129141965749
119.25,10.25,70.2913685427851
119.25,26.75,81.6501603822849
119.25,27.25,80.2486110719992
119.25,28.25,80.6371984128317
119.25,28.75,81.2835900141687
119.25,29.25,82.2818492830354
119.25,29.75,82.67368441977
119.25,30.25,80.9099822459954
119.25,31.25,81.7445518015588
119.25,31.75,81.954007774784
119.25,32.75,82.6253715388789
119.25,33.25,84.7989974742847
119.25,33.75,83.054673769466
119.25,36.75,85.3298448757826
119.25,39.75,81.998405372252
119.25,40.25,84.9124939199112
119.25,40.75,85.4116756974365
119.25,41.25,83.4931821504878
119.25,41.75,84.4584937007021
119.25,42.25,84.7890032995023
119.25,43.75,80.9920357389517
119.25,44.25,79.8960141488602
119.25,44.75,80.5039787725935
119.25,45.25,80.6542012859421
119.25,45.75,79.8651225613139
119.25,46.25,79.5467708765903
119.25,46.75,79.0931083018026
119.25,47.25,77.5957663295998
119.25,48.25,76.3817484528012
119.25,48.75,76.5764979099997
119.25,50.25,72.8004809414163
119.25,50.75,73.9764129053227
119.25,51.25,72.4055967833556
119.25,52.75,67.1356059773153
119.25,55.75,60.7071890047294
119.25,56.25,61.2509129008216
119.25,56.75,60.1846999011082
119.25,57.25,57.704274796419
119.25,57.75,52.7904140164812
119.25,58.25,50.4558720277698
119.25,58.75,46.6989178282787
119.25,62.75,32.535366209536
119.25,65.25,25.117086173002
119.25,65.75,23.8523306126505
119.25,71.25,13.5930502178673
119.25,71.75,13.5439188524633
119.75,-9.75,18.6728517998458
119.75,-3.75,34.1433342656261
119.75,27.25,80.7946510329868
119.75,27.75,81.3993857293605
119.75,28.25,83.9537879425334
119.75,28.75,85.2974376189486
119.75,29.25,85.2224404605472
119.75,29.75,84.149328149343
119.75,30.25,80.9973364763562
119.75,31.25,82.8411739057845
119.75,31.75,83.9634904132089
119.75,32.25,82.3832733528777
119.75,32.75,85.4597023307648
119.75,33.25,87.2601980405279
119.75,33.75,84.1211353642529
119.75,35.75,81.8963053353132
119.75,36.25,83.6118433224559
119.75,36.75,85.879699095677
119.75,40.25,81.8305838944979
119.75,40.75,81.3209083719064
119.75,41.25,83.2578523968803
119.75,41.75,85.2409612970718
119.75,42.25,84.2522141258494
119.75,42.75,80.6988472227587
119.75,43.25,80.8053229290308
119.75,45.75,78.7553846611461
119.75,46.25,78.606479265056
119.75,46.75,78.3183310169176
119.75,47.25,78.366871977727
119.75,47.75,78.7985189446972
119.75,48.25,79.5290373381694
119.75,48.75,81.3171762094025
119.75,49.25,78.3644688805869
119.75,49.75,76.2317348631985
119.75,50.25,73.819716307992
119.75,52.25,68.9174003073494
119.75,52.75,68.4501084074092
119.75,55.25,60.3637403699814
119.75,55.75,61.7549976058498
119.75,56.25,61.2223623340293
119.75,56.75,60.0658043615567
119.75,57.25,57.0715835692582
119.75,57.75,53.0162416494833
119.75,58.25,51.2411667069327
119.75,62.25,34.6441126354519
119.75,62.75,33.9335087092045
120.25,-33.25,29.4004551462279
120.25,15.75,76.0942082347838
120.25,23.25,80.0484477583329
120.25,23.75,82.3507927949971
120.25,27.25,81.1349190190286
120.25,27.75,82.1700877980053
120.25,28.25,83.7817020109663
120.25,28.75,83.5453738171463
120.25,29.25,82.6519075781851
120.25,29.75,83.2910346971146
120.25,30.25,82.9993508584301
120.25,30.75,81.8270401287187
120.25,31.75,81.2137792922802
120.25,32.25,83.7227956490788
120.25,32.75,86.4848502408404
120.25,33.25,87.1383252782914
120.25,33.75,84.1554332270701
120.25,34.25,82.3152345749237
120.25,36.25,86.2230251707677
120.25,36.75,86.7488482940133
120.25,37.25,87.5802340951345
120.25,41.75,82.5527236375429
120.25,42.25,82.1789662464381
120.25,42.75,82.7941636883777
120.25,43.25,82.8687660103651
120.25,45.25,79.6832710063555
120.25,45.75,82.1928409716852
120.25,46.25,80.5098954152265
120.25,46.75,78.5362598168815
120.25,47.25,79.9728675540921
120.25,47.75,81.2361182971857
120.25,48.25,80.0576002715178
120.25,48.75,81.5003617001242
120.25,49.25,79.9162136536754
120.25,49.75,77.4367905875296
120.25,50.25,73.7336361135737
120.25,52.25,69.3107574863314
120.25,52.75,67.667836489292
120.25,54.75,61.3587739404042
120.25,55.25,61.5392390970624
120.25,55.75,61.9868320008025
120.25,56.25,61.0250093566757
120.25,56.75,58.8624993831797
120.25,57.25,55.5722669588588
120.25,57.75,52.8447467520212
120.25,58.25,49.4342517514866
120.25,62.25,37.2922006206948
120.25,62.75,34.656449866205
120.25,63.25,30.8698148481116
120.25,63.75,32.1795416105802
120.25,64.25,31.24382486751
120.75,-33.75,28.7423467068477
120.75,-33.25,30.1646791228953
120.75,-32.75,29.4160089139976
120.75,-30.75,29.7992597069721
120.75,-30.25,27.9984017232776
120.75,-26.75,23.6889033549542
120.75,-26.25,23.1870257570112
120.75,-25.75,21.8499858500303
120.75,15.25,74.9508287888209
120.75,15.75,77.7096247248487
120.75,16.25,75.7427843280404
120.75,16.75,76.4870939817157
120.75,17.25,80.1651782271569
120.75,17.75,80.5586311874529
120.75,23.75,79.2224051804442
120.75,24.25,80.3244359608418
120.75,28.25,83.1691253064312
120.75,30.75,84.3287511172654
120.75,32.25,84.5339279243496
120.75,32.75,84.9381800126439
120.75,36.75,87.2269538839818
120.75,37.25,88.6459811008115
120.75,37.75,87.3163059138577
120.75,42.25,81.9777107289199
120.75,42.75,84.2844633969432
120.75,43.25,82.9506365060079
120.75,45.25,84.5774313015556
120.75,45.75,86.4061804109795
120.75,46.25,85.5047654033156
120.75,46.75,80.086250310823
120.75,47.25,79.5152669916675
120.75,47.75,79.4041056046945
120.75,48.25,77.8203244427213
120.75,48.75,78.4114785504218
120.75,49.25,79.2550624475007
120.75,49.75,78.6965581054341
120.75,50.25,74.232421291021
120.75,51.75,72.2340543406335
120.75,52.25,72.0376777209022
120.75,52.75,67.7288203584454
120.75,55.25,59.7693532444104
120.75,55.75,60.5489146686673
120.75,56.25,59.9089233760504
120.75,56.75,56.5787454208561
120.75,57.25,53.594472595613
120.75,57.75,50.9509871142984
120.75,62.25,36.8304232010432
120.75,62.75,33.5283424337815
120.75,63.75,31.2982856654273
120.75,64.25,30.9014343547654
121.25,-33.75,28.6016890122288
121.25,-33.25,28.7538837105015
121.25,-32.75,30.2898057052215
121.25,-32.25,29.1841614956641
121.25,-30.75,28.4358233689986
121.25,-30.25,28.4322011742254
121.25,-27.25,23.9109655040784
121.25,-26.75,25.0689565064073
121.25,-26.25,22.9407218668294
121.25,-3.75,35.6375037171892
121.25,-3.25,36.190793252008
121.25,-1.75,38.4248867019017
121.25,15.75,74.5088282100095
121.25,16.25,74.578895024004
121.25,16.75,78.0720912319118
121.25,17.25,81.0359134153059
121.25,17.75,80.004409083901
121.25,18.25,76.7531513509477
121.25,23.75,79.7768441328811
121.25,24.25,80.1013376336114
121.25,24.75,79.4448780882655
121.25,30.75,81.6167754819883
121.25,32.25,83.8410469014903
121.25,36.75,83.9070847252592
121.25,37.25,82.1466368393585
121.25,42.25,80.9514863639287
121.25,42.75,83.0025331866825
121.25,43.25,82.1194331083041
121.25,45.25,82.2549392055579
121.25,45.75,86.2097287337258
121.25,46.25,83.2262907503992
121.25,48.75,76.5406713690525
121.25,49.25,77.8260575823458
121.25,49.75,78.8686275910426
121.25,50.25,76.1002539528745
121.25,51.25,71.3192062702094
121.25,51.75,74.3741288992759
121.25,52.25,73.7288453677377
121.25,52.75,67.5973872119002
121.25,56.25,56.5624038337025
121.25,58.25,49.3911347703648
121.25,58.75,47.8419157232439
121.25,59.25,45.3665169142946
121.25,59.75,45.234977993016
121.25,60.25,44.7290437239188
121.25,60.75,42.7519318569654
121.25,61.25,37.6716014185162
121.25,63.75,31.3599080262639
121.25,64.25,28.5935236394063
121.25,71.25,14.290591400578
121.25,71.75,14.0277859955864
121.75,-33.75,27.6621033759347
121.75,-32.75,26.8725471862879
121.75,-32.25,29.9146416258284
121.75,-31.75,29.7313923339865
121.75,-31.25,27.2551597188442
121.75,-28.25,24.2264847458068
121.75,-27.75,24.3973249327186
121.75,-27.25,23.9003745655623
121.75,-26.75,24.5896070363346
121.75,-4.25,33.5177425816322
121.75,-3.75,34.9934759766863
121.75,-3.25,33.1455044290379
121.75,-1.75,37.5605762274641
121.75,-1.25,38.660624941278
121.75,16.25,74.4144824205295
121.75,16.75,78.3292567287963
121.75,17.25,78.8412292816537
121.75,17.75,80.2122948483196
121.75,18.25,81.0576102433539
121.75,24.75,78.4842738318973
121.75,31.75,81.1224964155037
121.75,39.25,82.7782874487753
121.75,43.25,81.6667662801542
121.75,48.75,78.8133281621989
121.75,49.25,78.2043793939082
121.75,49.75,78.2939423043134
121.75,50.25,77.6903906293772
121.75,50.75,74.7518413762267
121.75,51.25,72.8243821994111
121.75,51.75,72.3706776049107
121.75,52.25,70.8334508486843
121.75,58.25,50.4436431286917
121.75,58.75,47.0222680283841
121.75,59.75,44.1534208334191
121.75,60.25,46.5649561376623
121.75,60.75,44.553728266718
121.75,61.25,40.9255607618455
121.75,63.75,31.2309186394807
122.25,-33.75,26.4326373985549
122.25,-32.25,26.8955330590976
122.25,-31.75,29.0306211059144
122.25,-28.25,24.3815700442123
122.25,-26.75,22.7407507256717
122.25,-4.25,31.6436212251751
122.25,-3.75,31.9539521267902
122.25,13.75,73.8845799752886
122.25,16.75,75.1545390519896
122.25,17.25,74.8593103024897
122.25,18.25,81.0650731467667
122.25,43.25,81.4523848946568
122.25,48.25,77.6596126048658
122.25,48.75,79.6911756625692
122.25,49.25,77.0583636463792
122.25,49.75,75.9884015793182
122.25,50.25,77.2323225990389
122.25,50.75,77.5472532138457
122.25,51.25,76.1595190670504
122.25,51.75,72.4272421501638
122.25,52.25,68.8965013993117
122.25,55.25,59.9657805372076
122.25,55.75,58.1341399693276
122.25,57.75,51.616735113833
122.25,59.75,44.2614309704253
122.25,60.25,45.2382687947188
122.25,60.75,43.7467129514581
122.25,61.25,38.1318880334837
122.75,-32.25,24.9114523183153
122.75,-31.75,25.3386442581097
122.75,-26.75,19.9788478942007
122.75,-26.25,19.6513630889004
122.75,0.75,42.901679477778
122.75,14.25,70.8234947204627
122.75,39.75,82.3643047912199
122.75,42.75,80.7805417537478
122.75,43.25,82.5124495697312
122.75,43.75,81.5425253527634
122.75,44.25,81.2770478944896
122.75,44.75,80.0215531040656
122.75,47.75,77.1507882377972
122.75,48.25,77.6640103979303
122.75,48.75,76.5578557370705
122.75,49.75,75.2342924938892
122.75,50.25,77.4304985605305
122.75,50.75,77.4308968638371
122.75,51.25,75.0890682766377
122.75,51.75,71.0848457701943
122.75,52.75,67.7525131514565
122.75,54.25,64.7192110661159
122.75,54.75,62.0874021757702
122.75,55.25,60.9001167107021
122.75,55.75,60.1571260324127
122.75,57.75,51.9178100470581
122.75,66.75,21.053079405127
123.25,0.75,46.3017540470599
123.25,12.25,67.4593631496873
123.25,13.75,74.5144066268605
123.25,39.75,83.2225835271121
123.25,41.25,81.1356092876977
123.25,42.75,81.2588659309047
123.25,43.25,83.2344379463711
123.25,43.75,84.470832580009
123.25,44.25,84.7044229954919
123.25,44.75,80.0542933877499
123.25,46.25,78.6694048681708
123.25,46.75,78.3962845104816
123.25,47.25,78.1190026726721
123.25,47.75,79.2262994781693
123.25,48.25,78.1596527070067
123.25,48.75,76.5695493594355
123.25,49.25,77.2874178996039
123.25,49.75,77.7039568634054
123.25,50.25,75.4320005931342
123.25,50.75,72.3220712026657
123.25,52.25,69.3347494344946
123.25,52.75,71.9457245743518
123.25,53.25,70.8304261369194
123.25,53.75,68.4821344977265
123.25,54.25,66.4404703234065
123.25,54.75,62.572840944625
123.25,55.25,59.9543334179185
123.25,62.25,35.6498996496249
123.25,62.75,34.6509187140918
123.25,63.25,31.3287943263896
123.25,63.75,29.1439381819186
123.75,-26.75,20.6823282517406
123.75,-26.25,18.4745858553279
123.75,0.75,44.1363632923653
123.75,13.25,69.7520544081906
123.75,13.75,74.1975423897383
123.75,41.25,82.3197246603795
123.75,41.75,85.4549299062353
123.75,42.25,84.9498420414146
123.75,42.75,84.7735401765836
123.75,43.25,83.9648206685666
123.75,43.75,84.4130182171745
123.75,44.25,84.7595386015754
123.75,46.75,79.9049112415404
123.75,47.25,78.1505072027596
123.75,47.75,78.3635184986971
123.75,48.25,80.5627108996616
123.75,48.75,80.367135022547
123.75,49.25,78.011326454373
123.75,49.75,74.3448155093135
123.75,51.25,71.0925635316943
123.75,51.75,71.2314276560958
123.75,52.25,70.5228900468323
123.75,52.75,72.7185821323468
123.75,53.25,71.8989508760973
123.75,53.75,67.8905391758579
123.75,54.25,64.737973557813
123.75,54.75,62.8659170419125
123.75,55.25,60.6731421018802
123.75,56.75,55.3427010740838
123.75,63.25,30.6417632823088
123.75,65.25,25.3919720090201
123.75,69.75,16.1146860736073
123.75,70.25,14.5361003857881
124.25,-29.75,21.6788385252907
124.25,-26.75,19.4243462358228
124.25,-26.25,18.4284709600761
124.25,0.75,43.3407559998245
124.25,13.75,69.0696864373929
124.25,40.25,82.4895805107463
124.25,41.25,82.309315846543
124.25,41.75,86.2888261713216
124.25,42.25,88.2364102305615
124.25,42.75,87.054904757245
124.25,43.25,84.1961934619355
124.25,43.75,83.6317552654557
124.25,44.25,82.8533522372509
124.25,46.75,79.289452320259
124.25,47.75,78.4890115704849
124.25,48.25,82.7231136847396
124.25,48.75,81.3143752800783
124.25,51.25,71.9896850998963
124.25,51.75,72.5194335537511
124.25,52.25,69.3253845210019
124.25,52.75,69.4210686141935
124.25,53.25,68.3312429933861
124.25,54.75,62.9416274716552
124.25,55.25,60.8200376891823
124.25,59.75,43.0830863577653
124.25,69.25,16.7128164562744
124.25,69.75,17.2264141978982
124.75,-29.75,23.0747310316962
124.75,-26.25,16.9776272168291
124.75,1.25,41.7618326868758
124.75,6.25,54.7328403108646
124.75,12.25,65.7401542217101
124.75,39.75,85.1100710992398
124.75,40.25,81.7920342843874
124.75,41.25,80.8823666330143
124.75,41.75,82.6996315984888
124.75,42.25,83.9915780431303
124.75,42.75,83.0420084623593
124.75,43.25,81.5642688346908
124.75,43.75,82.7389588796253
124.75,44.25,82.1267738510119
124.75,44.75,80.0231323162236
124.75,45.25,79.2070132087661
124.75,47.75,78.9783581839824
124.75,48.25,80.5212935272429
124.75,48.75,78.2760473866757
124.75,49.25,75.1326232279506
124.75,51.75,70.7236035729169
124.75,54.75,62.2432998540597
124.75,55.25,60.7400394606927
124.75,55.75,58.1699713972918
124.75,56.25,56.2470495394914
124.75,59.25,48.4719175785701
124.75,59.75,46.9737412883104
124.75,60.25,41.6812037208957
125.25,-29.75,21.4284202950917
125.25,-8.75,17.4206994424973
125.25,5.75,51.6773885147151
125.25,6.25,56.1602252310276
125.25,6.75,54.3313158134431
125.25,8.75,58.0705709234346
125.25,11.25,63.0518790704108
125.25,11.75,65.678182874499
125.25,12.25,67.0771375882514
125.25,38.25,83.4484363680822
125.25,39.75,82.4132499672002
125.25,41.75,81.3780862011764
125.25,42.25,81.3450737873091
125.25,42.75,81.3658195796781
125.25,43.25,82.3979656563517
125.25,43.75,81.9496610712932
125.25,44.25,80.448039472275
125.25,44.75,82.5637098692133
125.25,45.25,83.6740916702336
125.25,45.75,80.9429159799689
125.25,47.75,77.3859882572948
125.25,48.25,77.1539258293144
125.25,48.75,75.5776762587256
125.25,49.25,77.4256723039608
125.25,49.75,76.7706712903222
125.25,52.25,69.1632926676531
125.25,52.75,67.2192640888673
125.25,54.75,62.459613052838
125.25,55.25,60.8989344038025
125.25,55.75,58.4923049396012
125.25,56.25,56.9613892005292
125.25,59.25,47.632322405201
125.25,59.75,47.6290425116772
125.25,60.25,44.4527605086571
125.25,60.75,40.7591746649741
125.25,62.25,35.1045592634361
125.75,8.75,58.4835063013947
125.75,9.25,58.3098889670839
125.75,38.25,82.23453578405
125.75,38.75,84.0601597628245
125.75,39.25,81.6460355450257
125.75,42.75,81.845849472977
125.75,43.25,82.8316900855825
125.75,44.75,81.4476964572094
125.75,45.25,82.1763032296352
125.75,45.75,79.9950958758965
125.75,48.75,75.7168525171099
125.75,49.25,77.9787404433586
125.75,49.75,77.6569952227368
125.75,50.25,73.139507493488
125.75,51.75,69.606977029854
125.75,52.25,70.3094558623295
125.75,52.75,71.6792981844803
125.75,53.25,67.736155281387
125.75,54.75,62.3637150803541
125.75,55.25,59.6129715454521
125.75,56.25,56.1595247248701
125.75,57.25,53.3158640386768
125.75,57.75,53.1156475733065
125.75,59.25,45.06031378157
125.75,59.75,45.2249758024037
125.75,60.25,44.4262539375262
125.75,60.75,41.865679474882
125.75,61.25,37.7312497423169
125.75,61.75,36.0000912606943
125.75,62.25,34.9558421462541
126.25,-28.25,17.4801752052382
126.25,36.75,81.3832749534341
126.25,38.25,82.3102248972714
126.25,38.75,81.9553144018448
126.25,39.25,80.9986324666293
126.25,39.75,81.0396842051276
126.25,40.25,82.5519244578882
126.25,40.75,81.3626777170494
126.25,42.25,80.4708560035006
126.25,42.75,82.6730519773697
126.25,43.25,82.2388300919165
126.25,43.75,80.2459249577208
126.25,45.25,79.0082403879041
126.25,45.75,80.4701850696045
126.25,46.25,79.7292882712032
126.25,48.75,75.8468918395161
126.25,49.25,76.4978991740363
126.25,49.75,73.9355289480646
126.25,51.75,71.2725646225815
126.25,52.25,73.6595953515488
126.25,52.75,73.4270501080862
126.25,53.25,69.6123213898586
126.25,53.75,66.6357789064552
126.25,54.25,66.0057630028225
126.25,54.75,63.4647053205193
126.25,55.25,60.643428045726
126.25,55.75,58.2586365701014
126.25,56.25,56.0463647629344
126.25,56.75,54.0796598332584
126.25,57.25,54.5826031589978
126.25,57.75,54.7500579111421
126.25,58.25,50.4035225315327
126.25,60.25,41.7577823954975
126.25,60.75,43.9016755210529
126.25,61.25,41.9191205553291
126.25,61.75,39.9762828502882
126.25,62.25,36.7506417198967
126.25,64.75,25.7051705602998
126.75,-29.75,18.8874367857615
126.75,-29.25,19.119387154652
126.75,-28.75,18.0555378280774
126.75,-28.25,17.3152362575948
126.75,35.75,79.6658271898482
126.75,36.25,82.9951687153207
126.75,36.75,83.0057370568061
126.75,37.75,81.4115343734735
126.75,38.25,82.3722024385631
126.75,38.75,80.5142336921604
126.75,39.25,80.6320603918639
126.75,39.75,81.920078701628
126.75,40.25,82.039978033022
126.75,42.25,80.6335147380109
126.75,42.75,82.6001932160851
126.75,43.25,83.2869137538782
126.75,43.75,83.6389291934166
126.75,44.25,80.0213343362549
126.75,45.75,79.0217614703166
126.75,46.25,78.5376582497222
126.75,46.75,77.6834441922377
126.75,48.75,76.6895197173346
126.75,49.25,76.5201675357197
126.75,49.75,73.3534508366117
126.75,51.75,73.5569041332132
126.75,52.25,74.9202919070583
126.75,52.75,72.5623647879114
126.75,53.25,67.7483144717672
126.75,53.75,69.1320392550507
126.75,54.25,68.9690512496122
126.75,54.75,67.2872122919741
126.75,55.25,63.6946513135871
126.75,55.75,59.5240734008866
126.75,57.25,52.9200889511459
126.75,57.75,54.1441322824792
126.75,58.25,52.5499347269615
126.75,58.75,46.8744384688505
126.75,60.25,41.9803939813972
126.75,60.75,43.7350012068341
126.75,61.25,41.7577254835802
126.75,61.75,39.820511393792
126.75,62.25,37.1993600321173
126.75,64.25,29.055069584569
126.75,64.75,28.4310592620293
127.25,-29.75,18.6432833092158
127.25,-29.25,17.4272044473852
127.25,35.25,84.1270158225576
127.25,35.75,84.3380151883789
127.25,36.25,84.3139343033901
127.25,36.75,85.0858837616648
127.25,37.25,82.8201217788984
127.25,37.75,84.1285056809103
127.25,38.25,85.4741476637855
127.25,38.75,82.0732698124551
127.25,39.25,80.2110936648054
127.25,39.75,82.8782359434501
127.25,40.25,83.2124266626988
127.25,40.75,80.2442773545329
127.25,41.75,80.2288595728098
127.25,42.25,82.9513209705995
127.25,42.75,85.3688027031941
127.25,43.25,85.2539512875702
127.25,43.75,83.9827630664362
127.25,44.25,81.6615308682056
127.25,45.75,78.302084652913
127.25,46.25,78.1511766632399
127.25,46.75,77.4907502718371
127.25,48.25,75.4720421733679
127.25,48.75,78.5343074479574
127.25,49.25,75.7490282081713
127.25,51.25,72.3499712066605
127.25,51.75,74.9661787408612
127.25,52.25,74.3143747783335
127.25,52.75,71.6944369740077
127.25,53.25,68.119204090907
127.25,53.75,69.6846123694487
127.25,54.25,68.7494605870186
127.25,54.75,67.0667968017091
127.25,55.25,64.3477618088506
127.25,55.75,57.6154553030454
127.25,57.25,53.2495130126326
127.25,57.75,51.916765143615
127.25,58.25,50.3785067468556
127.25,58.75,47.1780640380323
127.25,61.75,35.5923802925214
127.25,62.25,34.1554823915077
127.25,63.75,29.3123565015721
127.25,64.25,28.9392310529028
127.25,64.75,25.9978143439646
127.75,-31.75,16.1990245918211
127.75,26.25,74.9339408374371
127.75,35.25,84.2997953860988
127.75,35.75,83.1780388060409
127.75,36.25,81.1606562559691
127.75,36.75,84.1176219092178
127.75,37.25,86.218273399422
127.75,37.75,87.2406844222532
127.75,38.25,87.3372698084821
127.75,38.75,83.5171169020337
127.75,40.25,84.5003601100844
127.75,40.75,83.7919116650769
127.75,41.25,83.7102515538073
127.75,41.75,84.0055731605607
127.75,42.25,84.4761567764997
127.75,42.75,85.6751653920979
127.75,43.25,85.8365452568282
127.75,43.75,83.6994337245982
127.75,44.25,82.8938840399147
127.75,44.75,82.2833303831493
127.75,45.25,79.6916621868492
127.75,45.75,79.6583354264233
127.75,46.25,80.5862633498352
127.75,46.75,79.2439781599569
127.75,48.25,76.9118021110489
127.75,48.75,79.0518798041061
127.75,49.25,74.8354722007767
127.75,51.25,74.8738152872846
127.75,51.75,74.7191158405933
127.75,52.25,72.3162992269183
127.75,52.75,70.4231182695993
127.75,53.25,67.2555817887738
127.75,53.75,67.290541486149
127.75,54.25,67.6807628400228
127.75,54.75,65.7314619444172
127.75,55.25,61.3954285174469
127.75,57.25,51.7166024563434
127.75,59.25,44.7804985546477
127.75,59.75,42.798520558226
127.75,62.75,31.6935518099168
127.75,68.25,17.3385364602562
128.25,2.25,37.7489230542379
128.25,35.25,79.1720412804501
128.25,35.75,78.8073653900888
128.25,36.75,79.3302970518044
128.25,37.25,84.6006490245709
128.25,37.75,86.9755914417299
128.25,38.25,87.0780395046204
128.25,40.25,83.6198696755341
128.25,40.75,84.8499280181378
128.25,41.25,85.548144547975
128.25,41.75,85.1661197175488
128.25,42.25,84.6601643472287
128.25,42.75,85.5811666545778
128.25,43.25,86.1525346586235
128.25,43.75,84.2957240383415
128.25,44.25,82.9039504761191
128.25,44.75,82.4303991132475
128.25,45.25,80.920097339766
128.25,45.75,80.2202121130263
128.25,46.25,80.2079279023593
128.25,46.75,79.9478603862506
128.25,47.25,76.2810068047497
128.25,48.75,74.7939573031464
128.25,51.25,71.5569100333379
128.25,51.75,72.6163282132678
128.25,52.25,72.0472452801176
128.25,52.75,69.7339845400694
128.25,53.25,66.4833716751041
128.25,53.75,64.2937932910532
128.25,54.25,62.6116998573422
128.25,54.75,62.0156889221341
128.25,55.25,58.9860442588678
128.25,62.25,33.7300859048836
128.25,62.75,32.8379236159951
128.25,64.75,25.1980418643177
128.75,32.75,82.9990040690237
128.75,37.25,80.541119891541
128.75,37.75,85.2693688340037
128.75,40.75,82.1641610598071
128.75,41.25,82.8464140363334
128.75,41.75,82.6264512524952
128.75,42.25,84.2890079114226
128.75,42.75,85.8629935935731
128.75,43.25,83.9581554933744
128.75,43.75,82.5034302204349
128.75,44.25,81.9030926180636
128.75,44.75,81.5395585202316
128.75,45.25,82.3008958989564
128.75,45.75,83.0173245020859
128.75,46.25,81.4962152331669
128.75,46.75,79.2362986552962
128.75,51.75,69.3112991350458
128.75,52.25,71.2305039160875
128.75,52.75,70.9923268786527
128.75,53.25,69.907125283176
128.75,53.75,65.021552080772
128.75,56.75,52.9491362863501
128.75,60.25,41.0539507358349
128.75,62.25,35.1519278168421
128.75,62.75,31.4573228536575
128.75,64.75,26.0627405019761
129.25,-3.25,24.0955021900387
129.25,28.25,75.9596686497752
129.25,40.75,79.2958583342567
129.25,41.25,79.9139302990964
129.25,41.75,79.9518221795051
129.25,42.25,80.8675563250577
129.25,42.75,79.1409152525939
129.25,43.75,78.6037258983556
129.25,44.25,80.8963450134459
129.25,44.75,81.0057337882996
129.25,45.25,82.3732029397403
129.25,45.75,83.2003979023808
129.25,46.25,81.8862224395937
129.25,46.75,78.4674343554399
129.25,52.25,67.5472258840053
129.25,52.75,69.2996424162984
129.25,53.25,69.3079722385001
129.25,53.75,63.9811280343122
129.25,56.75,52.5966375177927
129.25,60.25,42.9489167096832
129.25,60.75,40.3505033033707
129.25,61.25,37.1821297598126
129.25,61.75,38.1297744217066
129.25,62.25,36.9486367267796
129.25,62.75,32.0492914669264
129.75,31.75,83.0875400583958
129.75,33.25,83.4959360795315
129.75,33.75,81.5497568896823
129.75,41.75,79.1200472635963
129.75,42.25,78.8227884289848
129.75,43.75,78.1306145028328
129.75,44.25,80.3145391785051
129.75,44.75,82.0281256373215
129.75,45.25,84.3215513318508
129.75,45.75,83.6864510851002
129.75,46.25,80.8123190363682
129.75,46.75,77.975574699615
129.75,49.25,72.7633128264599
129.75,49.75,72.1658930072953
129.75,52.75,66.1211823589582
129.75,53.25,64.4374389024607
129.75,56.75,52.4448996445628
129.75,60.25,41.3433587729686
129.75,60.75,40.7675709335229
129.75,61.25,39.2747998966891
129.75,61.75,38.112607925682
129.75,62.25,36.6215839671596
129.75,62.75,31.9262974057567
130.25,-1.75,26.0365140224389
130.25,31.75,82.7039263748112
130.25,32.75,79.8754394849566
130.25,33.25,81.0020214308487
130.25,42.25,78.7627242836498
130.25,43.25,77.9341883684277
130.25,43.75,79.0074812705925
130.25,44.25,79.1102012099138
130.25,44.75,81.154776445905
130.25,45.25,82.6763684836311
130.25,45.75,81.9387708040757
130.25,46.25,79.0627322675035
130.25,46.75,76.9908272528563
130.25,47.25,76.9364579089357
130.25,47.75,75.9394116182949
130.25,49.25,73.3485498327478
130.25,49.75,73.9022059425643
130.25,50.25,70.3930660671546
130.25,56.25,53.6762138708343
130.25,64.25,26.1659392981995
130.25,67.75,18.5049770177969
130.75,31.75,79.0808525381235
130.75,32.25,76.9665073345956
130.75,32.75,77.7860867139977
130.75,33.25,79.2929838678192
130.75,33.75,79.415596520168
130.75,42.75,78.7131596950177
130.75,43.25,79.4085749652624
130.75,43.75,78.5314502231463
130.75,44.25,79.3893538586804
130.75,44.75,80.4340976659782
130.75,45.25,78.3367523613805
130.75,45.75,76.8002581943702
130.75,46.75,75.7232387162741
130.75,47.25,78.0967962180581
130.75,47.75,78.5380850410881
130.75,48.25,76.7559879622146
130.75,48.75,75.5209138425388
130.75,49.25,75.2030517599166
130.75,49.75,73.6224700369049
130.75,55.75,55.3884440889215
130.75,56.25,55.6852360090737
130.75,56.75,52.3604067346311
130.75,64.25,28.1533528533776
131.25,-0.25,30.197076149506
131.25,31.75,74.5931405901182
131.25,32.75,76.8565155776468
131.25,33.25,81.0500053800315
131.25,34.25,76.6695830309904
131.25,42.75,79.4623516780955
131.25,43.25,80.4064160790518
131.25,43.75,78.7377412570821
131.25,44.25,79.7037168889884
131.25,44.75,80.5146211245979
131.25,45.25,77.7907138308268
131.25,47.25,75.2310004230298
131.25,47.75,75.7138387597019
131.25,48.25,75.286801220918
131.25,48.75,77.2366050786596
131.25,49.25,76.5108403854886
131.25,49.75,72.0644174847765
131.25,54.25,60.7078732171719
131.25,56.25,53.9463478355306
131.25,56.75,53.7427592358082
131.25,57.25,51.642939115435
131.25,63.75,27.6918222028693
131.25,64.25,26.8572579848925
131.75,32.75,75.5895956120351
131.75,33.25,79.0738250541406
131.75,34.25,75.9858596595448
131.75,43.25,77.1537742596317
131.75,43.75,76.9199058071153
131.75,44.25,79.2195306165932
131.75,44.75,79.9723133684743
131.75,45.25,77.813986322989
131.75,48.75,75.7978950277028
131.75,49.25,75.9130999624022
131.75,49.75,71.8641287413799
131.75,50.25,69.8171293126946
131.75,53.75,60.8089042863498
131.75,54.25,61.6106248685863
131.75,55.75,55.4099565874876
131.75,56.25,55.7319055887982
131.75,56.75,55.4905605772048
131.75,57.25,53.8260456202579
131.75,57.75,48.2783708158449
131.75,63.25,28.859932549063
131.75,63.75,28.2645406678744
132.25,-1.75,24.2060236481712
132.25,44.25,78.3845920112148
132.25,44.75,78.461541075192
132.25,45.25,76.6103966004169
132.25,47.25,75.0276164766753
132.25,47.75,74.1643190673417
132.25,48.25,72.5704347762461
132.25,48.75,74.1226159828645
132.25,49.25,75.7458279830591
132.25,49.75,74.2662717731292
132.25,50.25,71.1535337063426
132.25,53.75,60.1603083807723
132.25,54.25,60.9414133108825
132.25,55.25,56.2306128787937
132.25,55.75,58.3032698561746
132.25,56.25,56.9730025495457
132.25,56.75,52.4560310635868
132.25,57.25,48.7731095878873
132.25,63.25,28.4976229606539
132.25,63.75,27.1758768625323
132.25,64.25,25.2423694404793
132.25,66.25,20.8203015875453
132.25,68.75,16.3354908703119
132.25,69.25,17.735031338746
132.75,33.25,74.1038089148177
132.75,33.75,79.5845137394051
132.75,35.25,75.896395949002
132.75,43.25,76.3565033043237
132.75,43.75,77.750170723344
132.75,44.25,79.6878165239473
132.75,44.75,78.6958511466776
132.75,45.25,76.5299066137476
132.75,46.75,74.941747974047
132.75,47.25,75.2024968944477
132.75,47.75,74.2529798318904
132.75,48.25,74.5989095549699
132.75,48.75,73.3568880749944
132.75,49.25,73.7121315613558
132.75,49.75,74.6791665621133
132.75,50.25,72.8880077145795
132.75,50.75,69.2410357487433
132.75,51.25,67.7356540558068
132.75,51.75,65.9306241354669
132.75,53.75,60.3434794735622
132.75,54.25,59.8825785003206
132.75,54.75,57.0935302221726
132.75,56.25,52.5833528796499
132.75,56.75,50.5016570948823
132.75,57.25,48.9942523758331
132.75,57.75,49.1564306107402
132.75,58.25,46.4499947385653
132.75,58.75,43.0368641999793
132.75,59.25,40.9061247819066
132.75,63.75,27.9870959529876
132.75,64.25,27.6200383970011
132.75,64.75,25.2706093954908
132.75,66.25,23.3742466471985
132.75,66.75,21.5621224233726
132.75,68.25,16.9175445385574
132.75,68.75,17.9402918873887
132.75,69.25,15.8783413965533
133.25,-3.25,19.4979490594523
133.25,33.75,80.9390867532261
133.25,34.75,79.0251597958289
133.25,35.25,76.967363821996
133.25,36.25,79.0832361951298
133.25,42.75,80.4701402007785
133.25,43.25,82.261766013137
133.25,43.75,82.792916511565
133.25,44.25,82.5182175573955
133.25,44.75,79.6336792533296
133.25,45.25,76.8769391400514
133.25,47.75,72.9931637701923
133.25,48.25,76.5738768996819
133.25,48.75,75.0956466869136
133.25,49.25,73.9945802560901
133.25,49.75,75.6091628742849
133.25,50.25,74.7335308705438
133.25,50.75,73.6393804697642
133.25,51.25,69.4324777773352
133.25,51.75,65.9348807573184
133.25,53.75,59.9807741465144
133.25,54.25,58.5491778459366
133.25,54.75,56.895494136888
133.25,56.75,53.2525410676399
133.25,57.25,53.1639834221046
133.25,57.75,51.2610717434768
133.25,58.25,49.315782149698
133.25,58.75,45.2981836362753
133.25,59.25,42.4171519281211
133.25,59.75,40.2971612609226
133.25,60.25,37.0394231349107
133.25,63.75,27.6872558668604
133.25,64.25,26.8560117843087
133.25,64.75,24.0886722936413
133.25,66.25,23.2225241423659
133.25,66.75,20.604883248807
133.25,67.75,17.9342976319628
133.25,68.25,17.2303878620116
133.25,68.75,15.4968570279564
133.25,70.25,15.5067387818251
133.75,-30.25,14.8491135644692
133.75,-29.75,14.8443168363135
133.75,-28.25,15.0941430711431
133.75,-3.25,20.1091380503308
133.75,33.75,79.5366099528556
133.75,34.25,79.4308981361549
133.75,34.75,77.1901039766869
133.75,35.25,74.0079453676765
133.75,43.25,80.3818680289247
133.75,43.75,81.1844478054284
133.75,44.25,80.2047534450826
133.75,44.75,78.8304070065759
133.75,45.25,75.6950314321807
133.75,47.75,73.6313664696377
133.75,48.25,75.7961895466793
133.75,48.75,76.8386391274759
133.75,49.25,76.1229659190441
133.75,49.75,75.1733223021733
133.75,50.25,74.1497380614163
133.75,50.75,73.0511601475829
133.75,51.25,69.0193397677938
133.75,52.75,61.4646346264735
133.75,53.25,64.1245659009841
133.75,53.75,60.8243695828515
133.75,54.25,57.4070492620965
133.75,54.75,56.4974512878826
133.75,56.75,54.496566526803
133.75,57.25,52.6268345678539
133.75,57.75,50.7386091167072
133.75,58.25,47.9567839746589
133.75,58.75,44.1207287672665
133.75,59.25,40.2187642078138
133.75,64.25,25.7233833107663
133.75,64.75,23.7481374409895
133.75,65.75,21.2167422262282
133.75,66.25,23.0317724700327
133.75,66.75,20.4433595989212
133.75,67.75,17.1599745418969
133.75,69.25,15.3267263240244
134.25,-32.75,16.270674559104
134.25,-32.25,17.8238320139904
134.25,-31.75,17.8605350309901
134.25,-31.25,17.6770519548787
134.25,-30.25,15.9157696343313
134.25,-29.75,17.0828554995518
134.25,33.75,77.1900317697253
134.25,34.25,77.1565680876454
134.25,34.75,77.373137159996
134.25,35.25,73.545576823758
134.25,44.25,74.339641733201
134.25,44.75,75.4242542938966
134.25,46.75,72.4219716725786
134.25,47.25,78.2927704664257
134.25,47.75,77.9553248841514
134.25,48.25,76.4181348259122
134.25,48.75,76.3995292446478
134.25,49.25,75.5168703452823
134.25,49.75,74.5620426299198
134.25,50.25,73.5337207203999
134.25,50.75,72.4310046410453
134.25,51.25,65.2567306692551
134.25,53.25,63.6072816799464
134.25,53.75,60.1211912079143
134.25,54.75,55.7364564626769
134.25,55.25,53.8939618314219
134.25,56.25,50.2424862451918
134.25,56.75,53.7593507001688
134.25,57.25,52.0677912101859
134.25,57.75,49.0208263251793
134.25,58.25,44.32157121364
134.25,59.25,39.4838178864428
134.25,66.25,21.4603497959827
134.25,66.75,18.865641484317
134.25,67.75,17.6241655630947
134.25,68.25,17.3119396272609
134.25,68.75,15.5339648814036
134.25,69.25,15.1365965950094
134.75,-32.25,17.5431304591587
134.75,-31.75,18.51490461535
134.75,-31.25,18.5402553169954
134.75,-30.75,16.3124744756006
134.75,-30.25,16.6244176785837
134.75,-29.75,15.720904717106
134.75,-20.75,14.0909054254711
134.75,-20.25,16.4670215407356
134.75,-19.75,13.6748684895653
134.75,-17.75,13.6001504569316
134.75,-17.25,13.725556442391
134.75,34.25,75.6965427134869
134.75,35.25,73.2156819042154
134.75,44.25,73.5277845189258
134.75,46.75,74.6810287644742
134.75,47.25,78.015489019336
134.75,47.75,77.3326871356629
134.75,48.25,76.58346870432
134.75,48.75,75.7657903144378
134.75,49.25,74.8778310014863
134.75,49.75,70.6499857385847
134.75,50.25,68.7233325387086
134.75,50.75,68.784318509704
134.75,51.25,65.0653811043756
134.75,53.25,60.0069255566211
134.75,53.75,57.5721444970061
134.75,55.25,53.6527721206759
134.75,55.75,51.6012611517416
134.75,56.25,51.4385558174442
134.75,56.75,50.9554951518082
134.75,57.25,48.7079724297541
134.75,57.75,44.6848461783292
134.75,59.25,40.2954819934027
134.75,59.75,40.5742770211498
134.75,67.75,19.1163692750026
134.75,68.25,18.7615634370643
134.75,68.75,15.0638047140551
135.25,-31.75,16.8442168543233
135.25,-31.25,18.0986429538438
135.25,-30.75,16.9773431025661
135.25,-20.25,15.5160659223816
135.25,34.75,72.902746667469
135.25,43.75,80.5075812929234
135.25,44.25,80.222040049993
135.25,44.75,76.1679845508059
135.25,46.75,72.460632039155
135.25,47.25,75.7421491730452
135.25,47.75,75.9191671961596
135.25,48.25,74.5765087967009
135.25,48.75,74.291023246857
135.25,49.25,72.8573770420525
135.25,49.75,69.1393208747872
135.25,50.25,66.8587527962467
135.25,50.75,67.1141252885441
135.25,51.25,65.8104502752978
135.25,51.75,65.5177142453101
135.25,52.25,63.4459851650942
135.25,52.75,60.047277249474
135.25,53.25,59.1002003580211
135.25,53.75,56.8368733667147
135.25,55.25,52.0169766808084
135.25,55.75,51.1873528913575
135.25,56.25,49.8385443604971
135.25,56.75,47.5787891943463
135.25,59.75,40.5661836953547
135.25,60.25,36.1169937204773
135.25,67.75,17.8888658649291
135.25,68.25,18.10236214665
135.25,68.75,15.5814734052155
135.75,35.25,73.4532751395457
135.75,44.25,79.5635661296384
135.75,44.75,75.8616450664858
135.75,45.25,72.6481328407063
135.75,45.75,72.7002978588171
135.75,46.75,70.5520488949431
135.75,47.25,74.1987184590359
135.75,47.75,74.6722682707958
135.75,48.25,72.854856053935
135.75,48.75,71.5910382646432
135.75,49.25,70.9350384569021
135.75,49.75,69.4256542558577
135.75,50.25,66.184593883145
135.75,51.75,63.6675448613072
135.75,52.25,64.7733568081424
135.75,52.75,60.0065581068092
135.75,53.25,58.2270848873733
135.75,53.75,56.9524482828248
135.75,54.25,55.1582332013037
135.75,59.75,36.7179481831201
135.75,68.25,16.1769231140596
135.75,68.75,15.447878950376
136.25,-1.75,21.9472166963409
136.25,34.25,71.9299734164533
136.25,34.75,73.2578102391546
136.25,35.25,77.576498494369
136.25,35.75,78.3122930892882
136.25,36.25,75.8319004802937
136.25,44.75,71.3734784528237
136.25,45.25,71.9015558914194
136.25,45.75,74.1365826187584
136.25,46.25,70.9303574542256
136.25,46.75,70.5015433469606
136.25,47.25,73.0570579578082
136.25,47.75,72.9321594244397
136.25,48.25,70.7467542919106
136.25,48.75,69.8154644038315
136.25,49.25,68.5581165217429
136.25,49.75,66.8630862695988
136.25,50.25,64.1808117981753
136.25,52.25,61.563172327879
136.25,53.25,56.9298828251805
136.25,53.75,56.9658627111114
136.25,54.25,54.2182428493797
136.25,61.75,30.2444108684806
136.25,68.25,15.3463522634118
136.75,-16.25,15.4933503128232
136.75,-12.25,15.3464979878483
136.75,-3.75,16.9072085135786
136.75,-3.25,19.20408067077
136.75,-2.75,19.9545568662332
136.75,-2.25,19.2570394653609
136.75,35.25,77.2417998634307
136.75,35.75,77.5620901094015
136.75,36.25,76.0383104422619
136.75,36.75,73.7867389878669
136.75,45.75,73.8728468192086
136.75,46.25,72.921160913625
136.75,46.75,72.0709026169408
136.75,47.25,72.6050932856059
136.75,47.75,71.0642830880887
136.75,48.25,68.0101775309562
136.75,48.75,67.7661523945123
136.75,49.25,66.1060852854611
136.75,51.75,60.865168859924
136.75,52.25,59.9680643716663
136.75,52.75,57.4432300441079
136.75,53.25,57.8542895839323
136.75,53.75,58.448019512527
136.75,54.25,55.226312235506
136.75,57.75,42.9585785032817
136.75,58.25,42.174016016749
136.75,59.25,37.5172139715462
136.75,59.75,35.8914235371823
136.75,67.75,16.8932093086772
137.25,-3.75,16.99320052032
137.25,-3.25,17.9942227367719
137.25,-2.75,18.2320083434659
137.25,35.25,74.0783691418606
137.25,35.75,74.7922765378736
137.25,36.25,74.5241544771648
137.25,36.75,74.8542582680419
137.25,45.75,71.9182615892104
137.25,46.25,72.1086313689599
137.25,46.75,72.2838321198967
137.25,47.25,71.3711028541987
137.25,47.75,68.0485442566443
137.25,48.75,66.3852506480738
137.25,49.25,66.0559304344137
137.25,49.75,63.8758622176215
137.25,51.25,62.8994523110354
137.25,51.75,62.8058844267097
137.25,52.25,59.4376806741209
137.25,52.75,57.3237595016734
137.25,53.25,57.9461493678874
137.25,53.75,57.7747538178334
137.25,56.25,47.328336515748
137.25,56.75,46.8751753709743
137.25,57.25,45.3118873656561
137.25,57.75,42.7147375689931
137.25,59.25,38.6509651804625
137.25,59.75,37.7779182413824
137.25,67.25,16.6599680481804
137.25,67.75,17.0826381698099
137.25,69.75,13.4180757763448
137.75,-4.25,16.7554072522992
137.75,-3.75,16.4304376425778
137.75,34.75,69.4443260773359
137.75,35.25,71.8269117237918
137.75,35.75,70.4969877995129
137.75,36.25,69.8539277320046
137.75,36.75,73.1320543732737
137.75,46.25,69.2911263563516
137.75,46.75,70.7768552830752
137.75,47.25,70.0051163057745
137.75,47.75,68.2102661490365
137.75,48.25,67.8390490761245
137.75,48.75,65.9224558305406
137.75,49.25,64.467598805672
137.75,49.75,64.0660923333853
137.75,51.25,62.9979266479201
137.75,51.75,64.4017822107513
137.75,52.25,58.9246484334946
137.75,53.25,56.1164891057617
137.75,54.75,54.2982123720791
137.75,56.75,47.2181454765904
137.75,57.25,46.5082278497158
137.75,57.75,41.8989211399699
137.75,59.25,37.56807286841
137.75,59.75,36.9335272539477
137.75,60.25,33.0767648370428
138.25,-31.75,23.8930958868011
138.25,-31.25,23.8526839838394
138.25,-30.75,24.4146574249228
138.25,-30.25,23.2895104295266
138.25,-29.75,22.7113576564104
138.25,-29.25,23.7141026992501
138.25,34.75,68.6755192196243
138.25,35.25,70.2247916532775
138.25,35.75,68.1582766087565
138.25,36.75,70.7989502168552
138.25,46.75,67.766924269463
138.25,47.25,70.3623817561595
138.25,47.75,71.1138017160131
138.25,48.25,68.9796943362987
138.25,49.75,64.4672828569994
138.25,50.25,63.7836250670388
138.25,50.75,61.0523037506614
138.25,51.25,62.3261766263262
138.25,51.75,63.6156168703201
138.25,52.25,57.7247457973037
138.25,53.25,55.8161098851438
138.25,56.75,44.7490640562252
138.25,57.25,42.6667865525944
138.25,58.25,38.5226019512315
138.25,58.75,37.5259134185935
138.25,59.25,36.5493746772347
138.25,62.25,27.7377205914246
138.75,-35.25,23.0173332118319
138.75,-34.75,23.9398560302052
138.75,-34.25,22.301881790358
138.75,-32.25,22.7317222940857
138.75,-31.75,24.6226452849541
138.75,-31.25,23.7768876638426
138.75,-30.75,23.7578656422714
138.75,-29.25,23.0269163853527
138.75,-19.25,19.1358861985891
138.75,-18.75,19.7095940917886
138.75,35.25,67.5260932051393
138.75,35.75,68.812228796802
138.75,36.25,69.7468469644086
138.75,36.75,69.1209531370938
138.75,37.25,70.6187316195354
138.75,47.25,69.3923687306145
138.75,47.75,69.7318932384503
138.75,48.25,65.8802915682271
138.75,49.75,65.8279335961587
138.75,50.25,65.7310060353639
138.75,50.75,59.1804306917467
138.75,51.75,59.4516991993058
138.75,52.25,57.6299364216932
138.75,52.75,54.4385940125822
138.75,53.25,55.8725918120387
138.75,53.75,57.4549814803037
138.75,54.25,55.9403813754708
138.75,58.25,37.9682088686642
138.75,58.75,37.915203238832
138.75,59.25,37.1795229580704
138.75,65.75,18.7178233450078
139.25,-35.25,23.4511965828602
139.25,-34.75,25.191376028701
139.25,-34.25,24.542898360309
139.25,-32.25,25.0615795313353
139.25,-31.75,24.5688138771626
139.25,-28.25,23.7643682551182
139.25,-27.75,25.7991644003018
139.25,-24.75,24.0550422899666
139.25,35.75,69.7770555296838
139.25,36.25,70.3679762428612
139.25,37.75,69.2627624005129
139.25,47.75,66.728346319547
139.25,48.25,63.4353430335038
139.25,49.75,62.3865071234847
139.25,50.25,60.4936831977441
139.25,52.25,58.8989313404354
139.25,52.75,55.7931462095589
139.25,53.25,53.2558588883281
139.25,53.75,56.5784119580521
139.25,58.75,37.284816947909
139.25,59.25,36.1466385729361
139.75,-34.75,24.3426637430855
139.75,-34.25,24.9428147244326
139.75,-32.75,26.8674187833361
139.75,-32.25,27.6825340676097
139.75,-31.75,26.2408740593781
139.75,-27.75,26.3450791784689
139.75,-27.25,24.7351370527996
139.75,35.75,66.8744643906785
139.75,36.25,66.514065948139
139.75,48.25,63.0683739266697
139.75,48.75,61.974891245565
139.75,49.25,60.8634138841241
139.75,52.25,56.3510660688614
139.75,52.75,55.5428428083077
139.75,53.25,51.7688742685278
139.75,53.75,54.1555747968945
139.75,54.25,54.1995622967881
139.75,58.75,35.6824799394105
139.75,59.25,35.1217043263836
140.25,-32.75,27.5367654239323
140.25,-32.25,28.4543566526317
140.25,-31.75,26.1637969432238
140.25,-30.25,27.2289327903669
140.25,-29.75,28.8386239890377
140.25,-27.25,27.916618055809
140.25,-17.75,20.8427820202662
140.25,37.25,65.4841860402233
140.25,38.75,66.9470786421396
140.25,39.25,69.9067449303642
140.25,39.75,69.2735210110094
140.25,40.25,68.6393776908823
140.25,40.75,71.4618404163118
140.25,41.75,69.124331408928
140.25,42.25,66.5495688701176
140.25,42.75,67.2552308561542
140.25,50.75,57.3387962301323
140.25,51.25,55.9329917444087
140.25,52.25,53.8653827291034
140.25,52.75,55.8309230129911
140.25,53.25,53.8004469966467
140.25,53.75,51.0089525661283
140.25,58.25,36.4210511059971
140.25,58.75,34.4292944890687
140.25,59.25,34.8780029957431
140.25,65.75,20.4335803257951
140.25,66.25,19.969227758391
140.75,-29.75,28.7976281985601
140.75,-27.25,29.8110826367663
140.75,-23.75,26.026558120203
140.75,-23.25,26.3869424186003
140.75,-22.75,25.2387221464011
140.75,-22.25,25.1700966033808
140.75,-21.75,25.3064653885396
140.75,-21.25,25.2865470478339
140.75,-20.75,24.2216058661311
140.75,-4.75,15.7422681691512
140.75,-4.25,17.9284399590404
140.75,-3.75,18.2275742913352
140.75,37.25,65.2504080767614
140.75,38.25,65.1290666875142
140.75,38.75,65.9379111603592
140.75,39.25,68.4387257985282
140.75,39.75,69.085481035789
140.75,40.25,67.1359357222351
140.75,40.75,68.3839828918971
140.75,42.75,65.7368685123453
140.75,51.75,59.1865278751941
140.75,52.25,54.8780748458567
140.75,52.75,56.3711678317746
140.75,53.25,55.2423601849992
140.75,63.75,22.5500330294997
140.75,64.25,21.4607942164538
140.75,65.25,21.3671859364118
140.75,65.75,20.9169728518622
140.75,66.25,20.0293560944739
140.75,66.75,17.9243204324026
141.25,-27.75,29.8025701730351
141.25,-27.25,29.6746756500811
141.25,-23.25,26.2986371985274
141.25,-21.25,24.9178080934116
141.25,-4.75,18.5682391763564
141.25,-4.25,18.6023688510499
141.25,-3.75,18.6699496404834
141.25,-3.25,16.2331823393665
141.25,38.75,63.8706076879164
141.25,39.25,66.4408833520497
141.25,39.75,68.5672343271429
141.25,40.25,65.5049834877718
141.25,41.25,65.7762968293845
141.25,52.25,54.4644228630901
141.25,52.75,52.6438233025627
141.25,53.25,54.2767567721984
141.25,65.25,21.5889138646919
141.25,65.75,20.6715480847881
141.25,66.25,19.8055426663632
141.25,66.75,18.0503993980415
141.75,-34.25,30.3461699273303
141.75,-33.75,28.6879945309748
141.75,-30.75,29.5995700841176
141.75,-27.75,29.3098676189865
141.75,-27.25,28.868358989272
141.75,-25.75,29.9233078285947
141.75,-22.25,26.4949670724489
141.75,-16.75,22.2358879154309
141.75,-16.25,23.3874492161711
141.75,-12.25,22.0615406737161
141.75,-4.75,17.5111539500553
141.75,-4.25,18.6238796363698
141.75,-3.75,16.0243452730467
141.75,39.25,65.7363270278247
141.75,39.75,67.1214973018807
141.75,40.25,64.7621774016892
141.75,52.25,52.3141126669847
141.75,65.25,20.6953539470913
141.75,65.75,20.4267304685595
141.75,66.25,19.5823331806682
142.25,-38.25,30.9881157714651
142.25,-37.75,30.6632657778298
142.25,-37.25,28.0434998537294
142.25,-34.25,31.5068192973229
142.25,-33.75,32.9669466048325
142.25,-33.25,32.0003436196074
142.25,-32.75,31.6726641482062
142.25,-30.75,32.3466719697489
142.25,-30.25,31.7703752938671
142.25,-26.25,31.1114071119358
142.25,-25.75,31.1821267467559
142.25,-22.25,29.1934150834782
142.25,-16.25,22.6623171228337
142.25,-12.75,19.6908039943769
142.25,-12.25,21.715225193974
142.25,-11.75,21.0847773968272
142.25,-11.25,18.6992737119585
142.25,-4.25,16.3172415504424
142.25,46.75,62.4260226691747
142.25,47.25,64.6691348395879
142.25,47.75,63.5847333080268
142.25,48.25,60.3505009226603
142.25,48.75,56.3149771708318
142.25,51.75,50.1843477877818
142.25,52.25,50.6302817889662
142.25,65.75,17.1847428091982
142.25,66.25,16.3758032860361
142.75,-38.25,32.1500201502923
142.75,-37.75,32.5502652284785
142.75,-37.25,31.8525374322184
142.75,-36.75,29.2180195189568
142.75,-33.75,31.192914768965
142.75,-33.25,31.5934588871851
142.75,-32.75,31.6947607961844
142.75,-28.75,32.7856431941085
142.75,-28.25,32.841327944729
142.75,-27.75,32.5151425525949
142.75,-26.25,31.2986721035573
142.75,-22.25,29.0768942813378
142.75,-15.75,22.9780927779194
142.75,-12.75,20.8279583930766
142.75,-11.25,19.0153233535014
142.75,-8.75,17.5334146472616
142.75,-8.25,17.392515925138
142.75,-4.25,17.1073293135482
142.75,-3.75,17.378358223145
142.75,46.75,61.2850998380708
142.75,47.25,63.5291306207628
142.75,48.75,56.5204582870747
142.75,50.25,52.5439361626037
142.75,52.25,49.0436681122782
142.75,52.75,47.1397604051258
142.75,53.75,46.6937186117389
142.75,54.25,44.830125646959
143.25,-38.25,29.9738794946421
143.25,-37.75,32.3093920244173
143.25,-37.25,33.4802770325097
143.25,-36.75,31.246618491188
143.25,-29.25,35.4132369543961
143.25,-28.75,36.343949573906
143.25,-28.25,35.3204817045371
143.25,-27.75,33.4566423420586
143.25,-14.25,22.5964947690533
143.25,-13.75,21.9096993126044
143.25,-8.75,18.8701930150219
143.25,-8.25,16.9939570601359
143.25,-4.75,15.8500361531181
143.25,42.25,60.864926213395
143.25,46.75,58.3349977514867
143.25,50.25,51.5746756153505
143.75,-37.75,32.7676674831268
143.75,-37.25,34.2838531864648
143.75,-36.75,31.5740096405721
143.75,-31.75,33.2163354526672
143.75,-29.25,34.4030134453467
143.75,-28.75,34.7673350436702
143.75,-28.25,35.2412454590891
143.75,-27.75,34.1914691091264
143.75,-27.25,32.9138733375513
143.75,-24.75,31.9368925816821
143.75,-23.75,31.5658863130201
143.75,-21.25,29.1560960004952
143.75,-6.75,16.4342874840215
143.75,-5.25,16.3707556507859
143.75,43.25,58.6937901152295
143.75,62.25,22.5114424859754
143.75,62.75,21.5880383955732
144.25,-37.75,34.0857571557952
144.25,-37.25,32.4184164804273
144.25,-36.25,32.3921365068808
144.25,-35.75,33.9495019918728
144.25,-32.25,35.0249863614523
144.25,-31.75,38.4830876828322
144.25,-31.25,36.8985389697744
144.25,-30.75,36.7841727814906
144.25,-30.25,35.0836935526676
144.25,-28.25,35.2427358168483
144.25,-27.75,35.3837564943565
144.25,-27.25,34.6577223937581
144.25,-24.75,35.280999035859
144.25,-24.25,33.9783750454297
144.25,-23.75,34.8036251110681
144.25,-21.25,31.1511990121202
144.25,-19.25,28.2759257478423
144.25,-18.75,29.1119743259612
144.25,-18.25,29.6064680799163
144.25,-17.75,28.3985667031808
144.25,-7.25,18.5032493000626
144.25,-6.75,17.3500350446597
144.25,-5.25,17.0731801456477
144.25,43.25,58.5724376624533
144.75,-41.25,30.7838069391373
144.75,-40.75,32.4259825870935
144.75,-36.25,33.5724246013355
144.75,-35.75,36.7619036883577
144.75,-35.25,37.8449222853482
144.75,-34.75,34.3995216263625
144.75,-32.25,36.8133424533428
144.75,-31.75,38.521385893559
144.75,-31.25,39.4120880661477
144.75,-30.75,39.4735634753194
144.75,-30.25,38.0636253116215
144.75,-28.25,35.7016769236324
144.75,-27.75,34.9670579377263
144.75,-24.75,33.7012733560826
144.75,-24.25,35.1713673212905
144.75,-23.75,34.8568173338408
144.75,-20.25,31.0024503681591
144.75,-19.75,31.8426508243984
144.75,-19.25,31.2467446319005
144.75,-18.75,32.4455419460617
144.75,-18.25,31.9794777158673
144.75,-17.75,29.4311960492249
144.75,-7.25,20.4111477207018
144.75,43.25,59.9337048389531
144.75,43.75,55.8565269411343
144.75,60.75,24.7748493199253
145.25,-36.75,34.4064005291269
145.25,-36.25,35.5086859544753
145.25,-35.75,35.9047245102044
145.25,-35.25,38.0550316805942
145.25,-34.75,35.2240999173671
145.25,-32.75,35.5300969717524
145.25,-32.25,35.8558881504236
145.25,-31.25,37.0022502159199
145.25,-30.75,39.4184540166889
145.25,-30.25,36.5421966006105
145.25,-23.75,33.192988986815
145.25,-19.75,30.9663285143743
145.25,-19.25,32.1672566629984
145.25,-18.75,32.9237880376608
145.25,-18.25,31.9275498162975
145.25,-7.75,20.9696788790004
145.25,-7.25,19.137807871561
145.25,43.25,59.7331841591828
145.25,59.75,26.74363094649
145.25,60.25,28.5771003566505
145.25,60.75,25.9546713801057
145.75,-38.25,32.5632351298365
145.75,-36.75,36.992491908306
145.75,-36.25,35.5625289448025
145.75,-35.25,36.0115715366035
145.75,-31.25,36.9084403447292
145.75,-30.75,39.7740170338219
145.75,-30.25,36.3531717090476
145.75,-27.75,36.2026016431677
145.75,-23.75,33.869903375264
145.75,-19.25,30.2499718337082
145.75,60.25,25.4016592367802
145.75,61.25,23.1017257041309
146.25,-37.75,34.215901645135
146.25,-37.25,35.3550135605692
146.25,-36.75,36.0087109077175
146.25,-31.25,40.2919521194377
146.25,-30.75,41.5053349824314
146.25,-30.25,38.6505056385781
146.25,-27.75,39.1081354260745
146.25,-27.25,36.8592698245762
146.25,-24.25,35.6287732678391
146.25,-23.75,37.8564304140317
146.25,-23.25,36.0733837563346
146.25,-19.75,30.7061866999944
146.25,-19.25,30.2738672118712
146.25,59.25,28.7984307701395
146.25,59.75,25.0277829735581
146.25,61.75,21.5976648786203
146.75,-37.75,34.009028350487
146.75,-37.25,36.159170283391
146.75,-36.75,35.5209905670827
146.75,-34.25,36.1515664479516
146.75,-31.25,37.2264973968761
146.75,-30.75,39.4178807144762
146.75,-30.25,39.7015719161379
146.75,-29.75,38.2336497594123
146.75,-27.75,38.8283142039133
146.75,-27.25,36.8625043639461
146.75,-24.25,38.1582028667504
146.75,-23.75,37.955306359979
146.75,-23.25,34.5177127902847
146.75,-8.75,19.2254349937816
146.75,59.75,27.3681428098385
147.25,-37.75,36.2528296175122
147.25,-37.25,38.7335659765767
147.25,-36.75,37.4323453156235
147.25,-36.25,37.177857631376
147.25,-35.75,38.0292233484284
147.25,-35.25,37.6525151588342
147.25,-34.75,38.790961891595
147.25,-34.25,39.6635516992006
147.25,-33.75,37.2376702429577
147.25,-30.25,37.5273148021374
147.25,-29.75,38.2458932949482
147.25,-24.75,36.6549732697704
147.25,-24.25,37.4953276277507
147.25,-23.75,36.7608412708555
147.25,-9.25,19.4784556437187
147.25,-8.75,22.1676012630094
147.25,-8.25,21.2188430178798
147.25,59.75,25.7046488370564
147.75,-41.75,31.8447395215355
147.75,-41.25,31.7857769984589
147.75,-37.75,35.6273541202825
147.75,-37.25,37.9621528857976
147.75,-36.75,36.8312006983907
147.75,-36.25,37.3261322435261
147.75,-35.75,40.2459434226229
147.75,-35.25,40.9822445059447
147.75,-34.75,40.1651173606926
147.75,-34.25,39.6301268560481
147.75,-33.75,37.424247976727
147.75,-25.25,36.794297940713
147.75,-24.75,36.6500993924478
148.25,-41.75,31.9009532284228
148.25,-41.25,31.5374104242207
148.25,-35.25,37.1544428937053
148.25,-34.75,37.0986448745016
148.25,-34.25,37.9725398842141
148.25,-33.75,37.1531409948207
148.25,-25.75,37.6753568471914
148.25,-25.25,36.878856308542
148.75,-34.25,39.0397258029255
148.75,-33.75,37.3611990822814
148.75,-25.75,36.797848198463
148.75,-24.75,36.2870528503001
148.75,-22.75,35.0506262281947
148.75,-22.25,35.3338194668315
148.75,-5.75,16.85810710598
148.75,60.75,21.4084026145171
148.75,61.25,23.6309033630254
148.75,61.75,22.8031176446056
149.25,-34.75,37.7910667856563
149.25,-34.25,39.5227985908623
149.25,-30.75,39.4743194440104
149.25,-30.25,38.1947015439922
149.25,-22.75,36.2331371550473
149.25,-22.25,38.561386691089
149.25,-21.75,36.5345534386597
149.25,-5.75,16.4295736083772
149.25,60.75,21.9186781708953
149.25,61.25,23.2076134046268
149.25,61.75,22.4097039347148
149.25,62.25,20.2917918197726
149.75,-35.25,36.5888874409327
149.75,-34.75,37.5975479379859
149.75,-30.75,40.6619695387863
149.75,-30.25,40.6605927436737
149.75,-29.75,41.6127566876018
149.75,-29.25,38.9858100416233
149.75,-23.75,35.6640966062586
149.75,-23.25,35.3150240596132
149.75,-22.75,38.1973155758608
149.75,45.75,42.4481249066629
149.75,61.25,20.5786329977107
149.75,61.75,20.6148358813818
149.75,62.25,19.3594732593478
149.75,62.75,17.5992697214919
150.25,-31.25,40.0252396745212
150.25,-30.75,40.3013104586816
150.25,-30.25,39.9851071325011
150.25,-29.75,41.8510965374255
150.25,-29.25,39.694121304847
150.25,-25.25,36.6632732609947
150.25,-24.75,38.5854758050326
150.25,-24.25,39.472845996819
150.25,-23.75,37.1813187050835
150.25,62.75,17.4463790825171
150.25,63.25,16.913627681756
150.25,66.25,14.4201945298597
150.75,-32.75,38.5522868680132
150.75,-32.25,39.2672489147811
150.75,-31.75,39.2039327642796
150.75,-31.25,40.3859500260844
150.75,-30.75,38.8625540733474
150.75,-30.25,37.7715705581539
150.75,-29.25,37.9818703641992
150.75,-28.75,37.7289401050539
150.75,-26.75,37.7861765619511
150.75,-24.75,36.9404495786317
150.75,-24.25,37.348697781115
150.75,-23.75,36.0169601763407
150.75,64.75,17.3028045878926
150.75,65.25,16.9657556630815
150.75,65.75,14.1030636702698
151.25,-32.75,38.3790346561276
151.25,-32.25,41.8619962628735
151.25,-31.75,40.1182696421075
151.25,-27.25,40.3485038512437
151.25,-26.75,40.2198770575283
151.25,64.75,16.1033816869601
151.25,65.25,15.6182114889605
151.75,-32.75,36.6367833372555
151.75,-32.25,41.3351491563895
151.75,-31.75,39.3198587798162
151.75,-27.25,40.0325564331715
151.75,-26.75,39.7120462485579
152.25,-32.25,38.569320633627
152.25,-30.25,36.2390033925321
152.25,-29.75,36.9538817726398
152.25,-29.25,37.298696774207
152.25,-27.25,36.944601498383
152.25,-26.75,36.493854446854
152.25,-25.25,35.6168806923069
152.75,-30.25,35.7016746488842
152.75,-29.75,36.128305050795
152.75,-29.25,37.2874328268284
152.75,-28.75,35.9397697484539
152.75,-25.75,34.8451601775251
153.75,60.25,20.8211358129784
154.25,59.75,19.4056650488316
154.25,60.25,20.6232183772573
154.25,60.75,18.191585817789
154.75,60.25,19.6171892418238
155.25,-6.25,14.5928195567411
155.25,61.75,17.0507341944158
155.25,62.25,17.7482248271346
155.75,63.75,14.1787102923687
156.25,55.25,22.0692372315352
156.75,51.25,23.9856461674642
156.75,54.75,20.8674916308385
156.75,55.25,23.7282838512519
156.75,55.75,20.0668771121604
157.25,51.25,26.0440508474695
157.25,51.75,23.6937699437804
157.25,54.75,22.6013145366543
157.25,55.25,23.1885052049665
157.25,55.75,19.3474692313524
157.75,54.75,19.8253546559354
157.75,55.25,21.283767047068
157.75,55.75,19.3331140079364
162.25,58.75,14.7802817325113
167.75,-44.75,39.9558679417967
168.25,-46.25,37.8179403113118
168.25,-44.75,41.0929122675469
168.75,-46.25,42.3676988184848
168.75,-45.75,40.0555721352471
168.75,-44.75,41.3959646273282
169.25,-46.25,43.3141239114296
169.25,-45.75,40.3874058374727
169.75,-46.25,40.8543138042313
171.75,-41.75,51.7932678430742
172.25,-41.75,52.8242775896805
172.25,-41.25,52.95650212322
172.75,-41.75,49.0711889927582
173.25,-41.75,48.2504363710301
173.75,-41.75,49.9967725131087
174.25,-41.75,49.0587405447339
174.25,-35.75,46.3525285230114
174.75,-36.75,47.9692191186869
174.75,-36.25,46.9821990045655
175.75,-37.25,44.3538619375748
175.75,-36.75,42.6945898034654
